site,spectrum_id,org,true_label,label_source,cv_fold,total_power,mean_power,max_power,std_power,B1_power,B1_mean,B1_max,B1_std,B2_power,B2_mean,B2_max,B2_std,B3_power,B3_mean,B3_max,B3_std,B4_power,B4_mean,B4_max,B4_std,B1_frac,B2_frac,B3_frac,B4_frac,log_total,B1_log,B2_log,B3_log,B4_log,B2_B1_ratio,B3_B1_ratio,B4_B1_ratio,B4_B2_ratio,B3_B2_ratio,hi_lo_ratio,log_B2_B1,log_B4_B1,log_hi_lo,spectral_centroid,spectral_spread,spectral_skew,spectral_kurtosis,spectral_entropy,spectral_flatness,peak_freq_mhz,peak_to_mean,spectral_slope,rolloff_freq_mhz,crest_factor,amplitude_cv,band_gradient,band_range,LogReg_L1__all__pred,LogReg_L1__all__correct,LogReg_L1__all__prob_ON,LogReg_L2__all__pred,LogReg_L2__all__correct,LogReg_L2__all__prob_ON,LogReg_EN__all__pred,LogReg_EN__all__correct,LogReg_EN__all__prob_ON,LinearSVM__all__pred,LinearSVM__all__correct,LinearSVM__all__prob_ON,RBF_SVM__all__pred,RBF_SVM__all__correct,RBF_SVM__all__prob_ON,Ridge__all__pred,Ridge__all__correct,Ridge__all__decision,LogReg_L1__rfecv__pred,LogReg_L1__rfecv__correct,LogReg_L1__rfecv__prob_ON,LogReg_L2__rfecv__pred,LogReg_L2__rfecv__correct,LogReg_L2__rfecv__prob_ON,LogReg_EN__rfecv__pred,LogReg_EN__rfecv__correct,LogReg_EN__rfecv__prob_ON,LinearSVM__rfecv__pred,LinearSVM__rfecv__correct,LinearSVM__rfecv__prob_ON,RBF_SVM__rfecv__pred,RBF_SVM__rfecv__correct,RBF_SVM__rfecv__prob_ON,Ridge__rfecv__pred,Ridge__rfecv__correct,Ridge__rfecv__decision,LogReg_L1__si__pred,LogReg_L1__si__correct,LogReg_L1__si__prob_ON,LogReg_L2__si__pred,LogReg_L2__si__correct,LogReg_L2__si__prob_ON,LogReg_EN__si__pred,LogReg_EN__si__correct,LogReg_EN__si__prob_ON,LinearSVM__si__pred,LinearSVM__si__correct,LinearSVM__si__prob_ON,RBF_SVM__si__pred,RBF_SVM__si__correct,RBF_SVM__si__prob_ON,Ridge__si__pred,Ridge__si__correct,Ridge__si__decision
HARQCT1,HARQCT1_off_2025-01-30,HAR,OFF,cluster,2,3416785.7952193404,427.09822440241754,7828.6590816841,892.0571351450294,2203677.2344944165,1101.8386172472083,5457.5082375024995,1224.3599346356011,836236.8985612188,418.11844928060935,7828.6590816841,931.8474031937362,28815.6602164532,14.407830108226602,259.4222414281,24.04941180153498,348056.0019472519,174.02800097362595,3311.8056819241,354.083873168847,0.6449562151592098,0.24474372953998322,0.008433557718710717,0.1018664975820963,15.04421113383889,14.605638446988426,13.636668419242103,10.26870897860709,12.760121544042068,0.37947340267037555,0.01307617094072818,0.15794327612906867,0.41621698653297995,0.034458728460795396,0.12397444324677699,0.32170183407641323,0.14664539360653103,0.11687101388807095,2317.3643276530015,1836.5408410768207,3.5581621129572722,13.991084090053914,0.8689701381481716,0.17299786925447405,1.70265,18.32987971943897,-0.0004225152083922737,1.9146,4.281340878657745,1.0227172172598458,-0.6151723009821192,4.336929468381335,OFF,1,0.1474,OFF,1,0.0011,OFF,1,0.4808,OFF,1,0.6764,ON,0,0.6665,OFF,1,-0.4363,OFF,1,0.4276,OFF,1,0.382,OFF,1,0.3945,ON,0,0.6386,ON,0,0.6237,ON,0,0.1489,OFF,1,0.0323,OFF,1,0.003,OFF,1,0.4905,OFF,1,0.5696,ON,0,0.6828,OFF,1,-0.4751
HARQCT1,HARQCT1_on_2025-01-11,HAR,ON,cluster,2,1704170210.182943,213021.2762728679,3452085.964441,601394.2839528781,1601927408.351766,800963.7041758831,3452085.964441,986489.3781900451,96711283.0378667,48355.64151893335,500176.39459225,105546.19398720257,3970707.7175203576,1985.3538587601788,43972.70599089,4979.963725480371,1560811.0757901517,780.4055378950759,6502.6370315449,910.5724493472475,0.9400043486148011,0.05674977913590258,0.002329994793826434,0.0009158774554700133,21.25634414955681,21.194473372051434,18.3872406448035,15.194455154997977,14.260716805184579,0.06037182617243158,0.0024787063988160633,0.0009743332111384996,0.01613887259854685,0.041057336773886156,0.003256442244810312,0.05861962602321715,0.0009738588566298989,0.0032511515196125673,806.2753873230566,539.9285450707467,3.6410449181755697,13.005470649667892,0.795382669856663,0.015249195359861979,0.12747,16.20535762831069,-0.0012388547013811035,0.164325,4.025587861207811,1.707877738979497,-2.3112521889556183,6.933756566866855,ON,1,1.0,ON,1,1.0,ON,1,0.5837,ON,1,0.6798,ON,1,0.6662,ON,1,1.5351,ON,1,1.0,ON,1,1.0,ON,1,1.0,ON,1,1.0,ON,1,0.6037,ON,1,0.9511,ON,1,0.7239,ON,1,0.7367,ON,1,0.5002,ON,1,0.6435,ON,1,0.6828,ON,1,0.2137
HARQCT2,HARQCT2_off_2025-01-30,HAR,OFF,cluster,2,2168619.775136527,271.0774718920659,4396.3079377156,519.1277776962362,1272567.8498800287,636.2839249400143,3612.6963746041,499.35172934564605,568036.5344262953,284.0182672131477,4396.3079377156,713.7625328811664,14731.410320565335,7.365705160282667,302.68414075239997,15.076339188130284,313283.98050963774,156.64199025481886,2861.9086801761005,320.55515352718555,0.5868100367202053,0.2619345912727067,0.006792989019773145,0.14446238298731492,14.589601935950595,14.056548131939232,13.249942777256422,9.597805129509787,12.65486853614747,0.4463703326147997,0.011576129572928124,0.24618253599517415,0.5515208292464785,0.02593391345051038,0.178210697326816,0.3690571992554285,0.22008490722395987,0.16399692944533595,2237.081127610507,2193.621123964189,3.4535085437910666,15.227379743075474,0.8766869516637331,0.15609289905044896,1.3098,16.217902236687685,-0.00041946448195034523,8.13,4.027145668646301,1.0178192625255098,-0.46722653193058744,4.458743002429445,OFF,1,0.1864,OFF,1,0.1317,OFF,1,0.4833,OFF,1,0.6765,ON,0,0.6665,OFF,1,-0.2591,OFF,1,0.3379,OFF,1,0.2292,OFF,1,0.3744,OFF,1,0.5793,ON,0,0.6238,ON,0,0.0703,OFF,1,0.2193,OFF,1,0.2815,OFF,1,0.4919,OFF,1,0.6113,ON,0,0.6828,OFF,1,-0.2682
HARQCT2,HARQCT2_on_2025-04-12,HAR,ON,cluster,2,670354535.1379368,83794.3168922421,1022796.4595559998,206402.30510964943,588069712.0839479,294034.8560419739,1022796.4595559998,315772.4061191655,79608306.66713549,39804.153333567745,461168.93247364,103605.7114854962,230357.2049943998,115.1786024971999,2214.8196078969,229.40646422246556,2446159.1818590313,1223.0795909295157,15632.450888039999,2193.5054149796806,0.8772517843307237,0.1187555278502811,0.0003436348870929916,0.0036490529319022098,20.32331728880917,20.192356058501836,18.192629013046265,12.347390789414524,14.710030080353672,0.13537222718889347,0.00039171751284057895,0.004159641504389932,0.030727436423023963,0.002893632770730629,0.004008693279823636,0.12696055063877196,0.004151014111965691,0.004000679877294267,913.8590986263767,715.837591878469,3.063591036898519,8.85329959977739,0.8141036395879455,0.013137232869370389,0.114645,12.206036130962143,-0.0010879769682706204,0.26193,3.4937138020956624,1.6456126486584939,-1.8274419927160548,7.844965269087313,ON,1,0.984,ON,1,1.0,ON,1,0.5149,ON,1,0.677,ON,1,0.6665,ON,1,0.6783,ON,1,0.9851,ON,1,0.9996,ON,1,0.7001,ON,1,0.9506,ON,1,0.6222,ON,1,0.9213,ON,1,0.9322,ON,1,0.9921,OFF,0,0.5,ON,1,0.6619,ON,1,0.6828,ON,1,0.4508
HARQCT3,HARQCT3_off_2025-04-30,HAR,OFF,cluster,1,2754505.2976389388,344.31316220486735,14510.732060249999,907.8780665840517,2081967.6922095004,1040.9838461047502,14510.732060249999,1474.3423290891162,391149.30818704446,195.57465409352224,11739.48413121,646.5586766155332,17647.8517403866,8.8239258701933,87.24008325759999,13.059737193668909,263740.44550200703,131.87022275100352,1249.5807873480999,199.79523750661585,0.7558408742194422,0.14200346919729048,0.006406904265355268,0.09574875231791193,14.828748782201584,14.548824490680637,12.876847185012812,9.778426003043238,12.482724529130802,0.18787482132911829,0.008476525263295146,0.12667845254696736,0.6742705150719944,0.045117941847163945,0.11377880512614706,0.17216584613713964,0.11927388161260709,0.10775856265689529,1425.8547395412936,1929.9827438411514,6.1165468991384815,52.07824791670612,0.8433880485821915,0.14305839659020655,0.05241,42.14399463361745,-0.0004700535159855657,1.16265,6.4918406198223515,1.1459651253480405,-0.6886999871832783,4.770398487637399,OFF,1,0.1341,OFF,1,0.0803,OFF,1,0.4991,OFF,1,0.6781,OFF,1,0.7213,OFF,1,-0.4601,OFF,1,0.2869,OFF,1,0.2366,OFF,1,0.3923,OFF,1,0.5309,OFF,1,0.7281,OFF,1,-0.1105,OFF,1,0.1084,OFF,1,0.072,ON,0,0.5009,OFF,1,0.6785,OFF,1,0.773,OFF,1,-0.7331
HARQCT3,HARQCT3_on_2025-07-04,HAR,ON,cluster,1,1466555618.169131,183319.45227114137,2843128.8009639997,522016.6887313549,1396461128.0282629,698230.5640141314,2843128.8009639997,851494.2530161364,67672687.82334386,33836.34391167193,662210.70842689,103511.40012125055,1097535.1927951074,548.7675963975537,4785.9443474704,749.0378619221677,1324267.1247293847,662.1335623646924,4117.987829402499,766.4126435552557,0.9522046833597929,0.04614396275528057,0.0007483761128441116,0.0009029777720824654,21.106182372133187,21.05720710839589,18.030193241767236,13.908578400877566,14.096370506101394,0.04846013001371148,0.0007859403822752835,0.0009483021747975086,0.019568708844346448,0.016218288767547575,0.0016540853652204325,0.04732254489884515,0.0009478528203502405,0.0016527188726787338,764.3208988819122,470.56206501321645,3.4894045286267534,11.635070450619365,0.7882230398540766,0.012994519381959679,0.12504,15.509149551455272,-0.0011856369658981285,0.15798,3.938165759772947,1.826428676048436,-2.3202788674314987,7.1486287075183235,ON,1,1.0,ON,1,1.0,ON,1,0.522,ON,1,0.6818,OFF,0,0.7213,ON,1,0.8141,ON,1,0.9998,ON,1,1.0,ON,1,0.9433,ON,1,1.0,OFF,0,0.7235,ON,1,0.7775,ON,1,0.5901,ON,1,0.6303,ON,1,0.5002,ON,1,0.6785,OFF,0,0.773,ON,1,0.1837
HARQST1,HARQST1_off_2025-04-21,HAR,OFF,cluster,1,8239821.882104188,1029.9777352630235,64857.36917521,3734.9963825950276,7013669.530583181,3506.834765291591,64857.36917521,6797.529062564169,23464.170667364793,11.732085333682397,277.68889600000006,24.709448473827976,19241.95423635397,9.620977118176985,71.60365006723599,11.294375266156989,1183446.2266172874,591.7231133086436,5794.837493868899,1090.3267663744364,0.8511918862974395,0.00284765508321556,0.002335239100027753,0.1436252195193172,15.924489406764367,15.76337173546567,10.063272501475659,9.86490025902067,13.983942115997557,0.003345491338741536,0.0027434931389975644,0.16873424410099286,50.43631174285868,0.8200568649245565,0.170905972788288,0.0033399076326206425,0.1559213205467827,0.1577777848829223,1555.4247397956278,2020.5195400293503,7.700030233457835,78.37293994025654,0.7798742034187608,0.039993161852953193,0.14448,62.96968075590604,-0.0003571097367808751,0.289065,7.93534377046891,1.644965889590337,-0.5931432064893709,5.898471476445,OFF,1,0.0573,OFF,1,0.0376,ON,0,0.5456,OFF,1,0.6781,OFF,1,0.7212,OFF,1,-0.9953,OFF,1,0.0624,OFF,1,0.0497,OFF,1,0.3648,OFF,1,0.1974,OFF,1,0.7282,OFF,1,-0.6407,OFF,1,0.0905,OFF,1,0.152,ON,0,0.5484,OFF,1,0.6785,OFF,1,0.7728,OFF,1,-1.1319
HARQST1,HARQST1_on_2025-07-04,HAR,ON,cluster,1,16918393.945768997,2114.7992432211245,303000.81711601,9376.500421889312,12804524.553531814,6402.262276765907,303000.81711601,17868.902530285843,831554.1041014217,415.77705205071084,5697.5610071961,931.8571011312303,223114.47909683676,111.55723954841838,1806.5823652880997,222.9180759625586,3059200.809038923,1529.6004045194616,16337.159925610002,2415.5456957357296,0.7568404302781948,0.049150889071795094,0.013187686716127916,0.18082099393388207,16.643912046281557,16.36530922527231,13.631052846136596,12.315444759891163,14.933664593182835,0.06494220856267505,0.017424659397859383,0.23891561113800813,3.6788956893442553,0.2683102374170424,0.24070815155485606,0.06292053342863119,0.2142364898657265,0.21568230657072507,1788.5234321038686,2463.6063742697315,16.057360438442505,357.9661495510564,0.7979909697610936,0.11171380286527288,0.04053,143.27639755274575,-0.00035190028795373127,35.775,11.969811926347438,1.3084559122302462,-0.47721487736315815,4.049864465381146,ON,1,0.9482,ON,1,0.9952,OFF,0,0.4979,ON,1,0.6788,OFF,0,0.7213,ON,1,0.7761,ON,1,0.6553,ON,1,0.99,ON,1,0.5101,ON,1,0.9529,OFF,0,0.7275,ON,1,0.0424,ON,1,0.6341,OFF,0,0.2328,OFF,0,0.4965,OFF,0,0.6785,OFF,0,0.773,ON,1,0.2406
HARQST2,HARQST2_off_2025-04-21,HAR,OFF,cluster,1,1035023.4150312857,129.37792687891073,2766.5369804944003,258.66875281029564,624019.7238514603,312.00986192573015,2103.3184578025002,312.12912665795807,44874.342456487895,22.437171228243947,1584.2421904516,88.48717132414967,15437.539555830754,7.7187697779153766,201.66158457760002,15.800873586839696,350691.8091675067,175.34590458375334,2766.5369804944003,316.9055088185438,0.6029039679576698,0.043355871765598145,0.014915159726472584,0.3388250005502593,13.84993557380559,13.343938858100499,10.71164375710381,9.644622230752077,12.767665931690814,0.07191173730767801,0.024738864759795188,0.5619883406929335,7.814973768133487,0.3440170643270293,0.5473652214373658,0.06944372465788429,0.4459595870445228,0.4365536273974845,2752.298957782565,2761.9020086536448,3.6845847210342613,19.175458292587376,0.8684749295208446,0.15731307941647085,33.5,21.383376957968725,-0.00026524447552326495,40.185,4.624216361461611,1.0667634043801975,-0.19209097546989481,3.6993166273484217,OFF,1,0.0,OFF,1,0.0,OFF,1,0.1638,OFF,1,0.6682,OFF,1,0.7217,OFF,1,-1.0168,OFF,1,0.1048,OFF,1,0.067,OFF,1,0.3545,OFF,1,0.2981,OFF,1,0.7282,OFF,1,-0.468,OFF,1,0.0,OFF,1,0.0,OFF,1,0.2082,OFF,1,0.6779,OFF,1,0.774,OFF,1,-0.9508
HARQST2,HARQST2_on_2025-06-29,HAR,ON,cluster,1,7281417.56844678,910.1771960558475,267354.04255641,5619.313042846121,5469813.543668058,2734.906771834029,267354.04255641,10984.289861111716,169114.4984762614,84.5572492381307,3950.3563054596,176.75721678266726,434697.6004652879,217.34880023264395,4698.2346970689005,571.9690755708606,1207791.9258371727,603.8959629185863,5504.3089324609,841.7809114326326,0.7512017395308974,0.023225491037500778,0.05969958409595984,0.16587318533564205,15.800836259493584,15.514755269557964,12.03833718341456,12.98240819743015,14.004305223774017,0.03091778122345689,0.07947210576646095,0.2208104382708092,7.141859135156106,2.5704336670089583,0.29127690831067576,0.03044945522390859,0.19951493186439234,0.25563158019735227,1768.2746681934177,2370.4497228431073,25.58411183375278,905.7197915401833,0.7695380910652307,0.13835969608736381,0.05511,293.7384541328105,-0.0002494504562702147,31.575,17.138799670073034,1.3419630853177615,-0.5034833485946493,3.476418086143404,ON,1,0.9997,ON,1,1.0,ON,1,0.5081,ON,1,0.6817,OFF,0,0.7212,ON,1,1.4912,ON,1,0.6707,ON,1,0.9998,ON,1,0.5722,ON,1,0.9908,OFF,0,0.727,OFF,0,-0.2512,ON,1,1.0,ON,1,1.0,ON,1,0.5069,ON,1,0.6789,OFF,0,0.7729,ON,1,1.8021
HARQST3,HARQST3_off_2025-06-21,HAR,OFF,cluster,1,890466.9780453021,111.30837225566276,2881.8569733849,296.50643365710977,342337.0725820295,171.16853629101476,2218.1707384516,276.9197200324051,30667.51997523233,15.333759987616165,1004.8411825929,75.14431000278074,13474.499854187734,6.737249927093867,93.59595025,9.798634186786815,503987.88563385257,251.99394281692628,2881.8569733849,475.0948684969563,0.3844466791272896,0.03443981723224792,0.015131947827830875,0.5659815558126315,13.699502421542894,12.743554044105949,10.330991999511976,9.508628490019642,13.130309494496565,0.08958281889786948,0.03936032914144776,1.4721978015151038,16.433930295780318,0.43937363910191046,1.387281539723173,0.08579488802325216,0.9051075531884073,0.8701552874995845,3996.2916612156014,2992.9482678243376,4.66839660541096,25.592032851696175,0.8291919604647258,0.12277851556848059,30.84,25.890747613872303,-1.4463072788173033e-05,69.62,5.088295157850491,1.2550883173785297,0.12891848346353876,3.6216810044769225,OFF,1,0.0,OFF,1,0.0,OFF,1,0.1844,OFF,1,0.6696,OFF,1,0.7216,OFF,1,-0.8232,OFF,1,0.0652,OFF,1,0.0306,OFF,1,0.3401,OFF,1,0.1882,OFF,1,0.7283,OFF,1,-0.6252,OFF,1,0.0002,OFF,1,0.0,OFF,1,0.2305,OFF,1,0.6781,OFF,1,0.7738,OFF,1,-0.621
HARQST3,HARQST3_on_2025-06-17,HAR,ON,cluster,1,3937622.097307111,492.2027621633889,92321.78402500002,2598.39057671956,2273267.6428592866,1136.6338214296434,92321.78402500002,4645.87458615314,50244.12170171625,25.122060850858123,893.1329492089,71.59152015581346,85020.53695218942,42.51026847609471,838.72214449,91.61840711596716,1529089.7957939184,764.5448978969592,16900.85801089,2121.088177972687,0.5773199120387772,0.012760016187454239,0.021591847783039887,0.38832822399072864,15.186087824435509,14.636729284526394,10.824668740645839,11.35065987928631,14.240183865616357,0.022102158476376213,0.03740014389384186,0.6726395814396833,30.43320778580262,1.692148933466044,0.6946856725084748,0.021861446156138876,0.5144029663030564,0.5274972796877561,3029.408556439128,3284.696062752411,15.035077686820436,343.18750165943527,0.7464546128385169,0.08239258485528496,0.046605,187.56860205171833,-5.544099022627575e-05,74.065,13.69556870122835,1.5853154019591618,-0.13218180630334567,3.8120605438805555,ON,1,0.9008,ON,1,0.9979,ON,1,0.515,ON,1,0.6787,OFF,0,0.7212,ON,1,0.4805,OFF,0,0.1085,OFF,0,0.2087,OFF,0,0.3896,OFF,0,0.3757,OFF,0,0.728,OFF,0,-0.5679,ON,1,0.8217,ON,1,0.769,ON,1,0.5178,ON,1,0.6786,OFF,0,0.7729,ON,1,0.1543
VAN1,VAN1_off_2025-09-15,VAN,OFF,cluster,3,9055208.717575788,1131.9010896969735,72645.61231225,5574.610038467046,8973751.853883456,4486.875926941728,72645.61231225,10454.352617972707,36580.6994380692,18.290349719034598,759.6583316100001,48.00884260122263,1512.942089637991,0.7564710448189955,7.702367798595999,1.0070812947192587,43363.22216462421,21.681611082312106,238.5668682721,35.40228913495834,0.9910044189777506,0.00403974116765167,0.00016707975893492466,0.004788760095662729,16.018850809448438,16.009814524898516,10.507303378986794,7.322472183356991,10.677390006018317,0.0040764108517480965,0.0001685963813433381,0.004832228801362902,1.1854126036286525,0.04135902573864203,0.004980522526631305,0.0040681247996342635,0.004820591059531152,0.004968160752717276,539.8387924092768,509.0106561525237,8.299420781374119,78.9787451720871,0.7031007920631585,0.008667559303343007,0.108165,64.18017702561968,-0.000655964278607076,0.125985,8.011253149491896,2.464183048526176,-1.777474839626733,8.687342341541525,OFF,1,0.0083,OFF,1,0.0006,OFF,1,0.4992,OFF,1,0.4374,ON,0,0.6753,OFF,1,-1.249,OFF,1,0.0187,OFF,1,0.0041,OFF,1,0.3623,OFF,1,0.1398,ON,0,0.6705,OFF,1,-0.904,OFF,1,0.013,OFF,1,0.003,ON,0,0.5011,OFF,1,0.4662,ON,0,0.6633,OFF,1,-0.6548
VAN1,VAN1_off_2025-09-17,VAN,OFF,cluster,3,10872089.768996857,1359.0112211246071,86746.33044529002,7136.1884429187585,10813059.692852348,5406.529846426174,86746.33044529002,13485.315282553727,47067.78715864687,23.533893579323433,891.3132627168999,59.16825227502431,1226.0909012972356,0.6130454506486178,38.12180760979601,1.7703039448854716,10736.19808456335,5.368099042281675,45.155819556863996,2.7686229093666173,0.994570494044959,0.004329230916844214,0.00011277417013181673,0.000987500868064848,16.201709583655827,16.19626528486414,10.75936536730407,7.11240152615364,9.281469448045122,0.004352864822318079,0.00011338982083929429,0.0009928917798964155,0.2281007613157546,0.02604946982399065,0.0011014869768220595,0.004343418508667815,0.0009923991888858685,0.001100880785142663,513.0032686470786,340.1285289641987,8.684439574585888,83.81030393499604,0.6914263224815536,0.006145416981102531,0.1083,63.83047402176667,-0.0007671734629878007,0.12072,7.98939760065958,2.6208626537381035,-2.3049319456063393,9.0838637587105,OFF,1,0.0105,OFF,1,0.0022,OFF,1,0.4983,OFF,1,0.4685,ON,0,0.6753,OFF,1,-1.1767,OFF,1,0.0179,OFF,1,0.0037,OFF,1,0.367,OFF,1,0.1348,ON,0,0.6705,OFF,1,-0.9162,OFF,1,0.0242,OFF,1,0.0083,ON,0,0.5003,OFF,1,0.5,ON,0,0.6633,OFF,1,-0.5149
VAN1,VAN1_off_2025-09-20,VAN,OFF,cluster,3,10059835.00873757,1257.4793760921962,76568.70081025001,6281.143512849461,9925698.206232205,4962.849103116103,76568.70081025001,11810.637056354803,46094.28100666749,23.047140503333743,754.7019929856,51.701776395299774,2664.3318175694976,1.3321659087847488,38.237947811856,2.367449966915698,85378.18968112652,42.68909484056326,899.0198669956001,100.09975683943964,0.9866661031330177,0.004582011630074633,0.00026484846076057567,0.00848703677614697,16.124061421184667,16.110637831046766,10.738465859464627,7.888083838256233,11.354857669532862,0.004643933358534002,0.00026842764732624383,0.008601731375180253,1.852251251449706,0.057801787105135734,0.008829157005759715,0.00463318356804082,0.008564947271328845,0.008790407913230054,584.5990801420569,620.3934535808387,8.240872753282314,76.71411295547243,0.7008386523963628,0.009783767008772572,0.10776,60.890621560881996,-0.000637450901344403,0.127875,7.803244297120488,2.4376730293360094,-1.5852600538379684,8.222553992790534,OFF,1,0.0092,OFF,1,0.0005,OFF,1,0.5,OFF,1,0.4391,ON,0,0.6753,OFF,1,-1.2138,OFF,1,0.0223,OFF,1,0.0052,OFF,1,0.3665,OFF,1,0.1506,ON,0,0.6705,OFF,1,-0.8538,OFF,1,0.0129,OFF,1,0.003,ON,0,0.5017,OFF,1,0.4656,ON,0,0.6633,OFF,1,-0.7198
VAN1,VAN1_off_2025-09-23,VAN,OFF,cluster,3,12124704.001151081,1515.5880001438852,118733.92916841,8596.15870876363,12001043.136507688,6000.521568253844,118733.92916841,16392.346205063477,43240.93405725783,21.620467028628916,846.7459812100001,55.68358466602282,1328.810659937085,0.6644053299685424,27.855088395263998,1.6469623267943132,79091.11992619769,39.545559963098846,2977.4003381136,208.32143568342119,0.9898009168197712,0.0035663496653734945,0.00010959530721829843,0.006523138207636989,16.310755664689875,16.300504215342645,10.674565999181578,7.192791850131957,11.278368527126903,0.003603097961185845,0.00011072459658899776,0.006590353773964241,1.8290798209779526,0.03073038751075079,0.006677020411920252,0.003596622353896996,0.006568732335827075,0.006654827843180729,550.1875354501866,544.1024618641111,9.233295184984414,93.76420733038579,0.679625085786416,0.006288043540094794,0.10749,78.3418245308949,-0.0007094637174825045,0.11586,8.851091714048476,2.6616637458324535,-1.6740452294052475,9.107712365210688,OFF,1,0.0044,OFF,1,0.0003,ON,0,0.5,OFF,1,0.4211,ON,0,0.6753,OFF,1,-1.4083,OFF,1,0.0163,OFF,1,0.0034,OFF,1,0.3674,OFF,1,0.1295,ON,0,0.6705,OFF,1,-0.9425,OFF,1,0.0072,OFF,1,0.0008,ON,0,0.5017,OFF,1,0.4307,ON,0,0.6633,OFF,1,-0.8275
VAN1,VAN1_off_2025-09-26,VAN,OFF,cluster,3,12924823.204485768,1615.602900560721,126856.00039224999,9681.195774053807,12858425.596946161,6429.2127984730805,126856.00039224999,18547.310823626103,42722.8735002894,21.3614367501447,889.4435381316001,53.691507944091484,1740.2073122202935,0.8701036561101467,19.074261373281004,1.6952537324167412,21934.526727097906,10.967263363548954,1011.7615872399999,43.79947882636754,0.9948627840792001,0.0033054899726180967,0.00013464070530700385,0.0016970852428747477,16.374660377065943,16.36950992068405,10.662513141346889,7.462334009198553,9.99586282640058,0.0033225586739353717,0.0001353359553313784,0.0017058485552310218,0.5134141252562496,0.04073245008128428,0.0018350873252524539,0.003317051171825328,0.0017043952480975146,0.0018334056095892172,519.8993686032273,355.05091435776995,9.45413688598931,97.04788709260309,0.6671434454369527,0.005617740436261168,0.108165,78.51929477733341,-0.0007338766869787795,0.1137,8.861111373690525,2.7945079638830634,-2.1245490314278226,8.907175911485496,OFF,1,0.0062,OFF,1,0.0006,OFF,1,0.4986,OFF,1,0.4403,ON,0,0.6753,OFF,1,-1.3249,OFF,1,0.0138,OFF,1,0.0027,OFF,1,0.3683,OFF,1,0.1202,ON,0,0.6704,OFF,1,-0.992,OFF,1,0.01,OFF,1,0.0014,ON,0,0.5005,OFF,1,0.4501,ON,0,0.6633,OFF,1,-0.7098
VAN1,VAN1_on_2025-09-16,VAN,ON,cluster,3,3935996255.9614043,491999.5319951755,9094784.251535999,1405644.9946333314,3926727947.184309,1963363.9735921544,9094784.251535999,2239735.379012522,8846537.141979314,4423.268570989657,139442.04829636,19318.73462905236,11756.511402626033,5.878255701313016,50.051167849224996,10.199866575407802,410015.12371364725,205.00756185682363,1375.4707882755997,282.67594576397823,0.9976452445138743,0.002247597956573377,2.986921388662346e-06,0.0001041706081637258,22.09342986516071,22.09107233287851,15.995536770059196,9.372247583635959,12.923951764038085,0.0022529029922540955,2.993971459381628e-06,0.00010441648345097391,0.04634752752780107,0.0013289393594287577,0.0001071690135191214,0.002250369011469438,0.00010441103242941348,0.00010716327133064485,469.14916014991263,403.6611098815296,3.6404251134199757,13.510905096203313,0.784360592651765,0.0005354461338004619,0.05241,18.485351428393592,-0.001626252950522951,0.137865,4.29945943443921,2.0508837356881333,-3.055706856280142,12.718824749242552,ON,1,0.9539,ON,1,0.9779,ON,1,0.527,ON,1,0.6589,ON,1,0.6753,ON,1,0.7524,ON,1,0.9551,ON,1,0.9738,ON,1,0.8732,ON,1,0.8564,ON,1,0.6661,ON,1,0.3561,ON,1,0.8158,ON,1,0.9051,ON,1,0.501,ON,1,0.6883,ON,1,0.6633,ON,1,0.2475
VAN1,VAN1_on_2025-09-19,VAN,ON,cluster,3,3827684186.181246,478460.52327265573,9445818.294025002,1382431.975254382,3819003144.828712,1909501.572414356,9445818.294025002,2216668.7790304334,8420238.820521541,4210.119410260771,126873.45324899998,18331.395136372736,10503.151280651151,5.2515756403255756,45.115455974415994,8.973813309718507,250299.38073157758,125.14969036578879,1156.9970949156,205.52247306105906,0.9977320382428952,0.002199825902805773,2.7439963094577556e-06,6.539185798954146e-05,22.065525806397396,22.063255268920457,15.946148868060112,9.259525818073433,12.430416998519698,0.002204826364681928,2.750233734390452e-06,6.554050134012232e-05,0.029725924177058504,0.0012473697604694957,6.814049710998215e-05,0.0022023993018793933,6.553835365530408e-05,6.813817565176523e-05,462.37455703820143,403.94744600496864,3.7388822012874248,14.376183515686733,0.7832820420099436,0.0004635153963803596,0.054975,19.742105846927316,-0.0016760612353700593,0.13773,4.44320895827797,2.0609918929648066,-3.2109460901335862,12.803729450847024,ON,1,0.9525,ON,1,0.9698,ON,1,0.5264,ON,1,0.6482,ON,1,0.6753,ON,1,0.7137,ON,1,0.9491,ON,1,0.9682,ON,1,0.8665,ON,1,0.8456,ON,1,0.6662,ON,1,0.342,ON,1,0.8326,ON,1,0.9237,ON,1,0.501,ON,1,0.6923,ON,1,0.6633,ON,1,0.2648
VAN1,VAN1_on_2025-09-22,VAN,ON,cluster,3,5275731369.508729,659466.4211885912,10759961.336644,1531206.5506554898,5248007759.230595,2624003.8796152975,10759961.336644,2056413.8631321075,27647320.036170952,13823.660018085477,512510.08958361,59434.09565230928,2096.716974362658,1.0483584871813292,16.84609936,1.4934697647774868,74193.52498864429,37.09676249432214,231.66544671360003,48.81013481697746,0.9947450678708996,0.0052404715289257504,3.974267883464852e-07,1.4063173386243342e-05,22.38638315513541,22.38111436728958,17.13503939285422,7.648604877264391,11.214445639218026,0.005268155327617941,3.995262717885264e-07,1.4137464804267309e-05,0.0026835702300105155,7.583798254657054e-05,1.446080928657112e-05,0.005254327142098056,1.4137364871253628e-05,1.4460704730076487e-05,672.2239203960373,458.6862963357603,2.68013497665658,6.902930863574021,0.8136556309757492,0.00026136606763196813,0.043365,16.316162568597125,-0.0018480727907317735,0.1866,4.0393269945119705,1.8818802023888868,-3.7222229093571855,14.73250949002519,ON,1,0.9922,ON,1,0.9882,ON,1,0.5348,ON,1,0.6637,ON,1,0.6753,ON,1,0.8104,ON,1,0.9928,ON,1,0.9962,ON,1,0.9326,ON,1,0.9375,ON,1,0.6647,ON,1,0.6306,ON,1,0.8986,ON,1,0.9356,ON,1,0.5011,ON,1,0.6977,ON,1,0.6633,ON,1,0.4187
VAN1,VAN1_on_2025-09-23,VAN,ON,cluster,3,3875508931.4289765,484438.61642862204,8076264.883129,1340247.5438663564,3866980352.976017,1933490.1764880086,8076264.883129,2094053.222555153,8222889.535820676,4111.444767910338,136682.30461248997,17800.529021222526,3137.285223442017,1.5686426117210086,33.735617048169004,2.9480167702888513,302551.6319156081,151.27581595780404,1236.8487136996002,246.03256643784425,0.9977993655533094,0.0021217573436964664,8.095156736705644e-07,7.806758732047388e-05,22.077942828528748,22.07573976912836,15.922432351912667,8.05143182254739,12.620010531122226,0.0021264368538858394,8.113010507093915e-07,7.823976444120414e-05,0.03679383391903677,0.0003815307514195522,7.888332508230147e-05,0.0021241791869966086,7.823670387047208e-05,7.8880213956423e-05,468.82732568629024,408.3524051987226,3.3327789595711153,10.653648146424281,0.7876777009341669,0.00047377979066922494,0.056055,16.67138954088514,-0.001716197488338682,0.138945,4.083061295263684,2.0364102077284962,-3.1519097460020453,14.024307946580972,ON,1,0.9118,ON,1,0.9729,ON,1,0.5258,ON,1,0.6561,ON,1,0.6753,ON,1,0.6671,ON,1,0.9499,ON,1,0.9619,ON,1,0.8672,ON,1,0.8391,ON,1,0.6662,ON,1,0.3482,ON,1,0.8447,ON,1,0.9002,ON,1,0.501,ON,1,0.6894,ON,1,0.6633,ON,1,0.2746
VAN1,VAN1_on_2025-09-26,VAN,ON,cluster,3,5222242817.768479,652780.35222106,9274662.157489,1527928.9437092722,5180857594.637857,2590428.797318929,9274662.157489,2079488.7436548693,41173682.388025135,20586.841194012566,712000.1276010001,87963.20868668018,4734.14535201866,2.3670726760093297,52.332506642641,4.85566295721823,206806.5972448438,103.4032986224219,1098.3769187329,193.0823831986546,0.9920752012928602,0.007884291065121153,9.06534896445434e-07,3.960110712224877e-05,22.376192805331968,22.368236438517872,17.53330985751249,8.46276770251305,12.23954415810237,0.007947271592764782,9.137763904027121e-07,3.991744483748922e-05,0.005022786043178542,0.00011497988708912306,4.050928295422654e-05,0.007915858353152169,3.9916648157488925e-05,4.0508462475381734e-05,652.1577723317915,542.6067467588367,3.123016352221351,10.09625157428954,0.8189021469205169,0.00042082779756868793,0.05349,14.207937058663482,-0.0018383859971714974,0.21549,3.769341727498313,1.8116323983146265,-3.3762307601385007,13.905468736004822,ON,1,0.9949,ON,1,0.999,ON,1,0.5355,ON,1,0.7175,ON,1,0.6753,ON,1,1.0422,ON,1,0.9946,ON,1,0.9975,ON,1,0.932,ON,1,0.9452,ON,1,0.6648,ON,1,0.7206,ON,1,0.9265,ON,1,0.9689,ON,1,0.501,ON,1,0.7105,ON,1,0.6633,ON,1,0.4078
AEP_Turk,AEP_Turk_S1,AEP,ON,cluster,2,54880462.538477786,6860.057817309723,95819.05999260645,16527.412866734732,53853366.576046206,26926.6832880231,95819.05999260645,23558.418975170545,522295.18167112034,261.14759083556015,4067.2882855001785,606.6437640198309,38838.65759530072,19.41932879765036,310.5926216421355,33.39264959744903,465962.1231651565,232.98106158257826,4535.45297799076,570.7124662455014,0.9812848522967265,0.009516960271698308,0.0007076955222101156,0.008490491909365034,17.82066798774707,17.80177549584249,13.16599010379288,10.567197106591447,13.051861775137736,0.009698468542975468,0.0007211927510688868,0.008652423289213756,0.8921432544588783,0.07436150850742931,0.009283579536184744,0.009651740282386153,0.00861520560286031,0.009240751969711058,893.1121319012138,735.4458664022183,3.1263943535602245,9.935547276425543,0.8170206062205815,0.01935997117360128,0.084675,13.967675279766368,-0.0009216100584363575,0.231555,3.7373353180752784,1.6223535916337886,-1.5833045735682518,7.234578389251045,OFF,0,0.1945,OFF,0,0.0246,ON,1,0.5012,OFF,0,0.6765,ON,1,0.6665,OFF,0,-0.2166,OFF,0,0.3178,OFF,0,0.4058,OFF,0,0.4364,OFF,0,0.5786,ON,1,0.6236,OFF,0,-0.0508,OFF,0,0.2962,OFF,0,0.1451,ON,1,0.5007,OFF,0,0.6169,ON,1,0.6828,OFF,0,-0.0982
AEP_Turk,AEP_Turk_S2,AEP,OFF,cluster,2,207406.41438886098,25.925801798607623,1127.4638357739573,86.54456297097276,187151.44352222193,93.57572176111097,1127.4638357739573,154.32097490362486,9394.17895446895,4.697089477234475,34.87090840156164,5.360954171836477,1283.732814847116,0.641866407423558,24.904347539384293,1.6510536036000605,9577.059097322966,4.788529548661483,13.67868648775783,0.4299438525168222,0.9023416371845492,0.045293579671340546,0.006189455705262218,0.04617532743884757,12.242440323361627,12.139678769737973,9.14795195950745,7.158306049520658,9.1672302509945,0.0501955997646543,0.0068593262797239886,0.05117277706775815,1.0194673896165827,0.13665194381886597,0.055258376021083085,0.04897643231059158,0.04990647140731846,0.053785643124527965,789.9007445295454,1555.8165462463398,5.78403714206755,41.56099448365271,0.7903178804419689,0.11607249184315278,0.030945,43.48809901918483,-0.00028018691395567593,0.143805,6.594550706275932,1.4149244097912683,-0.990816172914491,4.981372720217315,OFF,1,0.0049,OFF,1,0.0002,OFF,1,0.4991,OFF,1,0.6764,ON,0,0.6665,OFF,1,-1.1937,OFF,1,0.0167,OFF,1,0.0042,OFF,1,0.2905,OFF,1,0.2004,ON,0,0.6241,OFF,1,-0.8286,OFF,1,0.0105,OFF,1,0.0007,ON,0,0.5015,OFF,1,0.5593,ON,0,0.6827,OFF,1,-0.8412
Towantic_GT1,20250104_1230 GT1,Tow,ON,cluster,3,4783924367.076885,598065.3040476165,7238369.865478516,1071788.9054865288,4494521446.574271,2247260.723287136,7238369.865478516,913425.6680789203,289327020.20969194,144663.51010484598,2624795.522713661,345610.0503848898,56738.17596140874,28.383279620514628,1005.6012184799329,86.07567663655084,19162.11696020802,9.581058480104009,450.8481373647228,24.81404064345643,0.9395051220930051,0.060479012210320336,1.186017411811161e-05,4.005522556351914e-06,22.288527044121295,22.226125035926355,19.483068167623006,10.946220185194441,9.860742718889206,0.06437326501806265,1.2623852535992374e-05,4.263438763834e-06,6.622995994746728e-05,0.00019610396540318674,1.586594839878827e-05,0.06238614238586544,4.263429675404786e-06,1.586582253596026e-05,1030.2496507789697,613.4554326934704,1.9427915659641368,3.8244974940273337,0.8543418997704855,0.001446797405647526,0.030945,12.102975739422282,-0.0022153953405677166,0.268275,3.4789331323581303,1.4951363036745338,-4.12179410567905,12.365382317037149,ON,1,1.0,ON,1,1.0,ON,1,0.5536,ON,1,0.903,ON,1,0.6752,ON,1,0.9118,ON,1,0.9986,ON,1,0.9999,ON,1,0.9225,ON,1,0.9777,ON,1,0.6651,ON,1,1.1443,ON,1,0.9949,ON,1,0.9994,ON,1,0.5011,ON,1,0.7908,ON,1,0.6633,ON,1,0.8364
Towantic_GT1,20250105_0031 GT1,Tow,OFF,cluster,3,29721549.007337768,3715.658083177618,568365.3388403393,28331.116546241155,28945284.05989329,14472.642029946646,568365.3388403393,55267.97325508023,710266.7083252451,355.13335416262254,15418.931170273805,1130.7884215641745,47461.56113073799,23.74265189131465,1810.280394461719,112.73660276328107,18536.67798849479,9.268338994247395,413.0443291133597,22.363493227471096,0.9738820830888447,0.02389736511209062,0.0015968737402959885,0.0006236780587686861,17.207382930132805,17.180917883776107,13.473397231929729,10.76769649251896,9.827560587937237,0.024538253169516105,0.001639699269578055,0.0006404040793014241,0.026098193497167802,0.06682216774960764,0.00222549362293281,0.024242026378982557,0.0006401991081139523,0.0022230208800360658,424.51600528913826,399.4844395396634,11.066542195994707,141.06246727042148,0.60877957892686,0.007240481106865241,0.07887,152.9649193001795,-0.0008319326435617527,0.084135,12.367898742295788,3.1215780008762533,-2.4511190986129567,7.353357295838871,OFF,1,0.0353,OFF,1,0.0006,ON,0,0.5006,OFF,1,0.4275,ON,0,0.6753,OFF,1,-0.9573,OFF,1,0.0621,OFF,1,0.054,OFF,1,0.4347,OFF,1,0.2695,ON,0,0.67,OFF,1,-0.6324,OFF,1,0.0022,OFF,1,0.0,ON,0,0.5003,OFF,1,0.3489,ON,0,0.6633,OFF,1,-1.0
Towantic_GT2,20250105_0434 GT2,Tow,ON,cluster,3,2258494293.3145404,282347.08004932373,2150762.2428786904,501982.9514911245,2140616521.6079843,1070308.2608039922,2150762.2428786904,379783.7958918982,117827373.82468303,58913.686912341516,1376006.0364786536,182742.56818140837,35221.81980041915,17.61971976008962,418.4587571241573,39.3936220834113,15176.062072753457,7.588031036376728,36.97934789872511,2.110223258542019,0.9478069207190424,0.052170764466161625,1.5595266237634815e-05,6.71954855838101e-06,21.537964186739398,21.484359719165496,18.584731186095524,10.469449441321778,9.62754049287416,0.055043662718333886,1.645405398158904e-05,7.0895753254083665e-06,0.00012879912010373753,0.00029892730913977497,2.2315312758087124e-05,0.05358215253450951,7.089550194487998e-06,2.231506377519946e-05,1080.9006087211415,567.8409227713116,1.6527950696094358,1.7406494240915773,0.8515874105331573,0.002145707576251504,0.16743,7.617441067578842,-0.002049542378912443,0.270705,2.759971207744019,1.5320081215342536,-3.9522730754304454,11.856819226291336,ON,1,0.9985,ON,1,1.0,ON,1,0.5221,ON,1,0.8316,ON,1,0.6753,ON,1,1.1021,ON,1,0.9827,ON,1,0.9951,ON,1,0.7665,ON,1,0.8964,ON,1,0.6677,ON,1,0.9325,ON,1,0.9935,ON,1,0.9988,OFF,0,0.4998,ON,1,0.7827,ON,1,0.6633,ON,1,0.825
Towantic_GT2,20250112_0855 GT2,Tow,OFF,cluster,3,20347735.531377237,2543.7849145364717,300062.2918200642,14963.667992485922,18494134.76630413,9247.067383152065,300062.2918200642,28862.201665431603,1774445.0688929143,887.2225344464572,18204.805859562242,1440.0382091324095,64686.18175308738,32.35927051179959,2131.3372773730807,129.24647767945208,14469.51442710366,7.2347572135518305,49.76091933205316,2.3554510473191326,0.9089038304918619,0.08720602182766875,0.003179035900743747,0.0007111117797256081,16.828480236707353,16.732964254192815,14.388998858323324,11.077318342670688,9.579868370279268,0.09594636847384798,0.003497659261732025,0.0007823839617231505,0.008154388479392666,0.03645431627444459,0.003905340029928032,0.09161825345429642,0.000782078058936594,0.0038977339859141273,655.2933675870722,729.8071190751247,10.95620752960787,144.1328737736201,0.6935007284705511,0.018260699160415287,0.07887,117.95898706110918,-0.000949242931103932,0.13314,10.86089255359089,2.160826602198964,-2.384365294637849,7.153095883913547,OFF,1,0.3341,OFF,1,0.0785,ON,0,0.5008,OFF,1,0.5321,ON,0,0.6753,OFF,1,-0.2728,OFF,1,0.2945,OFF,1,0.4788,OFF,1,0.4481,OFF,1,0.5102,ON,0,0.6699,OFF,1,-0.1375,OFF,1,0.0409,OFF,1,0.0135,ON,0,0.5003,OFF,1,0.4865,ON,0,0.6633,OFF,1,-0.52
Towantic_GT2,20250103_0833 GT2,Tow,ON,cluster,3,9257653945.962343,1157351.4121718144,4354778.258548737,1642668.3595170584,1166508101.7815995,583254.0508907997,2362535.236078635,622158.3582617573,106275371.53137082,53137.68576568541,74641.66504417453,7888.153917024713,139296557.46757936,69683.12029393665,78427.48287683725,3197.680065613572,7845573915.181791,3922786.9575908957,4354778.258548737,161227.85215632344,0.1260047209142402,0.011479730410286293,0.01504663689965777,0.8474689117758155,22.9487165000453,20.877280595635323,18.481544137555804,18.752115732540886,22.783215377393976,0.0911055580060328,0.11941327904609716,6.725691748903669,73.82306739681289,1.310713436804687,6.273549775018118,0.08719145561336449,2.0445513655583816,1.9842444495458507,6137.261611447656,2198.7225451971144,1.0222997181259603,-0.8273218105809552,0.8951647100073327,0.21168213580021936,79.07,3.7627104548797567,0.000372593175650893,87.68,1.9397707222450433,0.9536570402860428,0.6353115939195509,4.301671239838171,ON,1,1.0,ON,1,1.0,ON,1,1.0,ON,1,1.0,ON,1,0.6342,ON,1,1.0,ON,1,1.0,ON,1,1.0,ON,1,1.0,ON,1,1.0,ON,1,0.6463,ON,1,1.7519,ON,1,0.6509,ON,1,0.9348,OFF,0,0.0578,ON,1,0.681,ON,1,0.6639,OFF,0,-0.5828
Towantic_STG,20240518_0825 STG,Tow,ON,manual,2,36912077.38367251,4614.586496271098,67515.28534628451,9668.252760990788,30190433.521245804,15095.216760622901,45850.96631243918,11061.99101293094,6705233.00498398,3352.61650249199,67515.28534628451,9876.607798931092,1114.174834369111,0.5573661002346729,3.5158570149076382,0.2776519851860647,15296.682608361783,7.648341304180891,37.41396849929538,1.7424641304456563,0.8179012307391855,0.1816541760922385,3.0184560537954145e-05,0.0004144086080380844,17.424049382921606,17.223035694466024,15.718398974161104,7.016766473726814,9.635456632403006,0.22209793709206294,3.6904896830481085e-05,0.0005066731684259055,0.0022813051533018347,0.00016616496899373698,0.0004447909195803166,0.20056900245782616,0.0005065448529169581,0.0004446920294217891,1464.962028266211,547.9996660936789,2.8177039279773304,8.735054986397767,0.8398613441280911,0.008742927536969581,0.3594,14.630841875179936,-0.0012643950738451392,0.3432,3.8250283495860757,1.5263795203458765,-2.5291930206876723,10.206269220739209,ON,1,0.7497,ON,1,0.9593,OFF,0,0.4964,ON,1,0.6767,ON,1,0.6665,ON,1,0.2218,ON,1,0.7064,ON,1,0.6007,OFF,0,0.4436,ON,1,0.6795,ON,1,0.6237,ON,1,0.4505,ON,1,0.9638,ON,1,0.9975,OFF,0,0.4984,ON,1,0.6632,ON,1,0.6828,ON,1,0.7646
Towantic_STG,20240620_0516 STG,Tow,ON,manual,2,36396206.265843816,4550.094545048608,83711.0111448206,9514.696228152992,29902270.05773115,14951.135028865576,32764.21486158017,7955.303235182078,6477232.816343336,3238.6164081716684,83711.0111448206,12147.576614871383,1494.5683283923054,0.7476579931927491,5.125886807409245,0.6021043178060631,15208.823440929918,7.6044117204649595,28.623953112924937,1.229894521683541,0.8215765632088164,0.17796450457040972,4.1063849278019116e-05,0.0004178683714957047,17.409975131184886,17.213444990584538,15.68380409699524,7.310261566355803,9.629696777094571,0.21661341442765977,4.9981768123515383e-05,0.0005086176872714454,0.0023480433500171105,0.0002307417952649446,0.0004591429362611022,0.19607110900483407,0.0005084883851372532,0.0004590375623963529,1408.18512479736,566.1794195903185,3.3357400876920007,17.04922860108624,0.8390294419117929,0.008274378979564295,0.3459,18.397642140406226,-0.0012434930107722091,0.33105,4.28924726966773,1.5597672561945912,-2.527916071163322,9.903183424228736,ON,1,0.7471,ON,1,0.9579,OFF,0,0.4966,ON,1,0.6767,ON,1,0.6665,ON,1,0.2312,ON,1,0.6964,ON,1,0.5834,OFF,0,0.4431,ON,1,0.6709,ON,1,0.6237,ON,1,0.4356,ON,1,0.9611,ON,1,0.9976,OFF,0,0.4985,ON,1,0.6633,ON,1,0.6828,ON,1,0.7547
Towantic_STG,20240621_1055 STG,Tow,ON,cluster,2,95764140.64716929,11970.517580896161,678527.5613734461,38594.202183863636,92057099.37651634,46028.54968825817,678527.5613734461,66187.18680613062,3689600.7677723295,1844.8003838861648,49322.56351003633,5333.712679552256,1757.9592114980496,0.8789796057490248,38.59454126841433,2.205542089463453,15682.543669117,7.8412718345584995,27.417034897083795,1.792457226619036,0.9612898811016216,0.038527999550125876,1.8357176283500784e-05,0.00016376217196891396,18.377398868562448,18.337919598752354,15.121029088179792,7.472477556008241,9.660367267676333,0.04007948102602831,1.90964002060061e-05,0.00017035670008431125,0.0042504717057995954,0.000476463260429929,0.0001821525217509567,0.039297134296600096,0.00017034219102946585,0.00018213593399467044,776.1979327451064,570.2070747889829,7.513285971640793,75.79123075546518,0.7989939091568761,0.004492857292064065,0.09723,56.68322666818582,-0.0014094897601150767,0.23898,7.528826380524569,1.7489592798133484,-2.8925174436920074,10.865442042744114,ON,1,0.7093,ON,1,0.9106,OFF,0,0.4997,ON,1,0.6766,ON,1,0.6665,ON,1,0.1388,ON,1,0.5994,ON,1,0.5263,OFF,0,0.4546,ON,1,0.6331,ON,1,0.6237,ON,1,0.295,ON,1,0.7188,ON,1,0.9065,ON,1,0.5001,OFF,0,0.6314,ON,1,0.6828,ON,1,0.201
Towantic_STG,20241225_1644 STG,Tow,ON,manual,2,24257479.08753739,3032.184885942174,38819.75614679069,5948.386484522488,21163914.013635177,10581.957006817589,26041.545891948976,5831.676620137118,3067081.7979766116,1533.5408989883058,38819.75614679069,5474.605470722185,2129.8359770373345,1.0649179885186673,21.299177959992676,1.590211962401163,24353.439948561532,12.176719974280767,148.01395501512252,17.799631715250538,0.8724696386323353,0.126438604230411,8.780120841705958e-05,0.0010039559288365395,17.004235585002657,16.867808167388343,14.9362374391378,7.664269659186647,10.100469450639007,0.14492034866520684,0.00010063525941680988,0.0011507058634272615,0.007940264248778703,0.0006944177290744958,0.0010929503736246229,0.13533507010194648,0.0011500443088896864,0.0010923535381997687,1335.9574324125813,581.840475269476,2.378494549772733,6.173494604734252,0.84356148011352,0.01169738514982937,0.35535,12.802568974855623,-0.0011503749309547725,0.29271,3.578067771131445,1.5265715031658602,-2.255779572249778,9.203538508201696,ON,1,0.5697,ON,1,0.5534,OFF,0,0.4961,ON,1,0.6766,ON,1,0.6665,ON,1,0.0315,ON,1,0.574,OFF,0,0.449,OFF,0,0.4271,ON,1,0.6295,ON,1,0.6238,ON,1,0.2979,ON,1,0.8821,ON,1,0.9704,OFF,0,0.4984,ON,1,0.6492,ON,1,0.6828,ON,1,0.546
Towantic_STG,20250109_1622 STG,Tow,ON,cluster,2,133781801.05711804,16722.725132139756,606623.3521603383,41775.72497690016,127122540.0988836,63561.2700494418,606623.3521603383,62991.213680990906,6629090.110784147,3314.5450553920737,63382.29579364904,8973.755121634134,6026.220331567543,3.0131101657837718,84.76893273067253,7.330852452194216,24144.627118737342,12.072313559368672,121.22464106273037,13.527461188551268,0.9502229682541703,0.04955150893770567,4.5045142791840966e-05,0.00018047766533228844,18.711720687866684,18.660662069757603,15.70697826540184,8.704041210234374,10.091858570997367,0.05214724395553761,4.740481370872496e-05,0.00018993191215307687,0.00364222339947611,0.000909056934037332,0.00022557368013391042,0.05083307025843128,0.00018991387737100074,0.00022554824221667036,1089.8401221510142,605.9136677541602,4.607219505382454,30.47045593802312,0.8207544775043558,0.005563967737900278,0.04296,36.27538857255105,-0.001426375774777602,0.264495,6.022905326542596,1.6594050021513886,-2.8562678329200786,9.956620859523229,ON,1,0.7633,ON,1,0.5262,ON,1,0.5009,ON,1,0.6766,ON,1,0.6665,ON,1,0.1722,ON,1,0.7201,ON,1,0.7005,OFF,0,0.4736,ON,1,0.6966,ON,1,0.6236,ON,1,0.4318,ON,1,0.6356,ON,1,0.6768,ON,1,0.5004,OFF,0,0.6266,ON,1,0.6828,ON,1,0.2046
Towantic_STG,20250121_1828 STG,Tow,ON,manual,2,27891956.846912343,3486.494605864043,51921.74448039476,7157.442438548607,23387371.149346024,11693.685574673013,29919.249482024694,7235.104225699439,4479874.9976663925,2239.937498833196,51921.74448039476,7709.200528574951,2486.2847581853393,1.2431423790926697,20.76653294429184,2.0058568308464633,22224.41514174035,11.112207570870174,161.71374532278514,16.44010012374653,0.8384987571044167,0.16061529932283392,8.913984672468661e-05,0.0007968037260247162,17.14384895602519,16.967706782926175,15.315105924915771,7.818946935916138,10.008991739251089,0.19155102850417932,0.00010630885969647583,0.0009502741885703925,0.00496094537309909,0.0005549897618750328,0.0008867291647536539,0.17525584375179934,0.0009498229638891472,0.0008863362527017366,1416.2528502377743,567.3809263762398,2.706814597475316,8.715300881711679,0.8399805462541482,0.011779690983354657,0.3513,14.892248619305041,-0.001186445457625519,0.3189,3.8590476311202777,1.5289953664149791,-2.3195716812250287,9.148759847010037,ON,1,0.6462,ON,1,0.7388,OFF,0,0.4963,ON,1,0.6766,ON,1,0.6665,ON,1,0.1213,ON,1,0.64,ON,1,0.5198,OFF,0,0.4345,ON,1,0.6515,ON,1,0.6237,ON,1,0.3704,ON,1,0.9276,ON,1,0.9887,OFF,0,0.4985,ON,1,0.6552,ON,1,0.6828,ON,1,0.6405
Har_CT1,20241020_1113,Har,ON,cluster,0,1796831935.3393595,224632.07092628573,3446192.4976759553,611444.9866345692,1674465866.281116,837232.933140558,3446192.4976759553,987268.9248853979,118233746.99879491,59116.87349939746,754170.8641979136,133812.4031256147,3443225.0759431534,1722.4737748590062,47877.52789732092,4817.424038541741,689096.9835053915,344.5484917526958,3601.5148993261537,484.92106540691117,0.9318989902997618,0.06580122752352163,0.0019162755337453678,0.00038350664297117184,21.30929091579949,21.23876006616344,18.588174138248572,15.051919402652095,13.443138751068187,0.07060982811276088,0.0020563124906154934,0.000411532416026988,0.005828259705855463,0.02912218519115544,0.002305083366358335,0.0682284189394548,0.0004114477597873291,0.002302430737267467,838.9788844004985,541.4596854634303,3.54755548291396,12.369529959880186,0.8020118107862294,0.011489352399627319,0.12639,15.341498137222095,-0.001418026346352132,0.18336,3.9168224541349366,1.684278312847281,-2.5985404383650845,7.795621315095254,ON,1,1.0,ON,1,1.0,ON,1,0.578,ON,1,0.7587,ON,1,0.7063,ON,1,0.9474,ON,1,1.0,ON,1,1.0,ON,1,0.9998,ON,1,1.0,ON,1,0.673,ON,1,0.8977,ON,1,0.6259,ON,1,0.8686,ON,1,0.5002,ON,1,0.7368,ON,1,0.7517,ON,1,0.1573
Har_CT1,20241122_1450,Har,ON,cluster,0,1320206536.871084,165046.44791487485,2274977.138523102,426751.3072879138,1228054310.2954476,614027.1551477237,2274977.138523102,668810.1098552666,88610321.3439889,44305.16067199445,543800.9236786515,104953.81827515298,735063.9967300602,367.71585629317667,7743.93554700911,834.6789788383334,2806841.2349174186,1403.4206174587093,16760.49781710282,2447.8250286713132,0.9301986287736167,0.06711852946433453,0.0005567795463823234,0.002126062215666413,21.001054029388992,20.928696893132646,18.29975891380029,13.507714205210442,14.847570649602561,0.07215505096242103,0.000598559844273676,0.0022856002469810485,0.03167623356224061,0.008295467001823674,0.0026900587640432748,0.06967068928148523,0.0022829922358944274,0.0026864470316978507,808.5192594927598,601.9949714328102,3.0547186003360562,8.496330771901507,0.8041117973243467,0.01337365356825892,0.125985,13.783860042213412,-0.0011359493057859532,0.173775,3.712662123356586,1.7045926467117647,-2.027042081176695,7.420982687922203,ON,1,0.9972,ON,1,1.0,ON,1,0.5243,ON,1,0.7185,ON,1,0.7065,ON,1,0.6215,ON,1,0.9986,ON,1,1.0,ON,1,0.905,ON,1,1.0,ON,1,0.6813,ON,1,0.7883,OFF,0,0.398,ON,1,0.6654,ON,1,0.5001,ON,1,0.6922,ON,1,0.7517,ON,1,0.0651
Har_CT1,20241124_1450,Har,ON,cluster,0,1953978827.3253458,244277.8881516872,3807683.8334087282,681721.6557381474,1835858561.5831628,917929.2807915814,3807683.8334087282,1113715.1732687177,115688439.62978245,57844.21981489123,476501.686252594,105348.90387044726,922652.7918227959,461.55717449864727,6667.366884771967,805.7927915987366,1509173.320577605,754.5866602888025,6758.283242953534,879.6558650361533,0.9395488507396629,0.05920659835815091,0.00047219180623658325,0.0007723590959495699,21.393133555464978,21.330778090547227,18.566411279046417,13.735009353004948,14.22707325167283,0.06301598720656226,0.0005025729166342426,0.0008220531538530725,0.013045152354091179,0.007975324023518623,0.0012461017392299272,0.06111013895185418,0.0008217154532184345,0.0012453259988251082,808.8504204427579,516.3399740823074,3.6360656173155648,12.996735778553447,0.7976929682507615,0.011318647851820048,0.1245,15.587509218371421,-0.001284163758282514,0.172695,3.94810197669274,1.7269074477664401,-2.367901612958132,7.595768737542279,ON,1,0.9995,ON,1,1.0,ON,1,0.5264,ON,1,0.7222,ON,1,0.7065,ON,1,0.7401,ON,1,0.9997,ON,1,1.0,ON,1,0.9531,ON,1,1.0,ON,1,0.6805,ON,1,0.886,OFF,0,0.4682,ON,1,0.7042,ON,1,0.5001,ON,1,0.7017,ON,1,0.7517,ON,1,0.0627
Har_CT1,20241207_1844,Har,ON,cluster,0,1457788578.3298914,182246.3530853721,2877664.119740069,519405.4531145878,1377735975.4385133,688867.9877192567,2877664.119740069,854523.6840519384,76311600.81989925,38155.800409949625,397457.29021316767,74919.14757909656,2311051.977079083,1156.1040405598214,28349.770661607385,3210.20516001195,1429950.0943999293,714.9750471999646,6913.9582793126465,900.9008625895507,0.9450862737701717,0.05234750906563232,0.001585313543701055,0.0009809036204949176,21.10018645269998,21.043707392079202,18.150335540002125,14.653213812870483,14.173150801930937,0.05538913273685136,0.001677427328805512,0.0010378984942632395,0.018738305566078917,0.030284412228925698,0.002572819577957304,0.05390954511706152,0.0010373602500174434,0.002569515543576462,778.1850959879096,519.6480842632259,3.5580230818405165,12.237414700271314,0.7914168655832969,0.015267065587865322,0.12612,15.789968199758954,-0.0012320893887965794,0.15717,3.9736592958822685,1.7400417082209394,-2.290185530049422,6.870556590148265,ON,1,1.0,ON,1,1.0,ON,1,0.5515,ON,1,0.739,ON,1,0.7064,ON,1,0.6325,ON,1,1.0,ON,1,1.0,ON,1,0.9966,ON,1,1.0,ON,1,0.6765,ON,1,0.7658,OFF,0,0.3472,OFF,0,0.4655,ON,1,0.5001,ON,1,0.6724,ON,1,0.7517,OFF,0,-0.0589
Har_CT1,20241220_1026,Har,OFF,cluster,0,5583842.57218301,698.0675799703725,28474.79098214209,1311.13679040023,3720767.6064945264,1860.3838032472631,28474.79098214209,1682.3030660431964,1221371.4029411436,610.6857014705718,10769.855839877913,1381.8002196351017,41865.8633014372,20.9434033523948,488.05288268625736,39.89492850750918,599837.6994459024,299.91884972295117,2757.3031286843034,398.68285796714025,0.6663453631429812,0.21873313710985354,0.007497679735814918,0.10742382001135019,15.535387909454416,15.129440819556528,14.015485704904107,10.642249941027476,13.304416063799048,0.32825791130005966,0.011251942536897472,0.16121342768055075,0.4911181791230433,0.03427774974965612,0.12984328476436038,0.28386824251417,0.14946551672579128,0.12207893705721123,2233.631799476145,1970.0874427591993,4.2060530946813515,37.477060300919,0.882864169928034,0.17721010945482554,0.22494,40.790880137058565,-0.00043675423080573767,1.9767,6.386773844184217,0.9693845547260069,-0.6083415852524935,4.487190878529052,OFF,1,0.3212,OFF,1,0.0131,OFF,1,0.4986,OFF,1,0.7003,ON,0,0.7065,OFF,1,-0.3069,ON,0,0.6734,ON,0,0.7572,OFF,1,0.4737,ON,0,0.786,ON,0,0.6838,ON,0,0.3972,OFF,1,0.1518,OFF,1,0.0021,ON,0,0.5006,OFF,1,0.4067,ON,0,0.7516,OFF,1,-0.4782
Har_CT1,20250113_1114,Har,ON,cluster,0,2135836733.3920724,267012.96829504595,4313375.286323786,727059.5289927007,1998160387.3268592,999080.1936634296,4313375.286323786,1172908.0203855413,134376716.22519237,67188.35811259618,891945.7053297795,144713.5008167456,2347871.173734625,1174.522848291458,30031.35206680838,3654.291119339451,951758.6662859543,475.87933314297715,3459.7169726645225,545.0904015487215,0.9355398547497777,0.06291525664125987,0.0010992746482104958,0.00044561396075176566,21.482124319913336,21.41549278838882,18.716157736114816,14.669020017960378,13.766067830521989,0.06725021528675262,0.0011750163743740351,0.00047631745295442345,0.007082764730542771,0.017472306510303296,0.0015472789826374244,0.06508544837692845,0.0004762040498055993,0.0015460831798471363,850.7694943239762,530.6653941673219,3.716782897903936,13.892722826817412,0.8042019497879433,0.010681600076589751,0.129495,16.15417900436041,-0.0013974131011753065,0.19443,4.019226169843415,1.6842273335728353,-2.5498083192889442,7.649424957866833,ON,1,1.0,ON,1,1.0,ON,1,0.5599,ON,1,0.7454,ON,1,0.7064,ON,1,0.8799,ON,1,1.0,ON,1,1.0,ON,1,0.9979,ON,1,1.0,ON,1,0.6762,ON,1,0.9535,ON,1,0.6173,ON,1,0.8373,ON,1,0.5002,ON,1,0.729,ON,1,0.7517,ON,1,0.1582
Har_CT1,20250115_1947,Har,ON,cluster,0,1645352230.118447,205694.7406073818,3300590.7639849335,584952.3600830908,1557340764.4524446,778670.3822262223,3300590.7639849335,958985.2682087967,85547127.90966666,42773.56395483333,512867.5354886651,99565.28629323658,1165573.9316191731,583.0785050621176,10004.13555931882,1251.6665114748491,1298763.8247167482,649.381912358374,6507.2276345277205,812.1128620821053,0.9465090428329339,0.05199320020583569,0.0007084038969183302,0.0007893530643121028,21.221220320503303,21.166245566129597,18.264577997361368,13.968725026784888,14.076924235934277,0.054931540907647576,0.0007484385936747658,0.0008339625176211117,0.015181851880382945,0.013624933531958493,0.0015000036020672994,0.05347587468764272,0.0008336149640983641,0.0014988797204081763,782.1879695279747,495.9576346540527,3.606824155306239,12.719815875771046,0.7914630962717883,0.01217699390788187,0.12504,16.046062987506854,-0.00125543128684917,0.1596,4.005753735253802,1.7765080188426645,-2.3631071100651067,7.197520539344708,ON,1,0.9997,ON,1,1.0,ON,1,0.5285,ON,1,0.7228,ON,1,0.7065,ON,1,0.6718,ON,1,0.9999,ON,1,1.0,ON,1,0.9656,ON,1,1.0,ON,1,0.6799,ON,1,0.7802,OFF,0,0.3561,OFF,0,0.478,ON,1,0.5,ON,1,0.6727,ON,1,0.7517,OFF,0,-0.037
Har_CT1,20250116_1516,Har,ON,cluster,0,1858422739.914226,232302.84248927826,3657511.973468676,647074.2932188368,1748224104.2444372,874112.0521222187,3657511.973468676,1053529.6996374996,107742918.32758054,53871.45916379027,541144.4998169541,117377.24828009652,1035882.0507911849,517.9410253955924,8580.220278769324,1030.6644137725812,1419835.291417173,709.9176457085865,8072.460124692938,954.7607444990782,0.9407031385792907,0.05797546274781018,0.0005573985017203326,0.0007640001711788699,21.342993976169875,21.28186631262356,18.495258570891714,13.850764810092842,14.166052135196917,0.06162992379866868,0.0005925339024191529,0.0008121586288451326,0.013177991773903008,0.009614386419733771,0.0013231470776917142,0.05980539109024916,0.000811829006484285,0.0013222724899842207,809.6102230023847,510.70757471884184,3.622751912389858,12.919652184873152,0.7971082068560564,0.011922072324999693,0.12558,15.744585534451582,-0.0012824607439923142,0.172965,3.967944749419409,1.7382488072515676,-2.3719380591422143,7.431101502530717,ON,1,0.9997,ON,1,1.0,ON,1,0.5284,ON,1,0.7231,ON,1,0.7065,ON,1,0.7517,ON,1,0.9998,ON,1,1.0,ON,1,0.9607,ON,1,1.0,ON,1,0.6802,ON,1,0.8587,OFF,0,0.4425,ON,1,0.6389,ON,1,0.5001,ON,1,0.6933,ON,1,0.7517,ON,1,0.0405
EMSA_GT2_NG,20250105_0434 NG,EMS,ON,cluster,1,2258494293.3145404,282347.08004932373,2150762.2428786904,501982.9514911245,2140616521.6079843,1070308.2608039922,2150762.2428786904,379783.7958918982,117827373.82468303,58913.686912341516,1376006.0364786536,182742.56818140837,35221.81980041915,17.61971976008962,418.4587571241573,39.3936220834113,15176.062072753457,7.588031036376728,36.97934789872511,2.110223258542019,0.9478069207190424,0.052170764466161625,1.5595266237634815e-05,6.71954855838101e-06,21.537964186739398,21.484359719165496,18.584731186095524,10.469449441321778,9.62754049287416,0.055043662718333886,1.645405398158904e-05,7.0895753254083665e-06,0.00012879912010373753,0.00029892730913977497,2.2315312758087124e-05,0.05358215253450951,7.089550194487998e-06,2.231506377519946e-05,1080.9006087211415,567.8409227713116,1.6527950696094358,1.7406494240915773,0.8515874105331573,0.002145707576251504,0.16743,7.617441067578842,-0.002049542378912443,0.270705,2.759971207744019,1.5320081215342536,-3.9522730754304454,11.856819226291336,ON,1,0.9947,ON,1,0.9981,ON,1,0.5237,ON,1,0.68,OFF,0,0.7213,ON,1,1.1313,ON,1,0.9902,ON,1,0.9964,ON,1,0.8088,ON,1,0.9784,OFF,0,0.7258,ON,1,0.9924,ON,1,0.9905,ON,1,0.9993,ON,1,0.5002,ON,1,0.6786,OFF,0,0.773,ON,1,1.0183
EMSA_GT2_NG,20250112_0855 NG,EMS,OFF,cluster,1,20347735.531377237,2543.7849145364717,300062.2918200642,14963.667992485922,18494134.76630413,9247.067383152065,300062.2918200642,28862.201665431603,1774445.0688929143,887.2225344464572,18204.805859562242,1440.0382091324095,64686.18175308738,32.35927051179959,2131.3372773730807,129.24647767945208,14469.51442710366,7.2347572135518305,49.76091933205316,2.3554510473191326,0.9089038304918619,0.08720602182766875,0.003179035900743747,0.0007111117797256081,16.828480236707353,16.732964254192815,14.388998858323324,11.077318342670688,9.579868370279268,0.09594636847384798,0.003497659261732025,0.0007823839617231505,0.008154388479392666,0.03645431627444459,0.003905340029928032,0.09161825345429642,0.000782078058936594,0.0038977339859141273,655.2933675870722,729.8071190751247,10.95620752960787,144.1328737736201,0.6935007284705511,0.018260699160415287,0.07887,117.95898706110918,-0.000949242931103932,0.13314,10.86089255359089,2.160826602198964,-2.384365294637849,7.153095883913547,OFF,1,0.2032,OFF,1,0.0626,OFF,1,0.4988,OFF,1,0.678,OFF,1,0.7213,OFF,1,-0.2355,OFF,1,0.3391,OFF,1,0.4347,OFF,1,0.439,OFF,1,0.5336,OFF,1,0.7279,OFF,1,-0.1341,OFF,1,0.087,OFF,1,0.0179,OFF,1,0.4994,OFF,1,0.6785,OFF,1,0.773,OFF,1,-0.587
EMSA_GT2_NG,20250103_0833 NG,EMS,ON,cluster,1,9257653945.962343,1157351.4121718144,4354778.258548737,1642668.3595170584,1166508101.7815995,583254.0508907997,2362535.236078635,622158.3582617573,106275371.53137082,53137.68576568541,74641.66504417453,7888.153917024713,139296557.46757936,69683.12029393665,78427.48287683725,3197.680065613572,7845573915.181791,3922786.9575908957,4354778.258548737,161227.85215632344,0.1260047209142402,0.011479730410286293,0.01504663689965777,0.8474689117758155,22.9487165000453,20.877280595635323,18.481544137555804,18.752115732540886,22.783215377393976,0.0911055580060328,0.11941327904609716,6.725691748903669,73.82306739681289,1.310713436804687,6.273549775018118,0.08719145561336449,2.0445513655583816,1.9842444495458507,6137.261611447656,2198.7225451971144,1.0222997181259603,-0.8273218105809552,0.8951647100073327,0.21168213580021936,79.07,3.7627104548797567,0.000372593175650893,87.68,1.9397707222450433,0.9536570402860428,0.6353115939195509,4.301671239838171,ON,1,1.0,ON,1,1.0,ON,1,1.0,ON,1,0.9918,OFF,0,0.6964,ON,1,1.0003,ON,1,1.0,ON,1,1.0,ON,1,1.0,ON,1,1.0,OFF,0,0.7113,ON,1,1.611,ON,1,0.7909,ON,1,0.9594,OFF,0,0.0561,ON,1,0.6785,OFF,0,0.7737,OFF,0,-0.5865
EMSA_GT1_ng,20250104_1230 ng,EMS,ON,cluster,2,4783924367.076885,598065.3040476165,7238369.865478516,1071788.9054865288,4494521446.574271,2247260.723287136,7238369.865478516,913425.6680789203,289327020.20969194,144663.51010484598,2624795.522713661,345610.0503848898,56738.17596140874,28.383279620514628,1005.6012184799329,86.07567663655084,19162.11696020802,9.581058480104009,450.8481373647228,24.81404064345643,0.9395051220930051,0.060479012210320336,1.186017411811161e-05,4.005522556351914e-06,22.288527044121295,22.226125035926355,19.483068167623006,10.946220185194441,9.860742718889206,0.06437326501806265,1.2623852535992374e-05,4.263438763834e-06,6.622995994746728e-05,0.00019610396540318674,1.586594839878827e-05,0.06238614238586544,4.263429675404786e-06,1.586582253596026e-05,1030.2496507789697,613.4554326934704,1.9427915659641368,3.8244974940273337,0.8543418997704855,0.001446797405647526,0.030945,12.102975739422282,-0.0022153953405677166,0.268275,3.4789331323581303,1.4951363036745338,-4.12179410567905,12.365382317037149,ON,1,0.9977,ON,1,0.9993,ON,1,0.5424,ON,1,0.6774,ON,1,0.6664,ON,1,1.0315,ON,1,0.9984,ON,1,0.9997,ON,1,0.9003,ON,1,0.9507,ON,1,0.6206,ON,1,1.1933,ON,1,0.9915,ON,1,0.9996,ON,1,0.5007,ON,1,0.681,ON,1,0.6828,ON,1,0.8359
EMSA_GT1_ng,20250105_0031 ng,EMS,OFF,cluster,2,29721549.007337768,3715.658083177618,568365.3388403393,28331.116546241155,28945284.05989329,14472.642029946646,568365.3388403393,55267.97325508023,710266.7083252451,355.13335416262254,15418.931170273805,1130.7884215641745,47461.56113073799,23.74265189131465,1810.280394461719,112.73660276328107,18536.67798849479,9.268338994247395,413.0443291133597,22.363493227471096,0.9738820830888447,0.02389736511209062,0.0015968737402959885,0.0006236780587686861,17.207382930132805,17.180917883776107,13.473397231929729,10.76769649251896,9.827560587937237,0.024538253169516105,0.001639699269578055,0.0006404040793014241,0.026098193497167802,0.06682216774960764,0.00222549362293281,0.024242026378982557,0.0006401991081139523,0.0022230208800360658,424.51600528913826,399.4844395396634,11.066542195994707,141.06246727042148,0.60877957892686,0.007240481106865241,0.07887,152.9649193001795,-0.0008319326435617527,0.084135,12.367898742295788,3.1215780008762533,-2.4511190986129567,7.353357295838871,OFF,1,0.0886,OFF,1,0.0003,ON,0,0.501,OFF,1,0.6763,ON,0,0.6665,OFF,1,-0.8398,OFF,1,0.1628,OFF,1,0.0654,OFF,1,0.4362,OFF,1,0.2558,ON,0,0.6236,OFF,1,-0.3689,OFF,1,0.0216,OFF,1,0.0003,ON,0,0.5004,OFF,1,0.5528,ON,0,0.6828,OFF,1,-1.0334
Decatur,20241028_1110,Dec,OFF,cluster,4,189444.8976294144,23.683572650258082,931.1044250785053,64.8018133252724,115554.51230202954,57.77725615101477,744.2411047019741,97.4312902955695,17464.18594154314,8.73209297077157,235.94289042153923,17.544206226773255,39884.45648965769,19.952204347002347,931.1044250785053,73.18660792105808,16541.742896183987,8.270871448091993,18.15311945189842,1.8302890529828097,0.6099637084344877,0.09218609822739049,0.21053328428870266,0.08731690904941852,12.151858762105217,11.657506319471906,9.767964803708344,10.593767037425973,9.713702788939004,0.15113374279790262,0.3451570665199547,0.14315099052821934,0.9471808735091362,2.283785606777026,0.42419750103173137,0.14074732003361665,0.13378847628787752,0.35360849791734006,1963.3556583794925,2254.472734081486,5.629687270337205,41.10803906958622,0.8402325240998372,0.2250215346708887,5.052,39.314356783262916,-0.00015755313004854024,5.7405,6.270116169722314,1.080992134962737,-0.647934510177634,1.943803530532902,OFF,1,0.0005,OFF,1,0.0,OFF,1,0.4004,OFF,1,0.3508,OFF,1,0.7259,OFF,1,-1.7745,OFF,1,0.027,OFF,1,0.0067,OFF,1,0.2828,OFF,1,0.13,OFF,1,0.7333,OFF,1,-0.9122,OFF,1,0.0055,OFF,1,0.0,OFF,1,0.2288,OFF,1,0.124,ON,0,0.7161,OFF,1,-1.1787
Decatur,20241031_1752,Dec,ON,cluster,4,13763292.120964933,1720.6265934447972,102279.58620120678,7053.578373343887,123509.8281864267,61.75491409321335,888.7486506872847,100.05971275010714,77365.59740975994,38.68279870487997,455.7650187876752,49.03525937251519,2323628.320436327,1162.395357897112,20023.68368044868,2085.77011408555,11238788.37493242,5619.39418746621,102279.58620120678,13173.217967068,0.008973857933182307,0.005621154933703166,0.16882794465263584,0.8165770424804787,16.437515687487178,11.724084108829599,11.256310408416422,14.658640883559517,16.23488168977247,0.6263922357041685,18.81330704233683,90.99509358783585,145.26855283314,30.034387353068624,67.51655487498662,0.4863642094053123,4.521735245059913,4.2270753930761,6366.905560137512,1058.133776871673,8.938279259948388,95.73686020146005,0.777485825662155,0.07703252720924568,58.735,59.44322062140804,0.0006331493007811796,63.565,7.709942971327667,1.4939270215642884,1.5035991936476243,4.97857128135605,ON,1,1.0,OFF,0,0.0,OFF,0,0.0004,OFF,0,0.054,OFF,0,0.722,OFF,0,-20.5437,ON,1,0.9997,ON,1,1.0,ON,1,0.9758,ON,1,1.0,OFF,0,0.7282,OFF,0,-0.9191,ON,1,1.0,ON,1,1.0,ON,1,1.0,ON,1,1.0,OFF,0,0.2919,ON,1,59.2466
Decatur,20241031_1852,Dec,ON,cluster,4,13560069.586896801,1695.0086983621002,87633.30847192183,6769.694656016717,125540.34828158387,62.77017414079193,853.6491946262286,106.23920010426421,126571.94860540179,63.28597430270089,529.8434985116037,89.11900130253265,1735460.3989418675,867.7301994709337,13632.356492893829,1307.8821279963954,11572496.891067948,5786.2484455339745,87633.30847192183,12603.012508377125,0.009258090268422697,0.009334166598061504,0.1279831484507171,0.8534245946827987,16.422640045986338,11.740390451670342,11.74857408975755,14.366783871997939,16.264141969651032,1.008217281032994,13.823925317105616,92.1814942317903,91.4301866921138,13.71125607253305,52.78583176735162,0.6972474036612074,4.53454914223121,3.985010082435799,6461.380787121567,1021.6998076920272,7.9535409791908735,73.8365002205728,0.7770742893119595,0.08040059258587648,58.49,51.7008016280963,0.0006234207876844131,65.385,7.190326948605898,1.490601025995115,1.50791717266023,4.52375151798069,ON,1,0.2727,OFF,0,0.0,OFF,0,0.0009,OFF,0,0.0328,OFF,0,0.7238,OFF,0,-23.8549,ON,1,0.9952,ON,1,1.0,ON,1,0.9285,ON,1,1.0,OFF,0,0.7296,OFF,0,-0.8482,ON,1,1.0,ON,1,1.0,ON,1,1.0,ON,1,1.0,OFF,0,0.2919,ON,1,58.7105
Decatur,20241102_1259,Dec,ON,cluster,4,14939918.030554025,1867.7232192216559,110540.40080610756,7337.632425404556,128325.28924949923,64.16264462474962,857.7949944649336,105.41580554752538,68879.32228930952,34.439661144654764,490.94911271944875,44.20796777806836,2170136.960540756,1085.6112859133348,13115.072525922209,1564.019839151836,12572576.45847446,6286.28822923723,110540.40080610756,13642.932488175229,0.00858942391698922,0.004610421700336146,0.14525762163504186,0.8415425327476328,16.519547318012627,11.762331434130417,11.14012581808761,14.590301299781819,16.347028607953757,0.5367556363333236,16.911218148937962,97.9742693891925,182.5304901445476,31.506363424921037,74.75846180219358,0.42967346449522903,4.594859911193719,4.327550145110372,6454.276269264507,1001.0811277461477,8.944904380226617,97.85895893155937,0.7858543554900673,0.07972400665951002,58.77,59.18457278277431,0.0006819366822609765,65.84,7.693151030787292,1.4555897360217944,1.5282323912744467,5.206902789866147,ON,1,1.0,OFF,0,0.0,OFF,0,0.0002,OFF,0,0.0988,OFF,0,0.7225,OFF,0,-21.8797,ON,1,0.9993,ON,1,1.0,ON,1,0.9673,ON,1,1.0,OFF,0,0.7286,OFF,0,-0.9092,ON,1,1.0,ON,1,1.0,ON,1,1.0,ON,1,1.0,OFF,0,0.2919,ON,1,64.8866
Decatur,20241101_0053,Dec,ON,cluster,4,13282825.000167802,1660.5606951078637,92171.2774588503,6616.448772477067,128083.49017479157,64.04174508739578,825.757809126957,103.74313987503521,142690.51709555293,71.34525854777647,658.5528637776733,113.27560475828938,1937669.3526474524,969.319335991722,15008.197771329666,1496.628114320532,11074381.640250005,5537.190820125003,92171.2774588503,12338.760216271354,0.009642789856312456,0.010742482649116458,0.14587780480605397,0.8337369226885171,16.401982480591048,11.760445404635666,11.868440355976539,14.476996960291627,16.220145128797725,1.114043011317958,15.12817420877622,86.4622101181868,77.6111956532922,13.579524358555021,48.05502243004436,0.7486022331814476,4.471206815711077,3.8929425748580253,6409.713175576229,1063.9150930296867,8.504661700889525,86.08337956284963,0.7822222581663059,0.0860036206286597,58.665,55.50611774106676,0.0006131716743273225,65.035,7.450242797439402,1.4525368510931926,1.4865665747206862,4.459699724162059,ON,1,0.4818,OFF,0,0.0,OFF,0,0.0012,OFF,0,0.0285,OFF,0,0.7234,OFF,0,-22.5717,ON,1,0.9985,ON,1,1.0,ON,1,0.9514,ON,1,1.0,OFF,0,0.7291,OFF,0,-0.8115,ON,1,1.0,ON,1,1.0,ON,1,1.0,ON,1,1.0,OFF,0,0.2919,ON,1,54.3407
Decatur,20241112_1127,Dec,ON,cluster,4,15070487.099758802,1884.0463932690088,93343.00446404517,6955.895730500224,124612.33506011567,62.306167530057834,908.3340238416567,103.23901765978812,87016.9247945048,43.5084623972524,514.9303874708712,52.14930185862248,2864859.7656191494,1433.1464560375935,14757.048294609645,2369.9365001803976,11993998.07428503,5996.999037142516,93343.00446404517,12808.617215687602,0.008268633537539078,0.0057739955064821675,0.1900973569503935,0.7958600140055851,16.52824895891419,11.732970902563322,11.373869408535763,14.868030308562306,16.299917005529085,0.6983010530364242,22.99017801258671,96.25048811100937,137.8352326569995,32.92301781925469,70.21173655307076,0.5296283707816386,4.577290001622303,4.265657644061959,6371.333528333874,1043.292391246275,8.284332621018319,82.58823844857208,0.7940803165804824,0.08148659870252856,58.77,49.54389912983022,0.0006934076801698699,65.56,7.038742723640675,1.4231466471165897,1.5223153676552545,4.926047596993323,ON,1,1.0,OFF,0,0.0,OFF,0,0.0004,OFF,0,0.0248,OFF,0,0.7209,OFF,0,-21.7628,ON,1,1.0,ON,1,1.0,ON,1,0.9917,ON,1,1.0,OFF,0,0.727,OFF,0,-0.8696,ON,1,1.0,ON,1,1.0,ON,1,1.0,ON,1,1.0,OFF,0,0.2919,ON,1,62.8073
Decatur,20241130_0741,Dec,ON,cluster,4,46626671.908403926,5829.062621378163,951994.6824655533,40316.37987631017,114180.78801317718,57.09039400658859,731.2410767201945,95.96395387395319,498161.9210589079,249.08096052945393,4550.802067432145,520.1876232383989,35389484.51012946,17703.594052090775,951994.6824655533,78608.56246321872,10624844.689202374,5312.4223446011865,82594.72199515346,10894.045437492103,0.0024488298937029086,0.010684054869657551,0.7589965798899515,0.22787053534668783,17.657683315357584,11.645547088996071,13.11868245322536,17.38192531449711,16.1787057493001,4.36292242962147,309.94254922934454,93.05282328129621,21.328094822254897,71.04012373092161,75.14473270855892,1.6795090559061538,4.543856574236365,4.332635907002121,4769.577570047631,1154.0887713392565,13.89820655962425,229.2918403960668,0.6782650131189955,0.032949572490964,4.6875,163.31865761298977,0.0006678193679364098,57.93,12.779618836748018,2.0764968511333195,1.5110528867680095,5.7363782255010385,ON,1,1.0,OFF,0,0.0,ON,1,0.961,OFF,0,0.0,OFF,0,0.7194,OFF,0,-23.8214,ON,1,1.0,ON,1,1.0,ON,1,1.0,ON,1,1.0,OFF,0,0.7219,OFF,0,-1.1005,ON,1,1.0,ON,1,1.0,ON,1,1.0,ON,1,1.0,OFF,0,0.2919,ON,1,30.2752
Decatur,20241116_1140,Dec,ON,cluster,4,16836181.672747094,2104.5227090933868,103384.93520452082,7531.538043822707,121954.80286523675,60.97740143261837,739.520184716097,94.78782419210978,98156.30565345769,49.07815282672885,474.20211010496496,55.8618946785217,3212470.650004048,1606.235325002024,21127.205358939478,2870.2552203097607,13403599.91422435,6701.799957112175,103384.93520452082,13742.693067552049,0.007243614094676009,0.005830081164563836,0.19080755437583025,0.7961187503649299,16.639040858941264,11.711413986482766,11.494326630489919,14.982551183245208,16.411033953763177,0.8048580568091125,26.341485324916402,109.90628986482619,136.5536307102817,32.72811286636027,75.4894683688428,0.5904819498057267,4.7086856092928695,4.337153062974189,6385.143548503787,1028.2322869126353,7.866571228830085,76.62972385564463,0.7956602502605026,0.08164159840896548,58.63,49.125122175114655,0.0007052264196470114,65.98,7.0089316001016035,1.424798746354006,1.5665399890934701,4.916707323273258,ON,1,1.0,OFF,0,0.0,OFF,0,0.0003,OFF,0,0.0127,OFF,0,0.7202,OFF,0,-25.7175,ON,1,1.0,ON,1,1.0,ON,1,0.9958,ON,1,1.0,OFF,0,0.7262,OFF,0,-0.8592,ON,1,1.0,ON,1,1.0,ON,1,1.0,ON,1,1.0,OFF,0,0.2919,ON,1,72.1075
Decatur,20241117_0142,Dec,ON,cluster,4,11841339.28511472,1480.16741063934,90693.96566928271,6387.61361497913,125572.0964848954,62.7860482424477,782.3237424128602,103.31604401581689,93466.71909126354,46.73335954563177,508.9812013995979,56.43634030511426,1752152.8324823994,876.0764162411997,17835.888609851012,1608.9211287995226,9870147.637056163,4935.073818528082,90693.96566928271,12009.95158153532,0.01060455185527427,0.007893255723932922,0.14796914354822696,0.8335330488725659,16.287107380769836,11.740643310111123,11.445371405303334,14.376356350552244,16.105025470775114,0.7443271372136562,13.953361308092886,78.60144023449354,105.60066441738553,18.74627513941943,53.0604607174954,0.5563688865736626,4.377032186084814,3.9901030631481946,6408.560326765835,1060.9732769792952,9.004007653530078,95.22398024120281,0.7692851534669132,0.0873796225497981,58.63,61.272775645088984,0.0005841815647943079,63.81,7.827692868577216,1.5004029740325793,1.4547940535546637,4.659654065471781,ON,1,0.9123,OFF,0,0.0,OFF,0,0.0009,OFF,0,0.0599,OFF,0,0.724,OFF,0,-18.948,ON,1,0.9949,ON,1,1.0,ON,1,0.9294,ON,1,1.0,OFF,0,0.7295,OFF,0,-0.8928,ON,1,1.0,ON,1,1.0,ON,1,1.0,ON,1,1.0,OFF,0,0.2919,ON,1,49.7463
Decatur,20241113_1831,Dec,ON,cluster,4,10326523.948200582,1290.8154935250727,79454.39304594044,5530.547639229243,123027.1357774175,61.51356788870875,992.8723013672425,103.11284101471625,86284.48108639968,43.14224054319984,450.9539271824906,55.90603154784013,1626264.1147047854,813.1320573523927,18628.84265457187,1536.6653022060323,8490948.216631979,4245.47410831599,79454.39304594044,10389.738687765708,0.01191370265488565,0.008355617196959576,0.1574841759785165,0.8222465041696383,16.150226380646554,11.720168354354007,11.365416625216923,14.301796602973061,15.954511356117068,0.7013451182168907,13.218743201774831,69.01687308989223,98.40643542876833,18.84770116491171,48.33564654880533,0.5314191842020092,4.248736257144205,3.898646873499538,6370.654943267199,1104.7592890639912,8.98205698492599,94.767011267023,0.7713753489878235,0.08704254116361225,58.735,61.55364065932709,0.0005729293745231096,63.565,7.845612828771835,1.4884031775105844,1.4114476672543539,4.589094730900145,ON,1,0.781,OFF,0,0.0,OFF,0,0.0012,OFF,0,0.0561,OFF,0,0.7245,OFF,0,-16.4071,ON,1,0.99,ON,1,1.0,ON,1,0.9106,ON,1,1.0,OFF,0,0.7298,OFF,0,-0.9,ON,1,1.0,ON,1,1.0,ON,1,1.0,ON,1,1.0,OFF,0,0.2919,ON,1,43.0223
Prairie_State_2,Neutral_Ground 2/12/24 1305,Pra,ON,manual,4,100818540.11924113,12602.317514905142,157066.79061986506,28755.469899662367,93047035.87624767,46523.517938123834,157066.79061986506,41066.81278983116,7197684.430931542,3598.842215465771,51749.37690666411,8867.14975608414,510299.5795387799,255.14978976938997,2821.590416289924,460.15095214849737,63520.23252314696,31.76011626157348,636.2804370001868,71.62699151177596,0.922915921676689,0.07139246831404843,0.005061564856376944,0.0006300451528857654,18.428832836361725,18.348615696120426,15.789270064378218,13.142755202733918,11.059129499434704,0.07735533285019812,0.005484318492611324,0.0006826679853362339,0.008825092727067111,0.07089774279985553,0.0057241898655966015,0.07450927212587137,0.0006824350735420545,0.005707868943871592,1007.3052184871068,688.9174863426225,2.684281766561339,6.470118826314508,0.8233507189872564,0.02416455645316032,0.08508,12.463325926687386,-0.0011393835156603958,0.27948,3.5303435989525553,1.5667947383804461,-2.429828732228574,7.289486196685722,ON,1,0.9655,ON,1,0.9999,ON,1,0.5099,ON,1,0.7299,OFF,0,0.7256,ON,1,0.5948,ON,1,0.9885,ON,1,1.0,ON,1,0.7139,ON,1,1.0,OFF,0,0.732,ON,1,0.6318,ON,1,0.7772,ON,1,0.8705,ON,1,0.6462,ON,1,0.6738,ON,1,0.8009,ON,1,0.4221
Prairie_State_2,Neutral_Ground 2/11 1404,Pra,ON,cluster,4,113915400.48487443,14239.425060609303,257259.0035068998,30735.037259257577,101642038.9455113,50821.01947275565,257259.0035068998,42785.19529579893,11150000.93979522,5575.00046989761,62581.15731038991,11992.451450934184,853021.5392944274,426.5107696472137,7957.814114356006,948.946754566747,270339.0602734706,135.1695301367353,5783.655183683208,515.5623773102282,0.8922589791448543,0.09787966238397859,0.007488202083858633,0.0023731563873083685,18.550966638634083,18.436967786516988,16.22695022984305,13.65654124968208,12.507435927992113,0.10969871379471688,0.008392408772434311,0.0026597170135320924,0.0242456535863226,0.07650416747947085,0.009959573394631271,0.10408854946695235,0.0026561862254484946,0.009910303710143445,1095.9300477063384,778.7945665466516,2.5455528688669333,6.057152504191411,0.8341343613959095,0.027928339238537832,0.074685,18.066670698563296,-0.0011796231770181353,0.28866,4.250490642094527,1.4664630775921956,-1.9765106195082918,5.929531858524875,ON,1,0.9907,ON,1,1.0,ON,1,0.5208,ON,1,0.7913,OFF,0,0.7255,ON,1,0.7362,ON,1,0.9986,ON,1,1.0,ON,1,0.8366,ON,1,1.0,OFF,0,0.7312,ON,1,0.75,ON,1,0.8357,ON,1,0.8954,ON,1,0.6364,ON,1,0.6653,ON,1,0.8006,ON,1,0.3931
Middletown_GT,20231027_1106,Mid,ON,cluster,2,3573579566.605365,446753.289986919,6129681.3842020035,785475.5183209392,3166456372.4526253,1583228.1862263125,6129681.3842020035,787637.152795484,404892335.01233,202446.167506165,2491360.5097460896,312815.6488656559,2202351.9459481244,1101.7268363922583,23794.45589198172,3134.2552931225428,28507.19446164209,14.253597230821045,264.0537596472168,27.487757494900052,0.8860741207619238,0.11330161465998857,0.0006162873681416852,7.977209946026698e-06,21.996833610391636,21.87587893629628,19.8191317527233,14.605036867684065,10.257946849899257,0.12786922900147668,0.000695525750838708,9.002869804127893e-06,7.040685139365235e-05,0.005439352033871058,0.0006246545277829487,0.12033021461898445,9.002829278538769e-06,0.0006244595123506981,1072.8971800905113,737.3466460593004,2.2583188531302123,6.091259202070884,0.8674060154260594,0.007890099802015335,0.08562,13.720506421746732,-0.002080892314152401,0.28407,3.70412019536929,1.2944555001265803,-3.8726440287990083,11.617932086397024,ON,1,1.0,ON,1,1.0,ON,1,0.5815,ON,1,0.6793,ON,1,0.6663,ON,1,1.1206,ON,1,1.0,ON,1,1.0,ON,1,0.9989,ON,1,1.0,ON,1,0.6113,ON,1,1.3168,ON,1,0.9962,ON,1,0.9999,ON,1,0.5004,ON,1,0.6909,ON,1,0.6828,ON,1,1.0007
Middletown_GT,20231027_1917,Mid,OFF,cluster,2,35109799.410829045,4389.273585551825,1102579.469205439,34652.895449714764,25008438.70773667,12504.219353868335,338499.81933170557,37059.96028961462,10086453.243124643,5043.226621562321,1102579.469205439,57658.60864579304,2530.1741682613215,1.265719944102712,58.81850746623627,3.75687981546514,12377.285799474092,6.1886428997370455,9.52344581982834,0.3710156974388957,0.712292269605597,0.2872831349760899,7.206461474345337e-05,0.0003525308035698011,17.373990863446856,17.03472391417183,16.126703917598984,7.836438572188343,9.423699071342341,0.40332198906938843,0.00010117281601743814,0.0004949243710941671,0.0012271197318948312,0.00025084874804587483,0.000424775776161611,0.33884227519497073,0.0004948019364232183,0.00042468558447153037,1510.9664866977769,559.8989659668158,19.013471947078788,461.5979536664996,0.6474277937394366,0.0055753080592293456,0.6996,251.19862039012006,-0.0009823937274446386,0.70095,15.84924668207822,2.705259331625301,-2.5370082809431636,9.198285341983489,ON,0,0.8142,ON,0,0.9967,OFF,1,0.4928,ON,0,0.6767,ON,0,0.6665,ON,0,0.4092,ON,0,0.5768,OFF,1,0.2186,OFF,1,0.4478,OFF,1,0.4286,ON,0,0.6237,ON,0,0.2354,ON,0,0.9988,ON,0,1.0,OFF,1,0.4963,ON,0,0.6953,ON,0,0.6828,ON,0,0.6324
Middletown_GT,20231104_1934,Mid,ON,cluster,2,791845584.3303491,98993.07217531555,2123693.190599814,257575.80605760368,714880384.5919313,357440.1922959657,2123693.190599814,379676.838374874,76925270.66452251,38462.635332261256,1396364.5758829117,176477.33688322754,27394.207372570716,13.703955664117416,2013.4195047343528,81.95647034670276,12534.86652251126,6.26743326125563,8.209472386444986,0.3432634267469279,0.9028027670274805,0.09714680764378697,3.459539071085122e-05,1.5829938021453755e-05,20.489876962752728,20.38762579378485,18.158345010716648,10.2181233636672,9.43634913644497,0.10760579297253059,3.8319987459451504e-05,1.753421522352499e-05,0.00016294861771987373,0.00035611453994148127,5.0427871574306335e-05,0.10220074250371039,1.753406150097017e-05,5.042660013193449e-05,1039.7272305025106,656.6538243603512,4.522115305150026,24.90050559630252,0.8127535556187531,0.0020835484537740736,0.07698,21.452947604644258,-0.0018037271667831396,0.28245,4.631732678450976,1.7451688442861153,-3.650425552446626,10.951276657339879,ON,1,0.9797,ON,1,1.0,ON,1,0.512,ON,1,0.677,ON,1,0.6665,ON,1,0.9574,ON,1,0.9587,ON,1,0.9747,ON,1,0.6036,ON,1,0.8494,ON,1,0.6231,ON,1,0.8912,ON,1,0.9814,ON,1,0.9992,ON,1,0.5003,ON,1,0.6734,ON,1,0.6828,ON,1,0.6838
Middletown_GT,20240330_1959,Mid,ON,cluster,2,845993378.8824097,105762.39265938364,2139200.4739847183,269282.98327587795,769526848.4921309,384763.42424606543,2139200.4739847183,392653.65194478014,76448837.48603317,38224.418743016584,1376213.1006011963,176276.19318058694,5087.079413015404,2.5448121125639838,153.79064392167857,9.364804860798499,12605.824832752187,6.302912416376094,10.332418281542232,0.3458246537209849,0.9096133228710441,0.09036576336687774,6.013143294023925e-06,1.4900618784280527e-05,20.556022092341784,20.461286402762017,18.152132297104675,8.534655712802127,9.44199359969135,0.09934525044296078,6.61065877426292e-06,1.6381267083082258e-05,0.00016489230245070823,6.654227298021009e-05,2.091419947289626e-05,0.09471477571644908,1.63811329115919e-05,2.091398077407573e-05,1038.5530707210828,648.4121322741299,4.366664779536903,23.534282056104395,0.813900694424219,0.0014644420651026984,0.077925,20.22647578401696,-0.0017874378326487193,0.28056,4.497385438674847,1.7775948890010327,-3.673097601023555,11.92663068995989,ON,1,0.9779,ON,1,1.0,ON,1,0.5103,ON,1,0.677,ON,1,0.6665,ON,1,0.8942,ON,1,0.9541,ON,1,0.9602,ON,1,0.5969,ON,1,0.8296,ON,1,0.6231,ON,1,0.8824,ON,1,0.9796,ON,1,0.9993,ON,1,0.5003,ON,1,0.6715,ON,1,0.6828,ON,1,0.6717
Middletown_GT,20250731_1622,Mid,OFF,cluster,2,17719567.55801345,2215.222847607632,1223598.3930473924,32590.21717321482,3343213.0794564486,1671.6065397282243,39365.93616614118,4284.147323930847,14347090.7482786,7173.545374139299,1223598.3930473924,64768.60708171621,16790.693950745663,8.399546748747206,904.3018124583796,62.00863361587401,12473.03632765903,6.2365181638295155,8.486842018429343,0.3112712904161648,0.1886735140973868,0.8096749935519905,0.000947579216917869,0.0007039131337050185,16.690180155102894,15.02244320147825,16.479057814005266,9.728639635437856,9.431404669352071,4.2914078185548705,0.005022322404131816,0.003730852934352366,0.0008693773913122218,0.0011703204674271043,0.0016542242893829247,1.6660843387356032,0.0037239105644929654,0.0016528575674186526,2184.133384743914,558.1432209012013,24.95420309287266,705.1819188979713,0.5290840383288459,0.010382628621692551,0.90615,552.3590524397052,-0.0008015581856369964,0.91425,23.5023201500912,2.9899828228695435,-1.8636795107087263,7.047653144653195,OFF,1,0.0133,OFF,1,0.0,OFF,1,0.4893,OFF,1,0.6761,ON,0,0.6665,OFF,1,-1.6808,ON,0,0.5692,OFF,1,0.1263,OFF,1,0.4351,OFF,1,0.3483,ON,0,0.6237,ON,0,0.2085,OFF,1,0.0,OFF,1,0.0,OFF,1,0.4961,OFF,1,0.3278,ON,0,0.6827,OFF,1,-2.8895
Middletown_GT,20250731_1926,Mid,ON,cluster,2,1049551404.6026214,131210.32686618596,2428854.5226889253,308942.4307513107,920882376.9747422,460441.1884873711,2428854.5226889253,460352.8893567119,121008763.52399012,60504.381761995064,1962808.866951242,151374.66463073442,7647795.257189693,3825.8105338617775,52843.6380674839,8332.81847196838,12468.846699202406,6.234423349601203,7.76326410130514,0.29390873473877543,0.8774056925047938,0.11529569966113871,0.0072867276663645475,1.188016770262275e-05,20.771628677066516,20.64084287485289,18.611373535020356,15.849928093346715,9.431068745030144,0.13140523323024675,0.008304855699719236,1.3540107847611017e-05,0.00010304085700975152,0.06320034214442201,0.0073522691633811895,0.12346042936278867,1.3540016181178202e-05,0.007325372983966023,1158.5377903870858,805.8064221480066,4.236925079374404,22.599851669447037,0.8375347454039267,0.008908963099832547,0.07806,18.511153662211175,-0.0017806546022214585,0.28839,4.302459025046138,1.4124653363593396,-3.736591376607582,11.209774129822746,ON,1,1.0,ON,1,1.0,ON,1,0.6156,ON,1,0.6825,ON,1,0.666,ON,1,2.8591,ON,1,1.0,ON,1,1.0,ON,1,1.0,ON,1,1.0,ON,1,0.5891,ON,1,1.0708,ON,1,0.9891,ON,1,0.9997,ON,1,0.5013,ON,1,0.6782,ON,1,0.6827,ON,1,0.8146
Middletown_GT,20250801_1554,Mid,ON,cluster,2,872166709.3629514,109034.46797886628,2916457.175910488,291035.1549752612,798689785.8142254,399344.8929071127,2561102.462418139,444801.51323635713,73388082.03924766,36694.04101962383,2916457.175910488,166254.07721069342,76306.97082930343,38.17257170050197,965.0070025517525,97.83876951385984,12534.538648895765,6.2672693244478825,8.806411252357066,0.32536877092054683,0.9157535792642268,0.08414455774498872,8.74912674493614e-05,1.437172333492441e-05,20.58649114520927,20.49848317654434,18.111272123989995,11.242532678779602,9.436322981260346,0.09188558980309482,9.554018617066962e-05,1.5693876235211143e-05,0.00017079801380000872,0.0010397733352466374,0.00010187336791022231,0.08790610059123612,1.569375308762394e-05,0.00010186817917107085,1019.1421953726798,650.2657162585195,4.7708756220391235,28.022529364454684,0.810213713274776,0.0025947945626322634,0.9102,26.748029590750793,-0.0017883432458001673,0.270435,5.171849726232832,1.7550329963077553,-3.687386731761331,11.062160195283994,ON,1,0.9812,ON,1,1.0,ON,1,0.503,ON,1,0.6769,ON,1,0.6665,ON,1,1.2129,ON,1,0.9677,ON,1,0.9911,ON,1,0.6397,ON,1,0.8816,ON,1,0.6228,ON,1,0.8804,ON,1,0.9616,ON,1,0.996,OFF,0,0.4948,ON,1,0.6607,ON,1,0.6828,ON,1,0.585
Middletown_ST,20231108_1958,Mid,ON,cluster,1,464810013.37193877,58108.51523589683,1137322.2678222656,118406.24631284144,251774056.68016982,125887.02834008491,413415.1709800996,89012.93185279786,212922322.37861446,106461.16118930723,1137322.2678222656,185668.82942516645,99428.24641754218,49.73899270512365,4251.495266094804,339.1857410369382,14206.066736872424,7.103033368436212,10.278341793146467,0.27236949647177366,0.5416708965749011,0.4580846286722206,0.0002139115844261732,3.056316845202041e-05,19.957139308820516,19.344042646785372,19.17643797818851,11.507201578920377,9.56149477732514,0.8456880950569509,0.00039491061044405424,5.6423870370879486e-05,6.671948050430991e-05,0.0004669695751333215,0.0002445345353983048,0.6128521592138396,5.642227860418115e-05,0.00024450464170206506,1748.658089515871,873.417667487081,3.7202533146309915,19.092383057833707,0.8565051302595259,0.006767756058091429,1.23555,19.57238561689625,-0.0017798237105557228,1.2558,4.424068898297137,1.3444913961799878,-3.260849289820077,9.782547869460231,ON,1,0.9932,ON,1,1.0,ON,1,0.5058,ON,1,0.6823,OFF,0,0.7213,ON,1,1.3142,ON,1,0.9712,ON,1,0.9965,ON,1,0.5922,ON,1,0.9861,OFF,0,0.7273,ON,1,1.0141,ON,1,0.9993,ON,1,1.0,OFF,0,0.4878,ON,1,0.6787,OFF,0,0.7731,ON,1,1.3232
Middletown_ST,20231118_1908,Mid,OFF,cluster,1,2051400.1423433311,256.4570749272823,161387.9579949975,3262.6754001044133,322202.755529881,161.1013777649405,2292.649024848419,289.2846198290447,1708644.9282981995,854.3224641490998,161387.9579949975,6480.589307699056,6407.81049904847,3.2055080035259977,273.66975195706254,18.012495450875797,14144.648016201858,7.072324008100929,11.126102626540387,0.3342595670277143,0.1570648011956488,0.8329164520513295,0.0031236277929320875,0.006895118960089527,14.534033601715647,12.68293940555367,14.351211759999854,8.76542896312333,9.557162295072446,5.303011532235134,0.019887509926755805,0.04389983565750786,0.008278284026091699,0.0037502294320604468,0.010120137851254065,1.8410275401715543,0.042963542000843444,0.010069272146950229,2282.8324909018697,991.5197846833805,37.42206991050935,1566.2159616621336,0.6499195340039222,0.036912593799833755,0.70095,629.2981312396848,-0.00041242412840582893,1.69995,25.085815339192607,2.0201735053872882,-1.0419257034937413,5.585782796876524,ON,0,0.7513,ON,0,1.0,OFF,1,0.48,ON,0,0.6794,OFF,1,0.7213,ON,0,0.9159,OFF,1,0.182,OFF,1,0.0447,OFF,1,0.3698,OFF,1,0.214,OFF,1,0.7282,OFF,1,-0.3105,ON,0,1.0,ON,0,1.0,OFF,1,0.4837,ON,0,0.6787,OFF,1,0.773,ON,0,2.8635
Middletown_ST,20250806_1135,Mid,ON,cluster,1,449072517.2054238,56141.08228596372,1440014.648474753,102980.590864614,291198939.1927061,145599.46959635307,426851.5956245698,96005.9447054533,157826745.859192,78913.37292959601,1440014.648474753,135560.8072234812,32688.95644539702,16.352654549973497,1668.54816152087,119.54379560116168,14143.197080261889,7.071598540130944,8.58113134039337,0.24476464853190485,0.6484452466715972,0.3514504669342652,7.279215537129782e-05,3.149423876632429e-05,19.9226949431449,19.489517234832057,18.877008450486773,10.394823167364876,9.557059718622394,0.541989425843158,0.00011225644068629112,4.8568848222700174e-05,8.961216936500678e-05,0.00020711924501415528,0.00010429727092392493,0.43307341768776686,4.8567668794380165e-05,0.00010429183234171341,1525.3691138566633,802.4616025210299,3.035227992483136,19.05422971564283,0.8609069349286431,0.005553904799356835,0.7023,25.649926753100374,-0.0017807329069111381,1.06545,5.064575673546479,1.3816899179821787,-3.3108191720698876,9.932457516209663,ON,1,0.9884,ON,1,1.0,ON,1,0.5079,ON,1,0.6812,OFF,0,0.7213,ON,1,1.1663,ON,1,0.9544,ON,1,0.9803,ON,1,0.5664,ON,1,0.966,OFF,0,0.7275,ON,1,0.9644,ON,1,0.9981,ON,1,1.0,OFF,0,0.4936,ON,1,0.6787,OFF,0,0.773,ON,1,1.214
Van_GT1,20250728_0823,Van,OFF,cluster,2,10378846.263376787,1297.517972668682,88091.95370950643,7219.69052206257,9611882.071794879,4805.941035897439,88091.95370950643,13808.819178379226,755300.5620910764,377.6502810455382,9014.726817375107,1131.2928994012746,1219.4795697483278,0.6100448072778027,31.78361918963583,1.7872750027860633,10444.149921084863,5.2220749605424315,17.690956202386815,1.4891188311816796,0.9261031359248234,0.07277307543866993,0.00011749664064795258,0.0010062919958587794,16.155280375910518,16.078510710949157,13.534872368472413,7.106999150445331,9.253893027270603,0.07857988232162699,0.00012687209025656314,0.001086587397043822,0.013827806366456336,0.0016145619783077359,0.0011250529582365581,0.07564525208899499,0.0010859974882444212,0.0011244205604333762,637.2115169865484,548.0918509728627,9.248593385175548,92.42502823593895,0.6976418531035036,0.010209913836548854,0.10803,67.89266550837496,-0.0009186802069276389,0.116265,8.239700571501567,2.275925170064994,-2.2748725612261844,8.971511560503826,OFF,1,0.1511,OFF,1,0.1553,OFF,1,0.4983,OFF,1,0.6765,ON,0,0.6665,OFF,1,-0.4755,OFF,1,0.2136,OFF,1,0.0676,OFF,1,0.3952,OFF,1,0.347,ON,0,0.6239,OFF,1,-0.1618,OFF,1,0.4048,OFF,1,0.4993,OFF,1,0.5,OFF,1,0.6155,ON,0,0.6828,OFF,1,-0.2069
Van_GT1,20250728_1224,Van,ON,cluster,2,4939068650.486419,617460.7639062906,7377027.332798004,1240212.274913864,4888626900.284242,2444313.450142121,7377027.332798004,1299540.3285903456,50315411.02958252,25157.70551479126,930990.8325939775,111674.48604629638,2108.479196407814,1.0547669816947545,274.1010647598923,9.082234230085174,124230.69339770131,62.11534669885066,1160.2120665507537,148.32872634127457,0.9897871939485576,0.01018722649757607,4.2689813517780577e-07,2.5152655731048927e-05,22.320442618284066,22.310177303718866,17.733821990316986,7.654196369656469,11.729903596264311,0.010292340171563717,4.313029485406668e-07,2.541218545241775e-05,0.0024690386276415084,4.190523645266675e-05,2.55802081965402e-05,0.010239734686258191,2.541186256830313e-05,2.5579881028593847e-05,747.7069738634705,556.4633663544048,2.186314847836891,4.299073697547893,0.83432049943827,0.00032385202262455725,0.05322,11.947362106262645,-0.001955360839068539,0.226155,3.4564956395545483,1.7336201109591374,-3.5267579024848517,14.655980934062399,ON,1,0.9877,ON,1,0.9787,ON,1,0.5247,ON,1,0.6768,ON,1,0.6665,ON,1,1.1801,ON,1,0.9927,ON,1,0.9967,ON,1,0.8934,ON,1,0.8836,ON,1,0.6207,ON,1,0.8001,ON,1,0.9613,ON,1,0.9978,ON,1,0.5005,ON,1,0.6599,ON,1,0.6828,ON,1,0.5076
Van_GT1,20250728_1625,Van,ON,cluster,2,3576941907.084403,447173.6350899366,5735104.692678988,1011092.671772947,3550595985.4979157,1775297.9927489578,5735104.692678988,1316448.413604309,25788022.225590777,12894.011112795388,509451.52183521166,59944.0124114553,3007.550387612598,1.5045274575350667,18.73214181134267,2.172628436281084,554891.8105084131,277.44590525420654,4744.427746033529,679.0692493491177,0.9926345123094376,0.007209516647311396,8.408161121252537e-07,0.00015513022713883277,21.997774056690073,21.990381309863412,17.06542072604784,8.009213642937171,13.22653023985668,0.007263012274817971,8.470550859339282e-07,0.0001562813152425164,0.021517424083718373,0.00011662586457010011,0.000155995374012185,0.007236763620735243,0.00015626910458995077,0.00015598320799903979,638.2889879456336,512.1742650109237,2.6119921754598603,6.122026628008179,0.8192880692986161,0.0005653839948579339,0.05997,12.825229938982268,-0.001732971516294325,0.199155,3.5812330193633635,1.8129335033425031,-2.921283690002244,13.981167666926241,ON,1,0.9701,ON,1,0.9913,ON,1,0.5183,ON,1,0.6768,ON,1,0.6665,ON,1,0.9456,ON,1,0.976,ON,1,0.9873,ON,1,0.8215,ON,1,0.8396,ON,1,0.6215,ON,1,0.6615,ON,1,0.9199,ON,1,0.9929,ON,1,0.5004,ON,1,0.6507,ON,1,0.6828,ON,1,0.3473
Van_GT1,20250729_0834,Van,OFF,cluster,2,9086401.942158276,1135.9422355492281,72226.95617729425,5865.9315313979005,8391088.212597784,4195.544106298892,72226.95617729425,11133.289224528853,683483.6810427719,341.74184052138594,7911.0229648347595,1053.8865042142588,1147.234744596998,0.5739043244607294,40.03786403447975,1.5552653768824685,10682.813773125261,5.3414068865626305,44.63803239151298,2.3202923321415527,0.9234775509616807,0.07522049821190557,0.00012625841910802568,0.001175692407305921,16.022289671903266,15.942680892734407,13.434959522375257,7.045981037332319,9.276485143632906,0.08145352113168786,0.00013672061543513325,0.0012731142257669953,0.015629947092242438,0.001678510806351683,0.0013036481121507706,0.07830598918759624,0.0012723045030245692,0.0013027991007452523,634.0770068854433,570.8228526862898,8.91024319095863,87.24640591848063,0.7121611772618945,0.011420757422999289,0.10749,63.58330020396341,-0.0009114588522588309,0.120855,7.973913731887981,2.1825661188346013,-2.2220652497005,8.896699855402087,OFF,1,0.1553,OFF,1,0.2098,OFF,1,0.4983,OFF,1,0.6765,ON,0,0.6665,OFF,1,-0.4473,OFF,1,0.2113,OFF,1,0.07,OFF,1,0.392,OFF,1,0.3573,ON,0,0.6239,OFF,1,-0.1594,OFF,1,0.4539,ON,0,0.6102,OFF,1,0.5,OFF,1,0.6193,ON,0,0.6828,OFF,1,-0.1404
Van_GT1,20250729_1236,Van,ON,cluster,2,3916026222.9496455,489564.47342788416,6455555.713584483,1121131.6611784166,3863983980.076288,1931991.9900381442,6455555.713584483,1496379.689228477,52030893.17666786,26015.446588333933,911943.5143934228,115186.67098388208,1182.677060409343,0.5916343473783607,22.10346051167312,1.2523466051546657,10167.01962967977,5.083509814839885,13.618762720001598,1.2487907026073568,0.9867104457655654,0.013286655965617344,3.0200948437942843e-07,2.5962593330189e-06,22.088343258208607,22.0749646076039,17.767348218909085,7.076381025207428,9.227002743402416,0.013465607891997673,3.060771127694977e-07,2.631227169186927e-06,0.0001954035191200361,2.2730285570797516e-05,2.898277217384811e-06,0.013375752335130888,2.6312237075147915e-06,2.8982730173875118e-06,661.0221036343211,486.7308661243603,2.4740806688443833,5.217149958146276,0.8144890415890378,0.00023635899709020295,0.106005,13.18632389393636,-0.0020063245275576632,0.17931,3.631297825011409,1.8690945338858629,-4.282653954733828,14.99858358239647,ON,1,0.9879,ON,1,0.9995,ON,1,0.5206,ON,1,0.6769,ON,1,0.6665,ON,1,1.1581,ON,1,0.9868,ON,1,0.9924,ON,1,0.8452,ON,1,0.8579,ON,1,0.6213,ON,1,0.7791,ON,1,0.9674,ON,1,0.9985,ON,1,0.5002,ON,1,0.6651,ON,1,0.6828,ON,1,0.5961
Van_GT1,20250729_1637,Van,ON,cluster,2,3991380567.106236,498984.9440062803,6924112.548173964,1215236.0616847628,3969902056.6321397,1984951.0283160699,6924112.548173964,1720362.3789971226,21032931.93507497,10516.465967537484,446324.62969614565,49871.93581086455,4135.095690746228,2.0685821364413344,34.20893769190661,3.4031526200503697,441443.4433304663,220.72172166523313,6339.0666272128,769.9822256150509,0.9946187766079975,0.00526958819923401,1.0360063695314791e-06,0.0001105991863989342,22.10740301504572,22.102007260719557,16.861600002294864,8.32750755198113,12.997807454937032,0.005298098450549236,1.0416115137747828e-06,0.00011119756533866833,0.020988202914035237,0.00019660101138112166,0.00011164765657612968,0.0052841129030768265,0.00011119138334767702,0.0001116414244403848,573.5614362249131,472.32473359248485,2.8320036556768016,7.228851993277619,0.8080333294547563,0.0004547919496249851,0.05133,13.8763957336693,-0.0017684912930189221,0.175935,3.725103452746698,1.8952211113108224,-3.034733268594175,13.774499708738427,ON,1,0.9693,ON,1,0.9926,ON,1,0.5205,ON,1,0.6767,ON,1,0.6665,ON,1,0.9857,ON,1,0.9764,ON,1,0.9875,ON,1,0.8446,ON,1,0.8287,ON,1,0.6213,ON,1,0.6002,ON,1,0.9179,ON,1,0.992,ON,1,0.5005,ON,1,0.6512,ON,1,0.6828,ON,1,0.329
Van_GT1,20251001_1626,Van,ON,cluster,2,3977494971.241574,497249.0275336384,8093274.870896339,1222547.7135089773,3956587777.5702987,1978293.8887851494,8093274.870896339,1746574.511056621,20689359.229803685,10344.679614901843,474502.26433807984,48690.931871613946,7461.189488422437,3.7324609746985677,51.370411234188396,6.962507847310334,210373.2519828502,105.1866259914251,957.0726128749411,159.8633997104913,0.9947436278807541,0.0052016053771013334,1.8758513945005513e-06,5.289089075005977e-05,22.10391805412553,22.098647818681812,16.845130127532848,8.917604147243521,12.25664337584971,0.005229091427489778,1.8857636700794434e-06,5.3170374021636966e-05,0.01016818595714606,0.00036062931701016595,5.4769741704881585e-05,0.0052154672031489956,5.3168960527403956e-05,5.476824189734084e-05,574.3850477189812,475.49539440425286,2.9577807906054385,8.337171308002299,0.8074535117315916,0.0005389938918400301,0.049035,16.276099947422896,-0.001762845882692319,0.17715,4.0343648753451,1.8960433646834502,-3.2806681476107005,13.18104367143829,ON,1,0.9679,ON,1,0.9805,ON,1,0.52,ON,1,0.6767,ON,1,0.6665,ON,1,0.9817,ON,1,0.9764,ON,1,0.9881,ON,1,0.8448,ON,1,0.8305,ON,1,0.6213,ON,1,0.597,ON,1,0.9031,ON,1,0.9873,ON,1,0.5005,ON,1,0.6503,ON,1,0.6828,ON,1,0.3456
Van_GT1,20251001_1726,Van,ON,cluster,2,4021407800.2517076,502675.97503146343,8484429.725254118,1224255.363458258,3999038690.4588704,1999519.3452294352,8484429.725254118,1733462.7731523411,22224226.69318121,11112.113346590604,497020.4388532378,53320.07607850712,2639.696471269047,1.3198482356345234,57.62501967134108,4.155231408223495,142243.40318467232,71.12170159233617,615.9538023057539,103.99745593157529,0.994437492812483,0.0055264792324195905,6.564110387172928e-07,3.537154405871721e-05,22.114897877588216,22.109319842047825,16.916693589297303,7.878797976221976,11.865302006291328,0.005557392266847781,6.600827537795474e-07,3.5569399096849086e-05,0.006400375821774207,0.00011877562750378327,3.602925315774945e-05,0.005542006937663231,3.556876652077322e-05,3.602860411979742e-05,578.467451904882,478.2401847927061,2.913728904665008,8.048910679775778,0.808757547376102,0.00042857174837677026,0.05511,16.878526419972747,-0.0018194759707295036,0.180525,4.108348381036835,1.8909998140427167,-3.414672611918833,14.23052186582585,ON,1,0.9734,ON,1,0.9933,ON,1,0.5202,ON,1,0.6767,ON,1,0.6665,ON,1,0.9776,ON,1,0.9775,ON,1,0.9879,ON,1,0.8462,ON,1,0.8304,ON,1,0.6212,ON,1,0.6116,ON,1,0.9168,ON,1,0.9922,ON,1,0.5005,ON,1,0.6505,ON,1,0.6828,ON,1,0.3669
Van_GT1,20251001_1826,Van,ON,cluster,2,4061093740.413675,507636.7175517093,7933093.080288172,1235090.7398861416,4037873800.0340095,2018936.9000170047,7933093.080288172,1747399.5659250226,22694702.28264346,11347.35114132173,527818.5679972172,54186.971921208205,12927.813566147788,6.463906783073894,60.77040447378954,11.877742209541541,512310.2834558977,256.15514172794883,3319.282703970108,430.91671778071657,0.9942823431656862,0.005588322686767558,3.1833329621273218e-06,0.00012615081458417955,22.124718168716754,22.118984103509156,16.937642119658285,9.46721370933063,13.146687694779216,0.005620458539950482,3.201638834289199e-06,0.00012687624943889594,0.022574003266290114,0.0005696401479579752,0.00012935087703172212,0.0056047226970855745,0.00012686820132829562,0.00012934251192837554,579.7797454409099,484.1490852431294,2.9304292025888774,8.250221067871799,0.8091855955476288,0.0006342530639355436,0.05484,15.627500545171031,-0.0016491542126682878,0.1812,3.953163359281608,1.8774398568360795,-2.990765469576647,12.651770394178525,ON,1,0.9666,ON,1,0.9668,ON,1,0.5209,ON,1,0.6767,ON,1,0.6665,ON,1,0.9876,ON,1,0.9796,ON,1,0.9907,ON,1,0.8516,ON,1,0.8415,ON,1,0.6212,ON,1,0.6187,ON,1,0.8752,ON,1,0.9797,ON,1,0.5005,ON,1,0.6474,ON,1,0.6828,ON,1,0.3033
Van_GT1,20251001_1926,Van,ON,cluster,2,4060571303.9945564,507571.41299931955,8047470.531134665,1226275.480485323,4037175082.0990376,2018587.5410495189,8047470.531134665,1722709.3117162534,23008002.193213675,11504.001096606838,464478.6883367449,54457.99538392245,10645.054203039988,5.322527101519994,47.952860523965,9.356017721581212,377574.64810228994,188.78732405114496,2010.8821984084934,297.86125477299635,0.9942381945435849,0.005666198293471592,2.621565638452894e-06,9.298559730520031e-05,22.124589516176453,22.118811047482687,16.951352678290004,9.272944605119328,12.841526219919304,0.005699035024572474,2.636758125809429e-06,9.352446708998771e-05,0.016410579455422736,0.0004626674716755433,9.56163045472621e-05,0.005682856961595398,9.35200939496771e-05,9.561173359978354e-05,585.5425070097996,487.2134509190121,2.90926230442875,8.093080189617961,0.8102764318539804,0.0005946368233768626,0.05052,15.854853770390436,-0.0016989870122681866,0.184035,3.981815386276213,1.8727919870218606,-3.092428275854461,12.84586644236336,ON,1,0.9685,ON,1,0.9657,ON,1,0.5206,ON,1,0.6767,ON,1,0.6665,ON,1,0.9813,ON,1,0.9796,ON,1,0.9904,ON,1,0.851,ON,1,0.8408,ON,1,0.6212,ON,1,0.6224,ON,1,0.889,ON,1,0.9835,ON,1,0.5005,ON,1,0.6486,ON,1,0.6828,ON,1,0.323
Van_GT1,20251001_2027,Van,ON,cluster,2,4066960371.1639714,508370.0463954964,7603892.422119141,1218532.965333606,4042085912.969949,2021042.9564849744,7603892.422119141,1698515.8515997531,24472355.896958686,12236.177948479342,531383.7814474441,57707.72682686799,8644.820961942667,4.3224104809713335,34.45361266881832,7.304562678157217,393457.4761016984,196.72873805084922,1974.1883159673307,303.40364507027675,0.9938837716810839,0.006017357845548579,2.1256221288107865e-06,9.674485123863899e-05,22.126161720072854,22.120026711013665,17.013054748596637,9.064831357396084,12.8827308167523,0.006054387864056422,2.1387029242015362e-06,9.734020616414927e-05,0.016077629704240263,0.0003532484162269254,9.888024970454474e-05,0.006036133699327507,9.733546891369536e-05,9.887536137489078e-05,591.2215478890222,490.2800964549545,2.8774864461191445,7.886862894583064,0.8114499999599855,0.0006224278706484497,0.049845,14.957396636629417,-0.0017102557330317138,0.18552,3.867479364731662,1.8626788319145209,-3.079098631420455,13.05519535361758,ON,1,0.9704,ON,1,0.977,ON,1,0.5206,ON,1,0.6767,ON,1,0.6665,ON,1,1.0061,ON,1,0.9804,ON,1,0.9906,ON,1,0.8511,ON,1,0.8427,ON,1,0.6212,ON,1,0.6366,ON,1,0.9001,ON,1,0.9871,ON,1,0.5005,ON,1,0.6499,ON,1,0.6828,ON,1,0.3353
Van_GT1,20251001_2127,Van,ON,cluster,2,3950883458.471478,493860.43230893475,7016968.1796655655,1140592.764980923,3924106560.5018964,1962053.2802509482,7016968.1796655655,1525092.425673437,26447517.941482343,13223.758970741172,523982.37969959155,60539.24069261644,9343.646760394282,4.671823380197141,53.211168434682804,8.078385958475343,320036.3813386689,160.01819066933447,2010.3413369279006,232.29490315925761,0.9932225543347358,0.006694076962653408,2.364951246628055e-06,8.10037513641278e-05,22.097205051476823,22.09040453462685,17.0906729100346,9.142558919324431,12.676193084636711,0.006739755287914423,2.3810889475945373e-06,8.155649608499316e-05,0.012100809688333245,0.00035329011898461093,8.337565353082002e-05,0.006717144673726323,8.155317053477858e-05,8.337217797420237e-05,621.320881758887,502.87413883961307,2.7088121013066804,6.7524502639811725,0.8165285439936792,0.0006499754322890485,0.05376,14.208403266605684,-0.001734410846318686,0.19416,3.769403569081141,1.8298144940176253,-3.1380704833300457,12.947845615302418,ON,1,0.9712,ON,1,0.9695,ON,1,0.5198,ON,1,0.6767,ON,1,0.6665,ON,1,1.0081,ON,1,0.9808,ON,1,0.991,ON,1,0.8456,ON,1,0.8482,ON,1,0.6213,ON,1,0.6601,ON,1,0.91,ON,1,0.9885,ON,1,0.5005,ON,1,0.6516,ON,1,0.6828,ON,1,0.3656
Van_GT1,20251001_2227,Van,ON,cluster,2,4849130247.570982,606141.2809463728,5062122.077365875,1177774.9890293796,4807476700.647573,2403738.350323787,5062122.077365875,1109817.0150001307,41585586.82945155,20792.793414725777,732473.7480790764,90335.46008127854,1644.5219875469234,0.8222609937734616,22.09210940628168,1.306975751626103,66315.57196916941,33.157785984584706,856.0501736153528,93.23535484940246,0.9914100993793117,0.008575885716883462,3.391375161289377e-07,1.3675766288684057e-05,22.30206519562267,22.293438189164313,17.543264218797656,7.405812930522576,11.1021950992267,0.008650189989241115,3.420759142369642e-07,1.379425759052282e-05,0.0015946768345758225,3.9545479886848875e-05,1.4015100225094461e-05,0.00861299145813265,1.3794162450626505e-05,1.401500201449492e-05,766.2322479069517,518.5972712072543,1.8092500614711702,1.9143780388383727,0.8358610075789258,0.00026144433448058304,0.10317,8.351389744421212,-0.0019522683820417613,0.220215,2.8898771157990555,1.738415008028299,-3.7304143633125384,14.887625258641737,ON,1,0.9843,ON,1,0.9614,ON,1,0.5218,ON,1,0.6768,ON,1,0.6665,ON,1,1.194,ON,1,0.9913,ON,1,0.996,ON,1,0.8889,ON,1,0.8771,ON,1,0.6207,ON,1,0.7633,ON,1,0.9686,ON,1,0.9985,ON,1,0.5002,ON,1,0.6645,ON,1,0.6828,ON,1,0.5826
Van_GT1,20251001_2327,Van,ON,cluster,2,4848154848.230328,606019.3560287909,5231138.434057295,1179856.2315552486,4806475613.713406,2403237.806856703,5231138.434057295,1119367.5796428756,41567061.81691527,20783.530908457637,927957.4496418573,91175.80731581784,2222.4965548759624,1.1112482774379813,40.19155706501465,1.9232032940903254,109950.2034515171,54.97510172575855,1421.5230458986625,165.5304759064511,0.9914030727520727,0.00857379005377439,4.5842111575442304e-07,2.2678773037055757e-05,22.301864026051167,22.29322993205946,17.542818652415857,7.706836260534647,11.607791941366544,0.008648137462368444,4.623963031321607e-07,2.287543145705702e-05,0.002645128104935514,5.346773280885318e-05,2.3137729494949757e-05,0.008610956531672105,2.2875169818364903e-05,2.313746182181556e-05,764.2266768605313,518.8270230988936,1.8220979015867045,1.979478467529522,0.8356767604664463,0.00030500309263589443,0.074145,8.63196592982877,-0.0019294526040639897,0.219675,2.938020750407756,1.7373111350841253,-3.5618126635643055,14.586393671524814,ON,1,0.9836,ON,1,0.9603,ON,1,0.5224,ON,1,0.6768,ON,1,0.6665,ON,1,1.2114,ON,1,0.9913,ON,1,0.996,ON,1,0.889,ON,1,0.8775,ON,1,0.6207,ON,1,0.7634,ON,1,0.9646,ON,1,0.998,ON,1,0.5004,ON,1,0.6627,ON,1,0.6828,ON,1,0.5475
Van_GT1,20251002_0028,Van,ON,cluster,2,4842453200.035642,605306.6500044552,5272478.156341612,1180721.9286282929,4801128374.197935,2400564.1870989674,5272478.156341612,1127310.77303311,41171359.661235936,20585.679830617966,815813.3718982339,89665.07280852024,2363.969372369628,1.181984686184814,23.546519867441248,1.7687360349524806,151102.20709824457,75.55110354912229,1994.2866232164815,237.794765501545,0.9914661383124153,0.008502169863186887,4.881759874008134e-07,3.120364841050656e-05,22.30068728898306,22.29211680539995,17.533253443023515,7.7685203504699265,11.925718373040512,0.00857535072015522,4.923778720589922e-07,3.147222805169989e-05,0.0036700805691512817,5.7417811600604454e-05,3.1692828801472426e-05,0.008538791258293904,3.147173281152147e-05,3.169232659438459e-05,764.2030494034516,517.0723176795155,1.8353022762453828,2.050215914173041,0.8355007159880873,0.00029129159698580454,0.10857,8.710424966094134,-0.0019024661574752674,0.21927,2.9513429089300853,1.7384899962001754,-3.455466144119812,14.523596454930022,ON,1,0.9829,ON,1,0.945,ON,1,0.522,ON,1,0.6768,ON,1,0.6665,ON,1,1.1775,ON,1,0.9912,ON,1,0.996,ON,1,0.8887,ON,1,0.8772,ON,1,0.6207,ON,1,0.7614,ON,1,0.9608,ON,1,0.9976,ON,1,0.5001,ON,1,0.6611,ON,1,0.6828,ON,1,0.5254
Van_GT1,20251002_0128,Van,ON,cluster,2,4887802390.147531,610975.2987684413,5369580.805993617,1191167.7373112661,4844074737.838793,2422037.3689193963,5369580.805993617,1136950.859285314,43563022.88976381,21781.511444881904,897410.3394180574,96378.41201760166,2641.3300496695388,1.3206650248347693,28.83862977294848,2.0404488276685044,161988.08892406998,80.99404446203499,2153.681307963576,253.93760215436595,0.9910537192753781,0.008912599039923324,5.403921514899489e-07,3.314129254705418e-05,22.31000863065552,22.3010220916757,17.589719272576577,7.879416401454589,11.995284259625697,0.008993053420393686,5.452702925983302e-07,3.344046029239047e-05,0.0037184767763701106,6.063238669991661e-05,3.368281919263993e-05,0.008952856729728894,3.3439901172662964e-05,3.368225193922331e-05,764.4756425016726,518.6300419151555,1.8353411211093558,2.0497098945874983,0.8356083847442753,0.00031308816668701846,0.086295,8.7885399243099,-0.00190406204837417,0.21981,2.9645471701944044,1.7368994025152524,-3.435245944016669,14.421605690221114,ON,1,0.9836,ON,1,0.9487,ON,1,0.5228,ON,1,0.6768,ON,1,0.6665,ON,1,1.1956,ON,1,0.9918,ON,1,0.9963,ON,1,0.8909,ON,1,0.8795,ON,1,0.6207,ON,1,0.7722,ON,1,0.9609,ON,1,0.9976,ON,1,0.5003,ON,1,0.6612,ON,1,0.6828,ON,1,0.5229
Van_GT1,20251002_0429,Van,ON,cluster,2,4926807337.915158,615850.9172393947,5142551.650955737,1195255.3317566079,4881976416.848326,2440988.208424163,5142551.650955737,1123893.6395600613,44667521.78180733,22333.760890903668,901401.4331436753,97833.6537168539,2434.748045372575,1.2173740226862875,22.06165695122786,1.7942077152640443,160964.53698000294,80.48226849000147,2265.8579087725375,259.9273503466726,0.9909006141316248,0.009066220519333108,4.94183733679927e-07,3.267116530846874e-05,22.317957016621133,22.308815978477067,17.614757235820278,7.798009193830562,11.988945565028512,0.009149475123979295,4.987217957403372e-07,3.2971182823516654e-05,0.003603614674802906,5.450824107202139e-05,3.3166449019006866e-05,0.009107872246905138,3.2970639286015615e-05,3.316589902449748e-05,768.4673159788948,520.7643528253421,1.813257704419255,1.9477400863526686,0.8361458838764649,0.00031034173302744593,0.085755,8.35031905774805,-0.0019091178875822613,0.220755,2.889691862075596,1.7333492571989861,-3.439956804482852,14.510806784646505,ON,1,0.9841,ON,1,0.9528,ON,1,0.5229,ON,1,0.6768,ON,1,0.6665,ON,1,1.2058,ON,1,0.9921,ON,1,0.9964,ON,1,0.8925,ON,1,0.8807,ON,1,0.6207,ON,1,0.7776,ON,1,0.9634,ON,1,0.9979,ON,1,0.5003,ON,1,0.662,ON,1,0.6828,ON,1,0.5317
Van_GT1,20251002_0830,Van,ON,cluster,2,5259401569.713647,657425.1962142058,5529172.204528391,1265807.4575704797,5207334158.959761,2603667.07947988,5529172.204528391,1159689.164259136,51966674.760558955,25983.337380279478,917687.6375748254,115192.27340248799,2576.712031117309,1.2883560155586544,22.741105721180247,1.926125353710742,98159.28129629344,49.07964064814672,1490.8588153208257,135.93653430933477,0.9901001263996047,0.009880720091770503,4.899249462059237e-07,1.8663583678710772e-05,22.383283087397448,22.373333884209146,17.7661132203546,7.85465747482291,11.494356945072347,0.009979516039151218,4.948236376733778e-07,1.8850198258815436e-05,0.0018888890187522892,4.9583931298080696e-05,1.9153875488836068e-05,0.009930049498147563,1.885002059606089e-05,1.9153692055705248e-05,788.4524132901545,521.3440788358217,1.7995052315819708,1.9228959537973171,0.8374403179956045,0.0002821742072926245,0.103575,8.410344228314068,-0.0019415605421600596,0.22386,2.9000593491016686,1.724387304796563,-3.6263256463789326,14.518676409386234,ON,1,0.9866,ON,1,0.9293,ON,1,0.5243,ON,1,0.6768,ON,1,0.6665,ON,1,1.2477,ON,1,0.994,ON,1,0.9973,ON,1,0.9057,ON,1,0.8887,ON,1,0.6204,ON,1,0.8065,ON,1,0.9666,ON,1,0.9981,ON,1,0.5002,ON,1,0.6636,ON,1,0.6828,ON,1,0.5685
Van_GT1,20251002_1031,Van,ON,cluster,2,5249907137.397392,656238.3921746741,5549133.621519148,1266203.7374837396,5199546449.558079,2599773.224779039,5549133.621519148,1167914.9192475635,50237924.59252787,25118.962296263933,911449.4328779131,110480.02088604872,2495.378100668193,1.2476890503340965,30.319134590418116,2.062825384159811,120267.8686858588,60.1339343429294,2298.352829825657,221.23381083140384,0.990407318354153,0.009569297756651938,4.7531852190156274e-07,2.2908570673400677e-05,22.381476225469203,22.371837237683295,17.732280789314117,7.822596200656482,11.697485087807099,0.00966198207476302,4.799222633890077e-07,2.3130453752573096e-05,0.002393965707407914,4.9671202003422195e-05,2.338443601436289e-05,0.009615603625153655,2.3130186247752694e-05,2.3384162602701413e-05,783.8511032934929,518.8651446849847,1.7938660903563668,1.856325329016478,0.8370502219785356,0.0002672848827208945,0.085755,8.45597223156994,-0.001958027609925444,0.222645,2.9079154443635136,1.7276140451085824,-3.5581173832920654,14.549241037026812,ON,1,0.9865,ON,1,0.9334,ON,1,0.5245,ON,1,0.6768,ON,1,0.6665,ON,1,1.2418,ON,1,0.9938,ON,1,0.9973,ON,1,0.9052,ON,1,0.8875,ON,1,0.6205,ON,1,0.7993,ON,1,0.9673,ON,1,0.9981,ON,1,0.5003,ON,1,0.6634,ON,1,0.6828,ON,1,0.5547
Van_GT1,20251002_1131,Van,ON,cluster,2,5231974038.335479,653996.7547919349,5528295.049738944,1263422.052944261,5182305781.800312,2591152.890900156,5528295.049738944,1170140.321343948,49504110.03662867,24752.055018314335,953861.3649523295,108966.67353385464,2440.1961923206004,1.2200980961603003,24.36139278348128,1.956387523085977,161706.30234539462,80.85315117269731,2452.66872175796,272.41646648770325,0.9905067845957874,0.009461841682298964,4.664006691242937e-07,3.0907321244438075e-05,22.378054489188287,22.36851592599076,17.71756627533538,7.800243440911873,11.993543204380988,0.009552525868018373,4.70870746548824e-07,3.120354320142384e-05,0.003266522763983495,4.929279994156084e-05,3.137470625487153e-05,0.00950718898528127,3.1203056380996666e-05,3.1374214079069794e-05,782.2307136521684,519.8393104470848,1.802027377367855,1.898395588266629,0.8369420495783186,0.0002720575647399292,0.10344,8.453092479790266,-0.0019180754991749728,0.22278,2.9074202447854307,1.7273268310977017,-3.458324240536591,14.568272485078886,ON,1,0.9859,ON,1,0.935,ON,1,0.5243,ON,1,0.6768,ON,1,0.6665,ON,1,1.2341,ON,1,0.9937,ON,1,0.9972,ON,1,0.9045,ON,1,0.8869,ON,1,0.6205,ON,1,0.7967,ON,1,0.9634,ON,1,0.9978,ON,1,0.5002,ON,1,0.6617,ON,1,0.6828,ON,1,0.5344
Van_GT2,20250403_1631,Van,ON,manual,3,232545705.80883178,29071.84720700485,927232.2900728919,93899.60572832327,231492917.36867762,115746.45868433881,927232.2900728919,158886.19485077154,928173.8324803271,464.08691624016353,12555.208313141542,1451.6931286733927,1083.1909082045672,0.5418663872959316,7.7526442983980814,0.6026132115407137,123531.41676564942,61.76570838282471,535.0175081192901,98.2462847758636,0.9954727676587602,0.003991360877862645,4.657969943745265e-06,0.000531213493433418,19.264597352095794,19.260059840822578,13.740975391093157,6.988589281073098,11.724258884539672,0.00400951287421941,4.679153559067482e-06,0.0005336293575190108,0.13309082032124042,0.0011670129778479385,0.0005361587755648253,0.0040014961989722885,0.0005334870280052946,0.0005360150938037152,878.6079223375958,469.4792872904625,5.5131752206816,35.71187546088907,0.77972303274666,0.0018707731200503278,0.20523,31.894508920281904,-0.0013223538189043598,0.207255,5.647522370052607,1.9815002285258316,-2.5119336520943016,12.27147055974948,OFF,0,0.0877,OFF,0,0.01,OFF,0,0.4995,OFF,0,0.4943,ON,1,0.6753,OFF,0,-0.5839,OFF,0,0.2418,OFF,0,0.1274,OFF,0,0.4607,OFF,0,0.3515,ON,1,0.67,OFF,0,-0.1098,OFF,0,0.2292,OFF,0,0.0637,OFF,0,0.4993,OFF,0,0.5629,ON,1,0.6633,OFF,0,-0.1635
Van_GT2,20250405_1653,Van,ON,manual,3,284274268.6925967,35538.7259273155,908890.4902207889,97017.62382015731,282739919.94138247,141369.95997069124,908890.4902207889,150687.13553420885,1521840.954770274,760.920477385137,11660.35502113495,1919.9832591889997,659.3603819493087,0.32984511353142004,3.6601719346470105,0.14850884680222443,11848.43606200359,5.924218031001795,49.28045329057227,3.203750367761438,0.9946025760323971,0.0053534249222392145,2.319451510619541e-06,4.167959385313215e-05,19.465450068454423,19.460038025787156,14.235431971519379,6.492785719255086,9.380035555726513,0.005382476429524971,2.3320385111731114e-06,4.190577709882623e-05,0.007785594167942706,0.0004332649741630903,4.400098136492666e-05,0.005368042673005895,4.19048990762785e-05,4.400001335014175e-05,828.3354350340148,451.5461615561679,4.515332265036229,26.650634697193997,0.7989526037901784,0.0008837780383701606,0.205905,25.574650370969035,-0.001518195410697964,0.206445,5.057138555640134,1.9194032685195057,-3.3600008233535483,12.967252306532071,OFF,0,0.2234,OFF,0,0.2174,OFF,0,0.4997,OFF,0,0.5618,ON,1,0.6753,OFF,0,-0.2672,OFF,0,0.3268,OFF,0,0.1927,OFF,0,0.4747,OFF,0,0.3921,ON,1,0.67,OFF,0,-0.0,ON,1,0.5931,ON,1,0.5412,OFF,0,0.4993,OFF,0,0.6358,ON,1,0.6633,ON,1,0.1653
Van_GT2,20250407_1226,Van,ON,manual,3,188223379.76296824,23530.863828349575,926449.0178275704,68284.4971098198,187722536.65766886,93861.26832883443,926449.0178275704,109785.4393489372,487195.2852448644,243.5976426224322,3596.6403410915664,669.6068759270274,734.1210569842025,0.3672441505673849,4.633001338793349,0.23601310110571763,12913.698997577312,6.456849498788656,64.77107692271602,3.8406328219872945,0.9973391025815703,0.00258838878495538,3.9002649825366496e-06,6.86083684919465e-05,19.053140010996266,19.050475567111867,13.096422370646097,6.600035189030591,9.466121398837693,0.002595294597650318,3.9106708765764384e-06,6.879141539157168e-05,0.026506206830512285,0.0015068312014015618,7.251389135765301e-05,0.002591932636223275,6.878904937066322e-05,7.251126235252527e-05,892.260297299604,500.5735957937283,5.2955219175110235,38.20260139070852,0.7938122925275591,0.001174653311434792,0.152715,39.371653526437775,-0.0014162052903895464,0.21792,6.274683539939414,1.9502336838958145,-3.194784722758058,12.450440378081275,OFF,0,0.1549,OFF,0,0.0576,OFF,0,0.4996,OFF,0,0.5208,ON,1,0.6753,OFF,0,-0.4876,OFF,0,0.1772,OFF,0,0.0849,OFF,0,0.4455,OFF,0,0.3132,ON,1,0.6701,OFF,0,-0.2096,OFF,0,0.2737,OFF,0,0.1335,OFF,0,0.4998,OFF,0,0.5749,ON,1,0.6633,OFF,0,-0.0358
Van_GT2,20250407_1628,Van,ON,manual,3,201071462.99728638,25137.075009036926,879128.508312121,83237.54283949867,199701500.03048182,99850.7500152409,879128.508312121,142353.5587384135,1203203.3056989966,601.6016528494984,12519.100503249152,1602.5999402267764,1203.9106230690968,0.6022564397544257,4.6754912430643,0.7183678631016284,165555.7504825079,82.77787524125395,577.6406013710985,138.0690449146329,0.9931866862339235,0.005983958577529397,5.9874763187322334e-06,0.0008233677122284738,19.11917094510823,19.112334314784846,14.000498810711035,7.094160671447006,12.017069318238953,0.0060250088532902224,6.028550726385778e-06,0.0008290160587538758,0.13759582416222774,0.001000587861889798,0.000830043589504878,0.006006931063669869,0.0008286726147416668,0.000829699293831744,872.7677904232496,504.9523023900175,6.168071711940535,46.21890986187749,0.7801416599226433,0.002344985495136455,0.204285,34.97338127033737,-0.0012880306187555675,0.20793,5.913829661927489,1.9472929105619838,-2.3650883321819642,12.018173643337839,OFF,0,0.0875,OFF,0,0.0072,OFF,0,0.4993,OFF,0,0.4872,ON,1,0.6753,OFF,0,-0.5924,OFF,0,0.2751,OFF,0,0.1495,OFF,0,0.4581,OFF,0,0.3674,ON,1,0.6701,OFF,0,-0.0588,OFF,0,0.203,OFF,0,0.0634,OFF,0,0.4993,OFF,0,0.558,ON,1,0.6633,OFF,0,-0.2034
Van_GT2,20250617_1226,Van,ON,manual,3,223507963.2873964,27941.98815944448,1112259.8959344774,94719.36804650385,221885221.16864103,110942.61058432052,1112259.8959344774,163370.60892410474,1381995.3417255902,690.9976708627951,19768.812249901006,2536.7991332161214,981.9579459349542,0.49122458526010715,3.316329649896943,0.36700050644176657,239764.8190838217,119.88240954191085,885.4760958236293,177.1489355066624,0.9927396675497026,0.006183204040692544,4.393391320345528e-06,0.0010727350182844337,19.224957605778517,19.21767078887867,14.139039636219122,6.890566337884057,12.387417972149066,0.006228424473008123,4.4255220819264255e-06,0.0010805803911635484,0.17349177080747066,0.000710536364549644,0.001078289866253505,0.006209108003255997,0.0010799969844134374,0.0010777089293104475,897.1175025886246,487.22937311292776,5.837201758753594,39.774335585371816,0.7739261504350354,0.001886702766538258,0.153795,39.80603991339557,-0.0012210091400579727,0.207255,6.309202795389295,1.9974667391309866,-2.2767509389098683,12.327104450994614,OFF,0,0.064,OFF,0,0.0032,ON,1,0.5003,OFF,0,0.4699,ON,1,0.6753,OFF,0,-0.7031,OFF,0,0.2829,OFF,0,0.1537,OFF,0,0.4635,OFF,0,0.3695,ON,1,0.67,OFF,0,-0.0518,OFF,0,0.1007,OFF,0,0.0129,OFF,0,0.4998,OFF,0,0.5187,ON,1,0.6633,OFF,0,-0.3073
Van_GT2,20250617_1629,Van,ON,manual,3,240715004.2960559,30093.137179154382,925586.3326206803,92636.36320843884,239517477.0550531,119758.73852752656,925586.3326206803,153618.42315568807,917326.1839715398,458.66309198576994,11653.873902797932,1604.9458214085944,1053.843195814628,0.5271851905025653,14.018746130608633,0.5941810634949746,279147.21383542253,139.57360691771126,986.5158404939903,214.7972099347581,0.9950251242355879,0.0038108392397647067,4.377970533646103e-06,0.0011596585541136387,19.299124241051423,19.29413694941789,13.729219485825396,6.961147405304105,12.53949815213456,0.0038298924790389657,4.399859286979704e-06,0.0011654565556869962,0.3043052937032252,0.001148820576832215,0.0011653930847635161,0.0038225771129331244,0.0011647779384101917,0.0011647145413711945,863.5843622134208,493.3543814356549,5.2547727539993785,33.41733598629764,0.7859080890969965,0.0019365688562918903,0.204555,30.75738920506547,-0.001234391734402014,0.206985,5.545934475363923,1.9425194558857548,-2.2515462657611103,12.332989544113785,OFF,0,0.0742,OFF,0,0.0064,OFF,0,0.4998,OFF,0,0.4861,ON,1,0.6753,OFF,0,-0.6345,OFF,0,0.2508,OFF,0,0.1353,OFF,0,0.462,OFF,0,0.3571,ON,1,0.67,OFF,0,-0.0963,OFF,0,0.1804,OFF,0,0.0422,OFF,0,0.4995,OFF,0,0.5521,ON,1,0.6633,OFF,0,-0.1951
Van_GT2,20250727_1245,Van,ON,cluster,3,1225240529.6496112,153174.21298282425,5468333.33046937,516580.1965776409,1214330520.23942,607165.26011971,5468333.33046937,889926.7829561322,10675944.531905489,5337.972265952744,163957.81999051943,21834.022832656956,1551.374936675777,0.776075506090934,121.00925272509721,3.1598863250858122,232513.50334942702,116.25675167471351,663.2809780770913,182.23838297776982,0.9910956182511271,0.008713345888875018,1.2661799043812502e-06,0.00018976968009368753,20.92640301321936,20.917458750550814,16.183503687573857,7.347541254476362,12.356707882061533,0.008791629917858434,1.2775557484711028e-06,0.00019147464341387385,0.021779197396027048,0.00014531500534114666,0.00019107236167100229,0.00875320856620823,0.00019145631448398484,0.00019105410967223632,532.3030860981958,479.97190322238737,6.131898594974462,44.590931134151326,0.7764609425765329,0.0006960719381479818,0.04512,35.700090922501055,-0.0015922087821612938,0.172155,5.974955307153588,2.016810347092231,-2.853583622829761,13.569917496074453,OFF,0,0.3416,OFF,0,0.0483,ON,1,0.5106,OFF,0,0.5192,ON,1,0.6753,OFF,0,-0.2092,ON,1,0.747,ON,1,0.6847,ON,1,0.6268,ON,1,0.6066,ON,1,0.6689,ON,1,0.3324,ON,1,0.5286,ON,1,0.5565,ON,1,0.5009,OFF,0,0.63,ON,1,0.6633,OFF,0,-0.0024
Van_GT2,20250718_1648,Van,ON,manual,3,226956763.13409853,28369.595391762316,839628.709510807,85561.18691730993,225431199.87656653,112715.59993828327,839628.709510807,140686.70423746758,1270135.7807687314,635.0678903843657,16307.66724095121,2045.701017031903,1175.9288238209567,0.5879644119104783,4.173465112430733,0.6636610114715604,254251.5479394695,127.12577396973475,971.9910602087075,207.39646036001037,0.9932781767043857,0.005596377755961673,5.181290072973738e-06,0.001120264249579748,19.240270090935045,19.23352557446473,14.054635154028098,7.070663632892195,12.44608333525477,0.005634250190143071,5.216353479309093e-06,0.0011278454272464604,0.20017666755706012,0.0009258292236349069,0.0011267135944420476,0.005618437171073319,0.0011272098874081612,0.001126079329059011,875.0602426991907,504.3315694418515,5.328366430050854,34.75278083720133,0.7909109685816503,0.002249089087518206,0.204285,29.59607628928706,-0.0012399527887782368,0.207795,5.440227595354079,1.8964332098683463,-2.2624807464033196,12.162861941572533,OFF,0,0.0941,OFF,0,0.0101,OFF,0,0.4996,OFF,0,0.5,ON,1,0.6753,OFF,0,-0.5677,OFF,0,0.2996,OFF,0,0.1711,OFF,0,0.4633,OFF,0,0.3805,ON,1,0.67,OFF,0,-0.0277,OFF,0,0.2137,OFF,0,0.0631,OFF,0,0.4994,OFF,0,0.5617,ON,1,0.6633,OFF,0,-0.1602
Van_GT2,20250728_0851,Van,OFF,cluster,3,191012669.45491132,23876.583681863915,1225084.9818707854,69115.48120137097,190985773.18002677,95492.88659001338,1225084.9818707854,110766.74718160302,13370.110330622942,6.6850551653114705,88.96761035331656,13.4431598938504,784.4181595047392,0.39220907975236957,5.400964368658606,0.32588140683108985,12741.746394431611,6.370873197215806,45.45815964669691,4.828414030972209,0.9998591911470517,6.999593466117683e-05,4.106628956828969e-06,6.670628933040125e-05,19.067850321270942,19.067709502504233,9.500851713066893,6.666216263222094,9.45271747845508,7.000579209646132e-05,4.107207287975988e-06,6.671568348926669e-05,0.9530023371830278,0.05866953525801772,7.081793311174055e-05,7.000334180535351e-05,6.671345809703346e-05,7.081542564029737e-05,881.7850643360665,493.85193465178753,5.600602461346306,47.810554680536,0.7920900213390206,0.000798989547077012,0.153795,51.30905652978009,-0.0013083608402042332,0.221565,7.163034031031397,2.029983173771251,-3.2049973413497184,12.40149323928214,OFF,1,0.0857,OFF,1,0.0275,ON,0,0.5004,OFF,1,0.4911,ON,0,0.6753,OFF,1,-0.7879,OFF,1,0.0215,OFF,1,0.0075,OFF,1,0.406,OFF,1,0.152,ON,0,0.6703,OFF,1,-0.827,OFF,1,0.1399,OFF,1,0.0514,ON,0,0.5007,OFF,1,0.5437,ON,0,0.6633,OFF,1,-0.117
Van_GT2,20250728_1654,Van,ON,manual,3,213600566.1825355,26700.070772816936,1483355.697156489,86693.5553886296,211568653.81750995,105784.32690875497,1483355.697156489,147367.86916037934,1862887.3000696339,931.443650034817,17864.02579499781,2481.924382342916,1225.5793965792213,0.6127896982896107,6.081901926162573,0.6156520454194506,167799.48555935264,83.89974277967632,617.0773460311466,134.3299520673538,0.990487326876797,0.008721359373540594,5.737716048617046e-06,0.0007855760336138675,19.179618320395736,19.170060112842723,14.437638690765102,7.11198459587098,12.030530966690154,0.008805119598087871,5.79282126376031e-06,0.0007931207318835071,0.09007495276444813,0.000657892399895985,0.0007919404230081206,0.008766580594323238,0.000792806377838661,0.0007916270036533785,828.9829777046593,499.0337124350305,6.051069850771522,49.122912435533834,0.7823529683673042,0.0023775465726731853,0.07725,55.55624589080387,-0.001280951687590627,0.206985,7.453606233947167,1.9251828614551276,-2.379843048717523,12.058075516971744,OFF,0,0.1056,OFF,0,0.0038,ON,1,0.5012,OFF,0,0.4599,ON,1,0.6753,OFF,0,-0.6482,OFF,0,0.3397,OFF,0,0.199,OFF,0,0.4652,OFF,0,0.3966,ON,1,0.67,ON,1,0.0225,OFF,0,0.0762,OFF,0,0.0101,ON,1,0.5005,OFF,0,0.5,ON,1,0.6633,OFF,0,-0.3218
Van_GT2,20250814_1253,Van,OFF,cluster,3,219727629.03549483,27465.953629436855,974698.114429418,95504.1610736538,219704014.57847297,109852.00728923648,974698.114429418,165632.8163442487,11689.740712087689,5.844870356043844,107.27458773032504,11.66533355817597,817.4347074325594,0.4087173537162797,6.875761605436367,0.4263978454649062,11107.281602368106,5.553640801184053,37.1434367008078,2.755129338652839,0.9998925285039232,5.320105060706465e-05,3.7202181219573026e-06,5.055022734794009e-05,19.20789929201223,19.207791814741164,9.366552415340523,6.707393622624499,9.315446199416847,5.32067688181107e-05,3.7206179823381777e-06,5.055566064042404e-05,0.9501734790347002,0.06992753111430176,5.427339091099904e-05,5.320535338819341e-05,5.055438274608233e-05,5.427191816380563e-05,862.1322015396556,429.95347850378056,5.726877570983993,38.22804413848181,0.7621860949023338,0.0006475578988707242,0.205095,35.48750309491435,-0.0013006374365999837,0.206445,5.957138834614454,2.2345793850998223,-3.2974485384414387,12.500398192116664,OFF,1,0.0496,OFF,1,0.0391,ON,0,0.5,OFF,1,0.518,ON,0,0.6753,OFF,1,-0.7963,OFF,1,0.0158,OFF,1,0.0051,OFF,1,0.4095,OFF,1,0.1334,ON,0,0.6702,OFF,1,-0.9209,OFF,1,0.2459,OFF,1,0.1183,ON,0,0.5003,OFF,1,0.5773,ON,0,0.6633,OFF,1,-0.0815
Van_GT2,20250814_1659,Van,ON,cluster,3,694215859.9774705,86776.98249718381,1884546.123432055,238560.08187718943,664441495.6050409,332220.74780252046,1884546.123432055,379981.37621142867,29761654.11065651,14880.827055328256,555442.6859750748,52789.38173234241,818.8775522669159,0.40943877613345797,7.1658888617349135,0.41179396569594245,11891.384220900618,5.945692110450309,53.55164909861037,3.879726933058711,0.957110797823899,0.042870893372592166,1.1795719450913886e-06,1.7129231563920957e-05,20.358293508980953,20.314457391015292,17.20873138166013,6.709155002604225,9.383653492787163,0.04479198591225174,1.2324298793549074e-06,1.7896811532025553e-05,0.00039955387481781023,2.751451748018534e-05,1.8309138727435698e-05,0.043817809059091335,1.789665138600478e-05,1.830897111720109e-05,1379.679069753524,457.7129254068552,3.537103757056372,13.00611747800821,0.7950167560477773,0.0006404172588727934,0.20739,21.717119784537477,-0.0016795386446326653,0.268275,4.660163064155885,1.9129343442857067,-3.6436012994093763,13.605302388411067,ON,1,0.5825,ON,1,0.7736,ON,1,0.5052,ON,1,0.6371,ON,1,0.6753,ON,1,0.0209,ON,1,0.8027,ON,1,0.7344,ON,1,0.5655,ON,1,0.6184,ON,1,0.6695,ON,1,0.5158,ON,1,0.6955,OFF,0,0.2715,OFF,0,0.4992,OFF,0,0.6239,ON,1,0.6633,ON,1,0.1988
Van_GT2,20250925_1228,Van,ON,manual,3,230319490.86782253,28789.936358477815,923410.7322955728,94541.26264749712,228344172.0781893,114172.08603909466,923410.7322955728,161323.09131460622,1824121.5042750577,912.0607521375289,20133.832824859768,2527.9725410889364,1044.258387287169,0.5221291936435845,5.19234707855594,0.37796875595640117,150153.02697087696,75.07651348543848,397.75386399299896,99.77640638689492,0.9914235708745691,0.007919961516942993,4.533955781825064e-06,0.0006519336527061355,19.25497799806492,19.246364579766702,14.41660960979262,6.952019394396941,11.919416892704696,0.007988474098872277,4.573177312927394e-06,0.0006575732833656954,0.08231525510712537,0.0005724719459966049,0.000656898841299324,0.007956735158081383,0.0006573571767862831,0.0006566831776964193,886.34951263578,480.2743683879149,5.663208705788422,38.08243990215555,0.777989221574015,0.002150304785714481,0.204015,32.074080359113104,-0.0012906599045361615,0.207255,5.663398304823298,1.9667484739766556,-2.442315895687335,12.29434518536976,OFF,0,0.0892,OFF,0,0.0086,OFF,0,0.4995,OFF,0,0.4944,ON,1,0.6753,OFF,0,-0.5621,OFF,0,0.3282,OFF,0,0.1888,OFF,0,0.4678,OFF,0,0.3904,ON,1,0.67,ON,1,0.0058,OFF,0,0.2166,OFF,0,0.0574,OFF,0,0.4993,OFF,0,0.5601,ON,1,0.6633,OFF,0,-0.1768
Van_GT2,20250925_1630,Van,ON,manual,3,217519905.04479614,27189.98813059952,787551.0578946806,64995.15077990546,215025523.66109443,107512.76183054721,787551.0578946806,91033.54359336816,2266340.077358526,1133.1700386792631,18162.966390163638,2687.5618838487753,1023.0359031374029,0.5115179515687015,5.826067889462138,0.40066959646399164,227018.27044007424,113.50913522003712,977.2636956555689,200.88359684613297,0.9885326293095429,0.010419000858297521,4.703182924462561e-06,0.0010436666492352597,19.197800926350165,19.18626729839928,14.633677228818849,6.931506866642428,12.332790184666928,0.01053986540188845,4.757741712327246e-06,0.0010557735964307228,0.10016955209324513,0.00045140440896642683,0.0010494700649155294,0.010484708248021444,0.0010552166594523646,0.0010489197561949848,916.3018571697916,571.7871634851386,4.141357553453161,25.265202650812206,0.8205013252879905,0.002701738061755945,0.10263,28.964744453432495,-0.0013432265466668091,0.242895,5.381890416331187,1.7223839174582256,-2.284492371244117,12.254760431756852,OFF,0,0.1856,OFF,0,0.0343,ON,1,0.5008,OFF,0,0.5156,ON,1,0.6753,OFF,0,-0.4314,OFF,0,0.4288,OFF,0,0.2851,OFF,0,0.4679,OFF,0,0.4395,ON,1,0.67,ON,1,0.1303,OFF,0,0.3027,OFF,0,0.1222,ON,1,0.5003,OFF,0,0.5786,ON,1,0.6633,OFF,0,-0.0537
Van_GT2,20251001_1600,Van,ON,manual,3,271985372.04883593,33998.17150610449,1623209.7478724122,125667.83083296813,271400486.2546104,135700.2431273052,1623209.7478724122,222211.26876754896,573029.5432208398,286.5147716104199,5485.007546330104,794.5811650288474,650.8820846207582,0.32544104231037907,3.7473279323273943,0.15885390345956588,11205.368920086084,5.602684460043042,140.4254925315072,7.38450609143813,0.9978495689315214,0.002106839566055598,2.3930775383901527e-06,4.1198424884681374e-05,19.421258847258564,19.41910610070098,13.258694298326597,6.47986369376234,9.324237549240122,0.002111379943082557,2.398234776964033e-06,4.128721018419211e-05,0.019554609448378987,0.0011358613047438967,4.359340272499188e-05,0.0021091541129486307,4.128635789078884e-05,4.3592452560225154e-05,621.4961153046842,412.98064555503856,6.967872446199584,60.416948378294435,0.7591061515755508,0.0007264750000965086,0.076575,47.744030810037955,-0.0014467350026675456,0.199695,6.909705551612625,2.1881272778236633,-3.364956183820286,12.93924240693864,OFF,0,0.093,OFF,0,0.0455,ON,1,0.5015,OFF,0,0.517,ON,1,0.6753,OFF,0,-0.5521,OFF,0,0.159,OFF,0,0.0723,OFF,0,0.4618,OFF,0,0.297,ON,1,0.67,OFF,0,-0.2608,OFF,0,0.2973,OFF,0,0.264,ON,1,0.5006,OFF,0,0.5927,ON,1,0.6633,OFF,0,-0.0586
Van_GT2,20251003_0810,Van,ON,cluster,3,2908805605.4569407,363600.7006821176,3126970.542617798,673113.0083278262,2867903573.4139285,1433951.7867069643,3126970.542617798,529840.1727251156,40886613.738868505,20443.30686943425,550350.2609827518,61482.53348425753,759.6435948631636,0.3798217974315818,3.9431356752756983,0.2094789982338037,14658.660548785097,7.329330274392548,129.86872696876526,7.737464424209471,0.985938547434631,0.014056152003476931,2.6115309783440553e-07,5.039408794209329e-06,21.79100838935789,21.776847137923994,17.526313299450848,6.634164910263895,9.59285482024658,0.014256620800607116,2.648776625215784e-07,5.111280827107986e-06,0.0003585197992283135,1.8579273884474232e-05,5.300589988149029e-06,0.014155950862859442,5.111267764556651e-06,5.300575940071559e-06,858.66065330265,533.2891541364371,1.536937278706514,0.7758523391225829,0.8415978876930057,0.00042425441658974105,0.155685,8.600012422285152,-0.002051499653245508,0.23277,2.932577777703824,1.6651582325912686,-4.061330772559137,15.1426822276601,ON,1,0.9683,ON,1,0.9978,ON,1,0.518,ON,1,0.7129,ON,1,0.6753,ON,1,0.6894,ON,1,0.9737,ON,1,0.9797,ON,1,0.8079,ON,1,0.8553,ON,1,0.6672,ON,1,0.7272,ON,1,0.978,ON,1,0.9893,ON,1,0.5,ON,1,0.7403,ON,1,0.6633,ON,1,0.6641
Van_GT2,20251017_1712,Van,ON,manual,3,228088266.42678443,28511.033303348053,868979.2247865349,91628.32459208043,225426873.52557817,112713.43676278909,868979.2247865349,155266.65513702648,2522953.2159831496,1261.4766079915748,34880.201768652536,4566.617273607775,1136.8583975776555,0.5684291987888278,16.911092982654964,0.6578378358876437,137302.8268255258,68.65141341276289,572.0153989044629,111.78397457223035,0.9883317412907755,0.011061302080582954,4.984291456056041e-06,0.0006019723371855234,19.24524324983697,19.233506382833372,14.74094108080105,7.036903175993009,11.829951463367104,0.011191891971552674,5.0431360724552485e-06,0.0006090792312299271,0.0544214716133636,0.00045060621432656717,0.000607325248727033,0.011129726153975015,0.0006088938177588122,0.0006071409013835835,911.4765188771413,497.433565400624,5.7007371825887185,38.253206302337794,0.7847811406454204,0.0018540929348773987,0.20604,30.478699791090616,-0.0012973240037431014,0.208335,5.520751741480016,1.9233915951795908,-2.4678516398220895,12.196603206840363,OFF,0,0.1188,OFF,0,0.017,OFF,0,0.4995,OFF,0,0.509,ON,1,0.6753,OFF,0,-0.4876,OFF,0,0.3855,OFF,0,0.2368,OFF,0,0.4711,OFF,0,0.4158,ON,1,0.67,ON,1,0.0746,OFF,0,0.2648,OFF,0,0.0917,OFF,0,0.4992,OFF,0,0.5716,ON,1,0.6633,OFF,0,-0.1296
Van_GT2,20251017_1812,Van,ON,manual,3,208436015.3895708,26054.50192369635,849172.036466185,81392.62353659274,206741097.32988843,103370.54866494422,849172.036466185,136092.88798821485,1606562.623430019,803.2813117150095,21148.182984275976,2643.6475500923716,1032.8228586953912,0.5164114293476956,5.730929183359024,0.4255133342119407,87322.61339365854,43.66130669682927,363.35672770010206,66.44086802293175,0.9918684011661106,0.007707701667714783,4.955107478738864e-06,0.000418942058695811,19.155142676277713,19.14697783570484,14.289608060507355,6.941018723849845,11.377376190861975,0.00777089143948232,4.995730757138008e-06,0.0004223766562209977,0.05435369410447878,0.0006428774351102894,0.00042407693118391666,0.007740853576227111,0.00042228748031080234,0.0004239870359762267,876.6119425656734,496.26549550605415,5.834447837652649,41.93197841403509,0.7888172032746354,0.001954665778088264,0.205635,32.59214238495448,-0.0013410374666530485,0.2082,5.7089528273505845,1.909331219006609,-2.5898672149476214,12.205959111854995,OFF,0,0.1249,OFF,0,0.0198,OFF,0,0.4992,OFF,0,0.5072,ON,1,0.6753,OFF,0,-0.4895,OFF,0,0.3231,OFF,0,0.1858,OFF,0,0.4626,OFF,0,0.3895,ON,1,0.6701,ON,1,0.0035,OFF,0,0.2883,OFF,0,0.1296,OFF,0,0.4992,OFF,0,0.5783,ON,1,0.6633,OFF,0,-0.102
Van_GT2,20251017_1912,Van,ON,manual,3,218404670.5485763,27300.58381857204,1147603.5008294731,79959.45831099701,216097255.65665728,108048.62782832864,1147603.5008294731,129859.14844160591,2148219.359356237,1074.1096796781185,30115.419607211137,4033.0856193442105,1179.2238084850117,0.5896119042425059,6.189671415819475,0.5441595328432225,158016.30875429272,79.00815437714637,661.4090701853602,131.3665821922517,0.9894351394312064,0.0098359588829326,5.399260947685345e-06,0.0007235024249133338,19.201860191480698,19.191239126610128,14.58015031750376,7.073459367682607,11.970459855086844,0.009940983992732381,5.456912467035663e-06,0.0007312277440735004,0.073556877730388,0.0005489308172131193,0.0007294333710749156,0.009891897455606381,0.0007309605273229155,0.0007291674638533738,951.4676646474272,524.6397195204281,5.626451886134464,41.307017878708784,0.7996822255285702,0.0023737739474880234,0.152175,42.03585932286098,-0.0013186205437497938,0.220485,6.483506714950657,1.8278810877763934,-2.406926423841095,12.117779758927522,OFF,0,0.1494,OFF,0,0.0099,ON,1,0.5002,OFF,0,0.4845,ON,1,0.6753,OFF,0,-0.5375,OFF,0,0.3891,OFF,0,0.2447,OFF,0,0.4676,OFF,0,0.4202,ON,1,0.67,ON,1,0.0826,OFF,0,0.1497,OFF,0,0.0299,OFF,0,0.4997,OFF,0,0.5355,ON,1,0.6633,OFF,0,-0.2069
Van_GT2,20251017_2013,Van,ON,manual,3,216173583.24701515,27021.697905876892,989368.9820009619,73161.68046208513,213721402.11073798,106860.70105536899,989368.9820009619,113566.40525941098,2281975.762568789,1140.9878812843945,28670.169153800467,3653.942365248929,1201.2707409910022,0.6006353704955011,5.645050499290448,0.5796082707015798,169004.1029673672,84.50205148368359,610.0651630640641,128.29643003576098,0.9886564255472643,0.010556219350637506,5.556972887007871e-06,0.0007817981292110572,19.191592273683344,19.180183870214485,14.640552626428907,7.091967331820983,12.037684188522528,0.010677338535269348,5.620732079834325e-06,0.0007907682679332147,0.07406042857223318,0.0005264169588016228,0.0007879755186429934,0.010620738293011262,0.0007904557754350127,0.0007876652289237725,946.7414346346661,537.2873670979238,5.387670682074264,41.47925379510247,0.8090195734124658,0.002540192231380186,0.15663,36.61387176509669,-0.001313042120506928,0.233985,6.050939742308816,1.7778494667972347,-2.3808332272306525,12.088216538393503,OFF,0,0.1762,OFF,0,0.0175,ON,1,0.5,OFF,0,0.5,ON,1,0.6753,OFF,0,-0.4743,OFF,0,0.4126,OFF,0,0.268,OFF,0,0.4679,OFF,0,0.4315,ON,1,0.67,ON,1,0.1107,OFF,0,0.2151,OFF,0,0.0712,OFF,0,0.4997,OFF,0,0.5588,ON,1,0.6633,OFF,0,-0.1263
Van_GT3,20250409_0817,Van,OFF,cluster,4,163242616.58211854,20407.878057522008,986533.8016402759,54157.98785862931,162523262.77981973,81261.63138990986,986533.8016402759,82398.6143227109,705470.6867553564,352.7353433776782,26647.563423612155,1868.9306595356543,1467.0673525309617,0.7339006265787702,15.784212206870563,1.3362312458870014,12416.04819096217,6.208024095481085,45.92412201629509,3.8612267169409895,0.9955933455530165,0.0043216085451587465,8.987036493579845e-06,7.605886533138438e-05,18.910748103549246,18.906331711209372,13.46662191730152,7.291702088592666,9.426825661456437,0.004340736671716323,9.026814546041197e-06,7.639551396271732e-05,0.017599665619062378,0.0020795582014559773,8.505313524555369e-05,0.004331342848554315,7.639259597405373e-05,8.504951843272553e-05,943.0055365638418,553.9669032453745,4.980911827873044,41.573231457448045,0.8025323834126676,0.001983567769582174,0.15474,48.340831852268494,-0.0014335699603596505,0.247755,6.952757140314988,1.9036719669671474,-3.159835349917645,11.614629622616706,ON,0,0.8691,ON,0,0.8236,ON,0,0.5002,ON,0,0.6365,OFF,1,0.7256,ON,0,0.3256,ON,0,0.6372,ON,0,0.8057,OFF,1,0.4588,ON,0,0.7367,OFF,1,0.7331,ON,0,0.2425,ON,0,0.8912,ON,0,0.8224,ON,0,0.7319,ON,0,0.6818,ON,0,0.7997,ON,0,0.5251
Van_GT3,20250615_0814,Van,OFF,cluster,4,156074337.71504757,19511.731180778545,745756.2146246433,53961.97894528927,155409992.18619984,77704.99609309992,745756.2146246433,84430.84636834922,651915.8448944517,325.9579224472258,25120.42163360957,1422.8409203110896,1298.6971933637647,0.6496734333985816,9.64936406336534,1.0582345562954965,11130.986759893556,5.565493379946778,27.67053703701663,2.523189638048352,0.9957434031848295,0.004176957304055237,8.32101684605485e-06,7.131849426915995e-05,18.865842981934005,18.861577300047767,13.38767229426962,7.169886588135927,9.317577933271517,0.004194812931419325,8.356587469663862e-06,7.162336606102665e-05,0.017074269396962796,0.001992123988905405,7.964585407209496e-05,0.0041860392311176475,7.162080123021084e-05,7.964268250945961e-05,916.1273835354392,533.6586709057634,4.680141240488506,30.52682440448794,0.7964320157780455,0.002118414421839673,0.205635,38.220914777633936,-0.001450856520814478,0.237225,6.182306590389983,1.9261417218432266,-3.1813331222587493,11.69169071191184,ON,0,0.8366,ON,0,0.8017,OFF,1,0.4992,ON,0,0.6378,OFF,1,0.7256,ON,0,0.2804,ON,0,0.613,ON,0,0.7753,OFF,1,0.4557,ON,0,0.7191,OFF,1,0.7331,ON,0,0.2148,ON,0,0.8945,ON,0,0.8561,ON,0,0.7201,ON,0,0.6916,ON,0,0.8005,ON,0,0.5009
Van_GT3,20250620_0812,Van,OFF,cluster,4,157625015.91342983,19705.59018795222,863098.1562197208,56483.12774795058,156835040.68448687,78417.52034224343,863098.1562197208,90327.76890035885,775687.5603690273,387.84378018451366,34307.64718542341,2064.6730575900165,1518.1834862826731,0.7594714788807769,17.31267709058011,1.7898374013964422,12769.485087673036,6.384742543836518,33.60779003961602,4.3664795468295,0.994988262336628,0.004921094255717933,9.631615118227704e-06,8.1011792536067e-05,18.87572945955105,18.870705121043272,13.561506378876377,7.325928289430225,9.454891934810444,0.0049458817173995764,9.680129387264109e-06,8.141984745208812e-05,0.016462150149193562,0.0019572100467338317,9.065162462645966e-05,0.004933691023714251,8.14165330362135e-05,9.064751601623553e-05,878.9000364116813,526.7148321816923,4.795787332619883,31.004568126557032,0.7912561282389109,0.0018676693823193487,0.153255,43.79966029880217,-0.0014220513627352346,0.226155,6.618131178719564,1.9642090599413216,-3.1386043954109426,11.544776831613047,ON,0,0.8377,ON,0,0.7931,ON,0,0.5002,ON,0,0.636,OFF,1,0.7256,ON,0,0.2734,ON,0,0.6205,ON,0,0.7741,OFF,1,0.4589,ON,0,0.7209,OFF,1,0.7331,ON,0,0.2202,ON,0,0.8557,ON,0,0.7511,ON,0,0.7041,ON,0,0.6718,ON,0,0.7997,ON,0,0.4459
Van_GT3,20250622_0830,Van,ON,cluster,4,2009958615.5540855,251276.2364738199,3165139.3891129643,513479.9736404711,1996742145.771248,998371.072885624,3165139.3891129643,556567.1510918234,13203275.595935805,6601.637797967903,189597.55105061922,22066.85650162235,2056.9983424394413,1.02901367805875,21.95036827755962,2.0697893414275597,11137.188559146634,5.568594279573317,28.56674426968766,2.6081134152760996,0.9934245065144319,0.006568929078321375,1.0234033310543502e-06,5.541003915683331e-06,21.421379970026383,21.41478276274853,16.39597558371822,7.629489110970659,9.318134893360474,0.006612408930165588,1.0301772548828122e-06,5.57767991361992e-06,0.0008435170862126068,0.00015579454715559108,6.5644503384630505e-06,0.006590642852354089,5.577664358421152e-06,6.564428792553219e-06,785.2535886274244,536.3679866485468,2.295786677851883,5.195916039274165,0.8320937462600216,0.0004040550841616824,0.048225,12.596254359463611,-0.0019155418130378983,0.22035,3.5491202233030354,1.7466591835538532,-4.032215956462685,13.78529365177787,ON,1,0.9988,ON,1,1.0,ON,1,0.5256,ON,1,0.7652,OFF,0,0.7256,ON,1,0.9642,ON,1,0.9934,ON,1,1.0,ON,1,0.7797,ON,1,0.9957,OFF,0,0.732,ON,1,0.9713,ON,1,0.9953,ON,1,0.9992,ON,1,0.8509,ON,1,0.8123,ON,1,0.8017,ON,1,0.9904
Van_GT3,20250701_0850,Van,OFF,cluster,4,194366381.98578405,24298.835102610832,1139624.0122377872,102698.94303635419,193593497.35015717,96796.74867507859,1139624.0122377872,187541.69223052685,759854.8497707895,379.92742488539477,25799.964162681485,1677.8350057656435,1389.2288429424536,0.694961902422438,15.552170408145912,1.4422424789890422,11640.557013157399,5.820278506578699,31.41080302921182,3.0034262311805606,0.9960235683366098,0.003909394423086834,7.147474932388574e-06,5.9889765371095856e-05,19.08525550800915,19.08127114934075,13.540884022918403,7.237223647784247,9.362336476356779,0.003925001925020332,7.176009845153606e-06,6.012886368855037e-05,0.015319448203368653,0.001828281866411311,6.704173459635657e-05,0.003917319201539253,6.0127056020887774e-05,6.703948739970448e-05,926.7780072302752,460.90698035266115,7.292585333756526,61.83919637840734,0.7329185018984946,0.0014597309898349837,0.2055,46.900355816453676,-0.001397773889630473,0.207795,6.848383445485051,2.3436055668840434,-3.2396448909946565,11.844047501556503,ON,0,0.6499,OFF,1,0.4732,OFF,1,0.4997,OFF,1,0.6209,OFF,1,0.7256,ON,0,0.0587,ON,0,0.5055,ON,0,0.6014,OFF,1,0.4675,ON,0,0.625,OFF,1,0.733,ON,0,0.06,ON,0,0.7394,ON,0,0.5686,ON,0,0.5918,OFF,1,0.657,ON,0,0.7981,ON,0,0.1586
Van_GT3,20250701_1251,Van,OFF,cluster,4,188553618.62955618,23572.148847300436,1032245.8301031739,97761.90844828515,188115489.68209296,94057.74484104649,1032245.8301031739,177760.75032846697,426347.6491575733,213.17382457878665,23658.909460371593,1141.0787942525128,1130.1235446129347,0.5653444445287317,14.57424824744345,0.9095466878777855,10651.174761020544,5.325587380510272,24.32536874251673,2.2633993701059407,0.9976763694558205,0.002261148060993736,5.993645483056168e-06,5.648883770269339e-05,19.0548929786711,19.052566644320553,12.963012715776701,7.030966704998293,9.27351935320372,0.002266414370651136,6.007604937386009e-06,5.662040259959725e-05,0.024982370096425715,0.0026507089855973454,6.248638749040493e-05,0.0022638499275975206,5.66187997251053e-05,6.248443529741735e-05,915.1478150648902,445.7442164730731,6.8413176974011005,54.36508245599577,0.7322613332581878,0.0012995118360880375,0.205095,43.7909092119697,-0.0013759476894525402,0.20739,6.617470000832104,2.3823783530047113,-3.2596824303722776,12.021599939322261,ON,0,0.5308,OFF,1,0.3183,OFF,1,0.4995,OFF,1,0.6126,OFF,1,0.7256,OFF,1,-0.0306,OFF,1,0.4156,OFF,1,0.486,OFF,1,0.4568,OFF,1,0.5569,OFF,1,0.7331,OFF,1,-0.0389,ON,0,0.6861,OFF,1,0.4375,ON,0,0.5876,OFF,1,0.6452,ON,0,0.7982,ON,0,0.136
Van_GT3,20250711_1633,Van,OFF,cluster,4,267382781.42765287,33427.026056713694,1172415.4997024685,109116.98632495728,264712621.37548113,132356.31068774057,1172415.4997024685,185904.16549278708,1913537.6611496531,956.7688305748266,49418.017253652215,3005.1073654284937,11289.031159125705,5.647339249187446,58.68644630426411,10.414392560090016,745333.3598628833,372.66667993144165,3488.4063935821323,618.33414293506,0.9900137172711168,0.0071565478185715145,4.222048667026914e-05,0.0027875144236411947,19.40419183173204,19.394155351649683,14.464464788059598,9.33167541702703,13.521588201863851,0.007228736020242087,4.2646365331831896e-05,0.002815632122072728,0.3895054563047887,0.005899560478123727,0.0028377650330928582,0.007202733940933178,0.002811675654846834,0.002833746179148213,859.4650985836269,552.8746700957239,5.646262380092899,36.95023636276345,0.7818737815180885,0.00438271803702307,0.100335,35.07387997105383,-0.0011969846585273701,0.20712,5.9223204887118,1.8819117920924262,-1.957522383261944,10.062479934622653,ON,0,0.9427,ON,0,0.9996,ON,0,0.5024,ON,0,0.7134,OFF,1,0.7256,ON,0,0.6876,ON,0,0.8124,ON,0,0.9576,ON,0,0.5031,ON,0,0.8582,OFF,1,0.733,ON,0,0.451,ON,0,0.7279,ON,0,0.7935,ON,0,0.6135,ON,0,0.6708,ON,0,0.7975,ON,0,0.2333
Van_GT3,20250718_1616,Van,OFF,cluster,4,254275868.77020413,31784.483596275517,1021396.2000701576,109773.06867561379,252140318.98215112,126070.15949107557,1021396.2000701576,190638.35011596378,1396909.6452708894,698.4548226354447,22799.714343074942,1968.1742591078162,10169.030650185743,5.084515325092871,45.46631958963394,7.9281875138891404,728471.1121319341,364.23555606596705,3071.897134643281,600.0511873754001,0.9916014453184979,0.005493677603096949,3.999211840025514e-05,0.002864884960004887,19.353930337058834,19.345496315831998,14.149773674325798,9.227200502822306,13.498704622665619,0.00554020733736666,4.0330839158276634e-05,0.002889149641249955,0.5214876385151934,0.007279662420976755,0.00291333997291405,0.0055249168377248465,0.002884984069802616,0.0029091044224201076,846.1535267262226,546.8600326166439,5.630283214571254,35.622138643695045,0.7697434031947867,0.004253180505633728,0.10182,32.13505725132627,-0.0011641121410687408,0.206715,5.668779167624219,1.9653556219016333,-1.948930564388793,10.118295813009691,ON,0,0.9027,ON,0,0.999,ON,0,0.5016,ON,0,0.7048,OFF,1,0.7256,ON,0,0.5807,ON,0,0.7577,ON,0,0.9296,OFF,1,0.4948,ON,0,0.8211,OFF,1,0.733,ON,0,0.3621,ON,0,0.6571,ON,0,0.7,ON,0,0.5787,ON,0,0.6594,ON,0,0.7968,ON,0,0.1455
Van_GT3,20250730_1613,Van,OFF,cluster,4,257647689.96003973,32205.961245004968,981916.8482905962,106416.5153432288,254539200.02578804,127269.60001289402,981916.8482905962,182311.90248468702,2696291.016175253,1348.1455080876265,36742.588413477875,3106.6739431748674,9087.771099093921,4.54388554954696,54.123952711314814,7.971520674798749,403111.1469773643,201.55557348868217,1917.9337028423324,322.8108922901706,0.9879351142844176,0.010465030820161586,3.5272084529472794e-05,0.0015645828108914366,19.36710367077341,19.354965413628726,14.807388059753796,9.114794985413248,12.906970082556882,0.010592832129204751,3.5702835155344164e-05,0.0015836898479154584,0.14950580058269702,0.003370471156330058,0.0016024185325547238,0.010537121162218643,0.0015824371335811762,0.001601136029865908,876.1436250638319,518.8819852749056,5.717448508448056,37.713859025123824,0.7805609120207048,0.004399990249355839,0.20523,30.488667635805623,-0.001267019673549685,0.20739,5.521654429224247,1.8878442468357777,-2.149331777023948,10.240170428215478,ON,0,0.9424,ON,0,0.9982,ON,0,0.5009,ON,0,0.6971,OFF,1,0.7256,ON,0,0.6639,ON,0,0.8297,ON,0,0.9585,ON,0,0.5054,ON,0,0.8655,OFF,1,0.733,ON,0,0.4878,ON,0,0.7995,ON,0,0.8848,ON,0,0.6317,ON,0,0.6926,ON,0,0.7995,ON,0,0.2917
Van_GT3,20250803_1606,Van,OFF,cluster,4,230857717.0611201,28857.21463264001,990959.247398749,94766.76574850343,227918830.50664192,113959.41525332096,990959.247398749,162045.35041318284,2389794.2459758567,1194.8971229879282,16898.17509809509,2600.068338405849,11010.691054002224,5.505345527001112,83.66126431021348,10.342214664607885,538081.6174483252,269.04080872416256,2853.8926527514705,458.6251279071949,0.9872697062420482,0.010351805763301183,4.76947064805597e-05,0.002330793288170076,19.257312139588283,19.24450012137105,14.686718249097902,9.306712810475025,13.195767391384518,0.01048528654110571,4.830970319357314e-05,0.002360847571270081,0.22515813583289385,0.004607380351902,0.0023841586874661052,0.01043069718265342,0.0023580651490320713,0.0023813210904353906,912.2729442067588,543.2730008896376,6.286968752826137,48.25541502777538,0.7843858236811149,0.0052712256731240964,0.20523,34.34008652650366,-0.0012371559089390297,0.207795,5.860041512349836,1.8515484059321718,-2.016244243328844,9.937787310896026,ON,0,0.9452,ON,0,0.999,ON,0,0.5003,ON,0,0.7044,OFF,1,0.7256,ON,0,0.6969,ON,0,0.8196,ON,0,0.954,OFF,1,0.4986,ON,0,0.8597,OFF,1,0.733,ON,0,0.4749,ON,0,0.8022,ON,0,0.9074,ON,0,0.6321,ON,0,0.6969,ON,0,0.799,ON,0,0.3008
Van_GT3,20250814_1247,Van,OFF,cluster,4,225571041.65199763,28196.380206499703,974508.9133130051,92680.24243373142,222951469.4436646,111475.73472183231,974508.9133130051,158434.20947494076,2267740.595855232,1133.8702979276159,56305.360552825965,3001.0085365499576,14156.225104475116,7.078112552237558,76.7634206195371,11.376049306843402,337675.38737331296,168.83769368665648,1876.8752186828206,306.94267736489655,0.9883869303916485,0.010053332108798855,6.275728037074368e-05,0.0014969802191819712,19.234145712310692,19.22246468441258,14.634295002530617,9.557980380845546,12.729843282025879,0.010171453911086396,6.349464813934338e-05,0.0015145690145748748,0.14890388609276395,0.0062424358104901075,0.0015621740810477472,0.010120072793800027,0.001513423211710693,0.0015609551564012042,918.6475921608662,507.60338243156616,6.295157933469869,48.446715224817865,0.783988696721702,0.005059560229195208,0.205365,34.561490027303655,-0.001274833554143486,0.207795,5.878902110705928,1.864512721172818,-2.1642071341288998,9.664484303567033,ON,0,0.9353,ON,0,0.9969,ON,0,0.5005,ON,0,0.6906,OFF,1,0.7256,ON,0,0.6644,ON,0,0.8128,ON,0,0.953,OFF,1,0.4982,ON,0,0.8564,OFF,1,0.733,ON,0,0.4586,ON,0,0.8193,ON,0,0.9139,ON,0,0.6432,ON,0,0.7006,ON,0,0.7993,ON,0,0.3258
Van_GT3,20250818_162850,Van,OFF,cluster,4,455082059.013356,56885.2573766695,916636.1941047944,129104.56384230246,448365346.6660128,224182.67333300642,916636.1941047944,171143.43870599463,6393143.871436331,3196.5719357181656,78921.24926680699,7578.353280575574,6561.180584732887,3.2805902923664436,52.94408996436778,5.879282149299086,317007.2953220409,158.50364766102047,1250.934282905786,247.65443329623085,0.9852406566808953,0.014048332042131115,1.4417576906806441e-05,0.0006965937000666011,19.93598831233152,19.921118966216202,15.670736860439446,8.789078232912713,12.666683220725368,0.014258782305490186,1.4633558622496072e-05,0.0007070289835716916,0.049585509367047934,0.0010262838936014398,0.0007115171737076723,0.014158081982869436,0.0007067791563296849,0.0007112641653695038,893.0403260689138,484.0977064728287,2.975255216415792,10.153888957723282,0.8232584601377481,0.003013563004880672,0.2055,16.11377422510767,-0.0014473618839166422,0.208065,4.014196585257651,1.7001511941900629,-2.418145248496945,11.132040733303489,ON,0,0.991,ON,0,0.9999,ON,0,0.5042,ON,0,0.7263,OFF,1,0.7256,ON,0,0.9212,ON,0,0.939,ON,0,0.9952,ON,0,0.5558,ON,0,0.9468,OFF,1,0.7328,ON,0,0.7668,ON,0,0.9376,ON,0,0.9738,ON,0,0.7563,ON,0,0.7346,ON,0,0.8018,ON,0,0.6081
Van_GT3,20250903_1651,Van,OFF,cluster,4,181066581.21734688,22633.32265216836,980067.7334198691,92218.00718389053,180736245.8638737,90368.12293193684,980067.7334198691,167028.79772396688,317624.8713514879,158.81243567574393,16995.277341977693,818.7792313591798,1460.97826696825,0.730489133484125,23.339858811170643,1.2299914442055753,11249.503854741833,5.624751927370917,23.79476092623031,2.668654856818229,0.9981756139026192,0.0017541882616661356,8.068735031863972e-06,6.212910068279396e-05,19.0143753791415,19.01254932683504,12.668629463952785,7.28754577492444,9.328168193717817,0.0017573944276275037,8.083482424818188e-06,6.22426553178195e-05,0.0354175786261321,0.004599697311949203,7.020276379673726e-05,0.001755852016858704,6.224071832412433e-05,7.02002996980386e-05,902.1966525341917,447.22442763647973,6.658882376718127,51.49826395368786,0.7346186982189054,0.0014405283230540544,0.204555,43.30198214737024,-0.0013565496020860968,0.207255,6.5804241616565164,2.369428801004138,-3.228127044372408,11.7250035519106,OFF,1,0.4775,OFF,1,0.2638,OFF,1,0.4993,OFF,1,0.6093,OFF,1,0.7256,OFF,1,-0.0487,OFF,1,0.3802,OFF,1,0.444,OFF,1,0.4505,OFF,1,0.5314,OFF,1,0.7331,OFF,1,-0.0767,ON,0,0.663,OFF,1,0.4063,ON,0,0.5856,OFF,1,0.6447,ON,0,0.7982,ON,0,0.1321
Van_GT3,20250919_1653,Van,OFF,cluster,4,203085322.41535386,25385.665301919234,897455.5549681187,86514.40269055679,200593172.67815256,100296.58633907628,897455.5549681187,149829.59001017886,1820365.8771532082,910.1829385766041,30499.99811614398,2675.2466759073072,11086.625593414103,5.543312796707052,96.3988512017977,10.331728981489734,660697.2344546814,330.3486172273407,3552.263038466932,538.1296953335348,0.9877285580879926,0.008963552144010498,5.4590974185419126e-05,0.003253298793811456,19.129136761090457,19.116789403392417,14.414548619591699,9.31358495403184,13.40105248577993,0.00907491442928587,5.526920704924638e-05,0.003293717456250381,0.3629474946473697,0.00609032817663332,0.003318868218217229,0.009033984828723805,0.003288305050277268,0.0033133729304926324,950.4623864179324,583.7727457279584,6.420737427037382,49.28736927680942,0.7809913031121795,0.0059742793868444565,0.204285,35.35284753400829,-0.0011623864665676253,0.209145,5.945826059847702,1.8452742570623335,-1.9052456392041623,9.803204449360576,ON,0,0.9235,ON,0,0.9988,OFF,1,0.4995,ON,0,0.704,OFF,1,0.7256,ON,0,0.6498,ON,0,0.7865,ON,0,0.9363,OFF,1,0.488,ON,0,0.8383,OFF,1,0.733,ON,0,0.4248,ON,0,0.7395,ON,0,0.8446,ON,0,0.6027,ON,0,0.6797,ON,0,0.7982,ON,0,0.2317
Van_GT3,20250920_1615,Van,OFF,cluster,4,428542628.0867454,53567.828510843174,1448672.0013906956,126349.69660006968,420125751.4506253,210062.87572531265,1448672.0013906956,176387.38717511386,8019745.755018982,4009.872877509491,65356.02997497097,8937.659578535031,8578.03223471862,4.28901611735931,96.64046712547224,8.42953255535731,388552.8488663506,194.2764244331753,2230.047356797513,333.98311042635964,0.980359301305222,0.018713997696853692,2.0016753696162657e-05,0.0009066842442280909,19.875900775503673,19.85606463502401,15.89741740266322,9.057076392964044,12.870187046305354,0.019088917371353924,2.041777302414827e-05,0.0009248489232681891,0.048449522059117005,0.0010696139873697587,0.0009275605692293915,0.018909009875660857,0.0009244215140084497,0.0009271306507543413,927.8581337556557,515.8907545111178,3.7672624676897914,18.853256409661945,0.8238112655688934,0.003821069901232655,0.10209,27.043694726162986,-0.0014409228795088927,0.21387,5.200355249993954,1.6651730623538474,-2.328625862906218,10.798988242059965,ON,0,0.9932,ON,0,1.0,ON,0,0.5062,ON,0,0.7304,OFF,1,0.7256,ON,0,0.9895,ON,0,0.9455,ON,0,0.9957,ON,0,0.5553,ON,0,0.9509,OFF,1,0.7329,ON,0,0.8057,ON,0,0.9361,ON,0,0.967,ON,0,0.7506,ON,0,0.724,ON,0,0.8004,ON,0,0.5907
Van_GT3,20250923_1622,Van,OFF,cluster,4,265861610.7700347,33232.70134625434,1330951.472063601,107296.42813678217,263800604.4201771,131900.30221008856,1330951.472063601,181828.87464816734,1559160.796435221,779.5803982176105,42487.59111026302,2733.159552752108,7721.425835032411,3.8607129175162056,40.22502859154429,6.749213911842805,494124.1275873597,247.06206379367984,2629.8667612075806,418.72775628504644,0.9922478226777903,0.005864557849925411,2.904302660571518e-05,0.0018585764456786045,19.398486474861972,19.390704093241734,14.259658924845564,8.951883820995556,13.110544058807625,0.0059103761337552145,2.926993231120057e-05,0.0018730970259655862,0.3169167213008311,0.004952296038151612,0.0018911893180668716,0.0058929783785941605,0.0018713449672407396,0.0018894032710293426,851.3911474919174,520.9376287450939,5.536608205839135,35.751975408218286,0.7823710223850311,0.003993623547229553,0.10398,40.04945183950893,-0.0012482103200780479,0.206985,6.3284636239347325,1.8978363440031052,-2.0933866781447033,10.438820272246177,ON,0,0.9285,ON,0,0.998,ON,0,0.5024,ON,0,0.6937,OFF,1,0.7256,ON,0,0.6389,ON,0,0.7892,ON,0,0.946,OFF,1,0.4978,ON,0,0.8424,OFF,1,0.733,ON,0,0.4159,ON,0,0.7384,ON,0,0.7226,ON,0,0.6312,ON,0,0.6612,ON,0,0.7978,ON,0,0.2532
Van_GT3,20251004_0812,Van,ON,cluster,4,2259536585.2592945,282442.0731574118,3221374.257713929,561184.6880767402,2240524326.7026777,1120262.1633513388,3221374.257713929,568032.5442201637,18999410.032534014,9499.705016267008,242137.24699525628,32689.217087964218,1295.4591771471182,0.6477295885735591,14.260264872399603,1.045298795982383,11553.064905323046,5.776532452661523,39.12677426443247,3.320430014593913,0.9915857708697223,0.008408542776639187,5.733295869597336e-07,5.113024051344257e-06,21.538425578877167,21.529975750289378,16.759918538362573,7.167392117515866,9.354792593888446,0.008479894552403701,5.781946492201723e-07,5.156411277321586e-06,0.0006080749289340732,6.818417913654925e-05,5.686385973105556e-06,0.00844414222173776,5.156397983078656e-06,5.686369805674128e-06,785.7609102378196,542.7224526232222,2.145539789877649,4.402074459092264,0.8353601381785769,0.00036491478293397653,0.048495,11.405433410476977,-0.0019463472506760892,0.21846,3.3771931260253223,1.7257282045212523,-4.058394385466976,14.36258363277351,ON,1,0.9992,ON,1,1.0,ON,1,0.5287,ON,1,0.7775,OFF,0,0.7256,ON,1,0.9995,ON,1,0.9959,ON,1,1.0,ON,1,0.8077,ON,1,0.9974,OFF,0,0.7319,ON,1,1.0323,ON,1,0.9963,ON,1,0.9994,ON,1,0.8597,ON,1,0.8188,ON,1,0.8018,ON,1,1.0321
Van_GT3,20251004_1214,Van,ON,cluster,4,1843197337.883522,230399.66723544025,3384214.7511007786,517177.7190232984,1836658146.0518067,918329.0730259033,3384214.7511007786,662384.7269100503,6526631.292451471,3263.3156462257357,94658.56495508924,11607.617532832133,1512.5043509516759,0.7562521754758379,30.85954354018122,1.7418269535435085,11048.034912991472,5.524017456495736,43.59327650197906,3.023357516506265,0.9964522562520495,0.003540929209427879,8.205873130700323e-07,5.993951209628774e-06,21.334767584716715,21.331213532803584,15.691401639650973,7.322183003219237,9.31009836494088,0.003553536245425702,8.23508911662765e-07,6.0152919239440405e-06,0.0016927622257086352,0.00023174349571436134,6.814584960950535e-06,0.003547237353318995,6.015273832148127e-06,6.814561741771926e-06,711.3182292749218,508.5113659468734,2.7515530634170364,7.966250416474587,0.820408174058605,0.00039561510369054783,0.04674,14.688453293825829,-0.001894544863439196,0.199965,3.8325517992350364,1.8195861281695636,-4.007038389287568,14.009030529584347,ON,1,0.9973,ON,1,1.0,ON,1,0.5236,ON,1,0.7531,OFF,0,0.7256,ON,1,0.8699,ON,1,0.9877,ON,1,1.0,ON,1,0.7537,ON,1,0.9925,OFF,0,0.7321,ON,1,0.8399,ON,1,0.9933,ON,1,0.9987,ON,1,0.8365,ON,1,0.806,ON,1,0.8014,ON,1,0.9232
Van_GT3,20251005_1623,Van,OFF,cluster,4,180460619.62731865,22557.57745341483,976057.2865937985,91931.00980173337,179841378.63409552,89920.68931704776,976057.2865937985,166575.46832666194,602908.6782741416,301.4543391370708,66393.08092937712,2722.4010773769814,1913.7671513477794,0.9568835756738897,12.530887402556118,1.2553840097172975,14418.547797628135,7.209273898814067,46.414632726366335,6.528637331089231,0.9965685533248086,0.0033409431903716658,1.0604901807940307e-05,7.989858301165565e-05,19.011023143665348,19.007585796093107,13.309522677216691,7.557351302236348,9.57634005095944,0.0033524469332545186,1.0641417263829537e-05,8.017369477001156e-05,0.023914978034282216,0.0031742239252930743,9.05116764417303e-05,0.0033468400108130473,8.017048103111543e-05,9.050758050709557e-05,908.1965884309897,462.6545284315518,6.7806531905072776,53.429689230308774,0.7359883958154974,0.0014033531117681726,0.2055,43.26959703937694,-0.0013167748998205236,0.207525,6.577962985554078,2.357552948319085,-3.143748581711222,11.450234493856758,ON,0,0.5834,OFF,1,0.3866,OFF,1,0.4994,OFF,1,0.6171,OFF,1,0.7256,ON,0,0.0147,OFF,1,0.4604,ON,0,0.5353,OFF,1,0.4608,ON,0,0.5897,OFF,1,0.7331,ON,0,0.0126,ON,0,0.6368,OFF,1,0.4133,ON,0,0.578,OFF,1,0.6444,ON,0,0.7982,ON,0,0.1266
Van_GT4,20250616_0812,Van,OFF,cluster,0,701154.6574679464,87.65528909463013,3211.0260863104486,262.11217076525764,618328.2579949843,309.1641289974921,3211.0260863104486,453.1385118099793,38604.735486644866,19.30236774332243,195.08244387747618,28.772915951252227,864.6718685276624,0.4325522103690157,4.658103155874471,0.3092228515333848,43356.9921177895,21.67849605889475,665.2526390740095,54.02864565294358,0.8818714265236858,0.05505880204241486,0.0012332113312207315,0.061836560102678316,13.460485191963357,13.334776374490152,10.56115613215177,6.763505932057442,10.677246327794762,0.06243404694419705,0.001398402640257916,0.07011970026780029,1.1231003546615559,0.02239807779033724,0.06731533417416412,0.060562546425512495,0.06777051162605824,0.06514646209229376,901.6764714466949,1678.6253283618898,4.795027197049261,28.671947956690857,0.7975398064538851,0.06772881469574138,0.03054,36.63242822506984,-0.00041999935259046984,0.15258,6.052472901577428,1.5052900837241125,-0.8858433488984634,6.57127044243271,OFF,1,0.0314,OFF,1,0.391,OFF,1,0.4992,OFF,1,0.7011,ON,0,0.7065,OFF,1,-0.7242,OFF,1,0.0844,OFF,1,0.0214,OFF,1,0.3478,OFF,1,0.2934,ON,0,0.6841,OFF,1,-0.4474,OFF,1,0.0881,OFF,1,0.2891,ON,0,0.5007,OFF,1,0.6156,ON,0,0.7517,OFF,1,-0.4761
Van_GT4,20250616_1212,Van,OFF,cluster,0,3902010.8873518743,487.8123374611669,14233.462824240327,1087.6794390516793,1577128.9239656387,788.5644619828194,3396.1989972032607,521.3209456062895,67493.46519782976,33.74673259891488,325.80563980859006,57.57375034409062,7815.764535744182,3.9098371864653236,57.342196425278416,6.066570470542539,2249572.7336526616,1124.7863668263308,14233.462824240327,1876.1822401791771,0.40418362979913874,0.0172970981235869,0.0020030094126796253,0.5765162626645948,15.1770028466372,14.27111724934018,11.119800876429489,8.964026005692222,14.626251304522432,0.042795147671299355,0.004955691584228095,1.4263721243503407,33.33023022340933,0.1158003150782025,1.3725877216929085,0.04190474989348307,0.8863971888455046,0.8639812251884459,4175.784063993011,2840.753577656503,5.367993147185287,40.441478254308684,0.8635965527153577,0.08144961839502425,40.64,29.178152603347158,-0.00020274278696638543,57.58,5.401680535082478,1.130055098344544,0.11837801839408375,5.66222529883021,OFF,1,0.0002,OFF,1,0.0,OFF,1,0.2348,OFF,1,0.6822,ON,0,0.7062,OFF,1,-0.8819,OFF,1,0.2191,OFF,1,0.1306,OFF,1,0.397,OFF,1,0.5,ON,0,0.684,OFF,1,-0.1177,OFF,1,0.4347,OFF,1,0.0,OFF,1,0.3875,OFF,1,0.3224,ON,0,0.7504,OFF,1,-0.1635
Van_GT4,20250616_1613,Van,OFF,cluster,0,1977840.4908098532,247.2609689723532,3499.136064008868,492.777336107837,1864232.4285112007,932.1162142556003,3499.136064008868,580.0846971047936,77646.83711539654,38.82341855769827,458.04431601433316,74.02871603111538,1088.4694471245298,0.5445069770507903,28.24141515968313,0.9901339921298595,34872.755736131396,17.436377868065698,983.4431783307955,55.55421210742834,0.9425595426797364,0.03925839190581188,0.0005503322700602825,0.017631733144391377,14.49751665186164,14.438360496275049,11.259938973911968,6.9934461109667065,10.459489840670177,0.04165083491084029,0.0005838700316962147,0.018706227401034167,0.449120106255653,0.014018207148513455,0.0185187749927561,0.04080679591916366,0.01853341768151877,0.018349390479234454,1083.678396421957,969.1453741010735,2.592533003752467,7.128460016773266,0.8497471562986205,0.04843835834222277,0.16581,14.151590841653213,-0.0007687471235279239,0.25788,3.761860024174071,1.3345187122692912,-1.3262902185349574,7.444914385308342,OFF,1,0.1962,ON,0,0.5159,OFF,1,0.4987,OFF,1,0.7016,ON,0,0.7065,OFF,1,-0.437,OFF,1,0.168,OFF,1,0.074,OFF,1,0.3804,OFF,1,0.4228,ON,0,0.684,OFF,1,-0.2216,OFF,1,0.403,OFF,1,0.322,ON,0,0.5004,OFF,1,0.6309,ON,0,0.7517,ON,0,0.0452
Van_GT4,20250619_0826,Van,OFF,cluster,0,693623.5300716838,86.71378048152067,3039.5988320169417,268.9032853867148,630226.9470390894,315.1134735195447,3039.5988320169417,466.8830459819801,38342.814764597104,19.17140738229855,169.61874271470242,27.41038812650963,845.8816248500335,0.4231523886193264,16.086110268770653,0.6844224609099882,24207.88664314731,12.103943321573656,401.18006828799844,27.03345466072596,0.9086008760025158,0.055278999489297154,0.0012195111442695927,0.03490061336391731,13.449686070131753,13.35383685362336,10.554348509944143,6.741560926738615,10.094475061396222,0.06083969424772641,0.0013421857456631825,0.03841137983204552,0.6313539261824803,0.022061020559424254,0.03747367843913416,0.059060758912019624,0.03769202591384619,0.03678860262174008,723.5838244601789,1367.541087034853,4.979650638070126,30.70169826999652,0.790603254226074,0.06416121963620199,0.033645,35.05323854103209,-0.00045558980575507123,0.14124,5.920577551246133,1.5491866204899036,-1.086453930742379,6.612275926884744,OFF,1,0.0278,OFF,1,0.3004,OFF,1,0.4988,OFF,1,0.701,ON,0,0.7065,OFF,1,-0.7401,OFF,1,0.0782,OFF,1,0.019,OFF,1,0.3445,OFF,1,0.2802,ON,0,0.6841,OFF,1,-0.4751,OFF,1,0.0773,OFF,1,0.2598,ON,0,0.5003,OFF,1,0.6078,ON,0,0.7517,OFF,1,-0.4166
Van_GT4,20250619_1227,Van,OFF,cluster,0,4654181.709546501,581.8454443738593,18268.84530857578,1688.4769379054108,1297161.1935711494,648.5805967855747,15586.341004292539,558.3853077725735,62046.821694612474,31.023410847306238,277.09521843237235,49.34276040595549,16241.986349865176,8.12505570278398,72.66672446800749,12.346565915669235,3278731.707930874,1639.365853965437,18268.84530857578,3054.965198497981,0.2787087558078053,0.013331413676295475,0.0034897619739577765,0.7044700685419415,15.353276880678523,14.075689508349166,11.035660684369677,9.69541648534874,15.002967536167116,0.0478327766834796,0.012521178115988544,2.527620872546946,52.84286315285547,0.261769836165737,2.424186480120233,0.046724008933802776,1.2606236699400404,1.2308639194483966,4857.243806829997,2617.8845787980463,6.10533000971613,43.463567346062185,0.8296717842273234,0.07137716822636901,44.245,31.3981066367758,-0.0001747970431331197,57.79,5.603401345300984,1.271249854943049,0.30909267593931666,5.307551050818375,OFF,1,0.0001,OFF,1,0.0,OFF,1,0.2278,OFF,1,0.6809,ON,0,0.7061,OFF,1,-1.1057,OFF,1,0.1744,OFF,1,0.099,OFF,1,0.3868,OFF,1,0.4514,ON,0,0.684,OFF,1,-0.2211,OFF,1,0.4565,OFF,1,0.0001,OFF,1,0.3928,OFF,1,0.4174,ON,0,0.7498,OFF,1,-0.3828
Van_GT4,20250619_1628,Van,OFF,cluster,0,2012703.043589719,251.61933286532306,4278.131235549459,493.31352356788193,1869100.9024212111,934.5504512106056,4278.131235549459,582.1388504764847,83330.89306357264,41.66544653178632,611.0094351978623,83.93330340192969,2604.8746445020747,1.3030888666843796,26.206230519397877,2.5921450952723117,57666.37346043326,28.833186730216628,1054.089926900575,68.10277464047103,0.928652097175553,0.04140247779173095,0.0012942170742963647,0.02865120795841967,14.514989671254543,14.44096860738116,11.330586624789788,7.8655236538808815,10.962446841276,0.044583410641759476,0.0013936511619711688,0.030852466758590758,0.6920167460073651,0.031259411110397824,0.03086983537365476,0.04361815583111794,0.030386097568076753,0.030402946214518084,1092.2717285694089,1147.4362541655682,2.6184235178987993,7.665383707697771,0.8543278176886262,0.05843598415234152,0.16365,17.002394795465058,-0.0007146649380661149,0.25599,4.123396026973087,1.2816960642115718,-1.1595072553683867,6.575444953500279,OFF,1,0.1961,OFF,1,0.3129,OFF,1,0.4989,OFF,1,0.7012,ON,0,0.7065,OFF,1,-0.4027,OFF,1,0.1887,OFF,1,0.091,OFF,1,0.3863,OFF,1,0.4492,ON,0,0.684,OFF,1,-0.1791,OFF,1,0.3727,OFF,1,0.2598,ON,0,0.5006,OFF,1,0.6234,ON,0,0.7517,OFF,1,-0.0108
Van_GT4,20250726_1219,Van,OFF,cluster,0,759565.7940386598,94.95759395407673,3037.0108382372564,266.20394418746446,579056.534741028,289.528267370514,3037.0108382372564,438.76678581592313,46645.19280716183,23.322596403580917,202.9564857605228,32.74960231486743,2387.818211564636,1.1945063589617988,13.90686066339208,1.6491898554676658,131476.24827890538,65.7381241394527,2063.715788736532,192.8755090687038,0.7623520428192894,0.061410338871562865,0.003143662116310496,0.17309395619283716,13.540503541902414,13.269157120773833,10.750346591094297,7.778554050485201,11.786589098740354,0.0805537801726777,0.004123635721732108,0.22705252491016023,2.8186451885755752,0.051191088894948736,0.21394229965578326,0.07747366913908472,0.20461497240029838,0.19387316239391006,1616.6167153591682,2440.438420312744,4.907557593412119,30.826489205793997,0.8138586915084289,0.08250904137962765,0.0327,31.98281160854616,-0.0003835141132478678,38.47,5.655334791851268,1.3900707358789632,-0.49418934067782655,5.490603070288633,OFF,1,0.198,ON,0,0.9212,OFF,1,0.4963,ON,0,0.7026,ON,0,0.7065,OFF,1,-0.083,OFF,1,0.1116,OFF,1,0.0326,OFF,1,0.3591,OFF,1,0.3436,ON,0,0.6841,OFF,1,-0.3515,OFF,1,0.3933,ON,0,0.8716,ON,0,0.501,ON,0,0.7217,ON,0,0.7516,ON,0,0.0948
Van_GT4,20250726_1621,Van,OFF,cluster,0,4902272.264724723,612.7840330905904,35300.65075124148,2471.7791723744963,1155995.4079673837,577.9977039836918,2807.109944811222,371.5913878735571,70285.4660411649,35.14273302058245,404.2633139254176,56.856092979254065,22751.78330508332,11.375891652541661,120.31387406620433,18.49677939724096,3653239.607411091,1826.6198037055456,35300.65075124148,4703.95000094463,0.2358080795074519,0.014337324050097742,0.004641068891419661,0.7452135275510308,15.405209587074348,13.96047322091498,11.160334542069563,10.032442759976378,15.111125169310831,0.06080081768204324,0.019681551629230673,3.160254428546144,51.97716986353167,0.32370537731704474,2.9976748953906873,0.0590241112655697,1.42557623311114,1.3857129159610837,5116.67837464395,2457.877302282017,7.990609038602362,73.935827677894,0.7795869122017766,0.053536621014349035,39.065,57.60700156170205,-0.0002678300026013685,68.115,7.589927638735829,1.4901223686196623,0.38355064946528356,5.078682409334453,OFF,1,0.0002,OFF,1,0.0,OFF,1,0.2595,OFF,1,0.6829,ON,0,0.7061,OFF,1,-0.8893,OFF,1,0.1322,OFF,1,0.065,OFF,1,0.3728,OFF,1,0.3893,ON,0,0.684,OFF,1,-0.3422,ON,0,0.6149,OFF,1,0.0158,OFF,1,0.4118,OFF,1,0.5527,ON,0,0.7499,OFF,1,-0.334
Van_GT4,20250731_0815,Van,OFF,cluster,0,713772.1756512288,89.22152195640359,2669.6676894342672,250.5602251092108,600076.4855772428,300.0382427886214,2669.6676894342672,422.63091570482914,46809.9634743992,23.4049817371996,180.1260185531728,31.14056222770894,1318.4902916661933,0.6592451458330967,16.595668435507832,0.801191112054371,65567.2363079206,32.7836181539603,1509.1732949321304,108.30705233822056,0.840711512787322,0.06558109866315662,0.00184721447072833,0.09186017407879286,13.478320509689627,13.30481406848883,10.753872716744103,7.185000798331009,11.090846655045073,0.07800666181627232,0.0021972037287808005,0.10926479854437057,1.4007111187424706,0.028166872900020973,0.10339639468030316,0.07511365226017098,0.10369745222406009,0.09839305438692839,1142.2330272602285,2010.548624656056,4.525436214187758,25.16847978820046,0.8108635856493026,0.08026959461504934,0.033645,29.92179051524987,-0.00042180271009044335,0.462,5.470081399270933,1.4075293215064992,-0.7379891378145853,6.11981327015782,OFF,1,0.0437,ON,0,0.5697,OFF,1,0.4995,OFF,1,0.7013,ON,0,0.7065,OFF,1,-0.6726,OFF,1,0.1084,OFF,1,0.0307,OFF,1,0.3576,OFF,1,0.3374,ON,0,0.6841,OFF,1,-0.3611,OFF,1,0.116,OFF,1,0.4708,ON,0,0.5011,OFF,1,0.6487,ON,0,0.7517,OFF,1,-0.521
Van_GT4,20250731_1218,Van,ON,cluster,0,127138601.0837422,15892.325135467776,287926.3023596406,40853.21782429874,126813474.99734396,63406.73749867198,287926.3023596406,60543.82102713162,86495.0902518993,43.24754512594965,1023.7325614093606,76.90451362369272,3229.0174781632995,1.6145087390816497,20.481991537904833,2.393602041205051,235401.97866819202,117.70098933409601,5600.307919085026,464.0559664627404,0.997442742930732,0.0006803212361517782,2.539761685781368e-05,0.001851538216258492,18.660788404318037,18.658227871901914,11.36785449249844,8.08024282739813,12.369054127373932,0.0006820654528527841,2.546273160822148e-05,0.0018562852147464657,2.7215646342458313,0.03733180078455452,0.0018804653459069572,0.000681832951926356,0.0018545644465092275,0.0018786994843627775,597.4837486833859,481.14345651860316,2.973975825014828,9.275974939565224,0.7902431982146724,0.002168237566568201,0.05025,18.1173176300715,-0.0010743619607016075,0.169995,4.256444247261189,2.0866917279475756,-2.096391248175994,10.577985044503784,OFF,0,0.054,OFF,0,0.0307,ON,1,0.5024,OFF,0,0.6995,ON,1,0.7065,OFF,0,-0.5287,OFF,0,0.0842,OFF,0,0.0639,OFF,0,0.3793,OFF,0,0.3125,ON,1,0.684,OFF,0,-0.5672,OFF,0,0.1358,OFF,0,0.1136,ON,1,0.502,OFF,0,0.5711,ON,1,0.7517,OFF,0,-0.142
Van_GT4,20250731_1620,Van,OFF,cluster,0,5057864.805108876,632.2331006386095,21281.376497895457,2073.4888984220224,1124623.15558339,562.3115777916951,3145.3623850469157,396.2798254274103,69768.20487230708,34.88410243615354,408.12387302298157,56.57446847868136,36690.806116936896,18.34540305846845,202.82129731236728,30.167058947406474,3826782.6385362423,1913.3913192681212,21281.376497895457,3828.359582658691,0.22235136740852077,0.013794003509511607,0.0072542085505876005,0.7566004205313801,15.43645517464397,13.932959453876315,11.152948000455947,10.510308742546494,15.157535227282143,0.06203696280471239,0.03262497836252641,3.4027243877507787,54.84995128490612,0.5258958028741627,3.234679664106001,0.0601887271149297,1.4822235283462357,1.4433076851265132,5270.53674662342,2476.8791909904803,5.785367502423902,36.68808790747524,0.8065151671684375,0.06805811513124692,44.28,33.660649017579246,-0.00010891509529317119,69.095,5.801779814618686,1.351804444749449,0.40819192446860936,4.647226484735649,OFF,1,0.0001,OFF,1,0.0,OFF,1,0.2315,OFF,1,0.6818,ON,0,0.706,OFF,1,-1.0047,OFF,1,0.1737,OFF,1,0.1281,OFF,1,0.3906,OFF,1,0.4652,ON,0,0.6839,OFF,1,-0.2581,ON,0,0.5706,OFF,1,0.0104,OFF,1,0.3985,OFF,1,0.5433,ON,0,0.7496,OFF,1,-0.3069
Van_GT4,20250804_0825,Van,OFF,cluster,0,707368.7292949476,88.42109116186845,3427.499837433046,278.143778984006,631686.8488711662,315.84342443558313,3427.499837433046,487.6855470910362,54330.78432947872,27.165392164739362,185.35035283482648,37.18472541181212,702.8601318634121,0.35143006593170606,12.33685767512361,0.335583087812123,20648.23596243916,10.324117981219581,506.36510549535524,30.120709350058068,0.8930092930469015,0.07680687890123669,0.0009936262415274854,0.029190201810334167,13.46930876334083,13.356150641101289,10.902864681440995,6.5565796600889055,9.935433598307064,0.08600904772116537,0.001112671782099502,0.03268745581660466,0.3800467123176763,0.012936682960218531,0.03112324678107323,0.08250955271199806,0.032164584644206524,0.03064873890013608,730.1087962630903,1329.9333978612294,5.781502190848209,44.25718340739276,0.7951963800483676,0.06599196685524854,0.033375,38.763374127046255,-0.0005009479962077101,0.15042,6.226023941992645,1.5083232869259933,-1.1402390142647416,6.799570981012383,OFF,1,0.044,ON,0,0.6214,OFF,1,0.4985,OFF,1,0.7017,ON,0,0.7065,OFF,1,-0.6396,OFF,1,0.098,OFF,1,0.0248,OFF,1,0.3517,OFF,1,0.3096,ON,0,0.6841,OFF,1,-0.402,OFF,1,0.1256,ON,0,0.5598,ON,0,0.5001,OFF,1,0.6489,ON,0,0.7517,OFF,1,-0.2736
Van_GT4,20250804_1226,Van,OFF,cluster,0,1174611.5590826285,146.82644488532856,3364.654054005223,303.1412832052848,1071945.3174927502,535.9726587463751,3364.654054005223,400.16296213317537,80931.73226124966,40.46586613062483,434.77779548993567,65.39153257238509,808.6174671152687,0.40430873355763436,9.219414155091954,0.31182744712288474,20925.891861513417,10.462945930756709,342.88176863692934,19.753734428292177,0.9125955803890943,0.06890084780406669,0.000688412659370387,0.01781515914746875,13.97644891423426,13.884986542393273,11.301373622716227,6.696561873294621,9.94879030281266,0.07549987013374078,0.0007543458177566816,0.01952141729620963,0.2585622632381765,0.009991352520356786,0.01885240870502846,0.0727855489759805,0.019333318458806634,0.01867690440298506,957.2654010204674,1072.1280502557454,3.575048172243972,19.493738888161626,0.8528413002492146,0.06703207243626057,0.030405,22.91585862908229,-0.0007072939599439508,0.256935,4.78705114122668,1.2647123339325048,-1.3120654131935379,7.188424669098652,OFF,1,0.2112,ON,0,0.7888,OFF,1,0.4993,ON,0,0.7024,ON,0,0.7065,OFF,1,-0.3732,OFF,1,0.1809,OFF,1,0.0722,OFF,1,0.3809,OFF,1,0.4318,ON,0,0.684,OFF,1,-0.1849,OFF,1,0.429,ON,0,0.5696,ON,0,0.5006,OFF,1,0.6557,ON,0,0.7517,ON,0,0.1293
Van_GT4,20250804_1627,Van,OFF,cluster,0,2651563.7462628465,331.4454682828558,16270.965166306356,1134.4745972914593,1096193.5856085247,548.0967928042623,3151.1997086113697,397.2060412725316,79116.15568239424,39.55807784119712,424.21480719067404,65.6660815498234,977.5005795366588,0.4887502897683294,18.41655149078747,0.7798418540077954,1475276.504392391,737.6382521961955,16270.965166306356,2139.9495774321194,0.41341400415265006,0.02983754616267541,0.0003686506051058975,0.5563797990795687,14.790660493991284,13.907355272345068,11.278685016236777,6.886021379106429,14.204356668631329,0.07217352548035819,0.0008917225865658864,1.3458174940624945,18.64696902483646,0.012355258810203128,1.2560552789677435,0.06968792033286474,0.8526339526878676,0.8136178364241555,4360.1562665286465,3119.1437895054023,8.337073486148771,81.58852130502684,0.816353116993638,0.055176361663615905,68.955,49.090926632962116,-0.0003520575340708648,70.67,7.0064917492592285,1.3358315442857995,0.09900046542875351,7.318335289524899,OFF,1,0.0,OFF,1,0.0,OFF,1,0.1079,OFF,1,0.6668,ON,0,0.7061,OFF,1,-1.5655,OFF,1,0.161,OFF,1,0.0598,OFF,1,0.3752,OFF,1,0.4062,ON,0,0.684,OFF,1,-0.2316,OFF,1,0.2235,OFF,1,0.0,OFF,1,0.2904,OFF,1,0.1565,ON,0,0.7495,OFF,1,-0.3253
Van_GT4,20250815_0847,Van,OFF,cluster,0,677654.1774917577,84.7067721864697,3586.061796206108,269.17935316805085,615535.3367000702,307.7676683500351,3586.061796206108,471.1977444578689,44227.1417482304,22.1135708741152,185.8322291991144,29.571838704215295,714.2198504751866,0.35710992523759333,5.3448050843237525,0.20382904019897444,17177.479192981864,8.588739596490932,332.91381206945516,18.583714868060305,0.9083325347131899,0.06526506176340709,0.0010539591936388137,0.025348444329764044,13.426393849777636,13.330249258932437,10.697116556600415,6.572589978612822,9.751412669674771,0.07185150731599502,0.0011603230682141028,0.027906568752077948,0.38839225221423607,0.016148903642130903,0.02711839431291929,0.06938753375914591,0.027524276474611965,0.026757206008830615,678.4948906600224,1247.2076981450978,5.721329327677414,43.798897827256106,0.7911631203967864,0.06578836783717314,0.032025,42.33500703235011,-0.0004906448209062175,0.1434,6.5065357166068125,1.5335239493713944,-1.1929455297525553,6.757659280319615,OFF,1,0.0356,OFF,1,0.3919,OFF,1,0.4985,OFF,1,0.7013,ON,0,0.7065,OFF,1,-0.6854,OFF,1,0.0854,OFF,1,0.0209,OFF,1,0.3471,OFF,1,0.2909,ON,0,0.6841,OFF,1,-0.4464,OFF,1,0.0986,OFF,1,0.317,ON,0,0.5001,OFF,1,0.614,ON,0,0.7517,OFF,1,-0.318
Van_GT4,20250815_1248,Van,OFF,cluster,0,5268475.239416312,658.559404927039,34203.88250042708,2543.483613476347,1063464.80226291,531.7324011314549,3356.680529995414,391.34796838712435,65163.9786642937,32.581989332146854,336.90152700933686,51.9387107262761,14910.98114746883,7.455490573734415,71.06771898928946,13.526544781075877,4124935.47734164,2062.46773867082,34203.88250042708,4787.313861454705,0.20185437986052485,0.0123686599448673,0.0028302270523949164,0.7829467331422129,15.47725174007823,13.877043757264243,11.08467746655425,9.609920272672214,15.232561178200017,0.06127516258701957,0.014021132731169145,3.878770099922869,63.30085365917932,0.22882244842748392,3.6680319768953864,0.05947116869168167,1.5848931593961546,1.5407375646355055,5297.526712101824,2389.9265362472615,9.169174619018953,96.67358867368718,0.8011176705071341,0.06492938287166393,40.535,51.93742925015441,-8.59589829769943e-05,67.065,7.206762744100678,1.3552783869174607,0.4518391403119247,5.622640905527803,OFF,1,0.0002,OFF,1,0.0,OFF,1,0.2587,OFF,1,0.6846,ON,0,0.706,OFF,1,-0.8127,OFF,1,0.1524,OFF,1,0.0724,OFF,1,0.378,OFF,1,0.4147,ON,0,0.684,OFF,1,-0.2708,ON,0,0.8332,ON,0,0.9638,OFF,1,0.4171,ON,0,0.7484,ON,0,0.7495,OFF,1,-0.0836
Van_GT4,20250815_1649,Van,OFF,cluster,0,4175923.5068639554,521.9904383579944,20956.030317731434,1883.4308681635507,1112771.8458832572,556.3859229416286,3098.441988399485,404.97158355429633,66592.12153570872,33.29606076785436,383.8811806753256,53.632647440304076,35839.84065078845,17.919920325394227,243.74635057504292,34.72625915466426,2960719.698794201,1480.3598493971006,20956.030317731434,3550.8588713097797,0.2664732349752568,0.015946681357130083,0.008582494528905664,0.7089975891387075,15.244846330522957,13.922365517679031,11.106356570950094,10.486843322471946,14.900943275986329,0.059843463673177055,0.03220771695774577,2.6606709270591615,44.46051019957538,0.5381994119384204,2.5408267695344375,0.058121221438812494,1.2976464440175683,1.264360250592903,4935.561423908276,2599.812480973169,7.239548959769371,59.68299573395917,0.7998208349044654,0.06770486901281728,39.8,40.1463873239671,-0.00020836294714582642,68.57,6.3361176854303585,1.3715416951807147,0.32619258610243246,4.414099953514382,OFF,1,0.0002,OFF,1,0.0,OFF,1,0.2493,OFF,1,0.683,ON,0,0.7061,OFF,1,-0.8999,OFF,1,0.1646,OFF,1,0.1168,OFF,1,0.3879,OFF,1,0.4532,ON,0,0.684,OFF,1,-0.2769,ON,0,0.4957,OFF,1,0.0007,OFF,1,0.4035,OFF,1,0.4824,ON,0,0.75,OFF,1,-0.3419
Van_GT4,20250903_0814,Van,OFF,cluster,0,709389.6071103733,88.67370088879666,3264.478650265388,274.12060703935254,640027.8440099496,320.0139220049748,3264.478650265388,475.281507622844,44828.739444300474,22.414369722150237,168.0398959387676,29.25432343086449,704.450116756952,0.35222505837847595,6.368367344847684,0.20543445911924002,23828.57353936624,11.91428676968312,861.9171267233469,47.10384338913462,0.9022233164889997,0.06319339752791953,0.0009930369851716013,0.03359024899790894,13.472161580622743,13.369268523085834,10.71062702504918,6.558836062566208,10.078682673976557,0.07004185812193124,0.001100655422023952,0.037230526394033854,0.531546812027619,0.01571425218450575,0.035822133054994904,0.06769776744878038,0.03655420578999208,0.035195442857169246,740.9194195602915,1404.5508111113838,5.118159850180797,32.90438036310698,0.7934056229619103,0.06503061057396431,0.032295,36.814507768832186,-0.0004925972390635979,0.147315,6.067496004785814,1.5267166832442032,-1.0968619497030925,6.8104324605196265,OFF,1,0.0346,OFF,1,0.4748,OFF,1,0.4987,OFF,1,0.7014,ON,0,0.7065,OFF,1,-0.6892,OFF,1,0.0873,OFF,1,0.0218,OFF,1,0.3481,OFF,1,0.2947,ON,0,0.6841,OFF,1,-0.4395,OFF,1,0.1014,OFF,1,0.3823,ON,0,0.5002,OFF,1,0.6279,ON,0,0.7517,OFF,1,-0.3609
Van_GT4,20251021_1825,Van,OFF,cluster,0,2059507.34613764,257.438418267205,10699.261164736527,723.5777983175756,1161188.6691275972,580.5943345637986,2978.76131857351,383.78184274695377,68865.1560007634,34.432578000381696,256.01165784756085,49.53502809612332,6076.992928431497,3.0384964642157484,31.609009657182696,4.890098590835429,823376.528080848,411.68826404042403,10699.261164736527,1304.5380407686275,0.56381865852786,0.03343768408008438,0.002950702234603907,0.3997929551574518,14.537977845356805,13.964955614372055,11.139920131687902,8.712429810006416,13.621170096326436,0.05930574232389176,0.005233424240172716,0.7090807462828095,11.956359004832057,0.08824481466760761,0.674322947552355,0.05761373347212837,0.5359556506959654,0.5154088731454741,3135.463248594774,2818.5513264436872,8.412981681863675,94.96227711682178,0.8391012636026194,0.07524929276574423,40.115,41.560468079116326,-0.0004719021891161052,42.355,6.446740888124357,1.2527368019641165,-0.1145951726818731,5.252525804365639,OFF,1,0.0001,OFF,1,0.0,OFF,1,0.2262,OFF,1,0.6813,ON,0,0.7064,OFF,1,-1.0399,OFF,1,0.1777,OFF,1,0.0816,OFF,1,0.3833,OFF,1,0.4401,ON,0,0.684,OFF,1,-0.1978,OFF,1,0.2916,OFF,1,0.0,OFF,1,0.3735,OFF,1,0.361,ON,0,0.7509,OFF,1,-0.3531
Van_GT4,20251021_2227,Van,OFF,cluster,0,6043773.40407009,755.4716755087612,29413.47471367661,2701.8488088103422,1539353.1319202457,769.6765659601228,3253.764936990352,466.7998839890793,81043.1977791401,40.52159888957005,358.929491057992,61.23314780010961,35675.178484467295,17.837589242233648,165.03379758316805,29.999565424248985,4387701.895886237,2193.8509479431186,29413.47471367661,5084.584739298827,0.25470066943336944,0.013409370663129555,0.0059027988144695126,0.7259871610890316,15.614539276077569,14.246873491562209,11.302749936435198,10.482238475701807,15.294316389763669,0.052647567409039656,0.023175435021814385,2.850354350083405,54.14028587309098,0.44019954125267274,2.7298118326326954,0.05130848331078593,1.3481651830470682,1.3163577853678676,5040.70563400007,2552.736243678397,7.189751329509259,58.57136470578364,0.8020634567057716,0.06681073506936054,40.08,38.93392124048151,-0.0001622490607280169,68.71,6.239705220617667,1.356964674870722,0.34914763273382005,4.812077914061861,OFF,1,0.0002,OFF,1,0.0,OFF,1,0.2541,OFF,1,0.6837,ON,0,0.7061,OFF,1,-0.8434,OFF,1,0.1875,OFF,1,0.1473,OFF,1,0.3946,OFF,1,0.4804,ON,0,0.6839,OFF,1,-0.2339,ON,0,0.5697,OFF,1,0.003,OFF,1,0.4089,OFF,1,0.5207,ON,0,0.7498,OFF,1,-0.2921
GAPAC_TG3,TG3_20250722_0724,GAP,ON,cluster,4,683579375.7034944,85458.10422596504,1454603.5375392586,218997.13387521007,663686124.095057,331843.0620475285,1454603.5375392586,329874.7402915994,19757717.323049966,9878.858661524982,696810.9251444377,44597.46130339644,42777.143204413376,21.3992712378256,482.3053952127375,36.08363661826748,92757.14218310393,46.37857109155197,563.5275488470361,77.80075046242945,0.9708984028548775,0.02890332567847975,6.257816535261904e-05,0.00013569330129020415,20.342853340089853,20.31331989251125,16.799054774135605,10.663782578338047,11.43775076295743,0.02976967064060559,6.445387608900276e-05,0.00013976055670830717,0.004694729693034219,0.002165085293254301,0.00019831078601321682,0.029335156497423104,0.00013975079111158768,0.00019829112502857285,765.7113654195723,465.86226656931956,3.264368658356117,10.911099125992925,0.8047882567727384,0.005357887985580464,0.131655,17.021247437142414,-0.0015934072210562452,0.174315,4.12568145124303,1.7884901653743452,-2.958523043184606,9.649537314173202,ON,1,0.9937,ON,1,1.0,ON,1,0.512,ON,1,0.7322,OFF,0,0.7256,ON,1,0.9371,ON,1,0.976,ON,1,0.9996,ON,1,0.6274,ON,1,0.9787,OFF,0,0.7326,ON,1,0.9171,ON,1,0.9601,ON,1,0.9892,ON,1,0.7359,ON,1,0.7529,ON,1,0.801,ON,1,0.5877
GAPAC_TG3,TG3__20250722_1628,GAP,ON,cluster,4,736023516.35271,92014.44134925741,1348289.2231422812,236606.16663693383,710413359.7291636,355206.67986458185,1348289.2231422812,357364.0639201325,25475147.07004985,12737.573535024923,940812.3799696565,61001.66017621864,45188.413278626365,22.605509394010188,461.05710985664336,38.74289789253722,89821.14021791557,44.910570108957785,525.2561972552357,74.2178309370857,0.9652047033083196,0.03461186565925143,6.139533897307109e-05,0.00012203569345584925,20.416772629107545,20.381357556798097,17.053213949423192,10.718618118887235,11.405586774212622,0.03585961147994444,6.360861977012065e-05,0.00012643503811943888,0.003525834020542763,0.0017738234505327302,0.00018346468554560394,0.035231624500467004,0.0001264270458836654,0.00018344785795832997,744.6009915808784,466.51157911596044,3.08831294881945,9.08869100527804,0.8021559686176911,0.00511828208238096,0.13719,14.653017541285772,-0.0016078475241640287,0.170265,3.8279260104234156,1.8099597355027988,-2.9919235941951583,9.662739437910862,ON,1,0.994,ON,1,1.0,ON,1,0.5135,ON,1,0.7375,OFF,0,0.7256,ON,1,0.9345,ON,1,0.9797,ON,1,0.9997,ON,1,0.6398,ON,1,0.9817,OFF,0,0.7326,ON,1,0.9473,ON,1,0.9627,ON,1,0.9914,ON,1,0.7322,ON,1,0.7578,ON,1,0.8011,ON,1,0.5876
GAPAC_TG3,TG3_20250813_2013,GAP,ON,manual,4,265959479.7544387,33249.09110569305,832442.7306700088,88947.49454662456,258414252.98462373,129207.12649231186,832442.7306700088,138976.2283114744,7431519.9797768975,3715.7599898884487,50313.4074208329,6437.388003979954,32426.243258173476,16.221232245209343,280.17261326895095,25.140957928640653,81280.54677993219,40.6402733899661,294.3762483624196,62.02743938781865,0.9716301642010222,0.02794230153645377,0.00012192174269596533,0.0003056125198281287,19.398854527152054,19.370074490830522,15.82124110365489,10.386754189773061,11.30567429289615,0.028758165983279033,0.00012548163610813986,0.00031453585025268814,0.010937270841107445,0.0043633393096445105,0.0004277171262502327,0.028352410749963263,0.0003144863942223323,0.0004276256813542917,656.7448150576548,552.8737572757097,4.1391445758466645,19.641737445426262,0.8092397766192041,0.010267745520853848,0.07941,25.036555977539848,-0.0014878156629714678,0.20037,5.003654262387887,1.6684937615887403,-2.6881333993114573,8.98332030105746,ON,1,0.9825,ON,1,0.9991,ON,1,0.5046,ON,1,0.7018,OFF,0,0.7256,ON,1,0.8117,ON,1,0.9277,ON,1,0.9931,ON,1,0.5341,ON,1,0.9386,OFF,0,0.7329,ON,1,0.7308,ON,1,0.9452,ON,1,0.9903,ON,1,0.7111,ON,1,0.7484,ON,1,0.8,ON,1,0.5537
GAPAC_TG3,TG3_20250914_0134,GAP,ON,manual,4,295576839.39416313,36951.72388975661,842126.2630124725,99374.25765883703,283439293.3733686,141719.6466866843,842126.2630124725,157143.19405837436,11991754.705155004,5995.877352577502,96523.40418425296,11944.335176023904,43037.80385252133,21.529666759640484,850.7568264847068,42.720955958755525,102753.51178698357,51.37675589349178,419.78920795409067,85.36546646315189,0.9589360721033741,0.04057068452905248,0.00014560614404272979,0.00034763722353075774,19.504439396181972,19.462508529008684,16.29972994707233,10.669857402918836,11.540098041730056,0.04230801792664109,0.0001518413461320212,0.0003625238779142317,0.008568680256843764,0.003588949650047185,0.0004934867766530551,0.04143750226606785,0.00036245818201027905,0.0004933650520983484,669.3954226560396,576.0774345716266,4.121468392309347,19.293622876835286,0.8083040455690544,0.010423711094048868,0.07779,22.78990462055049,-0.001487975115932879,0.188085,4.773877315194311,1.673026898663102,-2.6408034957595423,8.792651126089847,ON,1,0.9879,ON,1,0.9997,ON,1,0.5063,ON,1,0.7141,OFF,0,0.7256,ON,1,0.8591,ON,1,0.9478,ON,1,0.9966,ON,1,0.5522,ON,1,0.9541,OFF,0,0.7328,ON,1,0.8036,ON,1,0.95,ON,1,0.9933,ON,1,0.7027,ON,1,0.755,ON,1,0.7999,ON,1,0.5554
GAPAC_TG4,TG4_20250103_1659,GAP,ON,cluster,0,269605268.1524873,33704.871628014414,638938.9167312533,107762.5763946494,266914951.90615797,133457.47595307897,638938.9167312533,182094.53147504394,2588274.8071359145,1294.1374035679573,76825.85543614719,4217.276742564174,54728.34446180778,27.37786116148463,1006.7764095310267,99.48328739093617,47313.09473154379,23.656547365771893,347.4168692767271,53.65321162735938,0.9900212771628495,0.009600238247837206,0.00020299434368194067,0.00017549024563119351,19.41246948114559,19.40244063718221,14.766502500460874,10.910155306390509,10.764563515958788,0.009697001942573419,0.00020504038485280875,0.0001772590647082894,0.01827978026177227,0.0211447193748128,0.0003786278941361474,0.009650287768083248,0.00017724335617657112,0.0003785562326831512,414.0783859802788,399.3943671585212,3.5124852194015697,11.552118711462306,0.7566122133060301,0.003731955851512929,0.09615,18.95687139185499,-0.0013954838067869527,0.10641,4.35394894226315,2.170617364306828,-2.8792923737411407,8.637877121223422,OFF,0,0.2019,OFF,0,0.0396,ON,1,0.502,OFF,0,0.7007,ON,1,0.7065,OFF,0,-0.1923,OFF,0,0.3986,ON,1,0.5916,OFF,0,0.4678,OFF,0,0.61,ON,1,0.6838,OFF,0,-0.1226,OFF,0,0.131,OFF,0,0.185,OFF,0,0.5,OFF,0,0.6248,ON,1,0.7517,OFF,0,-0.2854
GAPAC_TG4,TG4_20250107_0822,GAP,ON,manual,0,191748412.6807607,23971.548028598663,427756.4767876603,77067.04933487858,190185959.3189631,95092.97965948156,427756.4767876603,130390.78455727559,1488079.9668411417,744.0399834205708,51834.60772998724,2759.3149674385154,32456.909067788954,16.23657282030463,494.2162137649175,49.02969706179186,41916.48588867153,20.958242944335765,275.57679377392924,43.03098288394196,0.9918515447405611,0.007760585582101405,0.00016926820208846272,0.0002186014752490166,19.071694725326108,19.063512889993365,14.212997906094522,10.387699423337272,10.643458343166628,0.007824341881860255,0.0001706588077480258,0.00022039737338534375,0.028168167586868742,0.02181126672692587,0.0003880201785989509,0.007793890457349704,0.00022037308945225737,0.00038794491823718083,396.6792727941192,389.1355043727222,3.4983989972446907,11.165874076170994,0.755265504079592,0.004244509620533887,0.05079,17.844340977784757,-0.0013308427613346811,0.10614,4.224256263268338,2.1826959614089505,-2.8066848489422456,8.675813466656093,OFF,0,0.1273,OFF,0,0.0171,ON,1,0.5012,OFF,0,0.7001,ON,1,0.7065,OFF,0,-0.2978,OFF,0,0.2851,OFF,0,0.3329,OFF,0,0.434,OFF,0,0.5113,ON,1,0.6839,OFF,0,-0.2216,OFF,0,0.1051,OFF,0,0.1576,ON,1,0.5001,OFF,0,0.6146,ON,1,0.7517,OFF,0,-0.313
GAPAC_TG4,TG4_20250718_1746,GAP,ON,manual,0,170262241.34049636,21285.440847668004,521321.28167242184,71940.77108476701,160903071.48509052,80451.53574254527,521321.28167242184,126381.97894342599,9224795.11326334,4612.39755663167,44478.305406704545,6724.349574964543,90203.54794219925,45.12433613916921,1229.3609834370582,121.67353194954593,44171.19420027288,22.085597100136443,291.39693632882336,35.49237659627173,0.9450308548641208,0.05417992292733463,0.0005297918506887681,0.0002594303578556668,18.952850408429175,18.89631270739925,16.037405646103352,11.409835125424861,10.695850779613775,0.05733137986814667,0.0005606079928098641,0.0002745205159390979,0.004788311681498387,0.009778379555822924,0.00078984557221134,0.0557481675632013,0.0002744828420769365,0.0007895338083501053,535.8494116130533,585.2522207560366,4.46041797952125,21.291875670371695,0.7605212147886868,0.008629183607787945,0.09642,24.491918462169625,-0.0013675142548231602,0.109785,4.948931042370278,1.9694519037098444,-2.7334873092618253,8.200461927785476,OFF,0,0.4447,OFF,0,0.4829,ON,1,0.5019,ON,1,0.7028,ON,1,0.7065,ON,1,0.0017,ON,1,0.6523,ON,1,0.8963,ON,1,0.5003,ON,1,0.7738,ON,1,0.6837,ON,1,0.1534,OFF,0,0.2904,ON,1,0.7333,OFF,0,0.4998,ON,1,0.7051,ON,1,0.7517,OFF,0,-0.1273
GAPAC_TG4,TG4_20250723_0432,GAP,ON,manual,0,184552730.40225133,23069.091300281416,605010.4203248061,80238.26889465889,171564002.66132417,85782.00133066208,605010.4203248061,142799.9136464987,12672824.637784343,6336.412318892171,59680.47853806638,9528.861763126903,269614.0437134431,134.80702185672155,2534.984057828842,338.5107531905872,46289.05942938653,23.144529714693263,344.43718953640564,36.86569951474031,0.9296205062227099,0.06866777104929654,0.0014609052010544196,0.0002508175269392918,19.03344578766807,18.960466954140166,16.35497054541075,12.504750456587567,10.742682517873845,0.07386645474109771,0.001571507073343777,0.00026980636212342953,0.003652623685123117,0.021274976291359767,0.0017146577466293379,0.07126564453885711,0.0002697699709324778,0.001713189399271133,594.9303302241389,649.4189732841858,4.892899569175572,25.693271660591613,0.7622782304398527,0.009533900609653811,0.095475,26.226018721310584,-0.0013808033233300896,0.11262,5.121134515053883,1.9125924691208087,-2.73926147875544,8.21778443626632,ON,1,0.7403,ON,1,0.9952,ON,1,0.5045,ON,1,0.7056,ON,1,0.7065,ON,1,0.0999,ON,1,0.8601,ON,1,0.9992,ON,1,0.6052,ON,1,0.9463,ON,1,0.6831,ON,1,0.2348,OFF,0,0.3814,ON,1,0.8798,OFF,0,0.4999,ON,1,0.7343,ON,1,0.7517,OFF,0,-0.0649
GAPAC_TG4,TG4_20250804_0016,GAP,ON,manual,0,206590515.63163704,25823.81445395463,496178.79249039665,81989.90073825736,195218550.24062786,97609.27512031393,496178.79249039665,141131.7636361182,11167197.142313113,5583.598571156556,62683.25486034248,8937.763327696483,161185.44113256954,80.59272056628477,1617.735339113642,198.48898010327775,43582.80756347506,21.79140378173753,228.83786771731684,31.83236053383833,0.9449540780890152,0.05405474258181764,0.0007802170425866626,0.00021096228658040503,19.146249211522886,19.08963026452091,16.228491301828598,11.990316993436211,10.682440974197378,0.0572035655860997,0.0008256666230432012,0.0002232513637139213,0.0039027525893971676,0.014433831433118948,0.0009921627403664838,0.05562727641171912,0.00022322644683663682,0.0009916708722300719,490.4045016146239,616.8319518534366,3.5880848007899075,12.22664116932913,0.7632064689172814,0.007621693487272081,0.09372,19.214000835357243,-0.0013805621211823204,0.107355,4.383377788342389,1.9935273694269693,-2.802396430107844,8.407189290323531,OFF,0,0.5504,ON,1,0.849,ON,1,0.5031,ON,1,0.7038,ON,1,0.7065,ON,1,0.0473,ON,1,0.7478,ON,1,0.9841,ON,1,0.545,ON,1,0.8648,ON,1,0.6834,ON,1,0.1726,OFF,0,0.2853,ON,1,0.7939,OFF,0,0.4999,ON,1,0.7179,ON,1,0.7517,OFF,0,-0.1013
GAPAC_TG4,TG4_20250807_1616,GAP,ON,manual,0,150875102.03310436,18859.387754138046,425624.51763762534,62751.83944552783,145318429.8527265,72659.21492636325,425624.51763762534,108952.78293729578,5352953.65192036,2676.4768259601797,28251.097321096808,4074.7124836221356,159241.02641665694,79.62051320832848,1410.0583075895556,185.02955966441957,44477.502040868596,22.238751020434297,284.66855876432965,33.72811573767649,0.9631703832806114,0.03547937055078735,0.0010554493370398316,0.000294796831561443,18.831962920285495,18.794437967383438,15.493159237813455,11.978180502583754,10.70276125121863,0.03683602731838827,0.0010958075075407797,0.0003060692445269618,0.008308964533048793,0.029748254285650286,0.001352071798366684,0.03617379458313193,0.000306022414890903,0.001351158572364782,404.1184804995476,531.4701911171762,3.7802444229989915,14.111360148951249,0.7514746543985652,0.008102497859490625,0.048495,22.568310444979023,-0.001290069173457424,0.103575,4.750611586411404,2.1010414982502503,-2.697225572054936,8.091676716164807,OFF,0,0.3282,OFF,0,0.3617,ON,1,0.5026,OFF,0,0.7022,ON,1,0.7065,OFF,0,-0.1463,ON,1,0.6084,ON,1,0.9634,ON,1,0.5156,ON,1,0.8106,ON,1,0.6835,OFF,0,-0.0065,OFF,0,0.1325,OFF,0,0.343,ON,1,0.5,OFF,0,0.65,ON,1,0.7517,OFF,0,-0.2793
GAPAC_TG4,TG4_20250813_2015,GAP,ON,manual,0,152688580.87203798,19086.072609004746,394887.58790105954,59807.004467007384,140977777.47056335,70488.88873528168,394887.58790105954,103324.87619703542,11474460.748556191,5737.230374278096,66162.23892426491,9323.284983388912,196813.16595311338,98.40658297655669,1809.6808879114687,244.7297741697126,39529.48696531126,19.764743482655632,335.429114042563,30.085406839660518,0.9233026901252755,0.07514943608109415,0.0012889841848622223,0.00025888960876805386,18.843910992488283,18.764112836422786,16.255634406366838,12.19001524247882,10.584827475094471,0.08139198215798242,0.0013960580843616096,0.00028039516351124823,0.003444997358179271,0.017152280204353904,0.0015502734212319523,0.07824908362163839,0.0002803558601342009,0.0015490729878981089,567.5167421053543,696.8928066984927,3.844611755916068,15.067216406066837,0.7712981226439937,0.00965898163300392,0.097365,20.689829489318345,-0.0013482112589203474,0.112485,4.548607423078903,1.8962059995236842,-2.726428453776105,8.179285361328315,ON,1,0.6539,ON,1,0.9686,ON,1,0.5032,ON,1,0.7047,ON,1,0.7065,ON,1,0.1038,ON,1,0.7995,ON,1,0.9944,ON,1,0.5616,ON,1,0.9038,ON,1,0.6834,ON,1,0.2237,OFF,0,0.3937,ON,1,0.9149,OFF,0,0.4999,ON,1,0.7474,ON,1,0.7517,ON,1,0.0057
GAPAC_TG4,TG4_20250820_1621,GAP,ON,manual,0,139998627.92426094,17499.828490532618,336526.3204500675,56314.659534435414,133160814.27571076,66580.40713785538,336526.3204500675,97172.07469608316,6483997.8590140855,3241.9989295070427,33703.365049073705,4929.289210513301,307393.99533218105,153.6969976660905,2505.4175130678923,377.9891908951958,46421.79420389612,23.21089710194806,308.5400986927598,36.06667318026568,0.9511579952608576,0.04631472433088358,0.002195692914208279,0.000331587494050372,18.757143187127486,18.707068093179473,15.684847985868238,12.635888829317084,10.745545871982724,0.04869298745491941,0.0023084418415744777,0.00034861452640098006,0.007159440088240182,0.04740809636523754,0.002533683737529214,0.04754461494249171,0.00034855377447589675,0.0025304793723123944,472.61690025870314,598.3088519789412,3.629102611411,12.460468636721572,0.7601983137950706,0.009243409975521812,0.096555,19.230263921279334,-0.0012902032485584026,0.107085,4.385232482007126,2.004986768371274,-2.653840740398916,7.9615222211967485,ON,1,0.602,ON,1,0.9856,ON,1,0.5043,ON,1,0.7045,ON,1,0.7065,OFF,0,-0.0613,ON,1,0.8094,ON,1,0.9994,ON,1,0.6011,ON,1,0.9447,ON,1,0.6831,ON,1,0.0761,OFF,0,0.1995,ON,1,0.608,ON,1,0.5,ON,1,0.6887,ON,1,0.7517,OFF,0,-0.1891
GAPAC_TG4,TG4_20250914_0136,GAP,ON,manual,0,142510740.39152804,17813.842548941004,364388.93072368205,57428.25956390689,135445855.73449013,67722.92786724506,364388.93072368205,99162.38288366814,6826323.533647668,3413.1617668238337,39264.21829687897,5483.683696243114,172003.32170592714,86.00166085296357,1645.4309111489565,213.80345317025026,66557.80168432335,33.278900842161676,430.55070599049577,64.16929151731041,0.9504255985364461,0.047900414487310305,0.001206949884853397,0.0004670370913902014,18.774927933018347,18.724082537134876,15.736296951070111,12.055274881677184,11.10584107179221,0.050398910299839846,0.0012699046476778004,0.0004913978454593238,0.009750168059899766,0.025197065573888996,0.0016767939074064297,0.049170006591440434,0.0004912771490764058,0.0016753896580411747,493.67357553731006,592.9964187787008,3.729239059930758,13.81073139733046,0.7602902000368622,0.009455745501485768,0.09831,20.455380680646144,-0.0012847144976287429,0.107355,4.5227625054401885,2.0048496691718887,-2.539413821780889,7.618241465342667,OFF,0,0.4254,ON,1,0.6284,ON,1,0.5026,ON,1,0.7028,ON,1,0.7065,OFF,0,-0.0813,ON,1,0.6877,ON,1,0.9812,ON,1,0.5316,ON,1,0.8515,ON,1,0.6835,ON,1,0.0838,OFF,0,0.1873,ON,1,0.5043,OFF,0,0.4999,ON,1,0.6757,ON,1,0.7517,OFF,0,-0.2143
GAPAC_TG4,TG4_20251003_0028,GAP,ON,manual,0,213651751.01280278,26706.46887660035,530145.9283824116,84700.0593285813,200599940.1357506,100299.9700678753,530145.9283824116,146096.06648024466,12818057.419979393,6409.028709989697,71197.15057567134,10200.473016038328,171388.57135960562,85.6942856798028,2319.787205469096,246.38823599381814,62364.8857131961,31.182442856598048,354.8115110548679,56.232523769896375,0.9389108171817881,0.059995096502678744,0.0008021865982710126,0.0002918997172621299,19.17985792040825,19.116823140051142,16.366365548687615,12.051694439418473,11.040773701546607,0.06389861039492362,0.0008543799726142598,0.0003108918460842612,0.004865392911720276,0.013370869371551604,0.001095284651481937,0.0619400953967639,0.00031084352922823203,0.0010946852648740949,512.8486509276795,641.5595767446475,3.6702368443461415,13.146907543348622,0.7646170047738545,0.008032558651269674,0.09615,19.85084328564726,-0.0013710419743482491,0.108435,4.455428518742394,1.9773743863170261,-2.6920164795015116,8.076049438504535,ON,1,0.5827,ON,1,0.9208,ON,1,0.5039,ON,1,0.7042,ON,1,0.7065,ON,1,0.0644,ON,1,0.7763,ON,1,0.9892,ON,1,0.5546,ON,1,0.8809,ON,1,0.6834,ON,1,0.2027,OFF,0,0.2923,ON,1,0.7936,OFF,0,0.4999,ON,1,0.7187,ON,1,0.7517,OFF,0,-0.0996
GAPAC_TG5,TG5_20250813_2113,GAP,ON,cluster,0,5392877466.664566,674109.6833330707,23413222.76816392,2972033.0962607325,5352931644.892044,2676465.822446022,23413222.76816392,5475644.959622758,39514872.94222382,19757.43647111191,340420.04185751453,55414.33101140909,42283.0068385323,21.14150341926615,134.98676652491213,30.496798682134642,388665.82346000115,194.33291173000057,2291.488589069937,442.319829325658,0.9925928556657476,0.007327233594028481,7.84052801123328e-06,7.207021221277378e-05,22.408344932417492,22.40091021896771,17.492187714491457,10.652164204617145,12.870477760637765,0.0073819124852696925,7.899037320769869e-06,7.260803037357664e-05,0.009835937572879818,0.0010700529620923953,7.99171264607391e-05,0.0073547995179084665,7.260539453812705e-05,7.991393325731486e-05,403.9948959878238,234.5747930732343,5.506794367349224,31.62964820223823,0.6983005163608372,0.00067393659382193,0.077115,34.73206712059005,-0.0016218868437550163,0.09966,5.893391818009523,2.7994005869833827,-3.1768108194433147,11.748746014350564,ON,1,0.9525,ON,1,1.0,ON,1,0.5333,ON,1,0.7099,ON,1,0.7065,ON,1,1.355,ON,1,0.9854,ON,1,0.9872,ON,1,0.9373,ON,1,0.8718,ON,1,0.6817,ON,1,0.4796,OFF,0,0.0201,OFF,0,0.006,OFF,0,0.4995,OFF,0,0.4608,ON,1,0.7517,OFF,0,-0.7787
GAPAC_TG5,TG5_20250904_0333,GAP,ON,cluster,0,5147964603.29759,643495.5754121988,22222265.561074257,2769985.845802019,5085952791.62863,2542976.395814315,22222265.561074257,5086345.531318527,61745994.24954354,30872.99712477177,1261817.5346274525,95076.5569278494,54139.9191897852,27.069959594892598,711.288090165941,41.474116102052754,211677.5002273754,105.8387501136877,1185.375800352791,212.50473099901916,0.9879541107121758,0.011994253847431547,1.0516762130630275e-05,4.1118678262042215e-05,22.361867251034585,22.34974822207641,17.93853967711083,10.899345541040148,12.26282389423003,0.012140496929341563,1.0644990507756648e-05,4.162002851772278e-05,0.0034281981009470393,0.0008768167044323617,5.163810674905551e-05,0.01206739218699562,4.16191624283669e-05,5.163677354791698e-05,423.4752770426675,272.68937404235646,5.442704792856021,30.99983713037875,0.7051520820421914,0.0007913025471565559,0.077655,34.53367266253465,-0.0016523081071404234,0.10155,5.876535770547648,2.706215848546132,-3.362308109282127,11.450402681036262,ON,1,0.9684,ON,1,1.0,ON,1,0.5335,ON,1,0.7113,ON,1,0.7065,ON,1,1.3968,ON,1,0.9884,ON,1,0.9927,ON,1,0.9331,ON,1,0.8978,ON,1,0.6818,ON,1,0.5682,OFF,0,0.0345,OFF,0,0.0163,OFF,0,0.4996,OFF,0,0.5,ON,1,0.7517,OFF,0,-0.6715
GAPAC_TG5,TG5_20250914_0133,GAP,ON,manual,0,4192335217.110096,524041.902138762,17752825.14479065,2225305.3741846937,4121544617.666416,2060772.3088332082,17752825.14479065,4079607.1821171893,70527826.35635878,35263.91317817939,2085087.7024281174,123267.26558621928,50458.54488618123,25.229272443090615,778.9964122811798,40.81546319397339,212314.54243465798,106.157271217329,1341.7089107470965,221.68564442284216,0.9831142798040664,0.01682304078846437,1.2035904161538838e-05,5.064350330768942e-05,22.156523746920247,22.139493837490917,18.071517904177902,10.828927202855548,12.265828854783937,0.017111989047516613,1.224262978250868e-05,5.151334320744746e-05,0.0030103656018247997,0.0007154416560525573,6.268333642361348e-05,0.016967228061523225,5.151201644074719e-05,6.268137190537548e-05,426.09139460804175,313.03079083867794,5.466519607725196,31.452820640658835,0.7097542644971536,0.0008934469544742301,0.072255,33.87672831568695,-0.00163873449721863,0.102225,5.820371836547696,2.6395823501660223,-3.291221660902327,11.31056663463537,ON,1,0.9432,ON,1,1.0,ON,1,0.5288,ON,1,0.7106,ON,1,0.7065,ON,1,1.2068,ON,1,0.978,ON,1,0.9866,ON,1,0.8924,ON,1,0.8771,ON,1,0.6822,ON,1,0.5182,OFF,0,0.0464,OFF,0,0.0349,OFF,0,0.4996,OFF,0,0.5348,ON,1,0.7517,OFF,0,-0.6082
Harq_ST1,20250220_1443,Har,OFF,cluster,3,8306342.960449005,1038.4226728902368,80002.64127333555,3704.8479262402275,7300518.800992917,3650.2594004964585,80002.64127333555,6699.106392140622,22279.095122263527,11.139547561131764,394.75766151023345,24.369155224031925,18085.17100607523,9.047109057566399,69.35151879699788,10.79481312527056,965459.8933277493,482.72994666387467,4305.863606218249,879.2681825734295,0.8789089056104039,0.002682178574656303,0.0021772723678986673,0.1162316434470412,15.93253011339765,15.803456109199088,10.011448963433521,9.802902892418572,13.780360875967991,0.003051713957538247,0.0024772446313833275,0.1322453814099223,43.33478931644891,0.8117551860170004,0.13431274197195459,0.003047066930363653,0.12420272432016313,0.12602695385482288,1384.51102175849,1858.5113628137212,7.95309918954219,90.79843487608872,0.7808374040790306,0.03816855550207073,0.146235,77.04246388482339,-0.00039011317339304014,0.179715,8.777383658263586,1.6579014155273355,-0.6743650777436988,6.000553216780515,OFF,1,0.0566,OFF,1,0.0151,ON,0,0.5441,OFF,1,0.5114,ON,0,0.6752,OFF,1,-1.061,OFF,1,0.0405,OFF,1,0.0198,OFF,1,0.3632,OFF,1,0.2261,ON,0,0.6704,OFF,1,-0.6911,OFF,1,0.014,OFF,1,0.0146,ON,0,0.5428,OFF,1,0.5122,ON,0,0.6632,OFF,1,-1.3869
Harq_ST1,20250307_1027,Har,ON,cluster,3,22219805.40834472,2777.8229039060784,430692.1810925044,11460.246665490286,17243281.803709466,8621.640901854733,430692.1810925044,21625.022794721037,2081462.8066701728,1040.7314033350865,17721.83498644177,2874.528983555498,211741.17654818486,105.92355004911698,1069.2708399295807,165.61443055417462,2683319.6214168943,1341.6598107084471,10233.312382204691,1727.9082715336936,0.7760320797964188,0.09367601418725624,0.009529389328885156,0.1207625166874398,16.916494629642067,16.66293322292122,14.548581957366148,12.263124665188002,14.802565623355251,0.12071152292032233,0.012279633248389045,0.15561536672441836,1.2891508860099474,0.10172710070511266,0.14981107674819902,0.11396377191851859,0.1446329871369844,0.13959764779102002,1460.4798183863736,2082.2369156926834,16.920922532698516,450.3765203230445,0.8044422994846493,0.10081825704482542,0.042555,155.04666639722225,-0.00044415412306484016,0.66585,12.451773624533956,1.3148992964935666,-0.6201225331886567,4.39980855773322,OFF,0,0.3373,OFF,0,0.0286,ON,1,0.504,OFF,0,0.5421,ON,1,0.6753,OFF,0,-0.2737,ON,1,0.7381,ON,1,0.9987,ON,1,0.5311,ON,1,0.9065,ON,1,0.669,ON,1,0.2015,OFF,0,0.0056,OFF,0,0.1168,ON,1,0.502,OFF,0,0.4427,ON,1,0.6633,OFF,0,-0.8832
Harq_ST1,20250525_1140,Har,OFF,cluster,3,6540591.449809711,817.6761407438069,37370.27720466349,2612.1557822262275,5559368.015087209,2779.6840075436044,37370.27720466349,4619.012812161184,27747.65564507235,13.873827822536175,251.45952227996895,28.37405190600752,11452.831446433926,5.729280363398662,97.10272743545738,8.65792114629659,942022.9476309954,471.0114738154977,3661.123358365381,824.1254646829411,0.8499794028946648,0.004242377139437386,0.001751039112337024,0.1440271808535606,15.693538307986396,15.53099517329158,10.230942672778454,9.346079577150915,13.755785975348948,0.00499115287380954,0.002060095934529027,0.1694478482220157,33.94964099478212,0.4127495163021118,0.17065617310770484,0.0049787383616541935,0.1565317128216376,0.15756442331832013,1531.730052478572,2043.4048074425768,6.228191715968739,52.02950124410746,0.7922815526073053,0.040471891433803586,0.144345,45.70303001707338,-0.00035611630279877777,0.3027,6.760401616528364,1.6127275090419777,-0.5917363993142105,6.184915596140664,OFF,1,0.034,OFF,1,0.0008,ON,0,0.5338,OFF,1,0.4593,ON,0,0.6752,OFF,1,-1.1088,OFF,1,0.0467,OFF,1,0.0188,OFF,1,0.3589,OFF,1,0.2278,ON,0,0.6705,OFF,1,-0.6454,OFF,1,0.0092,OFF,1,0.0057,ON,0,0.5329,OFF,1,0.4808,ON,0,0.6632,OFF,1,-1.3351
Harq_ST1,20250511_1129,Har,ON,cluster,3,17859268.97561318,2232.687707915137,165942.60520497337,8309.06241096846,14135197.88901106,7067.59894450553,165942.60520497337,15465.957633559678,1474629.7057504507,737.3148528752254,9927.753946644312,1811.9547424861012,78889.61936241708,39.46454195218463,653.3089900349878,78.44873101577782,2170551.76148925,1085.275880744625,7374.047838000173,1380.3957461563023,0.7914768464662615,0.08256943258786553,0.004417292749783925,0.12153642819608894,16.69803325775154,16.464178619687246,14.203918147425766,11.275817607020633,14.59049242187566,0.10432324452257921,0.005581076401041517,0.15355651746315627,1.4719300398083106,0.053497918192429224,0.14410417842195844,0.0992326989507312,0.1428497939317342,0.1346219538655953,1434.1787479438822,2066.9665178930036,9.680252469569231,121.8213486723713,0.8039594925114556,0.07632461060126332,0.0408,74.32414511742066,-0.00044266504159043283,0.6699,8.62114523234062,1.3598922005773184,-0.624562065937195,5.188361012666613,OFF,0,0.14,OFF,0,0.0049,ON,1,0.5026,OFF,0,0.5125,ON,1,0.6753,OFF,0,-0.5629,ON,1,0.5224,ON,1,0.8344,OFF,0,0.4502,ON,1,0.662,ON,1,0.6699,ON,1,0.1227,OFF,0,0.0013,OFF,0,0.0003,ON,1,0.5016,OFF,0,0.3436,ON,1,0.6633,OFF,0,-1.205
Harq_ST1,20250629_1937,Har,ON,cluster,3,17286094.361616418,2161.0319241925763,382216.3838184215,12213.810891357605,14340119.81396189,7170.059906980945,382216.3838184215,23673.324148566935,883949.3435160941,441.97467175804707,8027.57458098518,1001.5959745522773,216996.57208839233,108.55256232535885,2267.0470735990093,234.6952304963328,1845028.632050043,922.5143160250215,5933.302187013032,1166.0111882452093,0.8295754676547392,0.051136440946365186,0.012553244680315458,0.10673484671858027,16.665412999976045,16.478571818062733,13.69215616754894,12.28764144392725,14.428005896059522,0.061641698603898544,0.015132131035411856,0.1286620095219532,2.0872560691192628,0.24548530261360613,0.13544507600488953,0.059816482280943516,0.12103286879860317,0.1270247115168123,1240.7583707759754,1999.534232379265,16.452213103554605,335.10314684406825,0.762570785498142,0.09288065041739389,0.05241,176.86753237632564,-0.00042716455666325933,0.5808,13.299155325642786,1.4362285540272233,-0.6835219740010702,4.190930374135483,OFF,0,0.1492,OFF,0,0.0003,ON,1,0.5055,OFF,0,0.4238,ON,1,0.6753,OFF,0,-0.6281,ON,1,0.5944,ON,1,0.9976,ON,1,0.5218,ON,1,0.885,ON,1,0.669,ON,1,0.0116,OFF,0,0.0003,OFF,0,0.0,ON,1,0.5034,OFF,0,0.2647,ON,1,0.6632,OFF,0,-1.4723
Harq_ST1,20250817_1151,Har,ON,cluster,3,16242059.232684392,2030.5112179877976,213557.0053098062,8833.337713987066,12170701.37692063,6085.350688460315,213557.0053098062,16829.28218841597,1622094.9711686987,811.0474855843494,10755.803472362692,1971.5112204550367,126063.44355446786,63.063253403935896,785.5424754670967,112.05177870230816,2323199.441040595,1161.5997205202975,9914.956667600723,1547.7479681125317,0.7493324093061522,0.09987003174477455,0.007761543148468917,0.14303601580060427,16.603114746270048,16.314542177096246,14.299229680321847,11.744548511965666,14.65845629345445,0.13327867646515043,0.010357944020671835,0.19088459810918543,1.4322215914184897,0.07771643818337162,0.1775755128099295,0.12511491514266715,0.17469639072403945,0.1634576746270967,1606.7262533792646,2241.530256587399,13.222856386488877,226.49915542075496,0.7973310523743701,0.10543715490856363,0.04269,105.17400909581139,-0.0004028498873621433,5.511,10.255438025523326,1.3135821145610378,-0.552028627880599,4.56999366513058,OFF,0,0.1594,OFF,0,0.0106,ON,1,0.5019,OFF,0,0.5238,ON,1,0.6753,OFF,0,-0.4703,ON,1,0.6083,ON,1,0.9678,OFF,0,0.4756,ON,1,0.7777,ON,1,0.6696,ON,1,0.1518,OFF,0,0.0013,OFF,0,0.0006,ON,1,0.5009,OFF,0,0.339,ON,1,0.6633,OFF,0,-1.1957
Harq_ST1,20250927_1933,Har,ON,cluster,3,23902738.515435614,2988.215841409628,695389.6578955799,15800.727354235527,17328189.806014173,8664.094903007086,695389.6578955799,30516.124918249086,3667650.926306519,1833.8254631532595,21350.68285869644,4396.88058533546,98740.01641498329,49.39470556027178,619.799984828569,77.0029051593704,2808157.766699935,1404.0788833499673,9733.456097906688,1806.842911174415,0.7249457962661554,0.15344061618454594,0.004130908111270187,0.1174826794380283,16.989503634409704,16.667845259589694,15.115062213173733,11.500255705612245,14.848039583377021,0.21165805357426082,0.005698230312591997,0.16205719109362093,0.7656556807403435,0.026921868628973306,0.1384511256384196,0.1919897138251978,0.15019187502718673,0.1296686768680186,1554.521866466985,2046.3555155486633,24.39371554342981,801.9224946895512,0.7932331255674007,0.08324171361722507,0.045795,232.71065237627587,-0.00045729120771914285,0.76035,15.254856681576273,1.345791945872955,-0.6066018920708908,5.167589553977448,OFF,0,0.371,OFF,0,0.0277,ON,1,0.5007,OFF,0,0.5397,ON,1,0.6753,ON,1,0.0796,ON,1,0.6833,ON,1,0.9514,OFF,0,0.4744,ON,1,0.7554,ON,1,0.6697,ON,1,0.2823,OFF,0,0.3264,ON,1,0.9999,ON,1,0.5002,ON,1,0.6854,ON,1,0.6633,OFF,0,-0.099
Harq_ST1,20251011_19121,Har,ON,cluster,3,17391511.642063037,2173.9389552578796,244765.06104219332,7538.865271527669,11649029.672827281,5824.51483641364,244765.06104219332,13904.200506271252,3056046.109916375,1528.0230549581875,20196.96536675468,3478.914180245421,119237.56161484876,59.61878080742438,889.8824924847722,111.83772459983118,2567198.2977045327,1283.5991488522664,10756.969800517021,1699.6613412497718,0.6698112224272091,0.17572055683331372,0.006856078072389136,0.1476121426670881,16.671492865990007,16.270733530465176,14.932632844698281,11.688881484777694,14.758326095212981,0.2623434050515552,0.010235836371245068,0.22037872422049035,0.8400391242048181,0.03901693800623726,0.18268765826230696,0.23296983887159775,0.1991612402607652,0.16778952499795108,1790.015830331729,2178.232826471101,12.756685241431912,259.17884699796593,0.8243822987761805,0.1045141234985377,0.087375,112.59058606507524,-0.000422492155781914,17.58,10.610871126566257,1.2390504932079818,-0.5041358117507316,4.581852045687482,ON,1,0.5978,ON,1,0.7999,OFF,0,0.4976,ON,1,0.6431,ON,1,0.6753,ON,1,0.0812,ON,1,0.7076,ON,1,0.9759,OFF,0,0.4784,ON,1,0.7991,ON,1,0.6696,ON,1,0.282,OFF,0,0.0516,OFF,0,0.1649,OFF,0,0.4974,OFF,0,0.5,ON,1,0.6633,OFF,0,-0.3779
Harq_ST1,20251020_1923,Har,ON,cluster,3,21968365.371235818,2746.045671404477,248887.0446571149,9827.068366198106,16326659.741633212,8163.329870816606,248887.0446571149,18172.789750427826,2906334.989001798,1453.167494500899,21791.19894538098,3560.3031545599106,223937.78045100463,111.9688902255023,2202.694904722506,221.1483079987426,2511432.860149802,1255.7164300749012,11355.533885979094,1769.8006785367966,0.7431895576086172,0.13229636979759973,0.010193647850750723,0.11432042474303235,16.90511408434699,16.608309957914845,14.88240373549362,12.319127991925486,14.736364407025471,0.1780116101513664,0.013716080569741183,0.15382404606286118,0.8641236711021768,0.07705160667932524,0.14222281443480395,0.16382794099692724,0.14308168337826302,0.13297620116471542,1422.6992315958073,2024.8779231207384,10.10460347868724,145.61772334570944,0.810905925110969,0.10313417617242718,0.04242,90.63470693472168,-0.00046146780099075486,0.72795,9.52022620184936,1.2985960645140933,-0.6239818502964578,4.289181965989359,OFF,0,0.3828,OFF,0,0.4032,ON,1,0.5056,ON,1,0.614,ON,1,0.6753,OFF,0,-0.3634,ON,1,0.7891,ON,1,0.9993,ON,1,0.5409,ON,1,0.9242,ON,1,0.6689,ON,1,0.2608,OFF,0,0.0013,OFF,0,0.0004,ON,1,0.5019,OFF,0,0.3412,ON,1,0.6633,OFF,0,-1.1356
Harq_ST1,20251118_1033,Har,OFF,cluster,3,5698380.259518933,712.2975324398666,39620.047211647034,2383.947136278931,4907250.089118131,2453.625044559066,39620.047211647034,4252.061225613906,27850.856456409863,13.925428228204932,311.261168606874,30.688045369097768,10012.983776750065,5.006491888375033,76.3897131325948,6.759419783914716,753266.3301676405,376.63316508382024,4015.446863308549,720.366155559265,0.8611657814377608,0.004887504025356336,0.0017571631447416565,0.13218955139214114,15.555692702914026,15.406224483340695,10.234654902250861,9.211737772831665,13.53217546392024,0.005675450802510289,0.0020404470110361606,0.15350070130679938,27.04643325132754,0.3595215749311745,0.1546633640044774,0.0056594061102204305,0.1428014066131071,0.14380884175472983,1467.62451651628,1980.9614649046807,6.471149653949726,55.257597638030056,0.7862526663954185,0.042708978570004386,0.14826,55.62288988413176,-0.00036827727323371785,0.209415,7.458075481229909,1.626912753714548,-0.6246830064734853,6.194486710509031,OFF,1,0.0256,OFF,1,0.0004,ON,0,0.5263,OFF,1,0.4353,ON,0,0.6752,OFF,1,-1.1638,OFF,1,0.0455,OFF,1,0.0172,OFF,1,0.3568,OFF,1,0.2236,ON,0,0.6705,OFF,1,-0.6533,OFF,1,0.0032,OFF,1,0.0007,ON,0,0.526,OFF,1,0.4181,ON,0,0.6632,OFF,1,-1.398
Millenium_GT1_step,GT1 EMI Gen 20250429_1019,Mil,ON,manual,3,34115009.06222686,4264.909246434162,107873.83752538264,9699.762082259414,30002431.35114327,15001.215675571635,65252.63509266917,13365.603639055025,4092357.4828949147,2046.1787414474572,107873.83752538264,6417.196216958017,5163.803348956648,2.5831932711138808,131.482356507855,6.067550866831872,15056.424839719413,7.528212419859707,97.50087769955371,4.082013449104571,0.8794496081304825,0.1199576841803068,0.00015136456037686245,0.0004413431288338812,17.345248023181842,17.2167890147112,15.224632008007037,8.54962230705479,9.619626493354325,0.13640086148347558,0.0001721128294077308,0.0005018401563360355,0.003679156794744356,0.0012618162930630723,0.000593059199958699,0.1278661290788084,0.0005017142766773308,0.0005928834098505645,1049.082338906247,757.2412757111936,3.690057091592095,17.29361565524186,0.8359352481857335,0.01707724868078517,0.9696,25.29334888323171,-0.0012916571398015975,0.28758,5.029249335950132,1.4815401095304306,-2.5323875071189583,8.66716670765641,ON,1,0.6933,ON,1,0.7677,OFF,0,0.4874,ON,1,0.6208,ON,1,0.6754,ON,1,0.194,ON,1,0.5529,OFF,0,0.4007,OFF,0,0.4316,OFF,0,0.5062,ON,1,0.6702,ON,1,0.2636,ON,1,0.8325,ON,1,0.9426,OFF,0,0.4914,ON,1,0.6886,ON,1,0.6633,ON,1,0.3946
Millenium_GT1_step,GT1 EMI Gen 20250429_1526,Mil,ON,cluster,3,90519158.05085212,11316.309295018393,280957.5188133158,31379.797795550647,84671842.22589572,42335.92111294786,280957.5188133158,51044.5045202794,5821507.693485149,2910.7538467425748,70276.73498869315,6640.895569004526,10832.452856840497,5.418935896368432,161.72800765182274,12.161789403782416,14975.678614412132,7.487839307206066,93.03664884341651,3.787793211427257,0.9354024501457306,0.06431243748660063,0.0001196702785365614,0.00016544208913210452,18.321072088483763,18.254293674909036,15.577070011799181,9.290394112527979,9.614249511153098,0.06875376205886605,0.00012793453611107818,0.0001768672822124077,0.002572474246004836,0.0018607641571892512,0.00028519367991398714,0.06649326131771688,0.00017685164303866068,0.00028515301992691956,857.5325367303628,724.7857643138534,4.174159621307921,19.036599784095067,0.8054641963824446,0.009703385567563498,0.276645,24.827663462414815,-0.0014286841101039725,0.276915,4.982736543543955,1.6733705704654158,-2.8800147212519795,8.963899562381057,ON,1,0.6869,ON,1,0.8758,OFF,0,0.4977,ON,1,0.6407,ON,1,0.6753,ON,1,0.2347,ON,1,0.5691,OFF,0,0.4729,OFF,0,0.4573,OFF,0,0.5179,ON,1,0.6701,ON,1,0.2773,ON,1,0.8298,ON,1,0.9492,OFF,0,0.4984,ON,1,0.6902,ON,1,0.6633,ON,1,0.275
Millenium_GT1_step,GT1 EMI Gen 20250503_2347,Mil,ON,cluster,3,180564587.41623634,22573.39510141722,336924.200634066,46788.41567122228,173328963.86723435,86664.48193361718,336924.200634066,56725.51903731881,7177249.286771901,3588.6246433859505,103552.9145052433,7218.546957489961,9690.942468160707,4.8478951816711895,95.37033738919126,8.723761665766888,48683.31976192075,24.341659880960375,711.7791620885,58.264488000579846,0.9599277817841299,0.03974893078135499,5.367022740633637e-05,0.00026961720710881295,19.01159910229199,18.97070187786501,15.786426899257105,9.179050145905665,10.793112281083976,0.041408251261857494,5.591069289252586e-05,0.00028087238667860883,0.0067830052735719,0.0013502307194513004,0.0003233919830797001,0.040573884955005524,0.00028083294941419576,0.00032333970316330684,845.8500399143012,640.66048474561,2.5116638094485206,6.364017341768603,0.8378441923994221,0.008051024321853041,0.030945,14.92572114741001,-0.0015401004610981555,0.25896,3.863382086642507,1.545898670832336,-2.7258631989270117,9.791651731959346,ON,1,0.7623,ON,1,0.9441,ON,1,0.5019,ON,1,0.6511,ON,1,0.6753,ON,1,0.3041,ON,1,0.6558,ON,1,0.5945,OFF,0,0.4782,OFF,0,0.5578,ON,1,0.67,ON,1,0.3784,ON,1,0.9059,ON,1,0.9707,ON,1,0.501,ON,1,0.7106,ON,1,0.6633,ON,1,0.4003
Millenium_GT1_step,GT1 EMI Gen 20250506_1006,Mil,ON,cluster,3,213866889.6886845,26736.703298997938,880346.048160553,69214.16506261821,206790318.59561187,103395.15929780593,880346.048160553,105753.93097834272,7051371.438865335,3525.685719432667,205237.45173075143,11496.58592851567,10339.070990450442,5.172121556003223,113.88816288238104,11.910144747430104,14860.583216860463,7.430291608430231,89.72301390141729,3.655093262496964,0.9669113292694645,0.03297084204632923,4.8343486013662605e-05,6.948519819263413e-05,19.18086437333242,19.14721588903681,15.768732828021761,9.243782013653014,9.606534854780953,0.034099137168285845,4.9997848355120185e-05,7.186305102571535e-05,0.0021074741765765826,0.0014662496622235345,0.00011784256944119692,0.033530648829066846,7.186046900036473e-05,0.00011783562655105064,890.8461562847094,680.4597559998789,4.334628711955237,24.450410496494523,0.813734703564731,0.005824864369005667,0.060915,32.9264995132569,-0.0015948778648314243,0.2757,5.738161684129923,1.6801422243834623,-3.1802270114186193,9.903433875383797,ON,1,0.7517,ON,1,0.8399,ON,1,0.5018,ON,1,0.6239,ON,1,0.6753,ON,1,0.2324,ON,1,0.6217,ON,1,0.5547,OFF,0,0.4846,OFF,0,0.5407,ON,1,0.6699,ON,1,0.3307,ON,1,0.7351,ON,1,0.8568,ON,1,0.5006,ON,1,0.6604,ON,1,0.6633,ON,1,0.1899
Millenium_GT1_step,GT1 EMI Gen 20250506_1310,Mil,ON,cluster,3,292678709.2465041,36589.41233235456,2605310.0617114455,144756.9743948045,286601070.081542,143300.535040771,2605310.0617114455,261894.8509839779,6052567.626560351,3026.2838132801753,58029.71204146766,5404.192771695002,10252.071059189017,5.1285998295092625,129.97864812985063,11.739166933678039,14819.467342637447,7.409733671318723,88.663846655626,3.555155440224636,0.9792344336196886,0.020679904056371483,3.502841421428563e-05,5.063390972575316e-05,19.49458601326855,19.47360181055144,15.615993306277835,9.23533255522142,9.603764432943795,0.021118440433032192,3.577122393950631e-05,5.17076483295092e-05,0.002448459605408298,0.0016938383330404078,8.566966260242816e-05,0.020898536796398425,5.170631153514278e-05,8.566599316645436e-05,970.2366520088254,531.7576201805656,9.676068496421685,117.3816786234402,0.7746827230467386,0.004381258178110661,0.20631,71.20393293137606,-0.001615494741404121,0.209955,8.43824228920347,1.8485670528801426,-3.2899457925358817,10.23826925533002,ON,1,0.5887,OFF,0,0.0619,ON,1,0.5007,OFF,0,0.5136,ON,1,0.6753,OFF,0,-0.1085,ON,1,0.5643,OFF,0,0.4864,OFF,0,0.4965,OFF,0,0.5131,ON,1,0.6699,ON,1,0.2526,OFF,0,0.3842,OFF,0,0.3949,OFF,0,0.4991,OFF,0,0.5913,ON,1,0.6633,OFF,0,-0.1103
Millenium_GT1,GT1 Gen 4/13/2025  8:10:02 AM,Mil,ON,manual,4,23562703.36492064,2945.706133881815,223697.24453510344,8740.762582605843,19211763.349769134,9605.881674884567,58260.100656906376,12668.222441122043,4330326.126822324,2165.1630634111616,223697.24453510344,9100.826539006512,5372.859773520555,2.687773773647101,154.61166098539616,6.140684247507684,15241.02855566151,7.620514277830756,98.71060047564333,4.60622727734482,0.8153463145646931,0.183778833003906,0.00022802391093712483,0.0006468285204639058,16.975175696447174,16.771033375908218,15.281153646044702,8.589301695333052,9.631811927709514,0.22539972245047124,0.0002796651028696354,0.0007933175252152931,0.0035196029373524692,0.0012407517623763875,0.0008756184683470066,0.20326709481230584,0.0007930030151939355,0.0008752353381302353,994.7989246028014,825.6241428941156,6.968211297680404,91.29649389100088,0.8079202289582629,0.020182645477230667,0.97095,75.94010887987336,-0.0011883530845852362,0.49035,8.714362218751072,1.5806262991176545,-2.379740482732901,8.181731680575165,ON,1,0.7455,ON,1,0.6412,OFF,0,0.4813,ON,1,0.6465,OFF,0,0.7256,ON,1,0.1927,ON,1,0.6831,ON,1,0.6738,OFF,0,0.4322,ON,1,0.75,OFF,0,0.7331,ON,1,0.3287,ON,1,0.8254,ON,1,0.9188,ON,1,0.6,ON,1,0.6724,ON,1,0.8017,ON,1,0.5167
Millenium_GT1,GT1 Gen 4/13/2025  4:22:04 PM,Mil,ON,cluster,4,114894366.45309728,14363.591255544103,214542.82978061214,31463.028718515994,110216065.74815738,55108.03287407869,214542.82978061214,41482.47754095687,4657890.063669227,2328.9450318346135,55694.465952946106,4607.197303514609,4642.221852009636,2.322272062035836,133.11191251070795,5.3373715742161965,15768.41941867094,7.88420970933547,105.37391292022312,4.895244428796934,0.9592817224258797,0.04054063055885941,4.040425997652988e-05,0.00013724275528433327,18.55952372032147,18.51795324031862,15.35407334222062,8.443163768917948,9.665827863722681,0.04226144375641585,4.211928470225951e-05,0.0001430682479149771,0.003385313780086529,0.0009966361997714808,0.00017767857933015537,0.04139281757593008,0.00014305801462922356,0.00017766279636088168,795.5107963440489,587.2717764623912,2.6231181316523666,6.360555098386131,0.8305416111717351,0.007830817415424967,0.03027,14.936573031330221,-0.0015103427020728805,0.210495,3.864786285333951,1.583096316282145,-2.9507084588653125,10.07478947140067,ON,1,0.9694,ON,1,0.9955,ON,1,0.5024,ON,1,0.6854,OFF,0,0.7256,ON,1,0.6041,ON,1,0.8534,ON,1,0.9457,OFF,0,0.4765,ON,1,0.8755,OFF,0,0.7331,ON,1,0.5929,ON,1,0.9675,ON,1,0.9942,ON,1,0.7634,ON,1,0.7625,ON,1,0.8005,ON,1,0.7272
Millenium_ST1,ST1 GEN 4/13/2025  8:53:48 AM,Mil,ON,manual,0,11631120.679620264,1454.0718439330246,97711.8189684758,5727.331713364933,7988991.494613852,3994.495747306926,97711.8189684758,10373.146934787026,3628192.1391091775,1814.0960695545887,43519.05546898488,3577.7079015710947,764.8136241250097,0.3825981111180639,1.7684625477437663,0.09634629298895304,13172.232273108548,6.586116136554274,7.332828547205509,0.29191214763224527,0.6868634342872865,0.3119383109373457,6.575579818934349e-05,0.0011324989771784053,16.269194966930993,15.893575213998705,15.104245324497322,6.640938829594017,9.4859421915885,0.4541489550408004,9.573343827447411e-05,0.001648797884186955,0.0036305222458089194,0.00021079744258323157,0.001199692312409963,0.37442081887162426,0.0016474401092149552,0.0011989732566274065,1544.2852731641103,674.6938332202544,9.274143488452516,105.58592296013954,0.78395888886159,0.019577079594649664,0.207525,67.1987559460437,-0.0010489582987890694,0.69015,8.197484732873608,1.6308708493304864,-2.135877674136735,9.252636384404688,OFF,0,0.4125,ON,1,0.9872,OFF,0,0.4959,ON,1,0.7049,ON,1,0.7065,OFF,0,-0.0473,OFF,0,0.4753,OFF,0,0.2647,OFF,0,0.4184,OFF,0,0.5843,ON,1,0.684,ON,1,0.1532,ON,1,0.8029,ON,1,0.9933,OFF,0,0.4983,ON,1,0.7809,ON,1,0.7517,ON,1,0.5197
Millenium_ST1,ST1 GEN 4/13/2025  4:03:30 PM,Mil,ON,cluster,0,11982384.974688077,1497.9853700072606,138154.6829701066,6339.910474977373,8519333.773612814,4259.666886806407,138154.6829701066,11714.956903230694,3449221.810229673,1724.6109051148364,35137.27253547148,3372.414239628096,753.7208586815319,0.3770489538176748,1.2670032257779127,0.07123539501303812,13075.669986909237,6.537834993454618,7.375142552900854,0.29357573473841486,0.7109881539951597,0.2878577025789027,6.290240718135103e-05,0.0010912410187563365,16.298948293983837,15.957848817542777,15.05365949123271,6.626347957283783,9.478585004441337,0.404869899676034,8.847180762138531e-05,0.0015348230664946317,0.003790904356491582,0.00021851910377173613,0.0011554770121349688,0.33994470040289126,0.0015336464293712463,0.001154809962363187,1511.727466694579,651.5549513889188,9.749272174572813,118.03310563171318,0.772972262795084,0.017746094867852162,0.203475,92.22699082129738,-0.0010431359790684144,0.6402,9.603488471426774,1.6882504694930542,-2.159754604367147,9.331500860258995,OFF,0,0.3785,ON,1,0.9303,OFF,0,0.4958,ON,1,0.7042,ON,1,0.7065,OFF,0,-0.0697,OFF,0,0.4443,OFF,0,0.2345,OFF,0,0.4137,OFF,0,0.5624,ON,1,0.684,ON,1,0.1122,ON,1,0.7437,ON,1,0.9428,OFF,0,0.4982,ON,1,0.7168,ON,1,0.7517,ON,1,0.4482
Mosaic_Riverview,20251005_1001,Mos,ON,manual,0,19088415040.11666,2386350.173786306,22514654.29840088,4023881.313273928,18179747029.341858,9089873.514670929,22514654.29840088,1921282.9820288308,907540440.0742,453770.2200371,6748551.140671015,1005569.53829293,752472.8598120107,376.4246422271189,8609.63172361278,1221.5034427615071,375097.840792778,187.548920396389,10126.685021757672,877.6012031651192,0.9523968852906265,0.047544043765126213,3.942039494796168e-05,1.96505492993768e-05,23.672347445627857,23.623574010876265,20.626248686277535,13.53112153721045,12.83494484567005,0.04992041080711643,4.1390722246988916e-05,2.0632731587924482e-05,0.0004133125359814377,0.0008291342474507121,5.9074433829925696e-05,0.048714362065207406,2.0632518736045897e-05,5.907268900427559e-05,1012.3296400774377,623.6496164603846,1.3636750818294585,0.5469202006066012,0.8581587187263349,0.0013259955538263992,0.03918,9.43476550328654,-0.0022615756977722844,0.26463,3.0716063392442265,1.4859574225371976,-3.596209721735405,10.788629165206215,ON,1,1.0,ON,1,1.0,ON,1,0.63,ON,1,0.765,ON,1,0.7063,ON,1,1.217,ON,1,1.0,ON,1,1.0,ON,1,1.0,ON,1,1.0,ON,1,0.6737,ON,1,3.1458,ON,1,0.9891,ON,1,0.9987,ON,1,0.5011,ON,1,0.8618,ON,1,0.7517,ON,1,0.8251
Mosaic_Riverview,20251005_1002,Mos,ON,cluster,0,23658464604.850136,2957677.785329433,51164046.86551118,6740395.063457763,22749796594.075333,11374898.297037667,51164046.86551118,9278504.856189279,907540440.0742,453770.2200371,6748551.140671015,1005569.53829293,752472.8598120107,376.4246422271189,8609.63172361278,1221.5034427615071,375097.840792778,187.548920396389,10126.685021757672,877.6012031651192,0.9615922661951393,0.03836007345498441,3.180565063625257e-05,1.5854699240113857e-05,23.886986799301766,23.84782204142759,20.626248686277535,13.53112153721045,12.83494484567005,0.03989224414914322,3.307602583171997e-05,1.648796459527307e-05,0.0004133125359814377,0.0008291342474507121,4.766262149358283e-05,0.03911709639019531,1.6487828670278908e-05,4.766148566692985e-05,830.0070640411468,664.6155337854515,3.6096198279179035,15.628752488915794,0.8308338976168737,0.001064494152703846,0.05889,17.29872236904684,-0.002261081252058745,0.25491,4.159173279516595,1.6212098157827313,-3.670959065252514,11.012877195757541,ON,1,1.0,ON,1,1.0,ON,1,0.6583,ON,1,0.7758,ON,1,0.7062,ON,1,3.3272,ON,1,1.0,ON,1,1.0,ON,1,1.0,ON,1,1.0,ON,1,0.6718,ON,1,3.5641,ON,1,0.9817,ON,1,0.9992,ON,1,0.5007,ON,1,0.8656,ON,1,0.7517,ON,1,0.666
Mosaic_Riverview,20251005_1101,Mos,ON,manual,0,18633207686.310665,2329442.141056465,12660726.083511353,3865456.671610689,17754334192.27565,8877167.096137825,12660726.083511353,1200242.748161044,877175896.0633827,438587.94803169137,6779820.464277327,1012422.1956214878,1300764.838995897,650.7077733846409,8656.969898538722,1506.8949346953982,396833.13263656374,198.41656631828187,9504.823318608163,846.6091325441396,0.9528329470249666,0.047075946923933076,6.98089594070019e-05,2.129709169334847e-05,23.648211185338482,23.59989550296363,20.592218097002576,14.078463755896324,12.891273670442773,0.04940629631974677,7.326463639294447e-05,2.2351338458482622e-05,0.0004523985832459412,0.0014829008011204006,9.111435216917507e-05,0.04822457217599952,2.2351088671039227e-05,9.111020150871072e-05,1033.8376445982585,614.7976380330148,1.1920938879484915,-0.43606846579640113,0.8590571482007351,0.001734143508012087,0.127605,5.435089311885364,-0.002207637571846584,0.265845,2.3313278001783986,1.480303219735334,-3.5695406108402854,10.708621832520857,ON,1,1.0,ON,1,1.0,ON,1,0.6265,ON,1,0.7668,ON,1,0.7063,ON,1,1.4072,ON,1,1.0,ON,1,1.0,ON,1,1.0,ON,1,1.0,ON,1,0.6725,ON,1,3.0982,ON,1,0.9873,ON,1,0.9989,ON,1,0.5008,ON,1,0.8652,ON,1,0.7517,ON,1,0.8178
NC2,20250225_1344,NC2,ON,cluster,4,808191631.4167024,404095.8157083512,3192111.7668343186,737041.5833237754,714557469.8105053,1429114.9396210106,3192111.7668343186,828237.2877013008,93419119.1733828,186838.2383467656,1375813.5925079733,250673.70974876074,185291.07017851103,370.58214035702207,13728.829925386468,1547.6400335073922,29751.362635904214,59.50272527180843,664.8852994898334,88.14641741558559,0.884143614006417,0.11559030747401547,0.00022926625688230522,3.6812262685462594e-05,20.51030975719784,20.38717398710368,18.35260659502539,12.129688616854292,10.30066382415338,0.13073702692962771,0.0002593088421952239,4.1636066926560836e-05,0.00031847188133605017,0.0019834384205080647,0.00026614933618912464,0.12286965633155925,4.16352001695851e-05,0.0002661139247375646,322.657204000313,173.6589952584765,1.9445095295585029,2.642585409498164,0.8334415927241329,0.007624850555059844,0.25572,7.899393269486775,-0.00760698550559565,0.28272,2.8105859299235614,1.3572955445710866,-3.3621700543167665,10.0865101629503,ON,1,1.0,ON,1,1.0,ON,1,0.5738,ON,1,0.9079,OFF,0,0.7254,ON,1,2.1627,ON,1,0.9974,ON,1,1.0,ON,1,0.7189,ON,1,1.0,OFF,0,0.7323,ON,1,1.3407,ON,1,1.0,ON,1,1.0,ON,1,0.9934,ON,1,0.997,ON,1,0.8046,ON,1,2.2801
NC2,20250226_0205,NC2,ON,cluster,4,1055106085.4031986,527553.0427015993,8492569.893107474,1015489.4110123581,984559918.7542593,1969119.8375085187,8492569.893107474,1144454.4875263209,70380079.84777856,140760.15969555711,781630.6083853394,176352.85559379376,134354.10515256313,268.7082103051263,11346.262630527432,991.8269643473026,31732.69600804238,63.46539201608476,621.805849313736,79.32696939023688,0.93313831886205,0.06670426871899188,0.00012733705834065112,3.0075360617331704e-05,20.776907154651457,20.707705317324187,18.069420838589345,11.808241612224288,10.365134360870904,0.07148379545739457,0.00013646107524116775,3.2230334999004416e-05,0.0004508761012586934,0.0019089791521002646,0.00015743720152870932,0.0690444125855878,3.22298156129173e-05,0.0001574248095931141,216.26382235739297,174.08975210320193,2.594757180155741,8.445628765555153,0.825740495312325,0.005712003916259399,0.05646,16.098039828596228,-0.00776815077030484,0.24276,4.012236262808036,1.4292855419943726,-3.4475236521510944,10.342570956453283,ON,1,1.0,ON,1,1.0,ON,1,0.5754,ON,1,0.899,OFF,0,0.7254,ON,1,2.2988,ON,1,0.997,ON,1,1.0,ON,1,0.7308,ON,1,1.0,OFF,0,0.7322,ON,1,1.3004,ON,1,1.0,ON,1,1.0,ON,1,0.9939,ON,1,0.9971,ON,1,0.8029,ON,1,2.2304
NC2,20250225_1029,NC2,ON,cluster,4,835734538.5184531,417867.26925922657,3343181.4594272524,772232.4992995695,732939264.0812374,1465878.528162475,3343181.4594272524,894463.235932926,102643271.64934054,205286.5432986811,1843671.6915518194,304658.2427784348,121023.99760267336,242.04799520534672,9481.04669541493,854.6607124534021,30978.790272531925,61.95758054506385,606.8620920708781,91.56327869532097,0.8770000883062152,0.12281803242367033,0.00014481153048576697,3.706773962872172e-05,20.54382158416242,20.412573398411514,18.446770162499714,11.703752394999372,10.341090344178156,0.14004335240247634,0.00016512145485121556,4.226651755567329e-05,0.000301810238262516,0.0011790738511933405,0.00018191235620105913,0.13106629010656679,4.226562435158848e-05,0.00018189581215473705,326.12263746972116,170.87063938305786,2.0245257855580108,3.0882464843142063,0.8308331919774529,0.006511265618492711,0.21414,8.000582255111462,-0.007616349326460953,0.28488,2.8285300520074004,1.3893839889298294,-3.357161018077786,10.071483054233358,ON,1,1.0,ON,1,1.0,ON,1,0.5702,ON,1,0.9039,OFF,0,0.7255,ON,1,2.1283,ON,1,0.9964,ON,1,1.0,ON,1,0.6964,ON,1,0.9967,OFF,0,0.7324,ON,1,1.3402,ON,1,1.0,ON,1,1.0,ON,1,0.9933,ON,1,0.997,ON,1,0.8042,ON,1,2.2794
NC2,20250225_2304,NC2,ON,manual,4,660214612.9425538,330107.30647127685,3387080.786880493,590410.1248289197,589356291.1499326,1178712.5822998653,3387080.786880493,627433.4605925757,70693436.20120308,141386.87240240615,880227.3942962289,164901.20855397684,133180.05960306906,266.3601192061381,11340.816741448129,979.7998342624348,31705.53181478391,63.41106362956782,713.1098552050535,82.18885314688951,0.8926738057541501,0.10707644880219308,0.00020172237480399008,4.802306885252577e-05,20.308075512767815,20.194541469002925,18.073863300549757,11.79946483180558,10.364277989579348,0.11995025295016068,0.00022597546102920578,5.379688363540002e-05,0.0004484932904455971,0.0018839098332130684,0.00024980783202435333,0.11328426731175352,5.3795436634951423e-05,0.0002497766352432417,283.9503453527028,184.69302320600386,1.8842642511105099,2.497154877780681,0.8353569065080869,0.007966698583260412,0.06402,10.26054473948824,-0.00743303103597475,0.273,3.2032085070261456,1.3651667558637783,-3.2767544931411923,9.830263479423577,ON,1,1.0,ON,1,1.0,ON,1,0.5602,ON,1,0.8867,OFF,0,0.7255,ON,1,2.1324,ON,1,0.9952,ON,1,1.0,ON,1,0.6752,ON,1,0.9958,OFF,0,0.7324,ON,1,1.279,ON,1,1.0,ON,1,1.0,ON,1,0.9928,ON,1,0.9965,ON,1,0.8031,ON,1,2.2231
NC2,20250226_0105,NC2,ON,cluster,4,1084533522.688032,542266.761344016,9951278.429234564,1034904.7236564817,963756653.185812,1927513.3063716239,9951278.429234564,1213079.873983569,120561164.7780063,241122.3295560126,3021410.7884020954,464016.93901787605,177586.16495101518,355.17232990203036,11463.566596278048,1393.9021139878694,38118.55926250618,76.23711852501236,659.9360462223558,103.38192445339209,0.8886370342865265,0.11116407400593181,0.0001637442838197065,3.514742372188624e-05,20.804415799406772,20.686349387290935,18.607667781927255,12.087216837508686,10.548482795857286,0.12509502723480762,0.00018426452815031974,3.955205822600625e-05,0.0003161761030817425,0.0014729964269838438,0.00019893127332222703,0.11786750074226998,3.9551276063975304e-05,0.0001989114891202284,240.37324511089483,203.44028537427877,2.7237283606622427,10.85949625965213,0.8288506611891377,0.006450694655850247,0.08238,18.351260188933903,-0.0077656925586532055,0.26652,4.283837087113482,1.3949027315753983,-3.3792888638112166,10.13786659143365,ON,1,1.0,ON,1,1.0,ON,1,0.597,ON,1,0.9137,OFF,0,0.7254,ON,1,2.4472,ON,1,0.9982,ON,1,1.0,ON,1,0.7513,ON,1,1.0,OFF,0,0.7321,ON,1,1.3858,ON,1,1.0,ON,1,1.0,ON,1,0.9937,ON,1,0.9972,ON,1,0.8027,ON,1,2.2845
NC2,20250225_1237,NC2,ON,cluster,4,845346566.1675973,422673.28308379865,3416540.2310490757,780864.0258721834,742052086.7760329,1484104.1735520659,3416540.2310490757,911409.1511833175,103084713.46155378,206169.42692310756,1892392.8386006504,279043.6656262924,180435.4105219188,360.87082104383757,12885.235921294428,1464.552520274709,29330.519488735605,58.66103897747121,597.8760358153522,84.93725035800796,0.8778081280203777,0.1219437300477735,0.00021344548820956104,3.4696443639330494e-05,20.555257239897458,20.424929997826883,18.451061678650913,12.103133698406703,10.286417967269047,0.13891843348816943,0.00024315733859849357,3.9526227351730555e-05,0.0002845283117527834,0.001750360499272395,0.0002482035215502204,0.1300790695110886,3.9525446210989854e-05,0.0002481727241520751,327.0810439460033,174.93618230359624,2.051664892512624,3.208510660797309,0.8327401687116105,0.007507501586955051,0.21252,8.083170542794198,-0.007644533269759124,0.28434,2.8430917225428574,1.3570127631500588,-3.3795040101859453,10.138512030557836,ON,1,1.0,ON,1,1.0,ON,1,0.5777,ON,1,0.9107,OFF,0,0.7254,ON,1,2.1561,ON,1,0.9975,ON,1,1.0,ON,1,0.722,ON,1,1.0,OFF,0,0.7323,ON,1,1.3578,ON,1,1.0,ON,1,1.0,ON,1,0.9935,ON,1,0.9971,ON,1,0.8042,ON,1,2.2981
OPPD_NC1,20251022_0829,OPP,OFF,cluster,1,39974.36922886405,19.987184614432024,696.9918039516815,69.94061019038327,36144.33946444195,72.28867892888391,696.9918039516815,126.06328934859795,225.57282027723102,0.45114564055446205,1.4375438300800312,0.10586898873639937,189.1689681570124,0.3783379363140248,0.738824664194059,0.03565668360231195,3415.287975987856,6.830575951975712,7.527017231156208,0.2899453843776874,0.9041878624151831,0.005642936327169171,0.004732256488500632,0.0854369447691445,10.59601877415391,10.495303297130286,5.423066395580021,5.247912983051648,8.13630985345941,0.006240889268232553,0.00523370937067142,0.09449025840555904,15.14051186064848,0.8386159604065156,0.09910546156472792,0.006221495566275695,0.09028873744373743,0.09449663220486246,226.105262969852,482.74340540655896,5.7389229394663035,37.59643817181013,0.7387287701124602,0.09260209743396766,0.0327,34.87193506207581,-0.0005561217662037838,0.13692,5.905246401352805,1.5228087887731727,-0.786331147890292,5.247390314078638,OFF,1,0.0007,OFF,1,0.0344,ON,0,0.5137,OFF,1,0.6776,OFF,1,0.7213,OFF,1,-1.769,OFF,1,0.0027,OFF,1,0.0005,OFF,1,0.2587,OFF,1,0.0125,OFF,1,0.7285,OFF,1,-1.5709,OFF,1,0.123,ON,0,0.919,ON,0,0.5168,ON,0,0.6786,OFF,1,0.773,OFF,1,-0.7233
OPPD_NC1,20251022_1233,OPP,ON,cluster,1,4096152.3063971186,2048.0761531985595,947385.9364324957,25587.84622150927,1964480.1400343378,3928.9602800686757,45281.12029474322,8721.777966391588,304247.8129336171,608.4956258672341,3278.4745660061017,602.5811808640219,1816850.8835780227,3633.701767156045,947385.9364324957,50301.94434111683,10573.469851140802,21.146939702281603,172.30730904941538,24.692782297934365,0.47959157596907065,0.07427648929422415,0.44355061718300287,0.002581317553702241,15.225558873320669,14.490738717544819,12.6256011092271,14.412615827037467,9.266197870377985,0.15487446614153308,0.9248507259255574,0.005382324634216258,0.034752821225416806,5.971615263405243,0.8054841264849396,0.14399165074351375,0.005367891690346328,0.5908287699409478,582.9817129827744,483.392039400236,31.167778042023137,1058.824918561686,0.5602330658825228,0.03699590174904984,6.78,462.57358885453567,-0.003254118003336497,6.834,21.507524005624493,2.0778345350426797,-1.741513615722278,5.224540847166834,ON,1,1.0,ON,1,1.0,ON,1,0.5991,ON,1,0.7397,OFF,0,0.72,ON,1,12.0445,ON,1,0.9991,ON,1,1.0,ON,1,0.9352,ON,1,1.0,OFF,0,0.7228,OFF,0,-0.4818,ON,1,1.0,ON,1,1.0,ON,1,0.5049,ON,1,0.6792,OFF,0,0.7721,ON,1,3.2651
OPPD_NC1,20251022_2002,OPP,ON,cluster,1,2474650.3575501516,1237.3251787750758,325427.0739417672,9206.554930784534,1498548.1887749073,2997.0963775498144,30114.93238105462,6272.264845621347,339348.5386349509,678.6970772699018,2833.1420820567437,609.0597700808239,626404.2170692412,1252.8084341384824,325427.0739417672,17159.26822387693,10349.413071052091,20.69882614210418,161.15505101301915,24.274619774102707,0.6055595628703023,0.13712989295623093,0.25312837232059215,0.004182171852874512,14.72161007842613,14.220007990542062,12.734785942575805,13.347752752278646,9.244781708143702,0.22645153567744028,0.4180073899264601,0.006906293136629817,0.030497886075044573,1.845902208941705,0.346457785491202,0.2041250696082924,0.006882553931451037,0.2974772814904215,442.0537480611917,454.02686636944486,26.875453136990924,863.7442128777285,0.6755832982739385,0.06130268353164975,6.78,263.00852801193815,-0.003227698226384941,6.78,16.217537667921846,1.6338046159572601,-1.6584087607994533,4.97522628239836,ON,1,1.0,ON,1,1.0,OFF,0,0.4854,ON,1,0.7001,OFF,0,0.721,ON,1,5.4221,ON,1,0.8169,ON,1,1.0,ON,1,0.6419,ON,1,1.0,OFF,0,0.7264,OFF,0,-0.3238,ON,1,1.0,ON,1,1.0,OFF,0,0.4625,ON,1,0.6788,OFF,0,0.7728,ON,1,2.9779
OPPD_NC1,20251023_0122,OPP,ON,cluster,1,4156232.895250976,2078.116447625488,1036174.3872361779,27754.231871252545,1847648.9460460183,3695.2978920920364,47641.80142617226,8145.426758354749,325473.1384734897,650.9462769469793,2842.414641761221,599.842714226118,1972500.982904126,3945.001965808252,1036174.3872361779,54791.54081907595,10609.827827342495,21.21965565468499,183.07676407048712,25.23679425509052,0.4445489443474623,0.07830964882776037,0.47458865578922654,0.002552751035550864,15.24011990855196,14.429425090105667,12.69303828577996,14.49481333697625,9.269630251876574,0.1761552913879167,1.0675734625477553,0.0057423396636259606,0.03259816732364255,6.060410982452639,0.9125630008813037,0.16225089125846454,0.005725915277492762,0.648444227813273,615.8822522956876,480.3682434963917,31.704987446039997,1088.0277167788531,0.5473428959570047,0.036680874687169754,6.78,498.6122834550917,-0.0032541962398088785,6.834,22.329627929119823,2.094239242747013,-1.719931612743031,5.225183085099676,ON,1,1.0,ON,1,1.0,ON,1,0.6194,ON,1,0.7446,OFF,0,0.7198,ON,1,13.0128,ON,1,0.9996,ON,1,1.0,ON,1,0.95,ON,1,1.0,OFF,0,0.7223,OFF,0,-0.4805,ON,1,1.0,ON,1,1.0,ON,1,0.5157,ON,1,0.6792,OFF,0,0.7719,ON,1,3.3404
OPPD_NC1,20251023_0850,OPP,ON,cluster,1,4941023.260604671,2470.5116303023356,1173481.3403930664,31309.87858039816,1547828.5576008982,3095.6571152017964,38474.23347759619,6835.093566220339,1146326.2184732454,2292.652436946491,28881.05138579593,3767.4591659103025,2236185.048486419,4472.370096972838,1173481.3403930664,62047.50507567569,10683.43604410888,21.366872088217757,195.75625182414024,25.69042803634266,0.3132607308170167,0.23200178546274655,0.4525752927163431,0.0021621910038936883,15.41308320787547,14.252364222160839,13.952073666454583,14.620282315737752,9.276543386211415,0.7406028354001211,1.4447239892969892,0.0069022088988079395,0.009319717085707488,1.9507405592299638,0.8339789920324385,0.5542315103505322,0.006878497698877031,0.606487919042625,675.1625246471546,429.025208407477,32.049726913851266,1104.531347719792,0.5912092213488873,0.04269001483201977,6.78,474.9952706150227,-0.0034767659047571942,6.834,21.794386217857358,1.8244598721974177,-1.6586069453164747,5.343738929526337,ON,1,1.0,ON,1,1.0,ON,1,0.6569,ON,1,0.7503,OFF,0,0.7194,ON,1,14.7161,ON,1,1.0,ON,1,1.0,ON,1,0.9703,ON,1,1.0,OFF,0,0.7214,OFF,0,-0.2055,ON,1,1.0,ON,1,1.0,ON,1,0.5386,ON,1,0.6786,OFF,0,0.7715,ON,1,3.7918
OPPD_NC1,20251023_0955,OPP,ON,cluster,1,22889446.859002598,11444.723429501299,745991.5227594376,30947.86340089109,16342418.718513345,32684.83743702669,140899.58611883316,33935.8289263731,3788992.5679027326,7577.985135805466,170576.96566917002,21591.318828468437,1532466.0980451126,3064.9321960902253,745991.5227594376,39741.15724083054,1225569.4745414068,2451.1389490828137,18750.015118182637,4086.112186567459,0.7139717625848064,0.16553447495881676,0.06695077026041726,0.053542992195959545,16.946186570143833,16.609274722020874,15.147610992428099,14.242389477097179,14.018916987062587,0.23185017059991117,0.0937722943244001,0.07499315099257356,0.3234552331728261,0.4044521256194895,0.1370016007992148,0.20851724294285257,0.07231429038963111,0.12839462268228458,390.05546664855046,415.40064545089336,9.904135897290928,184.136748627869,0.8148458857629122,0.10768999861755772,6.78,65.18213632288163,-0.0029437315237297954,0.7968,8.073545461738624,1.1847704474141327,-0.863452578319429,2.590357734958287,ON,1,1.0,ON,1,1.0,ON,1,0.5133,ON,1,0.7239,OFF,0,0.7208,ON,1,8.4376,ON,1,0.9997,ON,1,1.0,ON,1,0.9213,ON,1,1.0,OFF,0,0.7235,ON,1,0.3292,ON,1,0.9998,ON,1,0.9993,OFF,0,0.4407,ON,1,0.6786,OFF,0,0.7732,ON,1,0.605
OPPD_NC1,20251023_1414,OPP,ON,cluster,1,24323437.90686526,12161.71895343263,580195.6488392092,30110.230304487144,14671091.667296441,29342.183334592883,145375.83376155142,32023.84425692381,5065981.30971719,10131.96261943438,238202.62079453468,33118.16232426984,1417105.595683882,2834.211191367764,580195.6488392092,30218.807128156768,3169259.334167746,6338.518668335491,59398.53159369528,13068.586964183607,0.6031668600249779,0.20827571041210927,0.05826090872145609,0.13029652084145663,17.006951007486308,16.501389630460395,15.438058617575006,14.164127742155303,14.969008785556955,0.34530363687996735,0.096591693912095,0.21602068926010293,0.6255963337425035,0.27972973231571446,0.2323731049276055,0.2966197399026935,0.1955837975933991,0.20894166417183574,497.28835459839723,511.2102041671179,6.4809125089373785,78.23053624985953,0.8214696169416487,0.1336259278716785,6.78,47.706714080532585,-0.0023634307704622232,6.834,6.907004711193301,1.141582266054032,-0.5107936149678132,2.3372618883050915,ON,1,1.0,ON,1,1.0,ON,1,0.5034,ON,1,0.7143,OFF,0,0.721,ON,1,6.4235,ON,1,0.9996,ON,1,1.0,ON,1,0.9062,ON,1,1.0,OFF,0,0.7239,ON,1,0.3814,ON,1,0.9926,ON,1,0.8679,OFF,0,0.4401,ON,1,0.6785,OFF,0,0.7731,ON,1,0.303
OPPD_NC1,20251023_1623,OPP,ON,cluster,1,24683214.401003137,12341.607200501569,972953.9425909519,36306.161159932926,14060589.672357006,28121.17934471401,141183.49867884908,30352.60380045167,5439789.817794071,10879.579635588141,321348.16520753875,35916.19220364677,2037985.5915923484,4075.9711831846967,972953.9425909519,51296.25822000354,3144849.3192597106,6289.698638519421,55982.86268665106,8597.15463196911,0.5696417591294584,0.2203841740147505,0.082565647993947,0.12740841886184412,17.021634032186398,16.458886454300565,15.509251165481421,14.52747291354412,14.961276853743929,0.3868820543485642,0.14494310971885233,0.22366411313760423,0.578119637816158,0.3746441792522073,0.2657812333072519,0.32705810119818557,0.2018497290595594,0.2356895072950242,530.4297071161825,532.3245711161295,13.03564697333597,281.9526093641189,0.8226717986351635,0.16309533913414617,6.78,78.83527054332136,-0.0019515346277465756,6.834,8.878922825612355,1.0778806480287753,-0.49920320018554537,1.931413540756445,ON,1,1.0,ON,1,1.0,ON,1,0.5473,ON,1,0.7377,OFF,0,0.7205,ON,1,10.9576,ON,1,1.0,ON,1,1.0,ON,1,0.9669,ON,1,1.0,OFF,0,0.7219,ON,1,0.4148,ON,1,0.998,ON,1,0.9996,OFF,0,0.4432,ON,1,0.6786,OFF,0,0.7731,ON,1,0.9385
OPPD_NC1,20251023_1833,OPP,ON,cluster,1,22629641.129826386,11314.820564913192,950938.8778335191,32432.89251850708,13830166.697714388,27660.333395428777,145819.19265389442,30549.2738805746,2664111.850425309,5328.223700850618,126497.90221641306,16776.069860370524,2022159.8959184964,4044.319791836993,950938.8778335191,49989.407872256175,4113202.6857681903,8226.40537153638,80288.12526559923,11336.705555654898,0.611152718612312,0.1177266504201849,0.08935890252599911,0.18176172844150387,16.93477120351324,16.44236282921561,14.795381671015965,14.519677248056807,15.229712768419672,0.19263049453087178,0.14621370371859205,0.29740803387768655,1.5439301788736832,0.7590371611443086,0.3719691384973179,0.17616136716939493,0.2603684540681395,0.31624703524408443,582.0059609151233,604.273680351836,15.641441458821228,394.3072576474996,0.8320766348987555,0.1721573284223878,6.78,84.04365516695283,-0.0016417009914031385,34.9,9.167532665161087,1.046077930666713,-0.40421668693197965,1.9226855811588042,ON,1,1.0,ON,1,1.0,ON,1,0.5427,ON,1,0.7367,OFF,0,0.7205,ON,1,11.3977,ON,1,1.0,ON,1,1.0,ON,1,0.9648,ON,1,1.0,OFF,0,0.722,ON,1,0.3197,ON,1,0.9995,ON,1,0.9999,OFF,0,0.439,ON,1,0.6786,OFF,0,0.7731,ON,1,1.9381
OPPD_NC1,20251024_0206,OPP,ON,cluster,1,20723100.929079276,10361.550464539638,795549.7819313444,30364.823539928137,14542862.786035415,29085.72557207083,141458.67516929284,32248.178989740183,3121058.0225322107,6242.116045064421,166660.08896255493,20842.71872776188,1639477.4327903339,3278.954865580668,795549.7819313444,41459.524887374595,1419702.6877213144,2839.4053754426286,22070.902547920356,4530.293355234294,0.7017705909846935,0.15060767368809408,0.07911351869592885,0.06850821663128345,16.846759671152476,16.492610969825357,14.953682932491018,14.30988872043212,14.165958737183908,0.2146109791759123,0.11273416086717856,0.09762195439844669,0.4548786589263762,0.5252954033387851,0.1731880568116941,0.19442384377517158,0.09314597997461642,0.15972487805885308,407.756597909661,450.7136786804147,11.738918119193603,249.02932032485123,0.8056648250653186,0.1103686014557709,6.78,76.77902883877745,-0.0025648362866244855,2.8758,8.76236434066898,1.2101401134255427,-0.7755507442138162,2.3266522326414485,ON,1,1.0,ON,1,1.0,ON,1,0.5197,ON,1,0.7267,OFF,0,0.7208,ON,1,9.0875,ON,1,0.9998,ON,1,1.0,ON,1,0.9329,ON,1,1.0,OFF,0,0.7232,ON,1,0.2853,ON,1,0.9996,ON,1,0.9998,OFF,0,0.4417,ON,1,0.6786,OFF,0,0.7731,ON,1,0.7815
OPPD_NC1,20251024_0625,OPP,ON,cluster,1,27834000.06958753,13917.000034793764,928973.7139827348,51841.68205988168,14339455.931693953,28678.911863387904,155374.402172599,31748.737328401705,10079091.996543825,20158.18399308765,680839.6256817915,83023.40668375352,1844500.7803113542,3689.0015606227084,928973.7139827348,48395.52102247493,1570951.3610383917,3141.9027220767834,29193.21802212298,5446.4729787469405,0.5151776926005608,0.36211439144015156,0.0662679016921727,0.0564400142671147,17.141768891389308,16.47852552154652,16.125973836057405,14.427719761218377,14.26719259280496,0.7028922188230091,0.1286311551217502,0.1095544606797855,0.15586238934786226,0.18300267335030382,0.13987122212946798,0.5323281106718509,0.10395854797204071,0.13091529298127252,450.99125572266917,400.4482373575342,9.292166179466031,109.92175622336295,0.763992043866308,0.08618342406497861,6.78,66.75100320904,-0.002724305654256562,0.543,8.170128714342713,1.3596880424687108,-0.7371109762471862,2.211332928741559,ON,1,1.0,ON,1,1.0,ON,1,0.5377,ON,1,0.7342,OFF,0,0.7206,ON,1,10.3,ON,1,1.0,ON,1,1.0,ON,1,0.9545,ON,1,1.0,OFF,0,0.7225,ON,1,0.4045,ON,1,0.9993,ON,1,0.9975,OFF,0,0.4423,ON,1,0.6786,OFF,0,0.7731,ON,1,0.3556
OPPD_NC1,20251024_0939,OPP,ON,cluster,1,21792032.708030924,10896.016354015463,849703.1774256229,31633.953387957557,13969863.66495147,27939.72732990294,132229.33279801998,29670.599771313246,3769821.5953130284,7539.643190626057,167539.04603237752,24269.137222017584,1772091.0483323901,3544.18209666478,849703.1774256229,45555.285789790934,2280256.3994340333,4560.512798868067,46026.7801862231,7890.947676891323,0.6410537214274287,0.1729908194348365,0.08131829976922388,0.10463715936851087,16.897055034737765,16.452413043638007,15.142538501370835,14.387671354809523,14.639798889047132,0.269853857254938,0.12685099087818616,0.16322681839442213,0.6048711701021721,0.47007292083400937,0.22843401042988826,0.2389018208214832,0.15119788323493458,0.20574019597257767,467.32821932788517,497.1955932935916,12.90028952156321,286.74020352935605,0.8132344839580201,0.12150734115472969,6.78,77.98292052971063,-0.0023327544722202514,6.78,8.830793878783602,1.1680535524288875,-0.6042047181969584,2.0647416888284837,ON,1,1.0,ON,1,1.0,ON,1,0.5306,ON,1,0.7306,OFF,0,0.7207,ON,1,9.7292,ON,1,0.9999,ON,1,1.0,ON,1,0.9467,ON,1,1.0,OFF,0,0.7228,ON,1,0.3267,ON,1,0.9997,ON,1,1.0,OFF,0,0.442,ON,1,0.6786,OFF,0,0.7731,ON,1,1.0409
OPPD_NC1,20251024_1712,OPP,ON,cluster,1,30050688.725169025,15025.344362584512,921283.855242148,52862.411634064745,14502530.972584892,29005.061945169786,153876.48649174348,31048.547539387688,10688565.964997191,21377.131929994383,646032.998643402,85984.70885870357,1852298.4256795328,3704.5968513590656,921283.855242148,48135.919885287556,3007293.3619074104,6014.586723814821,39148.99647899065,7626.153920873214,0.482602282603868,0.3556845589380771,0.061639133885411944,0.10007402457264299,17.218396171266743,16.489833810945672,16.184685220226367,14.431938358052749,14.916551349400157,0.7370138347024922,0.12772242508434764,0.20736334696282266,0.28135611191953935,0.1732971880180417,0.1929090979891719,0.5521674519379534,0.1884389299232344,0.176394944059454,511.59460363722087,484.09746533428154,9.119229870879552,104.30692188627852,0.7824744138017898,0.126809156882081,6.78,61.31532382953463,-0.0018233748348998396,6.78,7.830410195477309,1.2334424374484425,-0.5244274871818385,2.0578954528929234,ON,1,1.0,ON,1,1.0,ON,1,0.5388,ON,1,0.7341,OFF,0,0.7206,ON,1,10.0821,ON,1,1.0,ON,1,1.0,ON,1,0.9556,ON,1,1.0,OFF,0,0.7225,ON,1,0.4595,ON,1,0.9761,ON,1,0.8905,OFF,0,0.4412,ON,1,0.6786,OFF,0,0.7731,ON,1,0.3469
OPPD_NC1,20251024_1817,OPP,ON,cluster,1,23329658.08171667,11664.829040858336,873807.0848691612,30564.125460308303,15130235.11004903,30260.47022009806,177892.34346375708,29279.340698116677,2087152.9184990807,4174.305836998162,88982.37292799726,12239.569471042225,1824077.680982283,3648.155361964566,873807.0848691612,46292.04604698115,4288192.372186277,8576.384744372554,47716.08799669519,10531.444680774503,0.6485407997430753,0.08946350225915961,0.07818707306352694,0.18380862493423814,16.96523603101972,16.532205691065712,14.551311934417523,14.416585585189507,15.271376076841506,0.137945835165028,0.12055844920550289,0.2834187533105755,2.0545654964601057,0.8739549770474628,0.355005651439897,0.12922473805559648,0.24952741843772433,0.30380562512731846,561.7219457127119,621.220311680658,14.649203990402277,358.20998712155,0.84209545111628,0.17758530779774365,6.78,74.90954919343217,-0.0015046501260380777,35.18,8.65503028263299,1.0172682688506773,-0.4202765380747356,2.1156201058762054,ON,1,1.0,ON,1,1.0,ON,1,0.5308,ON,1,0.7321,OFF,0,0.7207,ON,1,10.3003,ON,1,0.9999,ON,1,1.0,ON,1,0.9505,ON,1,1.0,OFF,0,0.7226,ON,1,0.2983,ON,1,0.9989,ON,1,0.9999,OFF,0,0.4378,ON,1,0.6786,OFF,0,0.7731,ON,1,1.7853
OPPD_NC1,20251024_1922,OPP,ON,cluster,1,29752693.91384454,14876.34695692227,973102.4116106667,60934.84920962601,11932908.902212799,23865.8178044256,105313.48076225817,24975.42321675988,12531188.543610739,25062.377087221477,816090.1399884373,105436.92453280179,2023782.8462018953,4047.5656924037908,973102.4116106667,51715.61773018217,3264813.6218191097,6529.62724363822,43232.81958480948,8093.542253717566,0.4010698640186047,0.42117828321353173,0.06802015481563461,0.10973169795222895,17.208430271192622,16.294810679018486,16.343731258009463,14.520479508331668,14.998713541689993,1.0501369486937042,0.16959677332544137,0.27359746467296164,0.26053503308618525,0.16149967252975356,0.21617786962026875,0.7179065951598442,0.2418455454283632,0.19571304720569802,554.0809047764309,479.4919952873783,9.853647672042882,111.19954384906619,0.7614327960008251,0.1283822694543124,6.78,65.41272628478563,-0.0016171956630943757,6.78,8.087813442746983,1.2757806201482937,-0.4320323791094977,1.8232517496777945,ON,1,1.0,ON,1,1.0,ON,1,0.5498,ON,1,0.7377,OFF,0,0.7205,ON,1,10.4903,ON,1,1.0,ON,1,1.0,ON,1,0.9667,ON,1,1.0,OFF,0,0.722,ON,1,0.4576,ON,1,0.9644,ON,1,0.9425,OFF,0,0.444,ON,1,0.6786,OFF,0,0.7731,ON,1,0.2813
OPPD_NC1,20251025_0046,OPP,ON,cluster,1,21976668.102515317,10988.334051257658,842170.1698228901,32291.79166447618,14782705.122516692,29565.410245033385,142109.62286049002,32227.090183202607,3821095.5050029303,7642.19101000586,151940.142025,25071.111477399103,1746266.09121122,3492.53218242244,842170.1698228901,44708.51755827383,1626601.3837844748,3253.2027675689496,36118.66041081001,5719.963825603004,0.672654519491276,0.17387055613610466,0.07946000199235628,0.07401492238026308,16.905491953259315,16.50896855026445,15.156047982588227,14.372990976884779,14.302003970215075,0.25848418630650105,0.11812899443899667,0.1100340817396649,0.4256898006486236,0.4570066591961365,0.18129991513702898,0.22990797000495117,0.1043907191228447,0.16661545513370682,428.4368335955702,451.4155545140392,11.882660699133561,251.1397632621084,0.8050875386531603,0.1063227121177556,6.78,76.64220671617575,-0.002553319624339268,6.78,8.754553484674716,1.2227664839205123,-0.7356548600164577,2.206964580049373,ON,1,1.0,ON,1,1.0,ON,1,0.5265,ON,1,0.7298,OFF,0,0.7207,ON,1,9.6769,ON,1,0.9999,ON,1,1.0,ON,1,0.9444,ON,1,1.0,OFF,0,0.7229,ON,1,0.3119,ON,1,0.9997,ON,1,0.9997,OFF,0,0.4412,ON,1,0.6786,OFF,0,0.7731,ON,1,0.942
OPPD_NC1,20251025_0505,OPP,ON,cluster,1,29186192.83023425,14593.096415117125,1162692.5601205826,52809.81650968647,12319519.774959214,24639.039549918427,111705.11034035683,26324.935919414267,9766392.906611701,19532.785813223403,515881.8350227028,78731.01027855375,2465257.6143315677,4930.5152286631355,1162692.5601205826,62341.12823116667,4635022.534331761,9270.045068663523,56708.0866590424,11423.419966455933,0.4221009518650651,0.3346237367586568,0.08446657050034236,0.15880874087593563,17.189206341393636,16.326695617176668,16.094457857278524,14.717807274491916,15.349151834494933,0.7927575981055838,0.200109879229406,0.3762340268938551,0.4745889888572316,0.252422530805859,0.32148457032467004,0.5837549920120254,0.31935080273406996,0.27875577911411137,615.4444288743407,555.0953261988437,10.87880703257655,163.05872032173494,0.7878908496386632,0.15015034313061248,6.78,79.67415050558637,-0.0013243680499871145,32.52,8.926037783107072,1.1800224277957374,-0.3258479275605784,1.608888342684752,ON,1,1.0,ON,1,1.0,ON,1,0.5709,ON,1,0.7489,OFF,0,0.7202,ON,1,12.8463,ON,1,1.0,ON,1,1.0,ON,1,0.9844,ON,1,1.0,OFF,0,0.7205,ON,1,0.4586,ON,1,0.9232,OFF,0,0.1171,OFF,0,0.4416,OFF,0,0.6785,OFF,0,0.773,ON,1,1.0342
OPPD_NC1,20251026_0450,OPP,ON,cluster,1,19594351.022901792,9797.175511450896,831419.2875574566,30803.504891342833,14103946.701010406,28207.89340202081,148601.75613333378,31757.08465569463,2466591.3392851744,4933.182678570349,142874.47171647195,17363.33475259721,1752766.2997723978,3505.5325995447956,831419.2875574566,44872.064220513304,1271046.6828338145,2542.093365667629,24244.64156629145,4133.973923101731,0.7197965722123573,0.12588277797015238,0.08945263345153776,0.06486801636595266,16.79075192057722,16.461965294956713,14.718348136330063,14.376706411094617,14.055352065466165,0.17488660384034868,0.12427488113286088,0.09011992953310485,0.5153049321910181,0.7106026328137698,0.18248127944022344,0.1611716355690704,0.08628771728310713,0.1676150099184424,406.01637546599056,447.76361164553055,13.331643970066459,297.6240245396813,0.7980187544863641,0.09993404353447144,6.78,84.86316148829721,-0.002573793500139514,6.78,9.212120357883228,1.2496257444449792,-0.8022044098301825,2.4066132294905476,ON,1,1.0,ON,1,1.0,ON,1,0.5248,ON,1,0.7296,OFF,0,0.7207,ON,1,9.54,ON,1,0.9999,ON,1,1.0,ON,1,0.9436,ON,1,1.0,OFF,0,0.7229,ON,1,0.2349,ON,1,0.9999,ON,1,1.0,OFF,0,0.4419,ON,1,0.6786,OFF,0,0.7731,ON,1,1.0377
OPPD_NC1,20251027_0852,OPP,ON,cluster,1,36931648.25897724,18465.82412948862,1167546.9908219725,79842.35422220398,13746316.697147168,27492.633394294335,105237.98943048716,26321.76923144195,17753318.822515152,35506.63764503031,1167546.9908219725,146017.43617737174,2014378.328588557,4028.756657177114,991472.7243036963,51853.86059967896,3417634.410726371,6835.2688214527425,46695.216245058924,8993.592377382935,0.37220967233179886,0.4807074598464401,0.05454341800460821,0.09253944981715302,17.42457944488862,16.43628154236716,16.69208308865172,14.515821680398954,15.044459469538916,1.2914964214521758,0.1465394965770331,0.24862182983427109,0.19250678956950062,0.11346488781769437,0.1724468442158339,0.8292050633041055,0.2220404069415526,0.1590928848870202,538.5246494710889,452.18195184878886,9.919055791062284,111.13245141863885,0.7504911824838093,0.11773294542241898,0.3972,63.227451027082836,-0.00181369539566253,2.757,7.951569092134591,1.3180199868888047,-0.4639406909427475,2.176261408252767,ON,1,1.0,ON,1,1.0,ON,1,0.6268,ON,1,0.74,OFF,0,0.7204,ON,1,10.766,ON,1,1.0,ON,1,1.0,ON,1,0.9668,ON,1,1.0,OFF,0,0.722,ON,1,0.5016,ON,1,0.9981,ON,1,1.0,ON,1,0.5066,ON,1,0.6787,OFF,0,0.7729,ON,1,0.3171
OPPD_NC1,20251027_0957,OPP,ON,cluster,1,38972790.07609335,19486.395038046678,1502138.6871874332,98356.74905874397,12736285.355379809,25472.570710759617,119999.89063718263,28104.399631917306,20576940.74490778,41153.88148981556,1502138.6871874332,185130.21642698854,2058392.2441331334,4116.784488266267,957284.2840273529,51444.987627351875,3601171.731672628,7202.343463345255,47195.4939801842,9701.657425532614,0.3267994241754964,0.5279822333667116,0.05281613762099599,0.09240220483679598,17.478374295897087,16.359965670747258,16.83968167406755,14.537436257848062,15.096770109176413,1.615615555929301,0.1616163729610146,0.28274898301891527,0.17501006472809338,0.10003392971049052,0.16988939944656795,0.9614994640528363,0.24900541802645992,0.1569092139538373,548.8174056079922,443.58689379762194,10.761576498484263,127.6233858348173,0.718555082362267,0.10745793594113094,0.408,77.08653572169399,-0.0016376949902953215,2.487,8.779893833161307,1.4227175355050692,-0.4210651871902815,2.3022454162194865,ON,1,1.0,ON,1,1.0,ON,1,0.627,ON,1,0.7389,OFF,0,0.7204,ON,1,10.1324,ON,1,1.0,ON,1,1.0,ON,1,0.9691,ON,1,1.0,OFF,0,0.7218,ON,1,0.4815,ON,1,0.9962,ON,1,1.0,ON,1,0.5072,ON,1,0.6787,OFF,0,0.7728,ON,1,0.1352
SQN2,SQN NG Unit 2 20250525_0833,SQN,OFF,cluster,1,82915.77343743193,41.45788671871596,1490.9704645356542,124.47821271451,66094.00028799447,132.18800057598892,1490.9704645356542,223.10719525765776,6752.953902539133,13.505907805078266,92.59497370589906,13.51209052496137,1250.3534683466487,2.5007069366932972,27.762336438245484,4.202228733459668,8818.465778551665,17.63693155710333,292.61082953020014,30.06458752171613,0.7971221584017277,0.08144353749090805,0.015079802268143363,0.1063545018392194,11.325592654039522,11.09884838437078,8.817883375713327,7.13198101919597,9.084716577841233,0.10217196527690867,0.01891780589583786,0.13342309044683529,1.3058679067733638,0.18515652353133272,0.1382188089899376,0.0972827469020983,0.12524233727114326,0.12946459225675827,324.1098300658702,519.3260139063151,6.2763181994197925,49.90941437749307,0.7941430069634248,0.18671778863756228,0.03324,35.96349410301627,-0.0011025903820068945,2.0982,5.9969570702136865,1.1604933598223994,-0.6713772688431826,3.966867365174811,OFF,1,0.0042,OFF,1,0.0049,ON,0,0.5008,OFF,1,0.6775,OFF,1,0.7213,OFF,1,-1.0617,OFF,1,0.0249,OFF,1,0.0068,OFF,1,0.3042,OFF,1,0.0833,OFF,1,0.7284,OFF,1,-0.9047,OFF,1,0.1658,OFF,1,0.2528,ON,0,0.5032,OFF,1,0.6785,OFF,1,0.773,OFF,1,-0.5592
SQN2,SQN NG Unit 2 20250525_0934,SQN,OFF,cluster,1,134326.12768436823,67.16306384218412,1879.2220369720744,140.43763107617357,95142.30700802006,190.2846140160401,1879.2220369720744,218.62641780051396,25908.288912187592,51.81657782437519,1540.022033418194,84.53202046471793,1790.8774670848293,3.5817549341696586,98.22149882657777,8.721886128370956,11484.654297075733,22.969308594151464,413.6051240814995,49.815328481237145,0.7082933800606528,0.1928760201668686,0.013332309193732798,0.08549829057874506,11.808033355295644,11.463139528768558,10.162356828647999,7.49101921345417,9.348854083206689,0.2723109174736675,0.018823145279786454,0.12071027766845006,0.4432810802580607,0.06912372612045613,0.10966928054448953,0.24083486702545573,0.11396266079175793,0.1040620254742624,391.8574550392362,476.9438856549727,5.4344329706353625,44.46408030569502,0.8576221954265281,0.23625687080749794,0.03162,27.97999271422405,-0.0018743048949208265,2.001,5.289611773427506,0.9366312443282704,-0.7047618151872896,3.9721203153143874,OFF,1,0.022,OFF,1,0.1331,ON,0,0.5001,OFF,1,0.678,OFF,1,0.7213,OFF,1,-0.5261,OFF,1,0.0654,OFF,1,0.023,OFF,1,0.326,OFF,1,0.1892,OFF,1,0.7283,OFF,1,-0.605,ON,0,0.9009,ON,0,0.9619,ON,0,0.5025,ON,0,0.6786,OFF,1,0.773,OFF,1,-0.0861
SQN2,SQN NG Unit 2 20250525_1439,SQN,ON,cluster,1,7504012.590745817,3752.0062953729084,31444.2140695462,5397.205860344477,4064110.646412612,8128.221292825224,31444.2140695462,6880.3975300766515,2731675.7949553984,5463.351589910797,25989.532145956764,4601.891981616433,692968.9613631762,1385.9379227263526,12403.55621024553,2543.1866746827186,15257.188014630428,30.514376029260855,750.4048529541215,80.64663831108831,0.5415916614298596,0.36402867957926754,0.09234645504430086,0.0020332039465720073,15.830948580800062,15.217705739913452,14.820426189217383,13.448741931436302,9.632871556938289,0.672146019785651,0.1705093737973618,0.0037541271244901234,0.005585285063037269,0.253679064932461,0.10421548050222935,0.5141078432569431,0.003747097975975484,0.09913511042378864,512.5005863236785,300.5135353679643,1.8885855277250054,3.4167924586408738,0.8842997897036861,0.08742352267458073,0.27678,8.380640008073375,-0.004495333788939811,2.1144,2.894933506670962,0.9714489620484574,-1.8616113943250543,5.584834182975163,ON,1,1.0,ON,1,1.0,ON,1,0.5179,ON,1,0.6842,OFF,0,0.7212,ON,1,1.4179,ON,1,0.9785,ON,1,1.0,ON,1,0.7112,ON,1,1.0,OFF,0,0.7261,ON,1,0.279,ON,1,1.0,ON,1,1.0,ON,1,0.5113,ON,1,0.6788,OFF,0,0.7728,ON,1,1.8247
SQN2,SQN NG Unit 2 20250525_2247,SQN,OFF,cluster,1,339920.8808104959,169.96044040524794,9016.08725404949,431.9646694108367,174769.84138111694,349.5396827622339,5188.879077170044,543.3303430835647,84224.77451347976,168.44954902695952,9016.08725404949,565.9976349204921,49740.709913439816,99.48141982687963,2843.96133778902,240.4721977181739,31185.555002459314,62.37111000491863,1088.072173419001,155.53808766539075,0.5141485894141059,0.2477775837502451,0.14633025719055484,0.09174356964509364,12.736471107870868,12.071230916968174,11.341256263999522,10.814599093795868,10.347742351512458,0.48191824085558693,0.2846069408776694,0.17843785149564326,0.37026581765556354,0.5905710071671192,0.3124631167951433,0.39333735723843977,0.16418970674311695,0.27190561359937293,604.6615734471009,507.74874499356906,8.515956080663551,120.04992317646445,0.8376658467283085,0.2417796617401184,0.9102,53.048151867261176,-0.001429628968803472,15.69,7.283416222246163,0.9897241017849565,-0.5744961884852385,1.7234885654557157,OFF,1,0.1526,ON,0,0.95,ON,0,0.5088,ON,0,0.6789,OFF,1,0.7211,ON,0,0.5076,OFF,1,0.1456,OFF,1,0.1342,OFF,1,0.3638,OFF,1,0.4032,OFF,1,0.7281,OFF,1,-0.4164,ON,0,0.8598,ON,0,0.6117,ON,0,0.5105,OFF,1,0.6785,OFF,1,0.7727,ON,0,0.7689
SQN2,SQN NG Unit 2 20250526_0756,SQN,ON,cluster,1,11284669.34531814,5642.33467265907,81604.23557305336,11794.755339839703,9971230.07319576,19942.460146391517,81604.23557305336,16458.07002122469,1186069.06354543,2372.13812709086,16473.120864868164,3066.9893516060906,80331.98849117322,160.66397698234644,2351.5717919042945,317.33846398082676,47038.22008577727,94.07644017155454,2222.5068356912234,264.87895016896266,0.8836085283555686,0.1051044587352056,0.007118683413130035,0.004168329496095763,16.238955756049737,16.115214612068105,13.986155932296969,11.293935631154472,10.758737002625905,0.1189491221081792,0.0080563769867381,0.004717393916345258,0.03965892166947654,0.0677296044220013,0.011415863912575997,0.11238996101120403,0.004706301883643731,0.01135119464314421,274.11193377118417,213.3574527293957,3.0100705526256886,9.736302867266543,0.8242580699220955,0.05796253569112736,0.12396,14.462849211777469,-0.004527208998384447,0.28434,3.803005286840819,1.267956802589077,-1.7854925364807332,5.3564776094422,ON,1,0.6536,ON,1,0.9968,ON,1,0.5014,ON,1,0.6791,OFF,0,0.7213,ON,1,0.5696,ON,1,0.5259,ON,1,0.7854,OFF,0,0.449,ON,1,0.81,OFF,0,0.7279,ON,1,0.0954,ON,1,1.0,ON,1,1.0,ON,1,0.5014,ON,1,0.6788,OFF,0,0.773,ON,1,0.5936
SQN2,SQN NG Unit 2 20250526_1100,SQN,ON,cluster,1,12423079.617690755,6211.539808845378,111017.55035714153,13176.298247218065,10760132.734157316,21520.265468314632,111017.55035714153,18937.16663446245,1591867.5549739,3183.7351099478,23535.1488953738,4105.466085978347,38210.0708210259,76.4201416420518,716.0656611593586,114.19767553755271,32869.257738512264,65.73851547702454,1861.375856702347,199.79861090924615,0.8661405275737456,0.12813791780800016,0.0030757325878048684,0.002645822030449332,16.33506664056466,16.191358541445705,14.28041907600654,10.550880564676001,10.40032350777484,0.14794125633046104,0.0035510780178135775,0.0030547260475856366,0.020648236491653687,0.024003297699995138,0.005754479185211533,0.1379701261442736,0.003050069851831154,0.00573798541498636,270.65300556717506,208.24045220398403,3.183164670625499,11.882076505465855,0.8209829519886793,0.04441656245216676,0.10182,17.87279060806278,-0.004713862650837249,0.28974,4.227622335074139,1.317347990891211,-1.930345011223622,5.791035033670866,ON,1,0.5653,ON,1,0.978,ON,1,0.5007,ON,1,0.679,OFF,0,0.7213,ON,1,0.6271,ON,1,0.4998,ON,1,0.591,OFF,0,0.4343,ON,1,0.7307,OFF,0,0.728,ON,1,0.1251,ON,1,1.0,ON,1,1.0,ON,1,0.5012,ON,1,0.6788,OFF,0,0.773,ON,1,0.6748
SQN2,SQN NG Unit 2 20250526_1808,SQN,ON,cluster,1,9222960.256977227,4611.480128488613,83717.3862422267,10464.177048506543,8260797.365437238,16521.594730874476,83717.3862422267,15573.608575226679,899070.9870761054,1798.1419741522109,11825.656488605076,2067.9654884212728,32078.102154196727,64.15620430839346,671.5290464207101,94.74315735375833,31013.802309687293,62.027604619374586,1620.4227285337547,178.5751311119511,0.8956774327622081,0.09748182384239948,0.00347807008383555,0.0033626733115569006,16.037206721512646,15.927031795237712,13.709118384859865,10.375960073876715,10.342219863364246,0.10883586018435273,0.003883172620648706,0.0037543351976461418,0.03449538774520316,0.03567916506624595,0.006887861488376694,0.10331069036663332,0.0037473052708984433,0.006864248536918725,240.52526398263396,205.76516437979436,3.2455178727425977,11.478921848940317,0.8090876181515867,0.04875744454478037,0.09804,18.154124903420712,-0.004471605415582236,0.27732,4.2607657649027875,1.353595493941916,-1.8616039772911552,5.584811931873466,OFF,0,0.3805,ON,1,0.833,ON,1,0.5005,ON,1,0.6787,OFF,0,0.7213,ON,1,0.4187,OFF,0,0.3984,OFF,0,0.4412,OFF,0,0.4207,ON,1,0.6483,OFF,0,0.728,ON,1,0.013,ON,1,1.0,ON,1,1.0,ON,1,0.5013,ON,1,0.6787,OFF,0,0.773,ON,1,0.4912
SQN2,SQN NG Unit 2 20250527_0926,SQN,ON,cluster,1,10343250.122572906,5171.625061286453,132794.78421998117,13693.938200175875,8901932.90465549,17803.86580931098,132794.78421998117,22771.71485259927,1330770.9512485822,2661.5419024971643,24977.705371775664,3749.0178404655117,93524.6249834479,187.0492499668958,7636.502617970109,606.1325189864741,17021.641685385162,34.043283370770325,759.4685203025583,86.47930677464282,0.8606514199272902,0.1286608112032729,0.009042092560378249,0.0016456763090585487,16.15184479953662,16.00177910375566,14.101269746295223,11.445990741722197,9.742299600740616,0.14949235918779757,0.01050610311099136,0.0019121287329048901,0.012790812475581911,0.07027852907040771,0.01080323130870627,0.13932041812445103,0.0019103029418205337,0.01074529331023747,241.87790773113582,216.19072313089228,4.722452738752503,27.034686918670314,0.7924649405556383,0.04337217353369403,0.11694,25.677573808288724,-0.004568879859996245,0.28866,5.067304392694187,1.4108037739284902,-2.0864931676716814,6.259479503015044,ON,1,0.7153,ON,1,1.0,ON,1,0.5019,ON,1,0.6796,OFF,0,0.7213,ON,1,0.6285,ON,1,0.5123,ON,1,0.7965,OFF,0,0.4522,ON,1,0.8012,OFF,0,0.7278,ON,1,0.0546,ON,1,1.0,ON,1,1.0,ON,1,0.5014,ON,1,0.6788,OFF,0,0.773,ON,1,0.5328
SQN2,SQN NG Unit 2 20250527_1433,SQN,ON,cluster,1,4699381.124188495,2349.6905620942475,136417.37557286397,6457.825774767961,2229251.8908767393,4458.5037817534785,136417.37557286397,8145.919209967259,2403048.7854845673,4806.097570969135,72349.50753642619,8909.276881508416,54938.85020608359,109.87770041216717,6225.159676310199,418.1205144738585,12141.597621104433,24.283195242208865,470.1609503576801,52.021071561804746,0.4743713761376811,0.5113543085738835,0.011690656440547929,0.0025836588478873558,15.36294159509966,14.61717706078971,14.692249232558325,10.91399423314543,9.404475013809114,1.0779619814692174,0.024644523317843694,0.00544648977120474,0.005052580577822545,0.02286214517903867,0.014481021961610992,0.7313875967778175,0.005431711282099329,0.014377173318823254,489.1899998895093,282.1251062683883,9.270301883739076,131.68127323453461,0.8210650159956747,0.07453638080820467,0.10452,58.05759182658979,-0.004111725260677092,1.8984,7.619553256349923,1.196632247647198,-1.737567348993532,5.287774218749211,ON,1,0.7741,ON,1,1.0,ON,1,0.5005,ON,1,0.6806,OFF,0,0.7213,ON,1,1.3165,ON,1,0.5415,ON,1,0.6367,OFF,0,0.4301,ON,1,0.763,OFF,0,0.7279,ON,1,0.1436,ON,1,1.0,ON,1,1.0,ON,1,0.5007,ON,1,0.6789,OFF,0,0.773,ON,1,1.3839
SQN2,SQN NG Unit 2 20250527_1635,SQN,ON,cluster,1,17246767.6610341,8623.38383051705,162685.34364807978,18091.156949139935,14084390.664590996,28168.78132918199,162685.34364807978,27000.17245292082,3032799.0022674324,6065.598004534865,34745.14544458338,6844.080451022073,119032.97646320479,238.06595292640958,6853.561471086228,655.515150632945,10545.017712468401,21.090035424936804,320.5288782119751,39.281747488580415,0.816639438844653,0.17584738554340731,0.006901755668230976,0.0006114199437088104,16.663135359896287,16.460577768057504,14.924996843931899,11.687164247839107,9.263503599632756,0.21533050839692028,0.008451411161325735,0.0007487024439742687,0.003476991948553492,0.039248554346718034,0.0075700507324837915,0.19501606317281345,0.0007484223061173403,0.007541541684665031,279.7267723241953,229.52162097543018,3.281389652339135,12.926742563861206,0.8270131405874851,0.0399034053486697,0.08292,18.86560390276904,-0.005256264037930066,0.7482,4.3434552953528405,1.2730532542916768,-2.3990247228082495,7.197074168424749,ON,1,0.9282,ON,1,1.0,ON,1,0.5028,ON,1,0.6802,OFF,0,0.7213,ON,1,1.0265,ON,1,0.6979,ON,1,0.9441,OFF,0,0.4821,ON,1,0.9113,OFF,0,0.7277,ON,1,0.2514,ON,1,1.0,ON,1,1.0,ON,1,0.5017,ON,1,0.6788,OFF,0,0.773,ON,1,0.9843
SQN2,SQN NG Unit 2 20250528_0552,SQN,ON,cluster,1,9070857.886299187,4535.428943149594,265964.4441164881,13329.036651815293,7759518.410708658,15519.036821417318,265964.4441164881,23037.434997083525,1166240.037806382,2332.480075612764,37496.579371059546,3885.1851480248915,138947.22307123736,277.8944461424747,8446.969147084514,869.8875295604922,6152.214712911319,12.304429425822638,80.97270814035801,14.559258008113318,0.8554337977699769,0.12856998229107913,0.015317980373290395,0.0006782395656538455,16.020577512900086,15.864430958631852,13.969296346489411,11.841856646828623,8.724729941777893,0.15029799223064433,0.017906681280562838,0.0007928603796364546,0.00527525596229567,0.11914118754872151,0.01625625862732957,0.1400210324872379,0.0007925462318848931,0.016125540411797302,281.96652644310257,231.0527048961703,8.897390593041894,122.94204536343402,0.7969582876377599,0.03784644894617239,0.08184,58.641519346962866,-0.004940936374639142,0.29784,7.657775091159966,1.361103038661649,-2.3799003389513196,7.139701016853959,ON,1,0.9165,ON,1,1.0,ON,1,0.5031,ON,1,0.6802,OFF,0,0.7213,ON,1,0.8851,ON,1,0.5607,ON,1,0.9191,OFF,0,0.4698,ON,1,0.8735,OFF,0,0.7277,ON,1,0.0457,ON,1,1.0,ON,1,1.0,ON,1,0.5021,ON,1,0.6788,OFF,0,0.773,ON,1,0.8005
SQN2,SQN NG Unit 2 20250528_1059,SQN,ON,cluster,1,158219309.0225553,79109.65451127765,1753295.0545553118,199805.57055121587,137619393.5527233,275238.78710544656,1753295.0545553118,321521.0562977264,20561340.24455622,41122.680489112434,322099.54826915637,62442.99926318311,31251.887176961907,62.503774353923816,2276.399806623871,163.66079774694558,7323.338098836294,14.646676197672589,111.81256935525744,18.89402474189358,0.8698015078115697,0.12995468360707513,0.00019752258665537925,4.628599469987762e-05,18.879492666674267,18.7400024223155,16.838923232053652,10.349867040559667,8.89895806786877,0.14940728711087384,0.0002270892667826558,5.3214433734810786e-05,0.0003561702696289388,0.0015199343430559971,0.00024386803847575395,0.13924640699734547,5.3213017897060373e-05,0.000243838307499184,226.1705419959663,194.35465578459062,3.726134183956379,15.513658855475992,0.7865067063047196,0.0071146285137204685,0.12288,22.162845551365223,-0.006843811715304256,0.2811,4.707743148404498,1.589571998886899,-3.2803481181489094,9.841044354446728,ON,1,0.9079,ON,1,0.9999,ON,1,0.508,ON,1,0.6802,OFF,0,0.7213,ON,1,1.0922,ON,1,0.8173,ON,1,0.8885,ON,1,0.5054,ON,1,0.8854,OFF,0,0.7277,ON,1,0.5454,ON,1,1.0,ON,1,1.0,ON,1,0.501,ON,1,0.6789,OFF,0,0.773,ON,1,0.9332
SQN2,SQN NG Unit 2 20250528_1200,SQN,ON,cluster,1,60847437.26969027,30423.718634845132,805702.9188022949,83064.47147749232,46285325.98462224,92570.65196924449,805702.9188022949,141429.6213511952,14535370.812419217,29070.741624838432,237457.23314965144,43410.26461618352,20753.173280564755,41.50634656112951,1016.3314277914797,108.4255437746634,5987.299368240432,11.974598736480864,75.39507845835124,13.897641472350367,0.7606783138536255,0.2388822186215503,0.0003410689786092678,9.839854621490962e-05,17.92388027741039,17.650335557050095,16.492095672137737,9.940502627391464,8.697562738985956,0.3140384236949765,0.0004483747891817659,0.00012935631846321043,0.00041191239257029415,0.001427770474409331,0.00043966074144197414,0.2731051614118852,0.00012934795265608616,0.00043956411897789024,289.72539188861725,231.67138158469817,4.777598314039499,27.060034309609815,0.783702690899271,0.010516755567468896,0.08184,26.482723182941164,-0.006239336552871303,1.056,5.146136724078644,1.550378782939508,-2.9842576060213797,8.952772818064139,ON,1,0.8379,ON,1,1.0,ON,1,0.5042,ON,1,0.6802,OFF,0,0.7213,ON,1,1.1314,ON,1,0.7417,ON,1,0.7727,OFF,0,0.4713,ON,1,0.8296,OFF,0,0.7279,ON,1,0.4479,ON,1,1.0,ON,1,1.0,ON,1,0.5009,ON,1,0.6789,OFF,0,0.773,ON,1,1.0626
SQN2,SQN NG Unit 2 20250528_1504,SQN,OFF,cluster,1,182481.71810225036,91.24085905112518,2631.841391032154,258.2604259781134,62735.61601865378,125.47123203730756,1813.7177055487555,225.1225552711579,4155.459639049846,8.310919278099693,82.41827540306622,11.998470832752357,53300.256399944476,106.60051279988895,2265.600430666018,271.6421404667139,62290.38604460227,124.58077208920454,2631.841391032154,364.3949062815082,0.34379123931472944,0.02277192303023696,0.29208545904899147,0.34135137860604176,12.114410752190663,11.046700543704986,8.332418942602777,10.88371518210772,11.039578429479235,0.0662376478099462,0.8496012278455447,0.9929030747875015,14.990011079461494,12.8265609624126,1.7280428114853692,0.0641362350531984,0.6895924072269204,1.0035844332178157,996.9177254918706,688.6355694400324,5.149694919899966,32.40995490212278,0.7872672444751149,0.12515556748968568,33.92,28.84498697622481,3.5558993596918664e-05,36.58,5.3707529244652905,1.2887791070327708,-0.0023740380752504584,2.7142816011022095,OFF,1,0.1859,ON,0,1.0,OFF,1,0.2209,ON,0,0.6788,OFF,1,0.721,ON,0,0.7588,OFF,1,0.0218,OFF,1,0.0144,OFF,1,0.3162,OFF,1,0.1018,OFF,1,0.7283,OFF,1,-1.0256,ON,0,1.0,ON,0,1.0,OFF,1,0.2709,ON,0,0.6801,OFF,1,0.7727,ON,0,1.4102
SQN2,SQN NG Unit 2 20250528_1705,SQN,OFF,cluster,1,85110.10154586274,42.55505077293137,1753.9699562593014,134.13474112330792,66513.78461101842,133.02756922203685,1753.9699562593014,241.75934839705937,3901.0896417545578,7.8021792835091155,66.52713653250339,10.47186770507626,2081.4248915692847,4.16284978313857,42.13187617814606,7.301558237492936,12613.802401520474,25.227604803040947,379.04321821552,46.80512418105869,0.7815028228485484,0.04583580057946938,0.024455673930170063,0.14820570264181085,11.351712759001078,11.105179526911131,8.269267494203275,7.641288306917255,9.442626197180816,0.05865084455064474,0.031293135756902804,0.1896419287385021,3.2334049090484047,0.5335496187418015,0.20869493056436664,0.05699530928139884,0.17365236162413747,0.18954120775217112,371.1606797305489,595.3774616446037,6.268681139045427,50.45794649347961,0.7753839736763612,0.13857316582325305,0.03162,41.216493093009156,-0.0005899971169039613,24.006,6.420007250139393,1.2929972893466408,-0.5541844432434383,3.4638912199938767,OFF,1,0.012,OFF,1,0.0218,OFF,1,0.4988,OFF,1,0.6776,OFF,1,0.7213,OFF,1,-0.6549,OFF,1,0.0164,OFF,1,0.0042,OFF,1,0.2968,OFF,1,0.0598,OFF,1,0.7284,OFF,1,-1.0334,OFF,1,0.1225,OFF,1,0.1011,ON,0,0.5019,OFF,1,0.6785,OFF,1,0.773,OFF,1,-0.0175
WBN2,20251019_1250,WBN,OFF,cluster,4,42947.135541189455,21.473567770594727,432.96653742081617,44.98309037810991,35144.33497590675,70.2886699518135,432.96653742081617,67.92761819536038,4485.332786053168,8.970665572106336,125.77744770766822,16.269079950294643,393.67743982655224,0.7873548796531045,15.374983301238046,1.1476219696821657,2923.790339402988,5.8475806788059765,27.60778998620026,1.5571534419840753,0.8183161585293778,0.10443846206579702,0.009166558720755329,0.06807882068406755,10.667748516486213,10.467247170818155,8.408790895577301,5.978068823261107,7.980978078260321,0.1276260537864913,0.011201732514934105,0.08319378759974269,0.65185583282526,0.08776995119802371,0.08371172322393854,0.1201145855127892,0.07991388793023821,0.08039192966438133,328.61850863345853,441.4996535709737,3.657265545341211,17.50225185475557,0.8416706094038137,0.22271682032601303,0.03378,20.162766711346944,-0.0013738641132983443,0.4566,4.490296951268436,1.0126667553069233,-0.8287563641859444,4.489178347557048,OFF,1,0.0001,OFF,1,0.0,OFF,1,0.4932,OFF,1,0.5,OFF,1,0.7256,OFF,1,-1.4835,OFF,1,0.0071,OFF,1,0.0004,OFF,1,0.235,OFF,1,0.0463,OFF,1,0.7335,OFF,1,-1.2346,OFF,1,0.032,OFF,1,0.001,ON,0,0.5028,OFF,1,0.3903,ON,0,0.7957,OFF,1,-0.6783
WBN2,20251022_1733,WBN,ON,cluster,4,84028427.97125077,42014.213985625385,3909501.6325235516,252273.37883015402,647796.1752556217,1295.5923505112432,56606.825864315266,5447.026800486171,29691.23975591179,59.382479511823576,354.4564909144683,48.568844447666315,967445.5714953572,1934.8911429907143,24004.319180233637,3858.0231106901238,82383494.98474386,164766.98996948774,3909501.6325235516,484179.78447831824,0.007709250201339678,0.00035334755716327646,0.011513312754421112,0.9804240894870757,18.246665739683582,13.381332925190597,10.29864100296948,13.782415479100601,18.226895683371406,0.04583423133696295,1.4934413144877057,127.175025311176,2774.673461237532,32.58353573027029,123.02950388340017,0.044814874438312814,4.853396715143324,4.820519471846652,1687.7326002376635,166.8269660949448,9.047450325760341,95.959619446923,0.6012396517877394,0.011990368824095134,63.18,93.05188081969419,0.0027593731857138517,64.86,9.646340281143084,2.567236796774396,1.61518758606027,7.928254680401926,ON,1,1.0,ON,1,1.0,OFF,0,0.0,ON,1,1.0,OFF,0,0.7194,OFF,0,-37.456,OFF,0,0.4759,ON,1,1.0,ON,1,0.7433,ON,1,0.9827,OFF,0,0.7313,OFF,0,-1.3202,ON,1,1.0,ON,1,1.0,ON,1,1.0,ON,1,1.0,OFF,0,0.2919,ON,1,82.9219
WBN2,20251023_1601,WBN,ON,cluster,4,89040531.53857864,44520.26576928932,3439955.8313548714,233877.58550892893,12087987.195808537,24175.974391617074,448699.72571194544,44066.96296821273,48836.327912558336,97.67265582511668,2199.989805059522,166.0751943472362,691572.2553303946,1383.1445106607891,21931.22549571935,2770.018501027066,76212135.75952716,152424.2715190543,3439955.8313548714,448278.88590399444,0.13575825511072076,0.0005484730051437192,0.007766937633686033,0.8559263342504496,18.30460224580517,16.30772280641277,10.796250215682859,13.446724361324042,18.14903128303336,0.004040071115353936,0.05721153109511378,6.304782965516965,1560.5623726342565,14.161020798994077,6.3363950101560755,0.004031931942571979,1.9885293343597896,1.9928475789456725,1489.4581775170452,547.408405281784,8.943591690589207,94.0019601891614,0.6617512859551272,0.030064128930548932,63.18,77.26718993954864,0.0003930276685898067,64.58,8.790175762718036,1.926533463089909,0.6137694922068633,7.3527810673505005,ON,1,1.0,ON,1,1.0,OFF,0,0.0,ON,1,1.0,OFF,0,0.7207,OFF,0,-3.1993,ON,1,0.7795,ON,1,1.0,ON,1,0.6815,ON,1,0.9858,OFF,0,0.7318,OFF,0,-0.5014,OFF,0,0.0,OFF,0,0.0,OFF,0,0.0,ON,1,1.0,OFF,0,0.2919,OFF,0,-4.4488
WBN2,20251102_0839,WBN,ON,cluster,4,21478133.627633076,10739.066813816538,710063.795330286,43457.038981644415,4964309.440820667,9928.618881641334,143874.6620254228,23499.14593940687,17243.730933600436,34.48746186720087,500.76285917521454,45.102841933201155,308279.2970926345,616.5585941852689,6305.5730600564275,902.6682122661457,16188301.158786174,32376.60231757235,710063.795330286,79467.83804705887,0.23113318535432456,0.0008028505284749326,0.014353169713778681,0.7537107944034218,16.882545981544965,15.417784961792096,9.755261922674586,12.63876470360184,16.59979945040699,0.0034735407087649922,0.062099129953029214,3.260937165936773,938.7934212255371,17.87776080836753,3.3115335492978755,0.0034675218999286306,1.4494891280905238,1.4612936527316724,1310.6233514676444,698.2540732321212,8.543803822035295,96.83404634145123,0.719425109139915,0.04526591982418439,63.32,66.11969248731502,0.000930182789605447,64.3,8.131401631157326,1.6861750554436163,0.3940048295382983,6.844537527732404,ON,1,1.0,ON,1,1.0,OFF,0,0.0,ON,1,1.0,OFF,0,0.7263,OFF,0,-7.4979,OFF,0,0.2206,ON,1,0.9858,OFF,0,0.4668,ON,1,0.7039,OFF,0,0.7327,OFF,0,-0.6508,OFF,0,0.0,OFF,0,0.0,OFF,0,0.0,ON,1,1.0,OFF,0,0.2919,OFF,0,-3.731
Harq_ST3,HARQST-3 EMI Gen_20250402_1158 – HARQST-3 EMI - GEN HFCT,Har,OFF,cluster,2,634651.3508606318,79.33141885757897,3466.958745316384,244.83868753449684,335925.50936222874,167.96275468111438,1902.5502262311638,286.4368367492238,69760.60087222021,34.880300436110105,2798.1744669313193,203.52278236848568,13194.017591677115,6.5970087958385575,121.49699978181165,10.025614636236607,215771.2230345058,107.8856115172529,3466.958745316384,316.6682528632374,0.5293071682691451,0.10991956572316426,0.020789394954860017,0.33998387105283057,13.360832648993867,12.724647692885943,11.152839006602527,9.48759458214435,12.281978607277344,0.2076668753273799,0.03927661705920261,0.6423186600014862,3.0930241473498596,0.189132797403155,0.5643901401832512,0.18869029602487067,0.49610906041184305,0.4474960612606256,2754.519358074165,2805.046109424626,6.560520381182872,58.3515189063793,0.8113311062411316,0.12530219831835468,30.805,43.70221527912073,-8.873404978722075e-05,35.145,6.610765105356149,1.3213147872784192,-0.14755636186953325,3.237053110741593,OFF,1,0.0006,OFF,1,0.0,OFF,1,0.1926,OFF,1,0.6759,ON,0,0.6669,OFF,1,-1.0203,OFF,1,0.0771,OFF,1,0.0277,OFF,1,0.3292,OFF,1,0.3435,ON,0,0.6239,OFF,1,-0.4182,OFF,1,0.0008,OFF,1,0.0,OFF,1,0.3073,OFF,1,0.4819,ON,0,0.6834,OFF,1,-0.9507
Harq_ST3,HARQST-3 EMI Gen_20250404_1915 – HARQST-3 EMI - GEN HFCT,Har,OFF,cluster,2,915622.9651183763,114.45287063979704,2832.8367092304543,290.4695797003079,364588.6401715253,182.29432008576265,2446.5167924808475,335.21812542081534,73293.43075869436,36.64671537934718,2832.8367092304543,211.93722730035554,15440.536585787819,7.720268292893909,85.19840194963854,10.463450341480105,462300.35760236887,231.15017880118444,2395.7959747696304,380.03404190998305,0.39818643050787766,0.08004761080803452,0.01686342214427921,0.5049025365398085,13.727361040940789,12.806527726592414,11.202239906252801,9.64481633843191,13.04397224659837,0.20103048390101105,0.04235056961314339,1.2680053810332814,6.3075278754258814,0.2106674012356221,1.0910263879317357,0.18317992487481977,0.8189007584523214,0.7376550401333604,3758.0958278516023,3015.5428425109226,4.22671085153894,21.185917558918625,0.8314848400492599,0.11585036964120694,1.57035,24.751119770017876,3.3457599091968344e-05,65.035,4.9750497253371035,1.2691379103416647,0.07914817333531883,3.3991559081664597,OFF,1,0.1634,ON,0,0.9203,OFF,1,0.4718,ON,0,0.6766,ON,0,0.6664,OFF,1,-0.4827,OFF,1,0.0838,OFF,1,0.0334,OFF,1,0.3319,OFF,1,0.3619,ON,0,0.6239,OFF,1,-0.395,OFF,1,0.0438,OFF,1,0.0385,OFF,1,0.4889,OFF,1,0.6342,ON,0,0.6827,OFF,1,-0.7559
Harq_ST3,HARQST-3 EMI Gen_20250425_1147 – HARQST-3 EMI - GEN HFCT,Har,OFF,cluster,2,1505264.6362202263,188.1580795275283,12276.493588083016,720.5795013759565,340004.4948953684,170.0022474476842,2593.8198577333824,296.9548653821039,76101.63195623027,38.05081597811513,2794.5636096040253,218.24914928242853,19215.809747948213,9.607904873974107,101.83816621941885,14.360249613329708,1069942.6996206793,534.9713498103396,12276.493588083016,1328.8704741566976,0.22587689015875104,0.05055697857044208,0.012765735197366892,0.7108003960734399,14.224479943062295,12.736717057918716,11.239838128747511,9.863540682688187,13.883116587876822,0.22382537024819524,0.05651634033192735,3.146848690770374,14.059392316606242,0.2525019405463953,2.6175017359320227,0.2019815025457533,1.4223486941675334,1.285783659394022,4890.442271950079,2634.8150606980926,9.262773551520302,110.65025866866496,0.7881411978908758,0.08165802182351908,30.945,65.24563611035578,0.00010334832035205146,71.895,8.077477088140773,1.464703338029818,0.38213317665270213,4.019575905188635,OFF,1,0.0017,OFF,1,0.0003,OFF,1,0.1961,OFF,1,0.6764,ON,0,0.6667,OFF,1,-0.8211,OFF,1,0.0764,OFF,1,0.0265,OFF,1,0.3337,OFF,1,0.3231,ON,0,0.6239,OFF,1,-0.4369,OFF,1,0.0817,OFF,1,0.0765,OFF,1,0.3148,ON,0,0.6474,ON,0,0.6831,OFF,1,-0.7956
Harq_ST3,HARQST-3 EMI Gen_20250530_1544 – HARQST-3 EMI - GEN HFCT,Har,ON,manual,2,2468845.496126579,308.6056870158224,29047.063752953185,1045.3926608444747,966445.1030454604,483.2225515227302,29047.063752953185,1660.005746892701,57661.525981734885,28.83076299086744,1230.4563874699088,90.694119744586,27772.461762393024,13.886230881196512,104.41224888060253,15.958297893535507,1416966.405336991,708.4832026684954,8829.361751403252,1118.8196674232313,0.39145629184237546,0.02335566404305219,0.011249169624411812,0.5739388744901606,14.719261593906305,13.78138081099071,10.962362778448847,10.231836230882125,14.16402951582321,0.05966352956828309,0.02873671942135952,1.4661633660001818,24.57386240109673,0.48164631943158603,1.410730900619537,0.05795143279843528,0.902663649912119,0.8799299797883747,4173.956700177152,3205.0560213121635,11.095757823642181,208.08758747559307,0.8104267893447085,0.11083853352767262,0.04755,94.12355304863358,4.479553740492287e-05,74.31,9.701729384372278,1.3291315416089802,0.12754956827749986,3.932193284941084,ON,1,0.4879,ON,1,0.9998,ON,1,0.501,ON,1,0.6767,ON,1,0.6663,OFF,0,-0.2491,OFF,0,0.0775,OFF,0,0.0468,OFF,0,0.346,OFF,0,0.3779,ON,1,0.6239,OFF,0,-0.4438,OFF,0,0.1787,ON,1,0.6091,ON,1,0.5093,ON,1,0.6571,ON,1,0.6826,OFF,0,-0.6557
Harq_ST3,HARQST-3 EMI Gen_20250616_1111 – HARQST-3 EMI - GEN HFCT,Har,ON,manual,2,2797070.427240012,349.6338034050015,62423.51584527266,1744.0221168582043,1727047.1638887972,863.5235819443985,62423.51584527266,3304.265429397278,51665.356734395835,25.832678367197918,939.5232647639971,74.52873221525375,65984.41070306546,32.992205351532725,517.2329454672437,66.93803583259954,952373.495913754,476.186747956877,7145.137539591873,867.7787122475141,0.6174485801535387,0.018471239133358623,0.023590543184204005,0.3404896375288988,14.844083508947774,14.361924245500092,10.852562108526168,11.097188946619866,13.766713614481304,0.029915428955646403,0.03820649029320656,0.5514461421937895,18.43350275875062,1.2771500067444548,0.5725252927659458,0.029476691060461607,0.43918749092561765,0.45268279389295973,2693.3830405886206,3118.4536088777363,17.392661248448796,438.9174760544384,0.7727480902305746,0.10446243074990412,0.051465,178.53970422003493,-5.5761463473156755e-05,72.97999999999999,13.3618750262894,1.4306614719827369,-0.1984035436729291,3.509362136973923,ON,1,0.8414,ON,1,0.9694,OFF,0,0.4958,ON,1,0.6767,ON,1,0.6664,ON,1,0.261,OFF,0,0.0836,OFF,0,0.0962,OFF,0,0.3721,OFF,0,0.4163,ON,1,0.6237,OFF,0,-0.4827,ON,1,0.9091,ON,1,0.9984,ON,1,0.5046,ON,1,0.6766,ON,1,0.6826,OFF,0,-0.0944
Harq_ST3,HARQST-3 EMI Gen_20250713_1931 – HARQST-3 EMI - GEN HFCT,Har,ON,cluster,2,4893067.343672216,611.633417959027,159378.87546304247,4258.0879979968495,3283185.233496913,1641.5926167484565,159378.87546304247,8333.100157760164,53227.730906179815,26.613865453089907,800.095490340467,70.47730672380133,91197.1880111174,45.598594005558695,1140.7180025907146,120.97195825183856,1465457.1912580053,732.7285956290027,8670.219542086124,1151.9421852082262,0.6709871340198853,0.010878192995854567,0.018638040641123586,0.2994966323431365,15.403330137815695,15.004324921495888,10.882353584180159,11.420790307565895,14.197678510072436,0.01621222292397766,0.027777046229571306,0.44635227288004825,27.531836625038846,1.7133397658853786,0.46656525912017976,0.01608220817441354,0.36904471293218594,0.3829231083567531,2322.2150925604187,3041.380605985096,19.850191543894134,496.9163698050846,0.7235467195656852,0.07690124798177296,0.04323,260.57908345631483,-1.679809919811173e-05,65.21,16.142462124912985,1.642593319844777,-0.2688821371411508,4.121971337315729,ON,1,0.861,ON,1,0.9737,ON,1,0.5052,ON,1,0.6767,ON,1,0.6664,ON,1,0.2307,OFF,0,0.0868,OFF,0,0.1411,OFF,0,0.3944,OFF,0,0.4227,ON,1,0.6236,OFF,0,-0.5216,ON,1,0.929,ON,1,0.9965,ON,1,0.5113,ON,1,0.6622,ON,1,0.6826,OFF,0,-0.392
Harq_ST3,HARQST-3 EMI Gen_20250927_1547 – HARQST-3 EMI - GEN HFCT,Har,ON,manual,2,2354635.219702539,294.32940246281737,19157.34600950125,1007.9827815170399,725816.5144182283,362.90825720911414,19157.34600950125,1012.8115227262928,77912.70621137421,38.95635310568711,874.005236360608,99.46262276464148,162898.2492134918,81.4491246067459,2612.1705524926647,279.2186334994349,1388007.7498594448,694.0038749297224,14643.740057387397,1635.694947676247,0.3082500883130087,0.03308907705084651,0.0691819471017981,0.5894788875343467,14.67189680203682,13.49505390466068,11.263357162612852,12.000887185699785,14.143380723962334,0.10734490696139244,0.22443447617589274,1.9123397198671865,17.81490872715957,2.0907789901362723,1.9296374441333641,0.10196517426975163,1.0689567855722557,1.0748786761690192,4594.017877968126,3050.1295701481745,9.035336940795897,106.39170457532477,0.8135437484329588,0.14202743976983034,0.04242,65.08811504795172,2.484912922836915e-05,74.52,8.067720560803718,1.259767531480399,0.21610893976721832,2.880023561349482,ON,1,0.5782,ON,1,1.0,ON,1,0.5166,ON,1,0.6769,ON,1,0.6661,OFF,0,-0.3953,OFF,0,0.1754,ON,1,0.5058,OFF,0,0.4235,OFF,0,0.5927,ON,1,0.6232,OFF,0,-0.3727,OFF,0,0.048,OFF,0,0.3273,ON,1,0.5255,ON,1,0.6615,ON,1,0.6823,OFF,0,-1.0273
Harq_ST3,HARQST-3 EMI Gen_20251019_1117 – HARQST-3 EMI - GEN HFCT,Har,ON,manual,2,2249705.515163709,281.21318939546364,10048.676645374162,783.5083445655138,761342.6689093519,380.67133445467596,10048.676645374162,888.3284290540663,75118.8579920388,37.5594289960194,895.5946223053761,98.12197804510944,137078.31082471125,68.53915541235563,2148.8429222913105,213.0422350904841,1276165.6774376067,638.0828387188034,9695.622942941496,1170.2793344870474,0.33841881249686573,0.033390529331823446,0.06093166856762415,0.5672589896036866,14.626310327967847,13.542840136623024,11.226840223465539,11.828314948435137,14.059371359307278,0.09866629188082987,0.18004811292252978,1.6762040662505877,16.988619256643492,1.8248188868554711,1.6895504967166695,0.09409698225117195,0.9843993972996693,0.9893740780584049,4389.912975173681,3061.3521780199358,6.325279784552016,52.58643319474141,0.8337090802065585,0.15267041646499202,0.047415,35.733304924184644,4.0272090678183756e-05,74.45,5.9777340961079215,1.189297798760515,0.1721770742280846,2.832531135841739,ON,1,0.5144,ON,1,1.0,ON,1,0.5106,ON,1,0.6768,ON,1,0.6661,OFF,0,-0.403,OFF,0,0.1611,OFF,0,0.3987,OFF,0,0.4085,OFF,0,0.5721,ON,1,0.6233,OFF,0,-0.3618,OFF,0,0.0243,OFF,0,0.0469,ON,1,0.52,ON,1,0.6467,ON,1,0.6823,OFF,0,-0.9642
Harq_ST3,HARQST-3 EMI Gen_20251118_1432 – HARQST-3 EMI - GEN HFCT,Har,OFF,cluster,2,1186008.9260166173,148.25111575207717,13024.461641367576,646.6039208220399,326207.28418129374,163.10364209064687,2282.1282047083514,275.79941197334483,30938.330138178597,15.469165069089298,1044.8213319231436,73.6454500339912,14655.692526133047,7.327846263066523,80.3550354379413,11.756750886295954,814207.619171012,407.103809585506,13024.461641367576,1219.0338812308182,0.27504623028167935,0.02608608540754365,0.012357151961205142,0.6865105323495718,13.986105227827396,12.695291364865259,10.33978347354293,9.59265233785359,13.609971901056163,0.09484254839904002,0.04492754526579804,2.4959823359309476,26.317115872389774,0.4737066435131832,2.3207993559551117,0.0906105615130855,1.2516144051291935,1.2002055238139822,4599.098268506355,2731.5664389770695,12.298364531444049,189.86184425946152,0.7790569745722179,0.07986468424707588,30.735,87.85405475895249,5.8561574661480135e-05,60.135,9.37304938414221,1.493112974778352,0.30489351206363463,4.017319563202573,OFF,1,0.001,OFF,1,0.0,OFF,1,0.2037,OFF,1,0.6763,ON,0,0.6667,OFF,1,-0.9286,OFF,1,0.04,OFF,1,0.0129,OFF,1,0.3186,OFF,1,0.265,ON,0,0.624,OFF,1,-0.6152,OFF,1,0.052,OFF,1,0.0017,OFF,1,0.3228,OFF,1,0.6197,ON,0,0.6831,OFF,1,-0.7595
