site,spectrum_id,org,running_state,label_source,B2_mean,B2_power,B2_log,B2_std,B2_max,mean_power,std_power,total_power,log_total,max_power,B1_mean,B1_power,B1_log,B1_std,spectral_slope,B1_max,B4_B2_ratio,B3_power,B3_log,B3_mean,B3_std,B3_max,B4_frac,B4_B1_ratio,log_B4_B1,band_gradient,spectral_spread,peak_to_mean,crest_factor,log_hi_lo,hi_lo_ratio,spectral_kurtosis,spectral_skew,B3_B2_ratio,spectral_flatness,band_range,spectral_centroid,B4_mean,B4_power,B4_log,spectral_entropy,B4_std,B2_B1_ratio,log_B2_B1,spectral_slope_norm,lr_B2_B4,clr_B2,clr_B4,ilr_3,alr_B4,lr_B1_B4,band_gradient_proper,lr_B3_B4,lr_B2_B3,band_range_proper,ilr_2,clr_B1
HARQCT1,HARQCT1_off_2025-01-30,HAR,OFF,cluster,418.11844928060935,836236.8985612188,13.636668419242103,931.8474031937362,7828.6590816841,427.09822440241754,892.0571351450294,3416785.7952193404,15.04421113383889,7828.6590816841,1101.8386172472083,2203677.2344944165,14.605638446988426,1224.3599346356011,-0.0004225152083922737,5457.5082375024995,0.41621698653297995,28815.6602164532,10.26870897860709,14.407830108226602,24.04941180153498,259.4222414281,0.1018664975820963,0.15794327612906867,0.14664539360653103,-0.6151723009821192,1836.5408410768207,18.32987971943897,4.281340878657745,0.11687101388807095,0.12397444324677699,13.991084090053914,3.5581621129572722,0.034458728460795396,0.17299786925447405,4.336929468381335,2317.3643276530015,174.02800097362595,348056.0019472519,12.760121544042068,0.8689701381481716,354.083873168847,0.37947340267037555,0.32170183407641323,-0.00043974934468272764,0.8765485524641026,0.8188926825560436,-0.05765586990805893,0.06657526402355973,2.2840921702208803,1.8455193222562336,-0.6151731074187445,-2.491444395088104,3.3679929475522066,4.336963717344338,3.1455353865421625,1.7878634523481747
HARQCT1,HARQCT1_on_2025-01-11,HAR,ON,cluster,48355.64151893335,96711283.0378667,18.3872406448035,105546.19398720257,500176.39459225,213021.2762728679,601394.2839528781,1704170210.182943,21.25634414955681,3452085.964441,800963.7041758831,1601927408.351766,21.194473372051434,986489.3781900451,-0.0012388547013811035,3452085.964441,0.01613887259854685,3970707.7175203576,15.194455154997977,1985.3538587601788,4979.963725480371,43972.70599089,0.0009158774554700133,0.0009743332111384996,0.0009738588566298989,-2.3112521889556183,539.9285450707467,16.20535762831069,4.025587861207811,0.0032511515196125673,0.003256442244810312,13.005470649667892,3.6410449181755697,0.041057336773886156,0.015249195359861979,6.933756566866855,806.2753873230566,780.4055378950759,1560811.0757901517,14.260716805184579,0.795382669856663,910.5724493472475,0.06037182617243158,0.05861962602321715,-0.0012434388202771187,4.126524469971194,1.1280193660792932,-2.998505103891901,3.4623754577969126,6.995627984477764,6.933757206934935,-2.311252402311645,0.9337387386614822,3.192785731309712,6.933757206934935,3.7529465990488475,3.935252103043034
HARQCT2,HARQCT2_off_2025-01-30,HAR,OFF,cluster,284.0182672131477,568036.5344262953,13.249942777256422,713.7625328811664,4396.3079377156,271.0774718920659,519.1277776962362,2168619.775136527,14.589601935950595,4396.3079377156,636.2839249400143,1272567.8498800287,14.056548131939232,499.35172934564605,-0.00041946448195034523,3612.6963746041,0.5515208292464785,14731.410320565335,9.597805129509787,7.365705160282667,15.076339188130284,302.68414075239997,0.14446238298731492,0.24618253599517415,0.22008490722395987,-0.46722653193058744,2193.621123964189,16.217902236687685,4.027145668646301,0.16399692944533595,0.178210697326816,15.227379743075474,3.4535085437910666,0.02593391345051038,0.15609289905044896,4.458743002429445,2237.081127610507,156.64199025481886,313283.98050963774,12.65486853614747,0.8766869516637331,320.55515352718555,0.4463703326147997,0.3690571992554285,-0.00044969480649242194,0.5950756726473898,0.8601682776214421,0.2650926049740523,-0.30610257368389593,1.934736130667476,1.4016820019663871,-0.46722733398879573,-3.0571280945099844,3.652203767157374,4.4588100964763715,3.3113075437571697,1.6667746069404394
HARQCT2,HARQCT2_on_2025-04-12,HAR,ON,cluster,39804.153333567745,79608306.66713549,18.192629013046265,103605.7114854962,461168.93247364,83794.3168922421,206402.30510964943,670354535.1379368,20.32331728880917,1022796.4595559998,294034.8560419739,588069712.0839479,20.192356058501836,315772.4061191655,-0.0010879769682706204,1022796.4595559998,0.030727436423023963,230357.2049943998,12.347390789414524,115.1786024971999,229.40646422246556,2214.8196078969,0.0036490529319022098,0.004159641504389932,0.004151014111965691,-1.8274419927160548,715.837591878469,12.206036130962143,3.4937138020956624,0.004000679877294267,0.004008693279823636,8.85329959977739,3.063591036898519,0.002893632770730629,0.013137232869370389,7.844965269087313,913.8590986263767,1223.0795909295157,2446159.1818590313,14.710030080353672,0.8141036395879455,2193.5054149796806,0.13537222718889347,0.12696055063877196,-0.001097164733776698,3.482599328935148,1.8320287061908687,-1.6505706227442793,1.9059147867157957,5.61328761576781,5.482326385251742,-1.8274421284172473,-2.362643223209771,5.845242552144919,7.844969608461513,5.589005710655164,3.8317557625074627
HARQCT3,HARQCT3_off_2025-04-30,HAR,OFF,cluster,195.57465409352224,391149.30818704446,12.876847185012812,646.5586766155332,11739.48413121,344.31316220486735,907.8780665840517,2754505.2976389388,14.828748782201584,14510.732060249999,1040.9838461047502,2081967.6922095004,14.548824490680637,1474.3423290891162,-0.0004700535159855657,14510.732060249999,0.6742705150719944,17647.8517403866,9.778426003043238,8.8239258701933,13.059737193668909,87.24008325759999,0.09574875231791193,0.12667845254696736,0.11927388161260709,-0.6886999871832783,1929.9827438411514,42.14399463361745,6.4918406198223515,0.10775856265689529,0.11377880512614706,52.07824791670612,6.1165468991384815,0.045117941847163945,0.14305839659020655,4.770398487637399,1425.8547395412936,131.87022275100352,263740.44550200703,12.482724529130802,0.8433880485821915,199.79523750661585,0.18787482132911829,0.17216584613713964,-0.0004924966901480722,0.394123890916136,0.4551549492293585,0.06103105831322253,-0.07047259589213355,2.346027681628609,2.0661032728344573,-0.6887010909448191,-2.704351397003487,3.098475287919623,4.770454669837944,3.2124772030344055,2.12713433114768
HARQCT3,HARQCT3_on_2025-07-04,HAR,ON,cluster,33836.34391167193,67672687.82334386,18.030193241767236,103511.40012125055,662210.70842689,183319.45227114137,522016.6887313549,1466555618.169131,21.106182372133187,2843128.8009639997,698230.5640141314,1396461128.0282629,21.05720710839589,851494.2530161364,-0.0011856369658981285,2843128.8009639997,0.019568708844346448,1097535.1927951074,13.908578400877566,548.7675963975537,749.0378619221677,4785.9443474704,0.0009029777720824654,0.0009483021747975086,0.0009478528203502405,-2.3202788674314987,470.56206501321645,15.509149551455272,3.938165759772947,0.0016527188726787338,0.0016540853652204325,11.635070450619365,3.4894045286267534,0.016218288767547575,0.012994519381959679,7.1486287075183235,764.3208988819122,662.1335623646924,1324267.1247293847,14.096370506101394,0.7882230398540766,766.4126435552557,0.04846013001371148,0.04732254489884515,-0.001187611755388858,3.933823476023205,1.2571063331445984,-2.6767171428786067,3.0908067259708982,7.009812620484295,6.960837356712771,-2.320279118904257,-0.18779226122155634,4.1216157372447615,7.148629617934327,4.601058399360156,4.284120213834164
HARQST1,HARQST1_off_2025-04-21,HAR,OFF,cluster,11.732085333682397,23464.170667364793,10.063272501475659,24.709448473827976,277.68889600000006,1029.9777352630235,3734.9963825950276,8239821.882104188,15.924489406764367,64857.36917521,3506.834765291591,7013669.530583181,15.76337173546567,6797.529062564169,-0.0003571097367808751,64857.36917521,50.43631174285868,19241.95423635397,9.86490025902067,9.620977118176985,11.294375266156989,71.60365006723599,0.1436252195193172,0.16873424410099286,0.1559213205467827,-0.5931432064893709,2020.5195400293503,62.96968075590604,7.93534377046891,0.1577777848829223,0.170905972788288,78.37293994025654,7.700030233457835,0.8200568649245565,0.039993161852953193,5.898471476445,1555.4247397956278,591.7231133086436,1183446.2266172874,13.983942115997557,0.7798742034187608,1090.3267663744364,0.003345491338741536,0.0033399076326206425,-0.00036592534798162937,-3.920711386793702,-2.355617875462398,1.5650935113313036,-1.8072143201481288,1.9405480143944214,1.7794303218788574,-0.5931434406262858,-4.1190929804103735,0.19838159361667174,5.898523302289231,2.4890510008743423,3.344523833210161
HARQST1,HARQST1_on_2025-07-04,HAR,ON,cluster,415.77705205071084,831554.1041014217,13.631052846136596,931.8571011312303,5697.5610071961,2114.7992432211245,9376.500421889312,16918393.945768997,16.643912046281557,303000.81711601,6402.262276765907,12804524.553531814,16.36530922527231,17868.902530285843,-0.00035190028795373127,303000.81711601,3.6788956893442553,223114.47909683676,12.315444759891163,111.55723954841838,222.9180759625586,1806.5823652880997,0.18082099393388207,0.23891561113800813,0.2142364898657265,-0.47721487736315815,2463.6063742697315,143.27639755274575,11.969811926347438,0.21568230657072507,0.24070815155485606,357.9661495510564,16.057360438442505,0.2683102374170424,0.11171380286527288,4.049864465381146,1788.5234321038686,1529.6004045194616,3059200.809038923,14.933664593182835,0.7979909697610936,2415.5456957357296,0.06494220856267505,0.06292053342863119,-0.00035481676820905614,-1.302612622730381,-0.6803146901657389,0.622297932564642,-0.7185677577646863,1.7102477208741664,1.4316448808747904,-0.47721496029159677,-2.618223988402976,1.315611365672595,4.049868869277766,2.190448133436131,2.0539428134394324
HARQST2,HARQST2_off_2025-04-21,HAR,OFF,cluster,22.437171228243947,44874.342456487895,10.71164375710381,88.48717132414967,1584.2421904516,129.37792687891073,258.66875281029564,1035023.4150312857,13.84993557380559,2766.5369804944003,312.00986192573015,624019.7238514603,13.343938858100499,312.12912665795807,-0.00026524447552326495,2103.3184578025002,7.814973768133487,15437.539555830754,9.644622230752077,7.7187697779153766,15.800873586839696,201.66158457760002,0.3388250005502593,0.5619883406929335,0.4459595870445228,-0.19209097546989481,2761.9020086536448,21.383376957968725,4.624216361461611,0.4365536273974845,0.5473652214373658,19.175458292587376,3.6845847210342613,0.3440170643270293,0.15731307941647085,3.6993166273484217,2752.298957782565,175.34590458375334,350691.8091675067,12.767665931690814,0.8684749295208446,316.9055088185438,0.07191173730767801,0.06944372465788429,-0.00028543143656854303,-2.056041607285289,-0.9053233431889165,1.1507182640963727,-1.3287349990749198,1.0822715274560348,0.5762741754000285,-0.19209139180000948,-3.123105624500228,1.067064017214939,3.6993797999002567,1.9458925399293283,1.7269924394964011
HARQST2,HARQST2_on_2025-06-29,HAR,ON,cluster,84.5572492381307,169114.4984762614,12.03833718341456,176.75721678266726,3950.3563054596,910.1771960558475,5619.313042846121,7281417.56844678,15.800836259493584,267354.04255641,2734.906771834029,5469813.543668058,15.514755269557964,10984.289861111716,-0.0002494504562702147,267354.04255641,7.141859135156106,434697.6004652879,12.98240819743015,217.34880023264395,571.9690755708606,4698.2346970689005,0.16587318533564205,0.2208104382708092,0.19951493186439234,-0.5034833485946493,2370.4497228431073,293.7384541328105,17.138799670073034,0.25563158019735227,0.29127690831067576,905.7197915401833,25.58411183375278,2.5704336670089583,0.13835969608736381,3.476418086143404,1768.2746681934177,603.8959629185863,1207791.9258371727,14.004305223774017,0.7695380910652307,841.7809114326326,0.03091778122345689,0.03044945522390859,-0.0002533410811178852,-1.9659731255387012,-1.5966178921752903,0.3693552333634109,-0.42649468681792463,1.7965317263405218,1.5104506909192157,-0.5034835636397386,-1.0218984988341635,-0.9440746267045377,3.476423816457917,0.6484103751519286,1.8798059242826266
HARQST3,HARQST3_off_2025-06-21,HAR,OFF,cluster,15.333759987616165,30667.51997523233,10.330991999511976,75.14431000278074,1004.8411825929,111.30837225566276,296.50643365710977,890466.9780453021,13.699502421542894,2881.8569733849,171.16853629101476,342337.0725820295,12.743554044105949,276.9197200324051,-1.4463072788173033e-05,2218.1707384516,16.433930295780318,13474.499854187734,9.508628490019642,6.737249927093867,9.798634186786815,93.59595025,0.5659815558126315,1.4721978015151038,0.9051075531884073,0.12891848346353876,2992.9482678243376,25.890747613872303,5.088295157850491,0.8701552874995845,1.387281539723173,25.592032851696175,4.66839660541096,0.43937363910191046,0.12277851556848059,3.6216810044769225,3996.2916612156014,251.99394281692628,503987.88563385257,13.130309494496565,0.8291919604647258,475.0948684969563,0.08958281889786948,0.08579488802325216,-1.39437832725371e-05,-2.799348118068588,-1.0973836837716746,1.7019644342969134,-1.9652592485849845,0.5691937882133953,-0.3867563873112392,0.12891879577041307,-3.621753231807828,0.8224051137392401,3.621753231807828,1.6564274131745074,1.3152080469856742
HARQST3,HARQST3_on_2025-06-17,HAR,ON,cluster,25.122060850858123,50244.12170171625,10.824668740645839,71.59152015581346,893.1329492089,492.2027621633889,2598.39057671956,3937622.097307111,15.186087824435509,92321.78402500002,1136.6338214296434,2273267.6428592866,14.636729284526394,4645.87458615314,-5.544099022627575e-05,92321.78402500002,30.43320778580262,85020.53695218942,11.35065987928631,42.51026847609471,91.61840711596716,838.72214449,0.38832822399072864,0.6726395814396833,0.5144029663030564,-0.13218180630334567,3284.696062752411,187.56860205171833,13.69556870122835,0.5274972796877561,0.6946856725084748,343.18750165943527,15.035077686820436,1.692148933466044,0.08239258485528496,3.8120605438805555,3029.408556439128,764.5448978969592,1529089.7957939184,14.240183865616357,0.7464546128385169,2121.088177972687,0.022102158476376213,0.021861446156138876,-5.6643368483004844e-05,-3.4155343736146087,-1.9384034149252045,1.4771309586894041,-1.7056439132553138,0.9459043588424212,0.39654563299833967,-0.13218187766611322,-2.889535094141344,-0.5259992794732646,3.8120800066129483,1.1267985325508398,1.8736765916877438
VAN1,VAN1_off_2025-09-15,VAN,OFF,cluster,18.290349719034598,36580.6994380692,10.507303378986794,48.00884260122263,759.6583316100001,1131.9010896969735,5574.610038467046,9055208.717575788,16.018850809448438,72645.61231225,4486.875926941728,8973751.853883456,16.009814524898516,10454.352617972707,-0.000655964278607076,72645.61231225,1.1854126036286525,1512.942089637991,7.322472183356991,0.7564710448189955,1.0070812947192587,7.702367798595999,0.004788760095662729,0.004832228801362902,0.004820591059531152,-1.777474839626733,509.0106561525237,64.18017702561968,8.011253149491896,0.004968160752717276,0.004980522526631305,78.9787451720871,8.299420781374119,0.04135902573864203,0.008667559303343007,8.687342341541525,539.8387924092768,21.681611082312106,43363.22216462421,10.677390006018317,0.7031007920631585,35.40228913495834,0.0040764108517480965,0.0040681247996342635,-0.0007162102323638613,-0.17009090272697058,-0.6217911672437317,-0.45170026451676115,0.5215785386235539,5.341483753747465,5.3324474681951095,-1.7774824893983698,-3.355555507401089,3.1854646046741184,8.688002975596198,4.847322841523456,4.880747203678348
VAN1,VAN1_off_2025-09-17,VAN,OFF,cluster,23.533893579323433,47067.78715864687,10.75936536730407,59.16825227502431,891.3132627168999,1359.0112211246071,7136.1884429187585,10872089.768996857,16.201709583655827,86746.33044529002,5406.529846426174,10813059.692852348,16.19626528486414,13485.315282553727,-0.0007671734629878007,86746.33044529002,0.2281007613157546,1226.0909012972356,7.11240152615364,0.6130454506486178,1.7703039448854716,38.12180760979601,0.000987500868064848,0.0009928917798964155,0.0009923991888858685,-2.3049319456063393,340.1285289641987,63.83047402176667,7.98939760065958,0.001100880785142663,0.0011014869768220595,83.81030393499604,8.684439574585888,0.02604946982399065,0.006145416981102531,9.0838637587105,513.0032686470786,5.368099042281675,10736.19808456335,9.281469448045122,0.6914263224815536,2.7686229093666173,0.004352864822318079,0.004343418508667815,-0.0008473754012850693,1.4779678120358035,-0.07779884888909017,-1.5557666609248937,1.7964446009624646,6.920333182136366,6.914888882842552,-2.3049629609475173,-2.169790051178783,3.6477578632145864,9.084678934021335,5.197995555910749,5.359122221917659
VAN1,VAN1_off_2025-09-20,VAN,OFF,cluster,23.047140503333743,46094.28100666749,10.738465859464627,51.701776395299774,754.7019929856,1257.4793760921962,6281.143512849461,10059835.00873757,16.124061421184667,76568.70081025001,4962.849103116103,9925698.206232205,16.110637831046766,11810.637056354803,-0.000637450901344403,76568.70081025001,1.852251251449706,2664.3318175694976,7.888083838256233,1.3321659087847488,2.367449966915698,38.237947811856,0.00848703677614697,0.008601731375180253,0.008564947271328845,-1.5852600538379684,620.3934535808387,60.890621560881996,7.803244297120488,0.008790407913230054,0.008829157005759715,76.71411295547243,8.240872753282314,0.057801787105135734,0.009783767008772572,8.222553992790534,584.5990801420569,42.68909484056326,85378.18968112652,11.354857669532862,0.7008386523963628,100.09975683943964,0.004643933358534002,0.00463318356804082,-0.0006930474810199879,-0.616401791973674,-0.7844649430627904,-0.1680631510891164,0.1940626110443167,4.76921536477116,4.755791773289889,-1.5852639244299631,-3.4671373769597498,2.850735584986076,8.222929150249639,4.520804697329946,4.587728622200773
VAN1,VAN1_off_2025-09-23,VAN,OFF,cluster,21.620467028628916,43240.93405725783,10.674565999181578,55.68358466602282,846.7459812100001,1515.5880001438852,8596.15870876363,12124704.001151081,16.310755664689875,118733.92916841,6000.521568253844,12001043.136507688,16.300504215342645,16392.346205063477,-0.0007094637174825045,118733.92916841,1.8290798209779526,1328.810659937085,7.192791850131957,0.6644053299685424,1.6469623267943132,27.855088395263998,0.006523138207636989,0.006590353773964241,0.006568732335827075,-1.6740452294052475,544.1024618641111,78.3418245308949,8.851091714048476,0.006654827843180729,0.006677020411920252,93.76420733038579,9.233295184984414,0.03073038751075079,0.006288043540094794,9.107712365210688,550.1875354501866,39.545559963098846,79091.11992619769,11.278368527126903,0.679625085786416,208.32143568342119,0.003603097961185845,0.003596622353896996,-0.0007824681455017958,-0.6038130103483308,-0.6868177441080423,-0.08300473375971151,0.09584561076036634,5.032399698651259,5.022148248454181,-1.6740494161513941,-4.086316303067005,3.4825032927186745,9.108464551521188,5.140241097696394,4.93914351469447
VAN1,VAN1_off_2025-09-26,VAN,OFF,cluster,21.3614367501447,42722.8735002894,10.662513141346889,53.691507944091484,889.4435381316001,1615.602900560721,9681.195774053807,12924823.204485768,16.374660377065943,126856.00039224999,6429.2127984730805,12858425.596946161,16.36950992068405,18547.310823626103,-0.0007338766869787795,126856.00039224999,0.5134141252562496,1740.2073122202935,7.462334009198553,0.8701036561101467,1.6952537324167412,19.074261373281004,0.0016970852428747477,0.0017058485552310218,0.0017043952480975146,-2.1245490314278226,355.05091435776995,78.51929477733341,8.861111373690525,0.0018334056095892172,0.0018350873252524539,97.04788709260309,9.45413688598931,0.04073245008128428,0.005617740436261168,8.907175911485496,519.8993686032273,10.967263363548954,21934.526727097906,9.99586282640058,0.6671434454369527,43.79947882636754,0.0033225586739353717,0.003317051171825328,-0.0008039310740717785,0.6666724977403522,-0.4599043513320584,-1.1265768490724106,1.3008588941495143,6.378843062480263,6.373692605698848,-2.124564201899616,-2.534057707149559,3.2007302048899113,8.907750312848407,4.943266471481659,5.247115756626437
VAN1,VAN1_on_2025-09-16,VAN,ON,cluster,4423.268570989657,8846537.141979314,15.995536770059196,19318.73462905236,139442.04829636,491999.5319951755,1405644.9946333314,3935996255.9614043,22.09342986516071,9094784.251535999,1963363.9735921544,3926727947.184309,22.09107233287851,2239735.379012522,-0.001626252950522951,9094784.251535999,0.04634752752780107,11756.511402626033,9.372247583635959,5.878255701313016,10.199866575407802,50.051167849224996,0.0001041706081637258,0.00010441648345097391,0.00010441103242941348,-3.055706856280142,403.6611098815296,18.485351428393592,4.29945943443921,0.00010716327133064485,0.0001071690135191214,13.510905096203313,3.6404251134199757,0.0013289393594287577,0.0005354461338004619,12.718824749242552,469.14916014991263,205.00756185682363,410015.12371364725,12.923951764038085,0.784360592651765,282.67594576397823,0.0022529029922540955,0.002250369011469438,-0.0016456630345897578,3.071587331913987,0.8998564463311158,-2.171730885582871,2.5076988227973898,9.169480539800011,9.167123007517214,-3.0557076691724046,-3.5517867970997195,6.6233741290137065,12.718909804616933,7.8964543495713535,6.9953921219343425
VAN1,VAN1_on_2025-09-19,VAN,ON,cluster,4210.119410260771,8420238.820521541,15.946148868060112,18331.395136372736,126873.45324899998,478460.52327265573,1382431.975254382,3827684186.181246,22.065525806397396,9445818.294025002,1909501.572414356,3819003144.828712,22.063255268920457,2216668.7790304334,-0.0016760612353700593,9445818.294025002,0.029725924177058504,10503.151280651151,9.259525818073433,5.2515756403255756,8.973813309718507,45.115455974415994,6.539185798954146e-05,6.554050134012232e-05,6.553835365530408e-05,-3.2109460901335862,403.94744600496864,19.742105846927316,4.44320895827797,6.813817565176523e-05,6.814049710998215e-05,14.376183515686733,3.7388822012874248,0.0012473697604694957,0.0004635153963803596,12.803729450847024,462.37455703820143,125.14969036578879,250299.38073157758,12.430416998519698,0.7832820420099436,205.52247306105906,0.002204826364681928,0.0022023993018793933,-0.0016975257517121572,3.5157357459866,1.0213368407101164,-2.4943989052764834,2.8802837588553714,9.635112802824098,9.632842265346566,-3.2109474217821887,-3.1709823902272305,6.68671813621383,12.803824655573797,7.956980774960067,7.138443360070083
VAN1,VAN1_on_2025-09-22,VAN,ON,cluster,13823.660018085477,27647320.036170952,17.13503939285422,59434.09565230928,512510.08958361,659466.4211885912,1531206.5506554898,5275731369.508729,22.38638315513541,10759961.336644,2624003.8796152975,5248007759.230595,22.38111436728958,2056413.8631321075,-0.0018480727907317735,10759961.336644,0.0026835702300105155,2096.716974362658,7.648604877264391,1.0483584871813292,1.4934697647774868,16.84609936,1.4063173386243342e-05,1.4137464804267309e-05,1.4137364871253628e-05,-3.7222229093571855,458.6862963357603,16.316162568597125,4.0393269945119705,1.4460704730076487e-05,1.446080928657112e-05,6.902930863574021,2.68013497665658,7.583798254657054e-05,0.00026136606763196813,14.73250949002519,672.2239203960373,37.09676249432214,74193.52498864429,11.214445639218026,0.8136556309757492,48.81013481697746,0.005268155327617941,0.005254327142098056,-0.0018694623660969524,5.920607195640615,2.5403608717600186,-3.3802463238805966,3.90317225003941,11.171950993902124,11.166682206055297,-3.722227402018433,-3.5663041061735337,9.48691130181415,14.732986312228832,9.887731796142843,7.7864358821747
VAN1,VAN1_on_2025-09-23,VAN,ON,cluster,4111.444767910338,8222889.535820676,15.922432351912667,17800.529021222526,136682.30461248997,484438.61642862204,1340247.5438663564,3875508931.4289765,22.077942828528748,8076264.883129,1933490.1764880086,3866980352.976017,22.07573976912836,2094053.222555153,-0.001716197488338682,8076264.883129,0.03679383391903677,3137.285223442017,8.05143182254739,1.5686426117210086,2.9480167702888513,33.735617048169004,7.806758732047388e-05,7.823976444120414e-05,7.823670387047208e-05,-3.1519097460020453,408.3524051987226,16.67138954088514,4.083061295263684,7.8880213956423e-05,7.888332508230147e-05,10.653648146424281,3.3327789595711153,0.0003815307514195522,0.00047377979066922494,14.024307946580972,468.82732568629024,151.27581595780404,302551.6319156081,12.620010531122226,0.7876777009341669,246.03256643784425,0.0021264368538858394,0.0021241791869966086,-0.0017415911549780872,3.3024250043942107,1.2551091424272975,-2.047315861966913,2.3640367280455763,9.457935602364001,9.45573254296305,-3.15191084765435,-4.568894099489606,7.871319103883817,14.024626642452656,8.938982419031358,7.408416680996137
VAN1,VAN1_on_2025-09-26,VAN,ON,cluster,20586.841194012566,41173682.388025135,17.53330985751249,87963.20868668018,712000.1276010001,652780.35222106,1527928.9437092722,5222242817.768479,22.376192805331968,9274662.157489,2590428.797318929,5180857594.637857,22.368236438517872,2079488.7436548693,-0.0018383859971714974,9274662.157489,0.005022786043178542,4734.14535201866,8.46276770251305,2.3670726760093297,4.85566295721823,52.332506642641,3.960110712224877e-05,3.991744483748922e-05,3.9916648157488925e-05,-3.3762307601385007,542.6067467588367,14.207937058663482,3.769341727498313,4.0508462475381734e-05,4.050928295422654e-05,10.09625157428954,3.123016352221351,0.00011497988708912306,0.00042082779756868793,13.905468736004822,652.1577723317915,103.4032986224219,206806.5972448438,12.23954415810237,0.8189021469205169,193.0823831986546,0.007947271592764782,0.007915858353152169,-0.0018566984450518907,5.29377051054675,2.382399311305271,-2.9113711992414792,3.361761891185982,10.136653482462101,10.128697115646474,-3.3762323718821583,-3.776982829227311,9.070753339774061,13.905679944873786,9.380089609414485,7.217325916404995
AEP_Turk,AEP_Turk_S1,AEP,ON,cluster,261.14759083556015,522295.18167112034,13.16599010379288,606.6437640198309,4067.2882855001785,6860.057817309723,16527.412866734732,54880462.538477786,17.82066798774707,95819.05999260645,26926.6832880231,53853366.576046206,17.80177549584249,23558.418975170545,-0.0009216100584363575,95819.05999260645,0.8921432544588783,38838.65759530072,10.567197106591447,19.41932879765036,33.39264959744903,310.5926216421355,0.008490491909365034,0.008652423289213756,0.00861520560286031,-1.5833045735682518,735.4458664022183,13.967675279766368,3.7373353180752784,0.009240751969711058,0.009283579536184744,9.935547276425543,3.1263943535602245,0.07436150850742931,0.01935997117360128,7.234578389251045,893.1121319012138,232.98106158257826,465962.1231651565,13.051861775137736,0.8170206062205815,570.7124662455014,0.009698468542975468,0.009651740282386153,-0.0009366686577771382,0.11412856012573158,-0.48071047454767957,-0.5948390346734111,0.6868609535863816,4.76880834048279,4.749915848230691,-1.5833052827435636,-2.4846882696627794,2.598816829788511,7.23460411789347,4.014477291302709,4.1550768135572795
AEP_Turk,AEP_Turk_S2,AEP,OFF,cluster,4.697089477234475,9394.17895446895,9.14795195950745,5.360954171836477,34.87090840156164,25.925801798607623,86.54456297097276,207406.41438886098,12.242440323361627,1127.4638357739573,93.57572176111097,187151.44352222193,12.139678769737973,154.32097490362486,-0.00028018691395567593,1127.4638357739573,1.0194673896165827,1283.732814847116,7.158306049520658,0.641866407423558,1.6510536036000605,24.904347539384293,0.04617532743884757,0.05117277706775815,0.04990647140731846,-0.990816172914491,1555.8165462463398,43.48809901918483,6.594550706275932,0.053785643124527965,0.055258376021083085,41.56099448365271,5.78403714206755,0.13665194381886597,0.11607249184315278,4.981372720217315,789.9007445295454,4.788529548661483,9577.059097322966,9.1672302509945,0.7903178804419689,0.4299438525168222,0.0501955997646543,0.04897643231059158,-0.0003300498773338836,-0.019280323983375425,-0.25519752309794086,-0.23591719911456543,0.27241371683051274,3.0753096616637627,2.9725475862281208,-0.9908491954093736,-2.0095984657864863,1.9903181418031108,4.982146052014607,2.846496587446581,2.7366303871135553
Towantic_GT1,20250104_1230 GT1,Tow,ON,cluster,144663.51010484598,289327020.20969194,19.483068167623006,345610.0503848898,2624795.522713661,598065.3040476165,1071788.9054865288,4783924367.076885,22.288527044121295,7238369.865478516,2247260.723287136,4494521446.574271,22.226125035926355,913425.6680789203,-0.0022153953405677166,7238369.865478516,6.622995994746728e-05,56738.17596140874,10.946220185194441,28.383279620514628,86.07567663655084,1005.6012184799329,4.005522556351914e-06,4.263438763834e-06,4.263429675404786e-06,-4.12179410567905,613.4554326934704,12.102975739422282,3.4789331323581303,1.586582253596026e-05,1.586594839878827e-05,3.8244974940273337,1.9427915659641368,0.00019610396540318674,0.001446797405647526,12.365382317037149,1030.2496507789697,9.581058480104009,19162.11696020802,9.860742718889206,0.8543418997704855,24.81404064345643,0.06437326501806265,0.06238614238586544,-0.002239572196835088,9.62237763021666,3.8540465905785055,-5.768331039638154,6.660694957019925,12.42783650996221,12.365434501753809,-4.121811500584603,1.0855120265821476,8.536865603634512,12.365434501753809,8.09016985565728,6.597103462115655
Towantic_GT1,20250105_0031 GT1,Tow,OFF,cluster,355.13335416262254,710266.7083252451,13.473397231929729,1130.7884215641745,15418.931170273805,3715.658083177618,28331.116546241155,29721549.007337768,17.207382930132805,568365.3388403393,14472.642029946646,28945284.05989329,17.180917883776107,55267.97325508023,-0.0008319326435617527,568365.3388403393,0.026098193497167802,47461.56113073799,10.76769649251896,23.74265189131465,112.73660276328107,1810.280394461719,0.0006236780587686861,0.0006404040793014241,0.0006401991081139523,-2.4511190986129567,399.4844395396634,152.9649193001795,12.367898742295788,0.0022230208800360658,0.00222549362293281,141.06246727042148,11.066542195994707,0.06682216774960764,0.007240481106865241,7.353357295838871,424.51600528913826,9.268338994247395,18536.67798849479,9.827560587937237,0.60877957892686,22.363493227471096,0.024538253169516105,0.024242026378982557,-0.0008873627072988726,3.6458891817154218,0.6610218893615301,-2.9848672923538917,3.4466278694716577,7.379876254193713,7.353411206934693,-2.451137068978231,0.9401687807654557,2.705720400949966,7.353411206934693,3.722800984974931,4.368543914580801
Towantic_GT2,20250105_0434 GT2,Tow,ON,cluster,58913.686912341516,117827373.82468303,18.584731186095524,182742.56818140837,1376006.0364786536,282347.08004932373,501982.9514911245,2258494293.3145404,21.537964186739398,2150762.2428786904,1070308.2608039922,2140616521.6079843,21.484359719165496,379783.7958918982,-0.002049542378912443,2150762.2428786904,0.00012879912010373753,35221.81980041915,10.469449441321778,17.61971976008962,39.3936220834113,418.4587571241573,6.71954855838101e-06,7.0895753254083665e-06,7.089550194487998e-06,-3.9522730754304454,567.8409227713116,7.617441067578842,2.759971207744019,2.231506377519946e-05,2.2315312758087124e-05,1.7406494240915773,1.6527950696094358,0.00029892730913977497,0.002145707576251504,11.856819226291336,1080.9006087211415,7.588031036376728,15176.062072753457,9.62754049287416,0.8515874105331573,2.110223258542019,0.055043662718333886,0.05358215253450951,-0.0020866799645960377,8.957256575810062,3.543234540523887,-5.414022035286175,6.251574158942079,11.910489584498157,11.856885116899873,-3.9522950389666245,0.8419464484347703,8.115310127375292,11.856885116899873,7.8098913670502155,6.442863081613698
Towantic_GT2,20250112_0855 GT2,Tow,OFF,cluster,887.2225344464572,1774445.0688929143,14.388998858323324,1440.0382091324095,18204.805859562242,2543.7849145364717,14963.667992485922,20347735.531377237,16.828480236707353,300062.2918200642,9247.067383152065,18494134.76630413,16.732964254192815,28862.201665431603,-0.000949242931103932,300062.2918200642,0.008154388479392666,64686.18175308738,11.077318342670688,32.35927051179959,129.24647767945208,2131.3372773730807,0.0007111117797256081,0.0007823839617231505,0.000782078058936594,-2.384365294637849,729.8071190751247,117.95898706110918,10.86089255359089,0.0038977339859141273,0.003905340029928032,144.1328737736201,10.95620752960787,0.03645431627444459,0.018260699160415287,7.153095883913547,655.2933675870722,7.2347572135518305,14469.51442710366,9.579868370279268,0.6935007284705511,2.3554510473191326,0.09594636847384798,0.09161825345429642,-0.001008549539935607,4.8091990329192065,1.4442321346984173,-3.364966898220789,3.8855290890039047,7.248680925714027,7.153164938273811,-2.384388312757937,1.4975036216901376,3.311695411229069,7.153164938273811,3.6609080541091727,3.7881980400530217
Towantic_GT2,20250103_0833 GT2,Tow,ON,cluster,53137.68576568541,106275371.53137082,18.481544137555804,7888.153917024713,74641.66504417453,1157351.4121718144,1642668.3595170584,9257653945.962343,22.9487165000453,4354778.258548737,583254.0508907997,1166508101.7815995,20.877280595635323,622158.3582617573,0.000372593175650893,2362535.236078635,73.82306739681289,139296557.46757936,18.752115732540886,69683.12029393665,3197.680065613572,78427.48287683725,0.8474689117758155,6.725691748903669,2.0445513655583816,0.6353115939195509,2198.7225451971144,3.7627104548797567,1.9397707222450433,1.9842444495458507,6.273549775018118,-0.8273218105809552,1.0222997181259603,1.310713436804687,0.21168213580021936,4.301671239838171,6137.261611447656,3922786.9575908957,7845573915.181791,22.783215377393976,0.8951647100073327,161227.85215632344,0.0911055580060328,0.08719145561336449,0.0003725932717782758,-4.301671249120229,-1.7419948282419213,2.559676420878308,-2.9556597412648586,0.165501122670765,-1.9059347824884512,0.635311594162817,-4.031099651904558,-0.27057159721567103,4.301671249120229,0.7571345328816111,0.6537416383898567
Towantic_STG,20240518_0825 STG,Tow,ON,manual,3352.61650249199,6705233.00498398,15.718398974161104,9876.607798931092,67515.28534628451,4614.586496271098,9668.252760990788,36912077.38367251,17.424049382921606,67515.28534628451,15095.216760622901,30190433.521245804,17.223035694466024,11061.99101293094,-0.0012643950738451392,45850.96631243918,0.0022813051533018347,1114.174834369111,7.016766473726814,0.5573661002346729,0.2776519851860647,3.5158570149076382,0.0004144086080380844,0.0005066731684259055,0.0005065448529169581,-2.5291930206876723,547.9996660936789,14.630841875179936,3.8250283495860757,0.0004446920294217891,0.0004447909195803166,8.735054986397767,2.8177039279773304,0.00016616496899373698,0.008742927536969581,10.206269220739209,1464.962028266211,7.648341304180891,15296.682608361783,9.635456632403006,0.8398613441280911,1.7424641304456563,0.22209793709206294,0.20056900245782616,-0.0013293149039233603,6.083007564135725,3.320225050446682,-2.762782513689043,3.1901864559815194,7.788658094942061,7.587644400454806,-2.529214800151602,-2.619521909834358,8.702529473970083,10.207166310289164,7.719850977115556,4.824861886765763
Towantic_STG,20240620_0516 STG,Tow,ON,manual,3238.6164081716684,6477232.816343336,15.68380409699524,12147.576614871383,83711.0111448206,4550.094545048608,9514.696228152992,36396206.265843816,17.409975131184886,83711.0111448206,14951.135028865576,29902270.05773115,17.213444990584538,7955.303235182078,-0.0012434930107722091,32764.21486158017,0.0023480433500171105,1494.5683283923054,7.310261566355803,0.7476579931927491,0.6021043178060631,5.125886807409245,0.0004178683714957047,0.0005086176872714454,0.0005084883851372532,-2.527916071163322,566.1794195903185,18.397642140406226,4.28924726966773,0.0004590375623963529,0.0004591429362611022,17.04922860108624,3.3357400876920007,0.0002307417952649446,0.008274378979564295,9.903183424228736,1408.18512479736,7.6044117204649595,15208.823440929918,9.629696777094571,0.8390294419117929,1.229894521683541,0.21661341442765977,0.19607110900483407,-0.0013047749116737544,6.054172914657974,3.2246857855380693,-2.8294871291199044,3.267210311331916,7.780344075759134,7.5838139291919,-2.5279379763973,-2.3200383273702503,8.374211242028224,9.90385225656215,7.461988176289454,4.754326800071995
Towantic_STG,20240621_1055 STG,Tow,ON,cluster,1844.8003838861648,3689600.7677723295,15.121029088179792,5333.712679552256,49322.56351003633,11970.517580896161,38594.202183863636,95764140.64716929,18.377398868562448,678527.5613734461,46028.54968825817,92057099.37651634,18.337919598752354,66187.18680613062,-0.0014094897601150767,678527.5613734461,0.0042504717057995954,1757.9592114980496,7.472477556008241,0.8789796057490248,2.205542089463453,38.59454126841433,0.00016376217196891396,0.00017035670008431125,0.00017034219102946585,-2.8925174436920074,570.2070747889829,56.68322666818582,7.528826380524569,0.00018213593399467044,0.0001821525217509567,75.79123075546518,7.513285971640793,0.000476463260429929,0.004492857292064065,10.865442042744114,776.1979327451064,7.8412718345584995,15682.543669117,9.660367267676333,0.7989939091568761,1.792457226619036,0.04007948102602831,0.039297134296600096,-0.0014715929388745706,5.460725312604518,2.4732386206713155,-2.987486691933203,3.4496524915761166,8.717095353576852,8.677616083346255,-2.8925386944487514,-2.18839462821797,7.649119940822488,10.866010711564225,7.558770436551946,5.690129391413052
Towantic_STG,20241225_1644 STG,Tow,ON,manual,1533.5408989883058,3067081.7979766116,14.9362374391378,5474.605470722185,38819.75614679069,3032.184885942174,5948.386484522488,24257479.08753739,17.004235585002657,38819.75614679069,10581.957006817589,21163914.013635177,16.867808167388343,5831.676620137118,-0.0011503749309547725,26041.545891948976,0.007940264248778703,2129.8359770373345,7.664269659186647,1.0649179885186673,1.590211962401163,21.299177959992676,0.0010039559288365395,0.0011507058634272615,0.0011500443088896864,-2.255779572249778,581.840475269476,12.802568974855623,3.578067771131445,0.0010923535381997687,0.0010929503736246229,6.173494604734252,2.378494549772733,0.0006944177290744958,0.01169738514982937,9.203538508201696,1335.9574324125813,12.176719974280767,24353.439948561532,10.100469450639007,0.84356148011352,17.799631715250538,0.14492034866520684,0.13533507010194648,-0.0012050556094613835,4.835808723573946,2.5441686449933165,-2.2916400785806292,2.646158032508523,6.903807154257171,6.767379730617018,-2.255793243539006,-2.436628139868448,7.272436863442394,9.204007870485466,6.726480395548367,4.475739652036388
Towantic_STG,20250109_1622 STG,Tow,ON,cluster,3314.5450553920737,6629090.110784147,15.70697826540184,8973.755121634134,63382.29579364904,16722.725132139756,41775.72497690016,133781801.05711804,18.711720687866684,606623.3521603383,63561.2700494418,127122540.0988836,18.660662069757603,62991.213680990906,-0.001426375774777602,606623.3521603383,0.00364222339947611,6026.220331567543,8.704041210234374,3.0131101657837718,7.330852452194216,84.76893273067253,0.00018047766533228844,0.00018993191215307687,0.00018991387737100074,-2.8562678329200786,605.9136677541602,36.27538857255105,6.022905326542596,0.00022554824221667036,0.00022557368013391042,30.47045593802312,4.607219505382454,0.000909056934037332,0.005563967737900278,9.956620859523229,1089.8401221510142,12.072313559368672,24144.627118737342,10.091858570997367,0.8207544775043558,13.527461188551268,0.05214724395553761,0.05083307025843128,-0.0014722300690381432,5.6151609597785015,2.4161449611206276,-3.199015998657874,3.693905495934084,8.619903525618739,8.568844907118091,-2.8562816357060306,-1.3879418722651007,7.003102832043602,9.956786779383192,6.923845940320818,5.369828908460217
Towantic_STG,20250121_1828 STG,Tow,ON,manual,2239.937498833196,4479874.9976663925,15.315105924915771,7709.200528574951,51921.74448039476,3486.494605864043,7157.442438548607,27891956.846912343,17.14384895602519,51921.74448039476,11693.685574673013,23387371.149346024,16.967706782926175,7235.104225699439,-0.001186445457625519,29919.249482024694,0.00496094537309909,2486.2847581853393,7.818946935916138,1.2431423790926697,2.0058568308464633,20.76653294429184,0.0007968037260247162,0.0009502741885703925,0.0009498229638891472,-2.3195716812250287,567.3809263762398,14.892248619305041,3.8590476311202777,0.0008863362527017366,0.0008867291647536539,8.715300881711679,2.706814597475316,0.0005549897618750328,0.011779690983354657,9.148759847010037,1416.2528502377743,11.112207570870174,22224.41514174035,10.008991739251089,0.8399805462541482,16.44010012374653,0.19155102850417932,0.17525584375179934,-0.0012415850736697414,5.306158956991695,2.787529702494666,-2.5186292544970286,2.9082625561454516,7.134902175468975,6.958759995464467,-2.3195866651548225,-2.190401934468044,7.496560891459739,9.14916192993251,6.795587885368696,4.440130740967438
Har_CT1,20241020_1113,Har,ON,cluster,59116.87349939746,118233746.99879491,18.588174138248572,133812.4031256147,754170.8641979136,224632.07092628573,611444.9866345692,1796831935.3393595,21.30929091579949,3446192.4976759553,837232.933140558,1674465866.281116,21.23876006616344,987268.9248853979,-0.001418026346352132,3446192.4976759553,0.005828259705855463,3443225.0759431534,15.051919402652095,1722.4737748590062,4817.424038541741,47877.52789732092,0.00038350664297117184,0.000411532416026988,0.0004114477597873291,-2.5985404383650845,541.4596854634303,15.341498137222095,3.9168224541349366,0.002302430737267467,0.002305083366358335,12.369529959880186,3.54755548291396,0.02912218519115544,0.011489352399627319,7.795621315095254,838.9788844004985,344.5484917526958,689096.9835053915,13.443138751068187,0.8020118107862294,484.92106540691117,0.07060982811276088,0.0682284189394548,-0.0014260499996349343,5.145036829896055,1.5076764779211445,-3.6373603519749107,4.200061956704771,7.866153615348258,7.795622765671537,-2.5985409218905122,1.6087818123320456,3.5362550175640095,7.795622765671537,3.9694373081374286,4.158262413696626
Har_CT1,20241122_1450,Har,ON,cluster,44305.16067199445,88610321.3439889,18.29975891380029,104953.81827515298,543800.9236786515,165046.44791487485,426751.3072879138,1320206536.871084,21.001054029388992,2274977.138523102,614027.1551477237,1228054310.2954476,20.928696893132646,668810.1098552666,-0.0011359493057859532,2274977.138523102,0.03167623356224061,735063.9967300602,13.507714205210442,367.71585629317667,834.6789788383334,7743.93554700911,0.002126062215666413,0.0022856002469810485,0.0022829922358944274,-2.027042081176695,601.9949714328102,13.783860042213412,3.712662123356586,0.0026864470316978507,0.0026900587640432748,8.496330771901507,3.0547186003360562,0.008295467001823674,0.01337365356825892,7.420982687922203,808.5192594927598,1403.4206174587093,2806841.2349174186,14.847570649602561,0.8041117973243467,2447.8250286713132,0.07215505096242103,0.06967068928148523,-0.0011404278724282966,3.452188609184674,1.403824169277641,-2.048364439907033,2.365247521557564,6.153483735301286,6.081126598988103,-2.027042199662701,-1.3398574485446435,4.792046057729317,7.420984047532746,4.985948661856929,4.03276215908107
Har_CT1,20241124_1450,Har,ON,cluster,57844.21981489123,115688439.62978245,18.566411279046417,105348.90387044726,476501.686252594,244277.8881516872,681721.6557381474,1953978827.3253458,21.393133555464978,3807683.8334087282,917929.2807915814,1835858561.5831628,21.330778090547227,1113715.1732687177,-0.001284163758282514,3807683.8334087282,0.013045152354091179,922652.7918227959,13.735009353004948,461.55717449864727,805.7927915987366,6667.366884771967,0.0007723590959495699,0.0008220531538530725,0.0008217154532184345,-2.367901612958132,516.3399740823074,15.587509218371421,3.94810197669274,0.0012453259988251082,0.0012461017392299272,12.996735778553447,3.6360656173155648,0.007975324023518623,0.011318647851820048,7.595768737542279,808.8504204427579,754.5866602888025,1509173.320577605,14.22707325167283,0.7976929682507615,879.6558650361533,0.06301598720656226,0.06111013895185418,-0.0012884638243625965,4.339338681343875,1.6015937157430393,-2.737744965600836,3.1612755857243724,7.1660609658945695,7.103705500943892,-2.3679018336479642,-0.4920643198844239,4.831403001228299,7.595769820828316,5.073372059903595,4.365960535343056
Har_CT1,20241207_1844,Har,ON,cluster,38155.800409949625,76311600.81989925,18.150335540002125,74919.14757909656,397457.29021316767,182246.3530853721,519405.4531145878,1457788578.3298914,21.10018645269998,2877664.119740069,688867.9877192567,1377735975.4385133,21.043707392079202,854523.6840519384,-0.0012320893887965794,2877664.119740069,0.018738305566078917,2311051.977079083,14.653213812870483,1156.1040405598214,3210.20516001195,28349.770661607385,0.0009809036204949176,0.0010378984942632395,0.0010373602500174434,-2.290185530049422,519.6480842632259,15.789968199758954,3.9736592958822685,0.002569515543576462,0.002572819577957304,12.237414700271314,3.5580230818405165,0.030284412228925698,0.015267065587865322,6.870556590148265,778.1850959879096,714.9750471999646,1429950.0943999293,14.173150801930937,0.7914168655832969,900.9008625895507,0.05538913273685136,0.05390954511706152,-0.0012372758324741137,3.9771854242918785,1.1452339266418043,-2.831951497650074,3.270055919000468,6.927036349407935,6.870557288747296,-2.2901857629157654,0.4800632775611202,3.4971221467307583,6.870557288747296,4.0366023932324575,4.038605791097222
Har_CT1,20241220_1026,Har,OFF,cluster,610.6857014705718,1221371.4029411436,14.015485704904107,1381.8002196351017,10769.855839877913,698.0675799703725,1311.13679040023,5583842.57218301,15.535387909454416,28474.79098214209,1860.3838032472631,3720767.6064945264,15.129440819556528,1682.3030660431964,-0.00043675423080573767,28474.79098214209,0.4911181791230433,41865.8633014372,10.642249941027476,20.9434033523948,39.89492850750918,488.05288268625736,0.10742382001135019,0.16121342768055075,0.14946551672579128,-0.6083415852524935,1970.0874427591993,40.790880137058565,6.386773844184217,0.12207893705721123,0.12984328476436038,37.477060300919,4.2060530946813515,0.03427774974965612,0.17721010945482554,4.487190878529052,2233.631799476145,299.91884972295117,599837.6994459024,13.304416063799048,0.882864169928034,398.68285796714025,0.32825791130005966,0.28386824251417,-0.0004520631778644821,0.7110704894698561,0.7425934138690735,0.031522924399217445,-0.03639953777506483,2.2309733336834743,1.8250261541120043,-0.6083420513706681,-2.66218834117873,3.3732588306485862,4.4872144952907345,3.2090247975515234,1.8565490785112218
Har_CT1,20250113_1114,Har,ON,cluster,67188.35811259618,134376716.22519237,18.716157736114816,144713.5008167456,891945.7053297795,267012.96829504595,727059.5289927007,2135836733.3920724,21.482124319913336,4313375.286323786,999080.1936634296,1998160387.3268592,21.41549278838882,1172908.0203855413,-0.0013974131011753065,4313375.286323786,0.007082764730542771,2347871.173734625,14.669020017960378,1174.522848291458,3654.291119339451,30031.35206680838,0.00044561396075176566,0.00047631745295442345,0.0004762040498055993,-2.5498083192889442,530.6653941673219,16.15417900436041,4.019226169843415,0.0015460831798471363,0.0015472789826374244,13.892722826817412,3.716782897903936,0.017472306510303296,0.010681600076589751,7.649424957866833,850.7694943239762,475.87933314297715,951758.6662859543,13.766067830521989,0.8042019497879433,545.0904015487215,0.06725021528675262,0.06508544837692845,-0.0014045787722321403,4.950090948837028,1.574473506563013,-3.375617442274015,3.8978272779561993,7.716057539609112,7.649426008052339,-2.5498086693507798,0.902952812206701,4.047138136630327,7.649426008052339,4.40647337441469,4.2738085657783245
Har_CT1,20250115_1947,Har,ON,cluster,42773.56395483333,85547127.90966666,18.264577997361368,99565.28629323658,512867.5354886651,205694.7406073818,584952.3600830908,1645352230.118447,21.221220320503303,3300590.7639849335,778670.3822262223,1557340764.4524446,21.166245566129597,958985.2682087967,-0.00125543128684917,3300590.7639849335,0.015181851880382945,1165573.9316191731,13.968725026784888,583.0785050621176,1251.6665114748491,10004.13555931882,0.0007893530643121028,0.0008339625176211117,0.0008336149640983641,-2.3631071100651067,495.9576346540527,16.046062987506854,4.005753735253802,0.0014988797204081763,0.0015000036020672994,12.719815875771046,3.606824155306239,0.013624933531958493,0.01217699390788187,7.197520539344708,782.1879695279747,649.381912358374,1298763.8247167482,14.076924235934277,0.7914630962717883,812.1128620821053,0.054931540907647576,0.05347587468764272,-0.00126049414272187,4.1876545197002635,1.3954601891794454,-2.792194330520818,3.224148296711882,7.144296853923887,7.089322099515837,-2.363107366505279,-0.10819929713282228,4.295853816833086,7.197521396648659,4.692150782563659,4.2971277689950185
Har_CT1,20250116_1516,Har,ON,cluster,53871.45916379027,107742918.32758054,18.495258570891714,117377.24828009652,541144.4998169541,232302.84248927826,647074.2932188368,1858422739.914226,21.342993976169875,3657511.973468676,874112.0521222187,1748224104.2444372,21.28186631262356,1053529.6996374996,-0.0012824607439923142,3657511.973468676,0.013177991773903008,1035882.0507911849,13.850764810092842,517.9410253955924,1030.6644137725812,8580.220278769324,0.0007640001711788699,0.0008121586288451326,0.000811829006484285,-2.3719380591422143,510.70757471884184,15.744585534451582,3.967944749419409,0.0013222724899842207,0.0013231470776917142,12.919652184873152,3.622751912389858,0.009614386419733771,0.011922072324999693,7.431101502530717,809.6102230023847,709.9176457085865,1419835.291417173,14.166052135196917,0.7971082068560564,954.7607444990782,0.06162992379866868,0.05980539109024916,-0.0012868611653374593,4.3292071307202455,1.5467735242892466,-2.782433606430999,3.212877583350399,7.176942544741667,7.115814881161434,-2.371938293720478,-0.31528758615768204,4.644494716877928,7.431102467319116,4.929841906778682,4.333381274730435
EMSA_GT2_NG,20250105_0434 NG,EMS,ON,cluster,58913.686912341516,117827373.82468303,18.584731186095524,182742.56818140837,1376006.0364786536,282347.08004932373,501982.9514911245,2258494293.3145404,21.537964186739398,2150762.2428786904,1070308.2608039922,2140616521.6079843,21.484359719165496,379783.7958918982,-0.002049542378912443,2150762.2428786904,0.00012879912010373753,35221.81980041915,10.469449441321778,17.61971976008962,39.3936220834113,418.4587571241573,6.71954855838101e-06,7.0895753254083665e-06,7.089550194487998e-06,-3.9522730754304454,567.8409227713116,7.617441067578842,2.759971207744019,2.231506377519946e-05,2.2315312758087124e-05,1.7406494240915773,1.6527950696094358,0.00029892730913977497,0.002145707576251504,11.856819226291336,1080.9006087211415,7.588031036376728,15176.062072753457,9.62754049287416,0.8515874105331573,2.110223258542019,0.055043662718333886,0.05358215253450951,-0.0020866799645960377,8.957256575810062,3.543234540523887,-5.414022035286175,6.251574158942079,11.910489584498157,11.856885116899873,-3.9522950389666245,0.8419464484347703,8.115310127375292,11.856885116899873,7.8098913670502155,6.442863081613698
EMSA_GT2_NG,20250112_0855 NG,EMS,OFF,cluster,887.2225344464572,1774445.0688929143,14.388998858323324,1440.0382091324095,18204.805859562242,2543.7849145364717,14963.667992485922,20347735.531377237,16.828480236707353,300062.2918200642,9247.067383152065,18494134.76630413,16.732964254192815,28862.201665431603,-0.000949242931103932,300062.2918200642,0.008154388479392666,64686.18175308738,11.077318342670688,32.35927051179959,129.24647767945208,2131.3372773730807,0.0007111117797256081,0.0007823839617231505,0.000782078058936594,-2.384365294637849,729.8071190751247,117.95898706110918,10.86089255359089,0.0038977339859141273,0.003905340029928032,144.1328737736201,10.95620752960787,0.03645431627444459,0.018260699160415287,7.153095883913547,655.2933675870722,7.2347572135518305,14469.51442710366,9.579868370279268,0.6935007284705511,2.3554510473191326,0.09594636847384798,0.09161825345429642,-0.001008549539935607,4.8091990329192065,1.4442321346984173,-3.364966898220789,3.8855290890039047,7.248680925714027,7.153164938273811,-2.384388312757937,1.4975036216901376,3.311695411229069,7.153164938273811,3.6609080541091727,3.7881980400530217
EMSA_GT2_NG,20250103_0833 NG,EMS,ON,cluster,53137.68576568541,106275371.53137082,18.481544137555804,7888.153917024713,74641.66504417453,1157351.4121718144,1642668.3595170584,9257653945.962343,22.9487165000453,4354778.258548737,583254.0508907997,1166508101.7815995,20.877280595635323,622158.3582617573,0.000372593175650893,2362535.236078635,73.82306739681289,139296557.46757936,18.752115732540886,69683.12029393665,3197.680065613572,78427.48287683725,0.8474689117758155,6.725691748903669,2.0445513655583816,0.6353115939195509,2198.7225451971144,3.7627104548797567,1.9397707222450433,1.9842444495458507,6.273549775018118,-0.8273218105809552,1.0222997181259603,1.310713436804687,0.21168213580021936,4.301671239838171,6137.261611447656,3922786.9575908957,7845573915.181791,22.783215377393976,0.8951647100073327,161227.85215632344,0.0911055580060328,0.08719145561336449,0.0003725932717782758,-4.301671249120229,-1.7419948282419213,2.559676420878308,-2.9556597412648586,0.165501122670765,-1.9059347824884512,0.635311594162817,-4.031099651904558,-0.27057159721567103,4.301671249120229,0.7571345328816111,0.6537416383898567
EMSA_GT1_ng,20250104_1230 ng,EMS,ON,cluster,144663.51010484598,289327020.20969194,19.483068167623006,345610.0503848898,2624795.522713661,598065.3040476165,1071788.9054865288,4783924367.076885,22.288527044121295,7238369.865478516,2247260.723287136,4494521446.574271,22.226125035926355,913425.6680789203,-0.0022153953405677166,7238369.865478516,6.622995994746728e-05,56738.17596140874,10.946220185194441,28.383279620514628,86.07567663655084,1005.6012184799329,4.005522556351914e-06,4.263438763834e-06,4.263429675404786e-06,-4.12179410567905,613.4554326934704,12.102975739422282,3.4789331323581303,1.586582253596026e-05,1.586594839878827e-05,3.8244974940273337,1.9427915659641368,0.00019610396540318674,0.001446797405647526,12.365382317037149,1030.2496507789697,9.581058480104009,19162.11696020802,9.860742718889206,0.8543418997704855,24.81404064345643,0.06437326501806265,0.06238614238586544,-0.002239572196835088,9.62237763021666,3.8540465905785055,-5.768331039638154,6.660694957019925,12.42783650996221,12.365434501753809,-4.121811500584603,1.0855120265821476,8.536865603634512,12.365434501753809,8.09016985565728,6.597103462115655
EMSA_GT1_ng,20250105_0031 ng,EMS,OFF,cluster,355.13335416262254,710266.7083252451,13.473397231929729,1130.7884215641745,15418.931170273805,3715.658083177618,28331.116546241155,29721549.007337768,17.207382930132805,568365.3388403393,14472.642029946646,28945284.05989329,17.180917883776107,55267.97325508023,-0.0008319326435617527,568365.3388403393,0.026098193497167802,47461.56113073799,10.76769649251896,23.74265189131465,112.73660276328107,1810.280394461719,0.0006236780587686861,0.0006404040793014241,0.0006401991081139523,-2.4511190986129567,399.4844395396634,152.9649193001795,12.367898742295788,0.0022230208800360658,0.00222549362293281,141.06246727042148,11.066542195994707,0.06682216774960764,0.007240481106865241,7.353357295838871,424.51600528913826,9.268338994247395,18536.67798849479,9.827560587937237,0.60877957892686,22.363493227471096,0.024538253169516105,0.024242026378982557,-0.0008873627072988726,3.6458891817154218,0.6610218893615301,-2.9848672923538917,3.4466278694716577,7.379876254193713,7.353411206934693,-2.451137068978231,0.9401687807654557,2.705720400949966,7.353411206934693,3.722800984974931,4.368543914580801
Decatur,20241028_1110,Dec,OFF,cluster,8.73209297077157,17464.18594154314,9.767964803708344,17.544206226773255,235.94289042153923,23.683572650258082,64.8018133252724,189444.8976294144,12.151858762105217,931.1044250785053,57.77725615101477,115554.51230202954,11.657506319471906,97.4312902955695,-0.00015755313004854024,744.2411047019741,0.9471808735091362,39884.45648965769,10.593767037425973,19.952204347002347,73.18660792105808,931.1044250785053,0.08731690904941852,0.14315099052821934,0.13378847628787752,-0.647934510177634,2254.472734081486,39.314356783262916,6.270116169722314,0.35360849791734006,0.42419750103173137,41.10803906958622,5.629687270337205,2.283785606777026,0.2250215346708887,1.943803530532902,1963.3556583794925,8.270871448091993,16541.742896183987,9.713702788939004,0.8402325240998372,1.8302890529828097,0.15113374279790262,0.14074732003361665,-0.00016633407388950202,0.05426520766250498,-0.6652898331563293,-0.7195550408188343,0.8308705930270127,2.4382111458950906,1.9438553279407582,-0.6479517759802528,0.8800996276720756,-0.8258344200095706,1.9438553279407582,0.0971309559307561,1.224300287121924
Decatur,20241031_1752,Dec,ON,cluster,38.68279870487997,77365.59740975994,11.256310408416422,49.03525937251519,455.7650187876752,1720.6265934447972,7053.578373343887,13763292.120964933,16.437515687487178,102279.58620120678,61.75491409321335,123509.8281864267,11.724084108829599,100.05971275010714,0.0006331493007811796,888.7486506872847,145.26855283314,2323628.320436327,14.658640883559517,1162.395357897112,2085.77011408555,20023.68368044868,0.8165770424804787,90.99509358783585,4.521735245059913,1.5035991936476243,1058.133776871673,59.44322062140804,7.709942971327667,4.2270753930761,67.51655487498662,95.73686020146005,8.938279259948388,30.034387353068624,0.07703252720924568,4.97857128135605,6366.905560137512,5619.39418746621,11238788.37493242,16.23488168977247,0.777485825662155,13173.217967068,0.6263922357041685,0.4863642094053123,0.0006456167366678609,-4.978584117936759,-2.2121764044398358,2.766407713496923,-3.1943724761514107,0.20263401403522963,-4.510805588454204,1.503601862818068,-1.5762411475967308,-3.402342970340028,4.978584117936759,-2.5870316174491634,-1.744397874957281
Decatur,20241031_1852,Dec,ON,cluster,63.28597430270089,126571.94860540179,11.74857408975755,89.11900130253265,529.8434985116037,1695.0086983621002,6769.694656016717,13560069.586896801,16.422640045986338,87633.30847192183,62.77017414079193,125540.34828158387,11.740390451670342,106.23920010426421,0.0006234207876844131,853.6491946262286,91.4301866921138,1735460.3989418675,14.366783871997939,867.7301994709337,1307.8821279963954,13632.356492893829,0.8534245946827987,92.1814942317903,4.53454914223121,1.50791717266023,1021.6998076920272,51.7008016280963,7.190326948605898,3.985010082435799,52.78583176735162,73.8365002205728,7.9535409791908735,13.71125607253305,0.08040059258587648,4.52375151798069,6461.380787121567,5786.2484455339745,11572496.891067948,16.264141969651032,0.7770742893119595,12603.012508377125,1.008217281032994,0.6972474036612074,0.0006363474084353506,-4.51557569409524,-1.7814022744312101,2.73417341966403,-3.157151519708295,0.15849808900114581,-4.523759397103753,1.5079197990345843,-1.8973585874571288,-2.6182171066381112,4.523759397103753,-2.1411062984593907,-1.7895859774397227
Decatur,20241102_1259,Dec,ON,cluster,34.439661144654764,68879.32228930952,11.14012581808761,44.20796777806836,490.94911271944875,1867.7232192216559,7337.632425404556,14939918.030554025,16.519547318012627,110540.40080610756,64.16264462474962,128325.28924949923,11.762331434130417,105.41580554752538,0.0006819366822609765,857.7949944649336,182.5304901445476,2170136.960540756,14.590301299781819,1085.6112859133348,1564.019839151836,13115.072525922209,0.8415425327476328,97.9742693891925,4.594859911193719,1.5282323912744467,1001.0811277461477,59.18457278277431,7.693151030787292,4.327550145110372,74.75846180219358,97.85895893155937,8.944904380226617,31.506363424921037,0.07972400665951002,5.206902789866147,6454.276269264507,6286.28822923723,12572576.45847446,16.347028607953757,0.7858543554900673,13642.932488175229,0.5367556363333236,0.42967346449522903,0.0006931834879332536,-5.206917228367736,-2.319829777179528,2.887087451188208,-3.333721434235004,0.1725187226622893,-4.584704886951036,1.528234962317012,-1.7567276894340527,-3.4501895389336834,5.206917228367736,-2.5630508374030754,-1.6976174357628278
Decatur,20241101_0053,Dec,ON,cluster,71.34525854777647,142690.51709555293,11.868440355976539,113.27560475828938,658.5528637776733,1660.5606951078637,6616.448772477067,13282825.000167802,16.401982480591048,92171.2774588503,64.04174508739578,128083.49017479157,11.760445404635666,103.74313987503521,0.0006131716743273225,825.757809126957,77.6111956532922,1937669.3526474524,14.476996960291627,969.319335991722,1496.628114320532,15008.197771329666,0.8337369226885171,86.4622101181868,4.471206815711077,1.4865665747206862,1063.9150930296867,55.50611774106676,7.450242797439402,3.8929425748580253,48.05502243004436,86.08337956284963,8.504661700889525,13.579524358555021,0.0860036206286597,4.459699724162059,6409.713175576229,5537.190820125003,11074381.640250005,16.220145128797725,0.7822222581663059,12338.760216271354,1.114043011317958,0.7486022331814476,0.0006253603622578394,-4.351711690672337,-1.7130697591212591,2.638641931551078,-3.046841258952099,0.18183736680662577,-4.459707441240578,1.4865691470801927,-1.743148594291398,-2.608563096380939,4.459707441240578,-2.1739719298761244,-1.8210655096895003
Decatur,20241112_1127,Dec,ON,cluster,43.5084623972524,87016.9247945048,11.373869408535763,52.14930185862248,514.9303874708712,1884.0463932690088,6955.895730500224,15070487.099758802,16.52824895891419,93343.00446404517,62.306167530057834,124612.33506011567,11.732970902563322,103.23901765978812,0.0006934076801698699,908.3340238416567,137.8352326569995,2864859.7656191494,14.868030308562306,1433.1464560375935,2369.9365001803976,14757.048294609645,0.7958600140055851,96.25048811100937,4.577290001622303,1.5223153676552545,1043.292391246275,49.54389912983022,7.038742723640675,4.265657644061959,70.21173655307076,82.58823844857208,8.284332621018319,32.92301781925469,0.08148659870252856,4.926047596993323,6371.333528333874,5996.999037142516,11993998.07428503,16.299917005529085,0.7940803165804824,12808.617215687602,0.6983010530364242,0.5296283707816386,0.0007063994245892089,-4.926059005569499,-2.1948340024033275,2.7312250031661716,-3.1537469815908508,0.2283319704052822,-4.566954044446273,1.5223180148154245,-1.4318869626489121,-3.494172042920587,4.926059005569499,-2.706375539742258,-1.8357290412801017
Decatur,20241130_0741,Dec,ON,cluster,249.08096052945393,498161.9210589079,13.11868245322536,520.1876232383989,4550.802067432145,5829.062621378163,40316.37987631017,46626671.908403926,17.657683315357584,951994.6824655533,57.09039400658859,114180.78801317718,11.645547088996071,95.96395387395319,0.0006678193679364098,731.2410767201945,21.328094822254897,35389484.51012946,17.38192531449711,17703.594052090775,78608.56246321872,951994.6824655533,0.22787053534668783,93.05282328129621,4.543856574236365,1.5110528867680095,1154.0887713392565,163.31865761298977,12.779618836748018,4.332635907002121,75.14473270855892,229.2918403960668,13.89820655962425,71.04012373092161,0.032949572490964,5.7363782255010385,4769.577570047631,5312.4223446011865,10624844.689202374,16.1787057493001,0.6782650131189955,10894.045437492103,4.36292242962147,1.6795090559061538,0.0006813410375716739,-3.060025209333153,-1.46253198371776,1.597493225615393,-1.844626287675301,1.4789776387295497,-4.53316732418746,1.5110557747291533,1.2032196310590457,-4.263244840392199,5.736386955246505,-4.082332585837591,-2.9356740985720666
Decatur,20241116_1140,Dec,ON,cluster,49.07815282672885,98156.30565345769,11.494326630489919,55.8618946785217,474.20211010496496,2104.5227090933868,7531.538043822707,16836181.672747094,16.639040858941264,103384.93520452082,60.97740143261837,121954.80286523675,11.711413986482766,94.78782419210978,0.0007052264196470114,739.520184716097,136.5536307102817,3212470.650004048,14.982551183245208,1606.235325002024,2870.2552203097607,21127.205358939478,0.7961187503649299,109.90628986482619,4.7086856092928695,1.5665399890934701,1028.2322869126353,49.125122175114655,7.0089316001016035,4.337153062974189,75.4894683688428,76.62972385564463,7.866571228830085,32.72811286636027,0.08164159840896548,4.916707323273258,6385.143548503787,6701.799957112175,13403599.91422435,16.411033953763177,0.7956602502605026,13742.693067552049,0.8048580568091125,0.5904819498057267,0.0007159028511978273,-4.916717436447033,-2.155510302436019,2.7612071340110145,-3.188367364219149,0.2280069203890207,-4.699628092399035,1.566542697466345,-1.4284830071979897,-3.4882344292490437,4.916717436447033,-2.7595051313707053,-1.9384209583880203
Decatur,20241117_0142,Dec,ON,cluster,46.73335954563177,93466.71909126354,11.445371405303334,56.43634030511426,508.9812013995979,1480.16741063934,6387.61361497913,11841339.28511472,16.287107380769836,90693.96566928271,62.7860482424477,125572.0964848954,11.740643310111123,103.31604401581689,0.0005841815647943079,782.3237424128602,105.60066441738553,1752152.8324823994,14.376356350552244,876.0764162411997,1608.9211287995226,17835.888609851012,0.8335330488725659,78.60144023449354,4.377032186084814,1.4547940535546637,1060.9732769792952,61.272775645088984,7.827692868577216,3.9901030631481946,53.0604607174954,95.22398024120281,9.004007653530078,18.74627513941943,0.0873796225497981,4.659654065471781,6408.560326765835,4935.073818528082,9870147.637056163,16.105025470775114,0.7692851534669132,12009.95158153532,0.7443271372136562,0.5563688865736626,0.0005948752630321958,-4.659664663094368,-1.9714835941950533,2.688181068899315,-3.104044127518951,0.18208192686041968,-4.364390022869314,1.4547966742897713,-1.728669589633574,-2.930995073460794,4.659664663094368,-2.272602089107538,-1.676208953969999
Decatur,20241113_1831,Dec,ON,cluster,43.14224054319984,86284.48108639968,11.365416625216923,55.90603154784013,450.9539271824906,1290.8154935250727,5530.547639229243,10326523.948200582,16.150226380646554,79454.39304594044,61.51356788870875,123027.1357774175,11.720168354354007,103.11284101471625,0.0005729293745231096,992.8723013672425,98.40643542876833,1626264.1147047854,14.301796602973061,813.1320573523927,1536.6653022060323,18628.84265457187,0.8222465041696383,69.01687308989223,4.248736257144205,1.4114476672543539,1104.7592890639912,61.55364065932709,7.845612828771835,3.898646873499538,48.33564654880533,94.767011267023,8.98205698492599,18.84770116491171,0.08704254116361225,4.589094730900145,6370.654943267199,4245.47410831599,8490948.216631979,15.954511356117068,0.7713753489878235,10389.738687765708,0.7013451182168907,0.5314191842020092,0.0005870574953283731,-4.589106202630129,-1.9700630863417867,2.619043116288342,-3.024210496416622,0.1957150454639507,-4.234351012245627,1.411450337415209,-1.652715250277618,-2.936390952352511,4.589106202630129,-2.252724972855279,-1.6153078959572849
Prairie_State_2,Neutral_Ground 2/12/24 1305,Pra,ON,manual,3598.842215465771,7197684.430931542,15.789270064378218,8867.14975608414,51749.37690666411,12602.317514905142,28755.469899662367,100818540.11924113,18.428832836361725,157066.79061986506,46523.517938123834,93047035.87624767,18.348615696120426,41066.81278983116,-0.0011393835156603958,157066.79061986506,0.008825092727067111,510299.5795387799,13.142755202733918,255.14978976938997,460.15095214849737,2821.590416289924,0.0006300451528857654,0.0006826679853362339,0.0006824350735420545,-2.429828732228574,688.9174863426225,12.463325926687386,3.5303435989525553,0.005707868943871592,0.0057241898655966015,6.470118826314508,2.684281766561339,0.07089774279985553,0.02416455645316032,7.289486196685722,1007.3052184871068,31.76011626157348,63520.23252314696,11.059129499434704,0.8233507189872564,71.62699151177596,0.07735533285019812,0.07450927212587137,-0.0011526329622408911,4.73015616890145,1.2043317728287395,-3.5258243960727107,4.071271328375858,7.369719069899707,7.289501928829965,-2.429833976276655,2.083639486559427,2.646516682342023,7.289501928829965,3.2057203536972048,3.7636775327572547
Prairie_State_2,Neutral_Ground 2/11 1404,Pra,ON,cluster,5575.00046989761,11150000.93979522,16.22695022984305,11992.451450934184,62581.15731038991,14239.425060609303,30735.037259257577,113915400.48487443,18.550966638634083,257259.0035068998,50821.01947275565,101642038.9455113,18.436967786516988,42785.19529579893,-0.0011796231770181353,257259.0035068998,0.0242456535863226,853021.5392944274,13.65654124968208,426.5107696472137,948.946754566747,7957.814114356006,0.0023731563873083685,0.0026597170135320924,0.0026561862254484946,-1.9765106195082918,778.7945665466516,18.066670698563296,4.250490642094527,0.009910303710143445,0.009959573394631271,6.057152504191411,2.5455528688669333,0.07650416747947085,0.027928339238537832,5.929531858524875,1095.9300477063384,135.1695301367353,270339.0602734706,12.507435927992113,0.8341343613959095,515.5623773102282,0.10969871379471688,0.10408854946695235,-0.0011955081392100685,3.7195179112165153,1.019977584368121,-2.6995403268483944,3.11716066878834,6.043534400915187,5.929535547738089,-1.9765118492460296,1.1491078484389767,2.5704100627775386,5.929535547738089,3.000966949845,3.2299952208896947
Middletown_GT,20231027_1106,Mid,ON,cluster,202446.167506165,404892335.01233,19.8191317527233,312815.6488656559,2491360.5097460896,446753.289986919,785475.5183209392,3573579566.605365,21.996833610391636,6129681.3842020035,1583228.1862263125,3166456372.4526253,21.87587893629628,787637.152795484,-0.002080892314152401,6129681.3842020035,7.040685139365235e-05,2202351.9459481244,14.605036867684065,1101.7268363922583,3134.2552931225428,23794.45589198172,7.977209946026698e-06,9.002869804127893e-06,9.002829278538769e-06,-3.8726440287990083,737.3466460593004,13.720506421746732,3.70412019536929,0.0006244595123506981,0.0006246545277829487,6.091259202070884,2.2583188531302123,0.005439352033871058,0.007890099802015335,11.617932086397024,1072.8971800905113,14.253597230821045,28507.19446164209,10.257946849899257,0.8674060154260594,27.487757494900052,0.12786922900147668,0.12033021461898445,-0.002094210434075676,9.561219978603084,3.1796420323763748,-6.3815779462267095,7.368811490217141,11.738921838461383,11.617967164330047,-3.872655721443349,4.347124641973711,5.214095336629374,11.617967164330047,5.096954537478478,5.236389218103337
Middletown_GT,20231027_1917,Mid,OFF,cluster,5043.226621562321,10086453.243124643,16.126703917598984,57658.60864579304,1102579.469205439,4389.273585551825,34652.895449714764,35109799.410829045,17.373990863446856,1102579.469205439,12504.219353868335,25008438.70773667,17.03472391417183,37059.96028961462,-0.0009823937274446386,338499.81933170557,0.0012271197318948312,2530.1741682613215,7.836438572188343,1.265719944102712,3.75687981546514,58.81850746623627,0.0003525308035698011,0.0004949243710941671,0.0004948019364232183,-2.5370082809431636,559.8989659668158,251.19862039012006,15.84924668207822,0.00042468558447153037,0.000424775776161611,461.5979536664996,19.013471947078788,0.00025084874804587483,0.0055753080592293456,9.198285341983489,1510.9664866977769,6.1886428997370455,12377.285799474092,9.423699071342341,0.6474277937394366,0.3710156974388957,0.40332198906938843,0.33884227519497073,-0.0010619386974414502,6.70308553700759,3.5214314697930824,-3.1816540672145077,3.6738576643491263,7.950372553516258,7.611105592736804,-2.5370351975789345,-1.5875748608863578,8.290660397893948,9.198680453623162,7.13999350397166,4.429451525522296
Middletown_GT,20231104_1934,Mid,ON,cluster,38462.635332261256,76925270.66452251,18.158345010716648,176477.33688322754,1396364.5758829117,98993.07217531555,257575.80605760368,791845584.3303491,20.489876962752728,2123693.190599814,357440.1922959657,714880384.5919313,20.38762579378485,379676.838374874,-0.0018037271667831396,2123693.190599814,0.00016294861771987373,27394.207372570716,10.2181233636672,13.703955664117416,81.95647034670276,2013.4195047343528,1.5829938021453755e-05,1.753421522352499e-05,1.753406150097017e-05,-3.650425552446626,656.6538243603512,21.452947604644258,4.631732678450976,5.042660013193449e-05,5.0427871574306335e-05,24.90050559630252,4.522115305150026,0.00035611453994148127,0.0020835484537740736,10.951276657339879,1039.7272305025106,6.26743326125563,12534.86652251126,9.43634913644497,0.8127535556187531,0.3432634267469279,0.10760579297253059,0.10220074250371039,-0.0018703348013185904,8.722075635564938,3.608263244586796,-5.113812390978142,5.904921921032948,11.053607599337774,10.951356430233933,-3.650452143411311,0.7818174981136963,7.9402581374512415,10.951356430233933,7.393293694300032,5.837544039255791
Middletown_GT,20240330_1959,Mid,ON,cluster,38224.418743016584,76448837.48603317,18.152132297104675,176276.19318058694,1376213.1006011963,105762.39265938364,269282.98327587795,845993378.8824097,20.556022092341784,2139200.4739847183,384763.42424606543,769526848.4921309,20.461286402762017,392653.65194478014,-0.0017874378326487193,2139200.4739847183,0.00016489230245070823,5087.079413015404,8.534655712802127,2.5448121125639838,9.364804860798499,153.79064392167857,1.4900618784280527e-05,1.6381267083082258e-05,1.63811329115919e-05,-3.673097601023555,648.4121322741299,20.22647578401696,4.497385438674847,2.091398077407573e-05,2.091419947289626e-05,23.534282056104395,4.366664779536903,6.654227298021009e-05,0.0014644420651026984,11.92663068995989,1038.5530707210828,6.302912416376094,12605.824832752187,9.44199359969135,0.813900694424219,0.3458246537209849,0.09934525044296078,0.09471477571644908,-0.0018547593352474761,8.710218009593113,4.004684255126392,-4.705533754466721,5.433482359644463,11.114107816728819,11.019372127031595,-3.673124042343865,-0.9074551187578219,9.617673128350935,11.926827245789417,8.795505446640856,6.313838372564874
Middletown_GT,20250731_1622,Mid,OFF,cluster,7173.545374139299,14347090.7482786,16.479057814005266,64768.60708171621,1223598.3930473924,2215.222847607632,32590.21717321482,17719567.55801345,16.690180155102894,1223598.3930473924,1671.6065397282243,3343213.0794564486,15.02244320147825,4284.147323930847,-0.0008015581856369964,39365.93616614118,0.0008693773913122218,16790.693950745663,9.728639635437856,8.399546748747206,62.00863361587401,904.3018124583796,0.0007039131337050185,0.003730852934352366,0.0037239105644929654,-1.8636795107087263,558.1432209012013,552.3590524397052,23.5023201500912,0.0016528575674186526,0.0016542242893829247,705.1819188979713,24.95420309287266,0.0011703204674271043,0.010382628621692551,7.047653144653195,2184.133384743914,6.2365181638295155,12473.03632765903,9.431404669352071,0.5290840383288459,0.3112712904161648,4.2914078185548705,1.6660843387356032,-0.0008775218010232096,7.0477332446795184,3.813706437628184,-3.2340268070513343,3.7343324952351074,7.258855599042901,5.591118402739637,-1.8637061342465457,0.29725558078617986,6.750477663893339,7.0477332446795184,4.917081413111648,2.3570915956883027
Middletown_GT,20250731_1926,Mid,ON,cluster,60504.381761995064,121008763.52399012,18.611373535020356,151374.66463073442,1962808.866951242,131210.32686618596,308942.4307513107,1049551404.6026214,20.771628677066516,2428854.5226889253,460441.1884873711,920882376.9747422,20.64084287485289,460352.8893567119,-0.0017806546022214585,2428854.5226889253,0.00010304085700975152,7647795.257189693,15.849928093346715,3825.8105338617775,8332.81847196838,52843.6380674839,1.188016770262275e-05,1.3540107847611017e-05,1.3540016181178202e-05,-3.736591376607582,805.8064221480066,18.511153662211175,4.302459025046138,0.007325372983966023,0.0073522691633811895,22.599851669447037,4.236925079374404,0.06320034214442201,0.008908963099832547,11.209774129822746,1158.5377903870858,6.234423349601203,12468.846699202406,9.431068745030144,0.8375347454039267,0.29390873473877543,0.13140523323024675,0.12346042936278867,-0.0018207901731905874,9.180384978389778,2.478090298886425,-6.702294679503353,7.739143274798915,11.340640127747015,11.209854325400261,-3.736618108466754,6.418939414223372,2.761445564166406,11.209854325400261,3.0832382530257485,4.507559645896908
Middletown_GT,20250801_1554,Mid,ON,cluster,36694.04101962383,73388082.03924766,18.111272123989995,166254.07721069342,2916457.175910488,109034.46797886628,291035.1549752612,872166709.3629514,20.58649114520927,2916457.175910488,399344.8929071127,798689785.8142254,20.49848317654434,444801.51323635713,-0.0017883432458001673,2561102.462418139,0.00017079801380000872,76306.97082930343,11.242532678779602,38.17257170050197,97.83876951385984,965.0070025517525,1.437172333492441e-05,1.5693876235211143e-05,1.569375308762394e-05,-3.687386731761331,650.2657162585195,26.748029590750793,5.171849726232832,0.00010186817917107085,0.00010187336791022231,28.022529364454684,4.7708756220391235,0.0010397733352466374,0.0025947945626322634,11.062160195283994,1019.1421953726798,6.2672693244478825,12534.538648895765,9.436322981260346,0.810213713274776,0.32536877092054683,0.09188558980309482,0.08790610059123612,-0.0018427706872389627,8.675028905482966,3.289142594253855,-5.385886311229111,6.219085823225695,11.150247939181861,11.062239970411452,-3.687413323470484,1.8062763690220223,6.868752536460944,11.062239970411452,6.582887797492479,5.676353659182341
Middletown_ST,20231108_1958,Mid,ON,cluster,106461.16118930723,212922322.37861446,19.17643797818851,185668.82942516645,1137322.2678222656,58108.51523589683,118406.24631284144,464810013.37193877,19.957139308820516,1137322.2678222656,125887.02834008491,251774056.68016982,19.344042646785372,89012.93185279786,-0.0017798237105557228,413415.1709800996,6.671948050430991e-05,99428.24641754218,11.507201578920377,49.73899270512365,339.1857410369382,4251.495266094804,3.056316845202041e-05,5.6423870370879486e-05,5.642227860418115e-05,-3.260849289820077,873.417667487081,19.57238561689625,4.424068898297137,0.00024450464170206506,0.0002445345353983048,19.092383057833707,3.7202533146309915,0.0004669695751333215,0.006767756058091429,9.782547869460231,1748.658089515871,7.103033368436212,14206.066736872424,9.56149477732514,0.8565051302595259,0.27236949647177366,0.8456880950569509,0.6128521592138396,-0.0018397666375105082,9.615013586150468,4.279163842213503,-5.335849743936965,6.1613085720348035,10.395714919327606,9.782618255472062,-3.260872751824021,1.9457671341253224,7.6692464520251455,9.782618255472062,6.330337826094929,4.4467685115350974
Middletown_ST,20231118_1908,Mid,OFF,cluster,854.3224641490998,1708644.9282981995,14.351211759999854,6480.589307699056,161387.9579949975,256.4570749272823,3262.6754001044133,2051400.1423433311,14.534033601715647,161387.9579949975,161.1013777649405,322202.755529881,12.68293940555367,289.2846198290447,-0.00041242412840582893,2292.649024848419,0.008278284026091699,6407.81049904847,8.76542896312333,3.2055080035259977,18.012495450875797,273.66975195706254,0.006895118960089527,0.04389983565750786,0.042963542000843444,-1.0419257034937413,991.5197846833805,629.2981312396848,25.085815339192607,0.010069272146950229,0.010120137851254065,1566.2159616621336,37.42206991050935,0.0037502294320604468,0.036912593799833755,5.585782796876524,2282.8324909018697,7.072324008100929,14144.648016201858,9.557162295072446,0.6499195340039222,0.3342595670277143,5.303011532235134,1.8410275401715543,-0.000452501626709755,4.794119575287862,3.01208317677351,-1.782036398514352,2.057718388775944,4.97694151479077,3.1258447024696494,-1.0419482341565498,-0.7918186837001038,5.585938258987966,5.585938258987966,3.879829124885195,1.3438083039552975
Middletown_ST,20250806_1135,Mid,ON,cluster,78913.37292959601,157826745.859192,18.877008450486773,135560.8072234812,1440014.648474753,56141.08228596372,102980.590864614,449072517.2054238,19.9226949431449,1440014.648474753,145599.46959635307,291198939.1927061,19.489517234832057,96005.9447054533,-0.0017807329069111381,426851.5956245698,8.961216936500678e-05,32688.95644539702,10.394823167364876,16.352654549973497,119.54379560116168,1668.54816152087,3.149423876632429e-05,4.8568848222700174e-05,4.8567668794380165e-05,-3.3108191720698876,802.4616025210299,25.649926753100374,5.064575673546479,0.00010429183234171341,0.00010429727092392493,19.05422971564283,3.035227992483136,0.00020711924501415528,0.005553904799356835,9.932457516209663,1525.3691138566633,7.071598540130944,14143.197080261889,9.557059718622394,0.8609069349286431,0.24476464853190485,0.541989425843158,0.43307341768776686,-0.0018389451233766798,9.320019428400036,4.297431627210468,-5.022587801189568,5.799584838090654,10.365705925167413,9.932528215647304,-3.3108427385491015,0.8378035607109346,8.482215867689101,9.932528215647304,7.1757559199468455,4.909940414457736
Van_GT1,20250728_0823,Van,OFF,cluster,377.6502810455382,755300.5620910764,13.534872368472413,1131.2928994012746,9014.726817375107,1297.517972668682,7219.69052206257,10378846.263376787,16.155280375910518,88091.95370950643,4805.941035897439,9611882.071794879,16.078510710949157,13808.819178379226,-0.0009186802069276389,88091.95370950643,0.013827806366456336,1219.4795697483278,7.106999150445331,0.6100448072778027,1.7872750027860633,31.78361918963583,0.0010062919958587794,0.001086587397043822,0.0010859974882444212,-2.2748725612261844,548.0918509728627,67.89266550837496,8.239700571501567,0.0011244205604333762,0.0011250529582365581,92.42502823593895,9.248593385175548,0.0016145619783077359,0.010209913836548854,8.971511560503826,637.2115169865484,5.2220749605424315,10444.149921084863,9.253893027270603,0.6976418531035036,1.4891188311816796,0.07857988232162699,0.07564525208899499,-0.0010050300897169843,4.281073760023782,2.0415314443911967,-2.239542315632585,2.5860007175840614,6.901482995087434,6.824713322438001,-2.2749044408126666,-2.1476178199314413,6.428691579955223,8.972331142369441,6.287441197784154,4.585171006805416
Van_GT1,20250728_1224,Van,ON,cluster,25157.70551479126,50315411.02958252,17.733821990316986,111674.48604629638,930990.8325939775,617460.7639062906,1240212.274913864,4939068650.486419,22.320442618284066,7377027.332798004,2444313.450142121,4888626900.284242,22.310177303718866,1299540.3285903456,-0.001955360839068539,7377027.332798004,0.0024690386276415084,2108.479196407814,7.654196369656469,1.0547669816947545,9.082234230085174,274.1010647598923,2.5152655731048927e-05,2.541218545241775e-05,2.541186256830313e-05,-3.5267579024848517,556.4633663544048,11.947362106262645,3.4564956395545483,2.5579881028593847e-05,2.55802081965402e-05,4.299073697547893,2.186314847836891,4.190523645266675e-05,0.00032385202262455725,14.655980934062399,747.7069738634705,62.11534669885066,124230.69339770131,11.729903596264311,0.83432049943827,148.32872634127457,0.010292340171563717,0.010239734686258191,-0.0019841644587189544,6.003926423686169,2.8769177136137696,-3.127008710072399,3.610758641037209,10.590547071325405,10.58028175675812,-3.52676058558604,-4.076173340154693,10.080099763840861,14.656455096912813,10.09865623386825,7.453273046685721
Van_GT1,20250728_1625,Van,ON,cluster,12894.011112795388,25788022.225590777,17.06542072604784,59944.0124114553,509451.52183521166,447173.6350899366,1011092.671772947,3576941907.084403,21.997774056690073,5735104.692678988,1775297.9927489578,3550595985.4979157,21.990381309863412,1316448.413604309,-0.001732971516294325,5735104.692678988,0.021517424083718373,3007.550387612598,8.009213642937171,1.5045274575350667,2.172628436281084,18.73214181134267,0.00015513022713883277,0.0001562813152425164,0.00015626910458995077,-2.921283690002244,512.1742650109237,12.825229938982268,3.5812330193633635,0.00015598320799903979,0.000155995374012185,6.122026628008179,2.6119921754598603,0.00011662586457010011,0.0005653839948579339,13.981167666926241,638.2889879456336,277.44590525420654,554891.8105084131,13.22653023985668,0.8192880692986161,679.0692493491177,0.007263012274817971,0.007236763620735243,-0.0017589709352539408,3.8388922495649496,1.9926177782072632,-1.8462744713576864,2.1318941260725883,8.771245618705308,8.763852871876573,-2.921284290625524,-5.217647236010777,9.056539485575726,13.98150010788735,9.40524027967009,6.917578400518886
Van_GT1,20250729_0834,Van,OFF,cluster,341.74184052138594,683483.6810427719,13.434959522375257,1053.8865042142588,7911.0229648347595,1135.9422355492281,5865.9315313979005,9086401.942158276,16.022289671903266,72226.95617729425,4195.544106298892,8391088.212597784,15.942680892734407,11133.289224528853,-0.0009114588522588309,72226.95617729425,0.015629947092242438,1147.234744596998,7.045981037332319,0.5739043244607294,1.5552653768824685,40.03786403447975,0.001175692407305921,0.0012731142257669953,0.0012723045030245692,-2.2220652497005,570.8228526862898,63.58330020396341,7.973913731887981,0.0013027991007452523,0.0013036481121507706,87.24640591848063,8.91024319095863,0.001678510806351683,0.011420757422999289,8.896699855402087,634.0770068854433,5.3414068865626305,10682.813773125261,9.276485143632906,0.7121611772618945,2.3202923321415527,0.08145352113168786,0.07830598918759624,-0.0009975543670240825,4.158566519566289,2.0101730271881006,-2.1483934923781884,2.4807511222995746,6.745898022131392,6.666289233843042,-2.2220964112810138,-2.2312817838965735,6.389848303462863,8.897571017739615,6.241062803485141,4.517895741464853
Van_GT1,20250729_1236,Van,ON,cluster,26015.446588333933,52030893.17666786,17.767348218909085,115186.67098388208,911943.5143934228,489564.47342788416,1121131.6611784166,3916026222.9496455,22.088343258208607,6455555.713584483,1931991.9900381442,3863983980.076288,22.0749646076039,1496379.689228477,-0.0020063245275576632,6455555.713584483,0.0001954035191200361,1182.677060409343,7.076381025207428,0.5916343473783607,1.2523466051546657,22.10346051167312,2.5962593330189e-06,2.631227169186927e-06,2.6312237075147915e-06,-4.282653954733828,486.7308661243603,13.18632389393636,3.631297825011409,2.8982730173875118e-06,2.898277217384811e-06,5.217149958146276,2.4740806688443833,2.2730285570797516e-05,0.00023635899709020295,14.99858358239647,661.0221036343211,5.083509814839885,10167.01962967977,9.227002743402416,0.8144890415890378,1.2487907026073568,0.013465607891997673,0.013375752335130888,-0.002049570851379148,8.540443808691556,3.731159939401845,-4.809283869289711,5.553282673087479,12.86143886695507,12.84806021634692,-4.282686738782306,-2.1513685478796276,10.691812356571184,14.999428764226547,10.488405267460573,8.038776347057208
Van_GT1,20250729_1637,Van,ON,cluster,10516.465967537484,21032931.93507497,16.861600002294864,49871.93581086455,446324.62969614565,498984.9440062803,1215236.0616847628,3991380567.106236,22.10740301504572,6924112.548173964,1984951.0283160699,3969902056.6321397,22.102007260719557,1720362.3789971226,-0.0017684912930189221,6924112.548173964,0.020988202914035237,4135.095690746228,8.32750755198113,2.0685821364413344,3.4031526200503697,34.20893769190661,0.0001105991863989342,0.00011119756533866833,0.00011119138334767702,-3.034733268594175,472.32473359248485,13.8763957336693,3.725103452746698,0.0001116414244403848,0.00011164765657612968,7.228851993277619,2.8320036556768016,0.00019660101138112166,0.0004547919496249851,13.774499708738427,573.5614362249131,220.72172166523313,441443.4433304663,12.997807454937032,0.8080333294547563,769.9822256150509,0.005298098450549236,0.0052841129030768265,-0.0017926418224264822,3.8637947651066256,1.789430416323496,-2.0743643487831296,2.3952696303346057,9.109597825151432,9.104202070823913,-3.034734023607971,-4.67053944079802,8.534334205904646,13.774741511621933,9.107642023509102,7.029837722040783
Van_GT1,20251001_1626,Van,ON,cluster,10344.679614901843,20689359.229803685,16.845130127532848,48690.931871613946,474502.26433807984,497249.0275336384,1222547.7135089773,3977494971.241574,22.10391805412553,8093274.870896339,1978293.8887851494,3956587777.5702987,22.098647818681812,1746574.511056621,-0.001762845882692319,8093274.870896339,0.01016818595714606,7461.189488422437,8.917604147243521,3.7324609746985677,6.962507847310334,51.370411234188396,5.289089075005977e-05,5.3170374021636966e-05,5.3168960527403956e-05,-3.2806681476107005,475.49539440425286,16.276099947422896,4.0343648753451,5.476824189734084e-05,5.4769741704881585e-05,8.337171308002299,2.9577807906054385,0.00036062931701016595,0.0005389938918400301,13.18104367143829,574.3850477189812,105.1866259914251,210373.2519828502,12.25664337584971,0.8074535117315916,159.8633997104913,0.005229091427489778,0.0052154672031489956,-0.0017850412553358779,4.588491456793831,1.8156584168562535,-2.772833039937577,3.2017918040516973,9.84727943146912,9.842009196024074,-3.280669732008025,-3.339168493067598,7.927659949861429,13.181177689091673,8.617646879781852,7.069176156086497
Van_GT1,20251001_1726,Van,ON,cluster,11112.113346590604,22224226.69318121,16.916693589297303,53320.07607850712,497020.4388532378,502675.97503146343,1224255.363458258,4021407800.2517076,22.114897877588216,8484429.725254118,1999519.3452294352,3999038690.4588704,22.109319842047825,1733462.7731523411,-0.0018194759707295036,8484429.725254118,0.006400375821774207,2639.696471269047,7.878797976221976,1.3198482356345234,4.155231408223495,57.62501967134108,3.537154405871721e-05,3.5569399096849086e-05,3.556876652077322e-05,-3.414672611918833,478.2401847927061,16.878526419972747,4.108348381036835,3.602860411979742e-05,3.602925315774945e-05,8.048910679775778,2.913728904665008,0.00011877562750378327,0.00042857174837677026,14.23052186582585,578.467451904882,71.12170159233617,142243.40318467232,11.865302006291328,0.808757547376102,103.99745593157529,0.005557392266847781,0.005542006937663231,-0.0018486844627720834,5.051398568188324,2.224261649616734,-2.8271369185715898,3.2644965219464717,10.249602901226508,10.244024865684727,-3.4146749552282425,-3.9868757595866917,9.038274327775015,14.230900625271419,9.499600895085747,7.416887947113137
Van_GT1,20251001_1826,Van,ON,cluster,11347.35114132173,22694702.28264346,16.937642119658285,54186.971921208205,527818.5679972172,507636.7175517093,1235090.7398861416,4061093740.413675,22.124718168716754,7933093.080288172,2018936.9000170047,4037873800.0340095,22.118984103509156,1747399.5659250226,-0.0016491542126682878,7933093.080288172,0.022574003266290114,12927.813566147788,9.46721370933063,6.463906783073894,11.877742209541541,60.77040447378954,0.00012615081458417955,0.00012687624943889594,0.00012686820132829562,-2.990765469576647,484.1490852431294,15.627500545171031,3.953163359281608,0.00012934251192837554,0.00012935087703172212,8.250221067871799,2.9304292025888774,0.0005696401479579752,0.0006342530639355436,12.651770394178525,579.7797454409099,256.15514172794883,512310.2834558977,13.146687694779216,0.8091855955476288,430.91671778071657,0.005620458539950482,0.0056047226970855745,-0.0016673906277759449,3.790956332756098,1.520030005240832,-2.270926327515266,2.6222398530014943,8.97803242563147,8.972298360422458,-2.9907661201408193,-3.6795493831174912,7.470505715873589,12.65184774353995,8.214916399915177,6.701372032907193
Van_GT1,20251001_1926,Van,ON,cluster,11504.001096606838,23008002.193213675,16.951352678290004,54457.99538392245,464478.6883367449,507571.41299931955,1226275.480485323,4060571303.9945564,22.124589516176453,8047470.531134665,2018587.5410495189,4037175082.0990376,22.118811047482687,1722709.3117162534,-0.0016989870122681866,8047470.531134665,0.016410579455422736,10645.054203039988,9.272944605119328,5.322527101519994,9.356017721581212,47.952860523965,9.298559730520031e-05,9.352446708998771e-05,9.35200939496771e-05,-3.092428275854461,487.2134509190121,15.854853770390436,3.981815386276213,9.561173359978354e-05,9.56163045472621e-05,8.093080189617961,2.90926230442875,0.0004626674716755433,0.0005946368233768626,12.84586644236336,585.5425070097996,188.78732405114496,377574.64810228994,12.841526219919304,0.8102764318539804,297.86125477299635,0.005699035024572474,0.005682856961595398,-0.0017185824617477405,4.109829063386956,1.6552181541532995,-2.454610909233656,2.834340538403687,9.283065944490273,9.27728747579508,-3.09242915859836,-3.568672902247407,7.6785019656343625,12.845960378042486,8.379076664496004,6.822676566561423
Van_GT1,20251001_2027,Van,ON,cluster,12236.177948479342,24472355.896958686,17.013054748596637,57707.72682686799,531383.7814474441,508370.0463954964,1218532.965333606,4066960371.1639714,22.126161720072854,7603892.422119141,2021042.9564849744,4042085912.969949,22.120026711013665,1698515.8515997531,-0.0017102557330317138,7603892.422119141,0.016077629704240263,8644.820961942667,9.064831357396084,4.3224104809713335,7.304562678157217,34.45361266881832,9.674485123863899e-05,9.734020616414927e-05,9.733546891369536e-05,-3.079098631420455,490.2800964549545,14.957396636629417,3.867479364731662,9.887536137489078e-05,9.888024970454474e-05,7.886862894583064,2.8774864461191445,0.0003532484162269254,0.0006224278706484497,13.05519535361758,591.2215478890222,196.72873805084922,393457.4761016984,12.8827308167523,0.8114499999599855,303.40364507027675,0.006054387864056422,0.006036133699327507,-0.0017300238149981087,4.130326432549394,1.7429233623402514,-2.3874030702091424,2.7567356104987764,9.243433444642156,9.237298435581456,-3.079099478527152,-3.8180125872942803,7.948339019843674,13.055311022875737,8.574704223441444,6.849895365372314
Van_GT1,20251001_2127,Van,ON,cluster,13223.758970741172,26447517.941482343,17.0906729100346,60539.24069261644,523982.37969959155,493860.43230893475,1140592.764980923,3950883458.471478,22.097205051476823,7016968.1796655655,1962053.2802509482,3924106560.5018964,22.09040453462685,1525092.425673437,-0.001734410846318686,7016968.1796655655,0.012100809688333245,9343.646760394282,9.142558919324431,4.671823380197141,8.078385958475343,53.211168434682804,8.10037513641278e-05,8.155649608499316e-05,8.155317053477858e-05,-3.1380704833300457,502.87413883961307,14.208403266605684,3.769403569081141,8.337217797420237e-05,8.337565353082002e-05,6.7524502639811725,2.7088121013066804,0.00035329011898461093,0.0006499754322890485,12.947845615302418,621.320881758887,160.01819066933447,320036.3813386689,12.676193084636711,0.8165285439936792,232.29490315925761,0.006739755287914423,0.006717144673726323,-0.0017552701527229668,4.4144829122270295,1.8407430554613686,-2.573739856765661,2.971898798255446,9.421015091226874,9.414214574375176,-3.1380715247917252,-3.5337380595395658,7.948220971766595,12.947952633914742,8.530827151755505,6.840474717609515
Van_GT1,20251001_2227,Van,ON,cluster,20792.793414725777,41585586.82945155,17.543264218797656,90335.46008127854,732473.7480790764,606141.2809463728,1177774.9890293796,4849130247.570982,22.30206519562267,5062122.077365875,2403738.350323787,4807476700.647573,22.293438189164313,1109817.0150001307,-0.0019522683820417613,5062122.077365875,0.0015946768345758225,1644.5219875469234,7.405812930522576,0.8222609937734616,1.306975751626103,22.09210940628168,1.3675766288684057e-05,1.379425759052282e-05,1.3794162450626505e-05,-3.7304143633125384,518.5972712072543,8.351389744421212,2.8898771157990555,1.401500201449492e-05,1.4015100225094461e-05,1.9143780388383727,1.8092500614711702,3.9545479886848875e-05,0.00026144433448058304,14.887625258641737,766.2322479069517,33.157785984584706,66315.57196916941,11.1021950992267,0.8358610075789258,93.23535484940246,0.008650189989241115,0.00861299145813265,-0.0019794821682063302,6.441084174825006,2.9572423348691963,-3.4838418399558098,4.022794048225135,11.199885175490591,11.191258169030442,-3.7304193896768134,-3.6969749840322086,10.138059158857214,14.88823315306265,10.216941052990201,7.707416329074633
Van_GT1,20251001_2327,Van,ON,cluster,20783.530908457637,41567061.81691527,17.542818652415857,91175.80731581784,927957.4496418573,606019.3560287909,1179856.2315552486,4848154848.230328,22.301864026051167,5231138.434057295,2403237.806856703,4806475613.713406,22.29322993205946,1119367.5796428756,-0.0019294526040639897,5231138.434057295,0.002645128104935514,2222.4965548759624,7.706836260534647,1.1112482774379813,1.9232032940903254,40.19155706501465,2.2678773037055757e-05,2.287543145705702e-05,2.2875169818364903e-05,-3.5618126635643055,518.8270230988936,8.63196592982877,2.938020750407756,2.313746182181556e-05,2.3137729494949757e-05,1.979478467529522,1.8220979015867045,5.346773280885318e-05,0.00030500309263589443,14.586393671524814,764.2266768605313,54.97510172575855,109950.2034515171,11.607791941366544,0.8356767604664463,165.5304759064511,0.008648137462368444,0.008610956531672105,-0.001954543464941022,5.935035781976813,2.755264172391813,-3.179771609585,3.6716839895108584,10.69408117946337,10.685447085469873,-3.561815695156625,-3.9013964291066836,9.836432211083498,14.586843514576557,9.97076056252828,7.505675475884873
Van_GT1,20251002_0028,Van,ON,cluster,20585.679830617966,41171359.661235936,17.533253443023515,89665.07280852024,815813.3718982339,605306.6500044552,1180721.9286282929,4842453200.035642,22.30068728898306,5272478.156341612,2400564.1870989674,4801128374.197935,22.29211680539995,1127310.77303311,-0.0019024661574752674,5272478.156341612,0.0036700805691512817,2363.969372369628,7.7685203504699265,1.181984686184814,1.7687360349524806,23.546519867441248,3.120364841050656e-05,3.147222805169989e-05,3.147173281152147e-05,-3.455466144119812,517.0723176795155,8.710424966094134,2.9513429089300853,3.169232659438459e-05,3.1692828801472426e-05,2.050215914173041,1.8353022762453828,5.7417811600604454e-05,0.00029129159698580454,14.523596454930022,764.2030494034516,75.55110354912229,151102.20709824457,11.925718373040512,0.8355007159880873,237.794765501545,0.00857535072015522,0.008538791258293904,-0.0019262910893890872,5.607541663709391,2.653458568348899,-2.9540830953604917,3.4110813406298046,10.374975533751162,10.366405050166271,-3.455468350055424,-4.157614332433701,9.765155996143092,14.524019382599972,9.916014325148808,7.41232195480578
Van_GT1,20251002_0128,Van,ON,cluster,21781.511444881904,43563022.88976381,17.589719272576577,96378.41201760166,897410.3394180574,610975.2987684413,1191167.7373112661,4887802390.147531,22.31000863065552,5369580.805993617,2422037.3689193963,4844074737.838793,22.3010220916757,1136950.859285314,-0.00190406204837417,5369580.805993617,0.0037184767763701106,2641.3300496695388,7.879416401454589,1.3206650248347693,2.0404488276685044,28.83862977294848,3.314129254705418e-05,3.344046029239047e-05,3.3439901172662964e-05,-3.435245944016669,518.6300419151555,8.7885399243099,2.9645471701944044,3.368225193922331e-05,3.368281919263993e-05,2.0497098945874983,1.8353411211093558,6.063238669991661e-05,0.00031308816668701846,14.421605690221114,764.4756425016726,80.99404446203499,161988.08892406998,11.995284259625697,0.8356083847442753,253.93760215436595,0.008993053420393686,0.008952856729728894,-0.001927437551877399,5.594441163269975,2.6484549237694868,-2.9459862395004883,3.4017318968090793,10.314730544099577,10.30574400511791,-3.4352480017059706,-4.1162402103859295,9.710681373655905,14.42198421550384,9.852119471110559,7.359757765617422
Van_GT1,20251002_0429,Van,ON,cluster,22333.760890903668,44667521.78180733,17.614757235820278,97833.6537168539,901401.4331436753,615850.9172393947,1195255.3317566079,4926807337.915158,22.317957016621133,5142551.650955737,2440988.208424163,4881976416.848326,22.308815978477067,1123893.6395600613,-0.0019091178875822613,5142551.650955737,0.003603614674802906,2434.748045372575,7.798009193830562,1.2173740226862875,1.7942077152640443,22.06165695122786,3.267116530846874e-05,3.2971182823516654e-05,3.2970639286015615e-05,-3.439956804482852,520.7643528253421,8.35031905774805,2.889691862075596,3.316589902449748e-05,3.3166449019006866e-05,1.9477400863526686,1.813257704419255,5.450824107202139e-05,0.00031034173302744593,14.510806784646505,768.4673159788948,80.48226849000147,160964.53698000294,11.988945565028512,0.8361458838764649,259.9273503466726,0.009149475123979295,0.009107872246905138,-0.0019324356598158304,5.625817860933381,2.6872294378723947,-2.9385884230609864,3.393189634183556,10.329017663918897,10.319876625772967,-3.4399588752576555,-4.191340794462397,9.817158655395778,14.511217420235363,9.932017942638357,7.38128820271198
Van_GT1,20251002_0830,Van,ON,cluster,25983.337380279478,51966674.760558955,17.7661132203546,115192.27340248799,917687.6375748254,657425.1962142058,1265807.4575704797,5259401569.713647,22.383283087397448,5529172.204528391,2603667.07947988,5207334158.959761,22.373333884209146,1159689.164259136,-0.0019415605421600596,5529172.204528391,0.0018888890187522892,2576.712031117309,7.85465747482291,1.2883560155586544,1.926125353710742,22.741105721180247,1.8663583678710772e-05,1.8850198258815436e-05,1.885002059606089e-05,-3.6263256463789326,521.3440788358217,8.410344228314068,2.9000593491016686,1.9153692055705248e-05,1.9153875488836068e-05,1.9228959537973171,1.7995052315819708,4.9583931298080696e-05,0.0002821742072926245,14.518676409386234,788.4524132901545,49.07964064814672,98159.28129629344,11.494356945072347,0.8374403179956045,135.93653430933477,0.009979516039151218,0.009930049498147563,-0.0019628344310809336,6.271766443510909,2.8940973757728443,-3.377669067738065,3.9001962909840873,10.888936329606725,10.878987126416522,-3.6263290421388406,-3.6400772989751715,9.91184374248608,14.519064425391694,9.973876494015729,7.501318058678457
Van_GT1,20251002_1031,Van,ON,cluster,25118.962296263933,50237924.59252787,17.732280789314117,110480.02088604872,911449.4328779131,656238.3921746741,1266203.7374837396,5249907137.397392,22.381476225469203,5549133.621519148,2599773.224779039,5199546449.558079,22.371837237683295,1167914.9192475635,-0.001958027609925444,5549133.621519148,0.002393965707407914,2495.378100668193,7.822596200656482,1.2476890503340965,2.062825384159811,30.319134590418116,2.2908570673400677e-05,2.3130453752573096e-05,2.3130186247752694e-05,-3.5581173832920654,518.8651446849847,8.45597223156994,2.9079154443635136,2.3384162602701413e-05,2.338443601436289e-05,1.856325329016478,1.7938660903563668,4.9671202003422195e-05,0.0002672848827208945,14.549241037026812,783.8511032934929,60.1339343429294,120267.8686858588,11.697485087807099,0.8370502219785356,221.23381083140384,0.00966198207476302,0.009615603625153655,-0.001980626934949349,6.034803996339944,2.826333189402135,-3.208470806937809,3.7048229681452005,10.68399945220983,10.674360464422074,-3.5581201548073573,-3.875281233010784,9.910085229350727,14.549641697432858,9.985641703072318,7.465889657484265
Van_GT1,20251002_1131,Van,ON,cluster,24752.055018314335,49504110.03662867,17.71756627533538,108966.67353385464,953861.3649523295,653996.7547919349,1263422.052944261,5231974038.335479,22.378054489188287,5528295.049738944,2591152.890900156,5182305781.800312,22.36851592599076,1170140.321343948,-0.0019180754991749728,5528295.049738944,0.003266522763983495,2440.1961923206004,7.800243440911873,1.2200980961603003,1.956387523085977,24.36139278348128,3.0907321244438075e-05,3.120354320142384e-05,3.1203056380996666e-05,-3.458324240536591,519.8393104470848,8.453092479790266,2.9074202447854307,3.1374214079069794e-05,3.137470625487153e-05,1.898395588266629,1.802027377367855,4.929279994156084e-05,0.0002720575647399292,14.568272485078886,782.2307136521684,80.85315117269731,161706.30234539462,11.993543204380988,0.8369420495783186,272.41646648770325,0.009552525868018373,0.00950718898528127,-0.0019398218944691016,5.724029234785798,2.7477030243786142,-2.9763262104071835,3.4367654775494527,10.384517468647916,10.374978905448556,-3.458326301816186,-4.193703298605624,9.917732533391423,14.56868220405418,9.99653695615131,7.398652695041372
Van_GT2,20250403_1631,Van,ON,manual,464.08691624016353,928173.8324803271,13.740975391093157,1451.6931286733927,12555.208313141542,29071.84720700485,93899.60572832327,232545705.80883178,19.264597352095794,927232.2900728919,115746.45868433881,231492917.36867762,19.260059840822578,158886.19485077154,-0.0013223538189043598,927232.2900728919,0.13309082032124042,1083.1909082045672,6.988589281073098,0.5418663872959316,0.6026132115407137,7.7526442983980814,0.000531213493433418,0.0005336293575190108,0.0005334870280052946,-2.5119336520943016,469.4792872904625,31.894508920281904,5.647522370052607,0.0005360150938037152,0.0005361587755648253,35.71187546088907,5.5131752206816,0.0011670129778479385,0.0018707731200503278,12.27147055974948,878.6079223375958,61.76570838282471,123531.41676564942,11.724258884539672,0.77972303274666,98.2462847758636,0.00400951287421941,0.0040014961989722885,-0.0013828746095999515,2.0167235242436092,0.8127364516240565,-1.2039870726195527,1.390244520955457,7.54034655832983,7.535809047037056,-2.511936349012352,-4.736584280802452,6.753307805046061,12.272393327839508,7.767209962376915,6.331821974417503
Van_GT2,20250405_1653,Van,ON,manual,760.920477385137,1521840.954770274,14.235431971519379,1919.9832591889997,11660.35502113495,35538.7259273155,97017.62382015731,284274268.6925967,19.465450068454423,908890.4902207889,141369.95997069124,282739919.94138247,19.460038025787156,150687.13553420885,-0.001518195410697964,908890.4902207889,0.007785594167942706,659.3603819493087,6.492785719255086,0.32984511353142004,0.14850884680222443,3.6601719346470105,4.167959385313215e-05,4.190577709882623e-05,4.19048990762785e-05,-3.3600008233535483,451.5461615561679,25.574650370969035,5.057138555640134,4.400001335014175e-05,4.400098136492666e-05,26.650634697193997,4.515332265036229,0.0004332649741630903,0.0008837780383701606,12.967252306532071,828.3354350340148,5.924218031001795,11848.43606200359,9.380035555726513,0.7989526037901784,3.203750367761438,0.005382476429524971,0.005368042673005895,-0.001588631006831937,4.8554801544572594,1.8437586285462633,-3.011721525910996,3.4776364674178075,10.085498904973248,10.080086862286892,-3.3600289540956307,-2.8886809131001616,7.744161067557421,12.968767775387054,8.456017790631721,7.068365336375896
Van_GT2,20250407_1226,Van,ON,manual,243.5976426224322,487195.2852448644,13.096422370646097,669.6068759270274,3596.6403410915664,23530.863828349575,68284.4971098198,188223379.76296824,19.053140010996266,926449.0178275704,93861.26832883443,187722536.65766886,19.050475567111867,109785.4393489372,-0.0014162052903895464,926449.0178275704,0.026506206830512285,734.1210569842025,6.600035189030591,0.3672441505673849,0.23601310110571763,4.633001338793349,6.86083684919465e-05,6.879141539157168e-05,6.878904937066322e-05,-3.194784722758058,500.5735957937283,39.371653526437775,6.274683539939414,7.251126235252527e-05,7.251389135765301e-05,38.20260139070852,5.2955219175110235,0.0015068312014015618,0.001174653311434792,12.450440378081275,892.260297299604,6.456849498788656,12913.698997577312,9.466121398837693,0.7938122925275591,3.8406328219872945,0.002595294597650318,0.002591932636223275,-0.0014875827622725353,3.630376353393796,1.043516871247089,-2.586859482146707,2.987048036746274,9.587096040994043,9.584431597095465,-3.1948105323651546,-2.867370021902434,6.49774637529623,12.451801618997898,7.736120573733502,6.997572114948758
Van_GT2,20250407_1628,Van,ON,manual,601.6016528494984,1203203.3056989966,14.000498810711035,1602.5999402267764,12519.100503249152,25137.075009036926,83237.54283949867,201071462.99728638,19.11917094510823,879128.508312121,99850.7500152409,199701500.03048182,19.112334314784846,142353.5587384135,-0.0012880306187555675,879128.508312121,0.13759582416222774,1203.9106230690968,7.094160671447006,0.6022564397544257,0.7183678631016284,4.6754912430643,0.0008233677122284738,0.0008290160587538758,0.0008286726147416668,-2.3650883321819642,504.9523023900175,34.97338127033737,5.913829661927489,0.000829699293831744,0.000830043589504878,46.21890986187749,6.168071711940535,0.001000587861889798,0.002344985495136455,12.018173643337839,872.7677904232496,82.77787524125395,165555.7504825079,12.017069318238953,0.7801416599226433,138.0690449146329,0.0060250088532902224,0.006006931063669869,-0.0013454138230311224,1.9834347016007907,0.9446914903086494,-1.0387432112921413,1.199437345316828,7.102107662139021,7.09527103178152,-2.3650903439271738,-4.923732888213746,6.907167589814537,12.019003919995267,7.726577163905723,6.056527820489379
Van_GT2,20250617_1226,Van,ON,manual,690.9976708627951,1381995.3417255902,14.139039636219122,2536.7991332161214,19768.812249901006,27941.98815944448,94719.36804650385,223507963.2873964,19.224957605778517,1112259.8959344774,110942.61058432052,221885221.16864103,19.21767078887867,163370.60892410474,-0.0012210091400579727,1112259.8959344774,0.17349177080747066,981.9579459349542,6.890566337884057,0.49122458526010715,0.36700050644176657,3.316329649896943,0.0010727350182844337,0.0010805803911635484,0.0010799969844134374,-2.2767509389098683,487.22937311292776,39.80603991339557,6.309202795389295,0.0010777089293104475,0.001078289866253505,39.774335585371816,5.837201758753594,0.000710536364549644,0.001886702766538258,12.327104450994614,897.1175025886246,119.88240954191085,239764.8190838217,12.387417972149066,0.7739261504350354,177.1489355066624,0.006228424473008123,0.006209108003255997,-0.0012744624656943742,1.7516251112238521,0.9806209173959566,-0.7710041938278955,0.8902789577057307,6.837543799900313,6.830256982967747,-2.2767523276559154,-5.497865318880024,7.249490430103876,12.32812230184777,7.9925269291828185,6.059252789139851
Van_GT2,20250617_1629,Van,ON,manual,458.66309198576994,917326.1839715398,13.729219485825396,1604.9458214085944,11653.873902797932,30093.137179154382,92636.36320843884,240715004.2960559,19.299124241051423,925586.3326206803,119758.73852752656,239517477.0550531,19.29413694941789,153618.42315568807,-0.001234391734402014,925586.3326206803,0.3043052937032252,1053.843195814628,6.961147405304105,0.5271851905025653,0.5941810634949746,14.018746130608633,0.0011596585541136387,0.0011654565556869962,0.0011647779384101917,-2.2515462657611103,493.3543814356549,30.75738920506547,5.545934475363923,0.0011647145413711945,0.0011653930847635161,33.41733598629764,5.2547727539993785,0.001148820576832215,0.0019365688562918903,12.332989544113785,863.5843622134208,139.57360691771126,279147.21383542253,12.53949815213456,0.7859080890969965,214.7972099347581,0.0038298924790389657,0.0038225771129331244,-0.0012880661152005488,1.1897238258994154,0.5984561811498512,-0.5912676447495642,0.6827370677185527,6.759629667095336,6.75464237544103,-2.2515474584803434,-5.579295622342194,6.769019448241609,12.333937997783224,7.79874972014356,6.163374730691466
Van_GT2,20250727_1245,Van,ON,cluster,5337.972265952744,10675944.531905489,16.183503687573857,21834.022832656956,163957.81999051943,153174.21298282425,516580.1965776409,1225240529.6496112,20.92640301321936,5468333.33046937,607165.26011971,1214330520.23942,20.917458750550814,889926.7829561322,-0.0015922087821612938,5468333.33046937,0.021779197396027048,1551.374936675777,7.347541254476362,0.776075506090934,3.1598863250858122,121.00925272509721,0.00018976968009368753,0.00019147464341387385,0.00019145631448398484,-2.853583622829761,479.97190322238737,35.700090922501055,5.974955307153588,0.00019105410967223632,0.00019107236167100229,44.590931134151326,6.131898594974462,0.00014531500534114666,0.0006960719381479818,13.569917496074453,532.3030860981958,116.25675167471351,232513.50334942702,12.356707882061533,0.7764609425765329,182.23838297776982,0.008791629917858434,0.00875320856620823,-0.001641592101700213,3.8268000126600317,1.9823628945279417,-1.84443711813209,2.1297725333137993,8.569699431157895,8.560755168482016,-2.853585056160672,-5.009806708613679,8.83660672127371,13.570561877095695,9.147688274419862,6.716318050349926
Van_GT2,20250718_1648,Van,ON,manual,635.0678903843657,1270135.7807687314,14.054635154028098,2045.701017031903,16307.66724095121,28369.595391762316,85561.18691730993,226956763.13409853,19.240270090935045,839628.709510807,112715.59993828327,225431199.87656653,19.23352557446473,140686.70423746758,-0.0012399527887782368,839628.709510807,0.20017666755706012,1175.9288238209567,7.070663632892195,0.5879644119104783,0.6636610114715604,4.173465112430733,0.001120264249579748,0.0011278454272464604,0.0011272098874081612,-2.2624807464033196,504.3315694418515,29.59607628928706,5.440227595354079,0.001126079329059011,0.0011267135944420476,34.75278083720133,5.328366430050854,0.0009258292236349069,0.002249089087518206,12.162861941572533,875.0602426991907,127.12577396973475,254251.5479394695,12.44608333525477,0.7909109685816503,207.39646036001037,0.005634250190143071,0.005618437171073319,-0.001292942531682769,1.6085549645612343,0.8536211313223081,-0.7549338332389262,0.8717225036817006,6.794190684379146,6.787446167879011,-2.2624820559596706,-5.376265799484537,6.984820764045772,12.163711967363549,7.817355752489181,6.032512334640085
Van_GT2,20250728_0851,Van,OFF,cluster,6.6850551653114705,13370.110330622942,9.500851713066893,13.4431598938504,88.96761035331656,23876.583681863915,69115.48120137097,191012669.45491132,19.067850321270942,1225084.9818707854,95492.88659001338,190985773.18002677,19.067709502504233,110766.74718160302,-0.0013083608402042332,1225084.9818707854,0.9530023371830278,784.4181595047392,6.666216263222094,0.39220907975236957,0.32588140683108985,5.400964368658606,6.670628933040125e-05,6.671568348926669e-05,6.671345809703346e-05,-3.2049973413497184,493.85193465178753,51.30905652978009,7.163034031031397,7.081542564029737e-05,7.081793311174055e-05,47.810554680536,5.600602461346306,0.05866953525801772,0.000798989547077012,12.40149323928214,881.7850643360665,6.370873197215806,12741.746394431611,9.45271747845508,0.7920900213390206,4.828414030972209,7.000579209646132e-05,7.000334180535351e-05,-0.0013735618426182303,0.04813792280805984,-1.6707399937514271,-1.718877916559487,1.9847892556594458,9.61521131667836,9.615070497910915,-3.205023499303639,-2.78769675448103,2.83583467728909,12.402767252391946,6.221133186851607,7.896192581351428
Van_GT2,20250728_1654,Van,ON,manual,931.443650034817,1862887.3000696339,14.437638690765102,2481.924382342916,17864.02579499781,26700.070772816936,86693.5553886296,213600566.1825355,19.179618320395736,1483355.697156489,105784.32690875497,211568653.81750995,19.170060112842723,147367.86916037934,-0.001280951687590627,1483355.697156489,0.09007495276444813,1225.5793965792213,7.11198459587098,0.6127896982896107,0.6156520454194506,6.081901926162573,0.0007855760336138675,0.0007931207318835071,0.000792806377838661,-2.379843048717523,499.0337124350305,55.55624589080387,7.453606233947167,0.0007916270036533785,0.0007919404230081206,49.122912435533834,6.051069850771522,0.000657892399895985,0.0023775465726731853,12.058075516971744,828.9829777046593,83.89974277967632,167799.48555935264,12.030530966690154,0.7823529683673042,134.3299520673538,0.008805119598087871,0.008766580594323238,-0.001333635703922745,2.407113146750044,1.2502900896505373,-1.1568230570995066,1.335784206842333,7.149093308500026,7.13953510090205,-2.379845033634017,-4.919356019254072,7.326469166004116,12.058891120156122,7.914040196850982,5.982712043802543
Van_GT2,20250814_1253,Van,OFF,cluster,5.844870356043844,11689.740712087689,9.366552415340523,11.66533355817597,107.27458773032504,27465.953629436855,95504.1610736538,219727629.03549483,19.20789929201223,974698.114429418,109852.00728923648,219704014.57847297,19.207791814741164,165632.8163442487,-0.0013006374365999837,974698.114429418,0.9501734790347002,817.4347074325594,6.707393622624499,0.4087173537162797,0.4263978454649062,6.875761605436367,5.055022734794009e-05,5.055566064042404e-05,5.055438274608233e-05,-3.2974485384414387,429.95347850378056,35.48750309491435,5.957138834614454,5.427191816380563e-05,5.427339091099904e-05,38.22804413848181,5.726877570983993,0.06992753111430176,0.0006475578988707242,12.500398192116664,862.1322015396556,5.553640801184053,11107.281602368106,9.315446199416847,0.7621860949023338,2.755129338652839,5.32067688181107e-05,5.320535338819341e-05,-0.0013673336990277644,0.051110701462880215,-1.7824795979798491,-1.8335902994427293,2.117247705933493,9.892543115021446,9.892435637749895,-3.2974785459166314,-2.609185141441852,2.6602958429047323,12.501620779191747,6.189826541126515,8.058845338307165
Van_GT2,20250814_1659,Van,ON,cluster,14880.827055328256,29761654.11065651,17.20873138166013,52789.38173234241,555442.6859750748,86776.98249718381,238560.08187718943,694215859.9774705,20.358293508980953,1884546.123432055,332220.74780252046,664441495.6050409,20.314457391015292,379981.37621142867,-0.0016795386446326653,1884546.123432055,0.00039955387481781023,818.8775522669159,6.709155002604225,0.40943877613345797,0.41179396569594245,7.1658888617349135,1.7129231563920957e-05,1.7896811532025553e-05,1.789665138600478e-05,-3.6436012994093763,457.7129254068552,21.717119784537477,4.660163064155885,1.830897111720109e-05,1.8309138727435698e-05,13.00611747800821,3.537103757056372,2.751451748018534e-05,0.0006404172588727934,13.605302388411067,1379.679069753524,5.945692110450309,11891.384220900618,9.383653492787163,0.7950167560477773,3.879726933058711,0.04479198591225174,0.043817809059091335,-0.0017497303666712215,7.82516194623606,3.805058172250364,-4.020103773985696,4.642015992161744,10.97472410571669,10.930887987686484,-3.643629329228828,-2.675634837979759,10.500796784215819,13.606522825666243,9.841772018400313,6.910784213700788
Van_GT2,20250925_1228,Van,ON,manual,912.0607521375289,1824121.5042750577,14.41660960979262,2527.9725410889364,20133.832824859768,28789.936358477815,94541.26264749712,230319490.86782253,19.25497799806492,923410.7322955728,114172.08603909466,228344172.0781893,19.246364579766702,161323.09131460622,-0.0012906599045361615,923410.7322955728,0.08231525510712537,1044.258387287169,6.952019394396941,0.5221291936435845,0.37796875595640117,5.19234707855594,0.0006519336527061355,0.0006575732833656954,0.0006573571767862831,-2.442315895687335,480.2743683879149,32.074080359113104,5.663398304823298,0.0006566831776964193,0.000656898841299324,38.08243990215555,5.663208705788422,0.0005724719459966049,0.002150304785714481,12.29434518536976,886.34951263578,75.07651348543848,150153.02697087696,11.919416892704696,0.777989221574015,99.77640638689492,0.007988474098872277,0.007956735158081383,-0.0013459262888293375,2.4971988287292,1.2832475353218626,-1.2139512934073373,1.4017502120636416,7.335567760868653,7.326954342532872,-2.442318114177624,-4.968347997632721,7.465546826361921,12.295302340165593,8.067332890349109,6.113003049125535
Van_GT2,20250925_1630,Van,ON,manual,1133.1700386792631,2266340.077358526,14.633677228818849,2687.5618838487753,18162.966390163638,27189.98813059952,64995.15077990546,217519905.04479614,19.197800926350165,787551.0578946806,107512.76183054721,215025523.66109443,19.18626729839928,91033.54359336816,-0.0013432265466668091,787551.0578946806,0.10016955209324513,1023.0359031374029,6.931506866642428,0.5115179515687015,0.40066959646399164,5.826067889462138,0.0010436666492352597,0.0010557735964307228,0.0010552166594523646,-2.284492371244117,571.7871634851386,28.964744453432495,5.381890416331187,0.0010489197561949848,0.0010494700649155294,25.265202650812206,4.141357553453161,0.00045140440896642683,0.002701738061755945,12.254760431756852,916.3018571697916,113.50913522003712,227018.27044007424,12.332790184666928,0.8205013252879905,200.88359684613297,0.01053986540188845,0.010484708248021444,-0.0014017279728155306,2.3008910078340765,1.3628618569940851,-0.9380291508399914,1.0831427654903707,6.865015142008062,6.853481514003846,-2.2844938380012825,-5.402255918477958,7.7031469263120345,12.255737432481805,8.14818041904352,5.915452363163855
Van_GT2,20251001_1600,Van,ON,manual,286.5147716104199,573029.5432208398,13.258694298326597,794.5811650288474,5485.007546330104,33998.17150610449,125667.83083296813,271985372.04883593,19.421258847258564,1623209.7478724122,135700.2431273052,271400486.2546104,19.41910610070098,222211.26876754896,-0.0014467350026675456,1623209.7478724122,0.019554609448378987,650.8820846207582,6.47986369376234,0.32544104231037907,0.15885390345956588,3.7473279323273943,4.1198424884681374e-05,4.128721018419211e-05,4.128635789078884e-05,-3.364956183820286,412.98064555503856,47.744030810037955,6.909705551612625,4.3592452560225154e-05,4.359340272499188e-05,60.416948378294435,6.967872446199584,0.0011358613047438967,0.0007264750000965086,12.93924240693864,621.4961153046842,5.602684460043042,11205.368920086084,9.324237549240122,0.7591061515755508,7.38450609143813,0.002111379943082557,0.0021091541129486307,-0.0015207280516430788,3.9345442429294444,1.1386236890399744,-2.79592055388947,3.228450968841787,10.097110533293941,10.09495778672843,-3.3649859289094763,-2.8458198140999924,6.780364057029437,12.940777600828422,8.051122367816143,7.299037232838961
Van_GT2,20251003_0810,Van,ON,cluster,20443.30686943425,40886613.738868505,17.526313299450848,61482.53348425753,550350.2609827518,363600.7006821176,673113.0083278262,2908805605.4569407,21.79100838935789,3126970.542617798,1433951.7867069643,2867903573.4139285,21.776847137923994,529840.1727251156,-0.002051499653245508,3126970.542617798,0.0003585197992283135,759.6435948631636,6.634164910263895,0.3798217974315818,0.2094789982338037,3.9431356752756983,5.039408794209329e-06,5.111280827107986e-06,5.111267764556651e-06,-4.061330772559137,533.2891541364371,8.600012422285152,2.932577777703824,5.300575940071559e-06,5.300589988149029e-06,0.7758523391225829,1.536937278706514,1.8579273884474232e-05,0.00042425441658974105,15.1426822276601,858.66065330265,7.329330274392548,14658.660548785097,9.59285482024658,0.8415978876930057,7.737464424209471,0.014256620800607116,0.014155950862859442,-0.0021006451304909995,7.933526671476596,3.6441141786818747,-4.289412492794721,4.952986914760751,12.198221785497736,12.18406053405894,-4.06135351135298,-2.9599372343566532,10.893463905833249,15.143997768415593,10.629749216530442,7.894648041264219
Van_GT2,20251017_1712,Van,ON,manual,1261.4766079915748,2522953.2159831496,14.74094108080105,4566.617273607775,34880.201768652536,28511.033303348053,91628.32459208043,228088266.42678443,19.24524324983697,868979.2247865349,112713.43676278909,225426873.52557817,19.233506382833372,155266.65513702648,-0.0012973240037431014,868979.2247865349,0.0544214716133636,1136.8583975776555,7.036903175993009,0.5684291987888278,0.6578378358876437,16.911092982654964,0.0006019723371855234,0.0006090792312299271,0.0006088938177588122,-2.4678516398220895,497.433565400624,30.478699791090616,5.520751741480016,0.0006071409013835835,0.000607325248727033,38.253206302337794,5.7007371825887185,0.00045060621432656717,0.0018540929348773987,12.196603206840363,911.4765188771413,68.65141341276289,137302.8268255258,11.829951463367104,0.7847811406454204,111.78397457223035,0.011191891971552674,0.011129726153975015,-0.0013493741253302045,2.9109965042178487,1.5308368872737965,-1.3801596169440522,1.593671052734599,7.415299065230322,7.40356219817496,-2.46785406605832,-4.793920234616603,7.704916738834452,12.197482432791563,8.125120437945725,6.023402581230908
Van_GT2,20251017_1812,Van,ON,manual,803.2813117150095,1606562.623430019,14.289608060507355,2643.6475500923716,21148.182984275976,26054.50192369635,81392.62353659274,208436015.3895708,19.155142676277713,849172.036466185,103370.54866494422,206741097.32988843,19.14697783570484,136092.88798821485,-0.0013410374666530485,849172.036466185,0.05435369410447878,1032.8228586953912,6.941018723849845,0.5164114293476956,0.4255133342119407,5.730929183359024,0.000418942058695811,0.0004223766562209977,0.00042228748031080234,-2.5898672149476214,496.26549550605415,32.59214238495448,5.7089528273505845,0.0004239870359762267,0.00042407693118391666,41.93197841403509,5.834447837652649,0.0006428774351102894,0.001954665778088264,12.205959111854995,876.6119425656734,43.66130669682927,87322.61339365854,11.377376190861975,0.7888172032746354,66.44086802293175,0.00777089143948232,0.007740853576227111,-0.0013978134706965405,2.912242698920412,1.3511071930361673,-1.5611355058842449,1.802644009127503,7.777777932339884,7.769613091727681,-2.589871030575894,-4.437313767111116,7.349556466031528,12.206926858838797,7.9839008848633535,6.208477585843436
Van_GT2,20251017_1912,Van,ON,manual,1074.1096796781185,2148219.359356237,14.58015031750376,4033.0856193442105,30115.419607211137,27300.58381857204,79959.45831099701,218404670.5485763,19.201860191480698,1147603.5008294731,108048.62782832864,216097255.65665728,19.191239126610128,129859.14844160591,-0.0013186205437497938,1147603.5008294731,0.073556877730388,1179.2238084850117,7.073459367682607,0.5896119042425059,0.5441595328432225,6.189671415819475,0.0007235024249133338,0.0007312277440735004,0.0007309605273229155,-2.406926423841095,524.6397195204281,42.03585932286098,6.483506714950657,0.0007291674638533738,0.0007294333710749156,41.307017878708784,5.626451886134464,0.0005489308172131193,0.0023737739474880234,12.117779758927522,951.4676646474272,79.00815437714637,158016.30875429272,11.970459855086844,0.7996822255285702,131.3665821922517,0.009940983992732381,0.009891897455606381,-0.0013727976257735031,2.6096963253558894,1.376536298943872,-1.2331600264120173,1.4239305464057288,7.231406660255873,7.220785595336411,-2.406928531778804,-4.897841815044235,7.507538140400125,12.118627410380647,8.012348534467012,5.987625568924393
Van_GT2,20251017_2013,Van,ON,manual,1140.9878812843945,2281975.762568789,14.640552626428907,3653.942365248929,28670.169153800467,27021.697905876892,73161.68046208513,216173583.24701515,19.191592273683344,989368.9820009619,106860.70105536899,213721402.11073798,19.180183870214485,113566.40525941098,-0.001313042120506928,989368.9820009619,0.07406042857223318,1201.2707409910022,7.091967331820983,0.6006353704955011,0.5796082707015798,5.645050499290448,0.0007817981292110572,0.0007907682679332147,0.0007904557754350127,-2.3808332272306525,537.2873670979238,36.61387176509669,6.050939742308816,0.0007876652289237725,0.0007879755186429934,41.47925379510247,5.387670682074264,0.0005264169588016228,0.002540192231380186,12.088216538393503,946.7414346346661,84.50205148368359,169004.1029673672,12.037684188522528,0.8090195734124658,128.29643003576098,0.010677338535269348,0.010620738293011262,-0.0013662105230497982,2.6028739166883312,1.403164800317061,-1.1997091163712703,1.385304762572402,7.1539139975335075,7.142505594011574,-2.3808351980038576,-4.946543045214825,7.549416961903156,12.089048639226398,8.01737000899452,5.942796477640304
Van_GT3,20250409_0817,Van,OFF,cluster,352.7353433776782,705470.6867553564,13.46662191730152,1868.9306595356543,26647.563423612155,20407.878057522008,54157.98785862931,163242616.58211854,18.910748103549246,986533.8016402759,81261.63138990986,162523262.77981973,18.906331711209372,82398.6143227109,-0.0014335699603596505,986533.8016402759,0.017599665619062378,1467.0673525309617,7.291702088592666,0.7339006265787702,1.3362312458870014,15.784212206870563,7.605886533138438e-05,7.639551396271732e-05,7.639259597405373e-05,-3.159835349917645,553.9669032453745,48.340831852268494,6.952757140314988,8.504951843272553e-05,8.505313524555369e-05,41.573231457448045,4.980911827873044,0.0020795582014559773,0.001983567769582174,11.614629622616706,943.0055365638418,6.208024095481085,12416.04819096217,9.426825661456437,0.8025323834126676,3.8612267169409895,0.004340736671716323,0.004331342848554315,-0.0015157653047205603,4.039875376033997,1.1939409954402755,-2.8459343805937216,3.286201961463592,9.484002973648208,9.47958658128122,-3.159862193760407,-2.135724434940334,6.175599810974331,11.615311016221554,7.263108930997752,6.633652200687498
Van_GT3,20250615_0814,Van,OFF,cluster,325.9579224472258,651915.8448944517,13.38767229426962,1422.8409203110896,25120.42163360957,19511.731180778545,53961.97894528927,156074337.71504757,18.865842981934005,745756.2146246433,77704.99609309992,155409992.18619984,18.861577300047767,84430.84636834922,-0.001450856520814478,745756.2146246433,0.017074269396962796,1298.6971933637647,7.169886588135927,0.6496734333985816,1.0582345562954965,9.64936406336534,7.131849426915995e-05,7.162336606102665e-05,7.162080123021084e-05,-3.1813331222587493,533.6586709057634,38.220914777633936,6.182306590389983,7.964268250945961e-05,7.964585407209496e-05,30.52682440448794,4.680141240488506,0.001992123988905405,0.002118414421839673,11.69169071191184,916.1273835354392,5.565493379946778,11130.986759893556,9.317577933271517,0.7964320157780455,2.523189638048352,0.004194812931419325,0.0041860392311176475,-0.0015369820412370848,4.070182662318361,1.2037075018411034,-2.8664751604772576,3.3099204110538394,9.548354877514686,9.544089195601057,-3.1813630652003524,-2.1483712160103927,6.218553878328754,11.69246041161145,7.31214096434191,6.677614035123799
Van_GT3,20250620_0812,Van,OFF,cluster,387.84378018451366,775687.5603690273,13.561506378876377,2064.6730575900165,34307.64718542341,19705.59018795222,56483.12774795058,157625015.91342983,18.87572945955105,863098.1562197208,78417.52034224343,156835040.68448687,18.870705121043272,90327.76890035885,-0.0014220513627352346,863098.1562197208,0.016462150149193562,1518.1834862826731,7.325928289430225,0.7594714788807769,1.7898374013964422,17.31267709058011,8.1011792536067e-05,8.141984745208812e-05,8.14165330362135e-05,-3.1386043954109426,526.7148321816923,43.79966029880217,6.618131178719564,9.064751601623553e-05,9.065162462645966e-05,31.004568126557032,4.795787332619883,0.0019572100467338317,0.0018676693823193487,11.544776831613047,878.9000364116813,6.384742543836518,12769.485087673036,9.454891934810444,0.7912561282389109,4.3664795468295,0.0049458817173995764,0.004933691023714251,-0.0015046660252177003,4.106691463515018,1.2584316759723926,-2.8482597875426254,3.288887110119442,9.42091582702354,9.41589148848381,-3.13863049616127,-2.1295438018283317,6.23623526534335,11.545435290312142,7.259336605937965,6.567631700941185
Van_GT3,20250622_0830,Van,ON,cluster,6601.637797967903,13203275.595935805,16.39597558371822,22066.85650162235,189597.55105061922,251276.2364738199,513479.9736404711,2009958615.5540855,21.421379970026383,3165139.3891129643,998371.072885624,1996742145.771248,21.41478276274853,556567.1510918234,-0.0019155418130378983,3165139.3891129643,0.0008435170862126068,2056.9983424394413,7.629489110970659,1.02901367805875,2.0697893414275597,21.95036827755962,5.541003915683331e-06,5.57767991361992e-06,5.577664358421152e-06,-4.032215956462685,536.3679866485468,12.596254359463611,3.5491202233030354,6.564428792553219e-06,6.5644503384630505e-06,5.195916039274165,2.295786677851883,0.00015579454715559108,0.0004040550841616824,13.78529365177787,785.2535886274244,5.568594279573317,11137.188559146634,9.318134893360474,0.8320937462600216,2.6081134152760996,0.006612408930165588,0.006590642852354089,-0.001971364485228352,7.077930399855397,2.706523892432113,-4.371406507423284,5.047665447596231,12.103334861404818,12.096737654123668,-4.03224588470789,-1.6890420242859259,8.766972424141322,13.785779678409593,9.207122491121705,7.725331146700384
Van_GT3,20250701_0850,Van,OFF,cluster,379.92742488539477,759854.8497707895,13.540884022918403,1677.8350057656435,25799.964162681485,24298.835102610832,102698.94303635419,194366381.98578405,19.08525550800915,1139624.0122377872,96796.74867507859,193593497.35015717,19.08127114934075,187541.69223052685,-0.001397773889630473,1139624.0122377872,0.015319448203368653,1389.2288429424536,7.237223647784247,0.694961902422438,1.4422424789890422,15.552170408145912,5.9889765371095856e-05,6.012886368855037e-05,6.0127056020887774e-05,-3.2396448909946565,460.90698035266115,46.900355816453676,6.848383445485051,6.703948739970448e-05,6.704173459635657e-05,61.83919637840734,7.292585333756526,0.001828281866411311,0.0014597309898349837,11.844047501556503,926.7780072302752,5.820278506578699,11640.557013157399,9.362336476356779,0.7329185018984946,3.0034262311805606,0.003925001925020332,0.003917319201539253,-0.0014814889136723509,4.17863213337391,1.2356555800083093,-2.9429765533656003,3.3982566106087724,9.72300492935969,9.71902057067075,-3.2396735235569167,-2.1257464905822623,6.304378623956172,11.844767061253012,7.409357699366245,6.77604401730515
Van_GT3,20250701_1251,Van,OFF,cluster,213.17382457878665,426347.6491575733,12.963012715776701,1141.0787942525128,23658.909460371593,23572.148847300436,97761.90844828515,188553618.62955618,19.0548929786711,1032245.8301031739,94057.74484104649,188115489.68209296,19.052566644320553,177760.75032846697,-0.0013759476894525402,1032245.8301031739,0.024982370096425715,1130.1235446129347,7.030966704998293,0.5653444445287317,0.9095466878777855,14.57424824744345,5.648883770269339e-05,5.662040259959725e-05,5.66187997251053e-05,-3.2596824303722776,445.7442164730731,43.7909092119697,6.617470000832104,6.248443529741735e-05,6.248638749040493e-05,54.36508245599577,6.8413176974011005,0.0026507089855973454,0.0012995118360880375,12.021599939322261,915.1478150648902,5.325587380510272,10651.174761020544,9.27351935320372,0.7322613332581878,2.2633993701059407,0.002266414370651136,0.0022638499275975206,-0.0014609020743546006,3.6895848990223143,0.8832391908307518,-2.8063457081915626,3.2404889001270996,9.781467502114154,9.77914116775126,-3.259713722583753,-2.2433432340073196,5.932928133029634,12.022484401758579,7.330266471900703,6.972795459559697
Van_GT3,20250711_1633,Van,OFF,cluster,956.7688305748266,1913537.6611496531,14.464464788059598,3005.1073654284937,49418.017253652215,33427.026056713694,109116.98632495728,267382781.42765287,19.40419183173204,1172415.4997024685,132356.31068774057,264712621.37548113,19.394155351649683,185904.16549278708,-0.0011969846585273701,1172415.4997024685,0.3895054563047887,11289.031159125705,9.33167541702703,5.647339249187446,10.414392560090016,58.68644630426411,0.0027875144236411947,0.002815632122072728,0.002811675654846834,-1.957522383261944,552.8746700957239,35.07387997105383,5.9223204887118,0.002833746179148213,0.0028377650330928582,36.95023636276345,5.646262380092899,0.005899560478123727,0.00438271803702307,10.062479934622653,859.4650985836269,372.66667993144165,745333.3598628833,13.521588201863851,0.7818737815180885,618.33414293506,0.007228736020242087,0.007202733940933178,-0.0012343680353279858,0.9428774052842339,0.2865159372394501,-0.6563614680447838,0.7579009405227077,5.882604967808858,5.872568487688776,-1.9575228292295919,-4.190000020793873,5.132877426078107,10.062568508482649,6.203514825620484,5.216207019643992
Van_GT3,20250718_1616,Van,OFF,cluster,698.4548226354447,1396909.6452708894,14.149773674325798,1968.1742591078162,22799.714343074942,31784.483596275517,109773.06867561379,254275868.77020413,19.353930337058834,1021396.2000701576,126070.15949107557,252140318.98215112,19.345496315831998,190638.35011596378,-0.0011641121410687408,1021396.2000701576,0.5214876385151934,10169.030650185743,9.227200502822306,5.084515325092871,7.9281875138891404,45.46631958963394,0.002864884960004887,0.002889149641249955,0.002884984069802616,-1.948930564388793,546.8600326166439,32.13505725132627,5.668779167624219,0.0029091044224201076,0.00291333997291405,35.622138643695045,5.630283214571254,0.007279662420976755,0.004253180505633728,10.118295813009691,846.1535267262226,364.23555606596705,728471.1121319341,13.498704622665619,0.7697434031947867,600.0511873754001,0.00554020733736666,0.0055249168377248465,-0.0011994350091571776,0.6510697085316117,0.0945042859296823,-0.5565654226019294,0.6426663931217225,5.855227083197567,5.84679306193742,-1.9489310206458068,-4.271601080061313,4.922670788592924,10.118394141998733,6.140489044670006,5.290227639335491
Van_GT3,20250730_1613,Van,OFF,cluster,1348.1455080876265,2696291.016175253,14.807388059753796,3106.6739431748674,36742.588413477875,32205.961245004968,106416.5153432288,257647689.96003973,19.36710367077341,981916.8482905962,127269.60001289402,254539200.02578804,19.354965413628726,182311.90248468702,-0.001267019673549685,981916.8482905962,0.14950580058269702,9087.771099093921,9.114794985413248,4.54388554954696,7.971520674798749,54.123952711314814,0.0015645828108914366,0.0015836898479154584,0.0015824371335811762,-2.149331777023948,518.8819852749056,30.488667635805623,5.521654429224247,0.001601136029865908,0.0016024185325547238,37.713859025123824,5.717448508448056,0.003370471156330058,0.004399990249355839,10.240170428215478,876.1436250638319,201.55557348868217,403111.1469773643,12.906970082556882,0.7805609120207048,322.8108922901706,0.010592832129204751,0.010537121162218643,-0.0013068722226450913,1.9004200870194605,0.7613862753958127,-1.1390338116236478,1.3152429555139964,6.4601360650375845,6.4479978078455,-2.1493326026151665,-3.7922826483703744,5.692702735389835,10.240280456215874,6.504613149962494,5.308963996221852
Van_GT3,20250803_1606,Van,OFF,cluster,1194.8971229879282,2389794.2459758567,14.686718249097902,2600.068338405849,16898.17509809509,28857.21463264001,94766.76574850343,230857717.0611201,19.257312139588283,990959.247398749,113959.41525332096,227918830.50664192,19.24450012137105,162045.35041318284,-0.0012371559089390297,990959.247398749,0.22515813583289385,11010.691054002224,9.306712810475025,5.505345527001112,10.342214664607885,83.66126431021348,0.002330793288170076,0.002360847571270081,0.0023580651490320713,-2.016244243328844,543.2730008896376,34.34008652650366,5.860041512349836,0.0023813210904353906,0.0023841586874661052,48.25541502777538,6.286968752826137,0.004607380351902,0.0052712256731240964,9.937787310896026,912.2729442067588,269.04080872416256,538081.6174483252,13.195767391384518,0.7843858236811149,458.6251279071949,0.01048528654110571,0.01043069718265342,-0.001275436426384807,1.4909522977198026,0.578316462065505,-0.9126358356542976,1.053821090774216,6.061546602324491,6.048734584051402,-2.0162448613504673,-3.8891435391540092,5.380095836873812,9.937878123205412,6.253536682572312,5.136098748397105
Van_GT3,20250814_1247,Van,OFF,cluster,1133.8702979276159,2267740.595855232,14.634295002530617,3001.0085365499576,56305.360552825965,28196.380206499703,92680.24243373142,225571041.65199763,19.234145712310692,974508.9133130051,111475.73472183231,222951469.4436646,19.22246468441258,158434.20947494076,-0.001274833554143486,974508.9133130051,0.14890388609276395,14156.225104475116,9.557980380845546,7.078112552237558,11.376049306843402,76.7634206195371,0.0014969802191819712,0.0015145690145748748,0.001513423211710693,-2.1642071341288998,507.60338243156616,34.561490027303655,5.878902110705928,0.0015609551564012042,0.0015621740810477472,48.446715224817865,6.295157933469869,0.0062424358104901075,0.005059560229195208,9.664484303567033,918.6475921608662,168.83769368665648,337675.38737331296,12.729843282025879,0.783988696721702,306.94267736489655,0.010171453911086396,0.010120072793800027,-0.0013131163920219525,1.9044542409569178,0.5981672352790834,-1.3062870056778344,1.5083703087340141,6.504305387271245,6.4926243593210415,-2.1642081197736807,-3.1719305775666236,5.076384818523541,9.664554936887665,6.017963454977419,5.186337353643207
Van_GT3,20250818_162850,Van,OFF,cluster,3196.5719357181656,6393143.871436331,15.670736860439446,7578.353280575574,78921.24926680699,56885.2573766695,129104.56384230246,455082059.013356,19.93598831233152,916636.1941047944,224182.67333300642,448365346.6660128,19.921118966216202,171143.43870599463,-0.0014473618839166422,916636.1941047944,0.049585509367047934,6561.180584732887,8.789078232912713,3.2805902923664436,5.879282149299086,52.94408996436778,0.0006965937000666011,0.0007070289835716916,0.0007067791563296849,-2.418145248496945,484.0977064728287,16.11377422510767,4.014196585257651,0.0007112641653695038,0.0007115171737076723,10.153888957723282,2.975255216415792,0.0010262838936014398,0.003013563004880672,11.132040733303489,893.0403260689138,158.50364766102047,317007.2953220409,12.666683220725368,0.8232584601377481,247.65443329623085,0.014258782305490186,0.014158081982869436,-0.0014908649960308068,3.004056637793086,1.408871312230028,-1.5951853255630581,1.8419613542423452,7.269308243905307,7.254438897757069,-2.4181462992523564,-3.8777542332979174,6.8818108710910035,11.132193131054986,7.354186338285286,5.659253572194011
Van_GT3,20250903_1651,Van,OFF,cluster,158.81243567574393,317624.8713514879,12.668629463952785,818.7792313591798,16995.277341977693,22633.32265216836,92218.00718389053,181066581.21734688,19.0143753791415,980067.7334198691,90368.12293193684,180736245.8638737,19.01254932683504,167028.79772396688,-0.0013565496020860968,980067.7334198691,0.0354175786261321,1460.97826696825,7.28754577492444,0.730489133484125,1.2299914442055753,23.339858811170643,6.212910068279396e-05,6.22426553178195e-05,6.224071832412433e-05,-3.228127044372408,447.22442763647973,43.30198214737024,6.5804241616565164,7.02002996980386e-05,7.020276379673726e-05,51.49826395368786,6.658882376718127,0.004599697311949203,0.0014405283230540544,11.7250035519106,902.1966525341917,5.624751927370917,11249.503854741833,9.328168193717817,0.7346186982189054,2.668654856818229,0.0017573944276275037,0.001755852016858704,-0.0014357394046615878,3.3405470107303437,0.594597196104246,-2.7459498146260977,3.170749729311161,9.686296068759333,9.684470016442777,-3.2281566721475925,-2.04121776866873,5.381764779399074,11.725687785111507,6.9840882636530734,6.938520201816679
Van_GT3,20250919_1653,Van,OFF,cluster,910.1829385766041,1820365.8771532082,14.414548619591699,2675.2466759073072,30499.99811614398,25385.665301919234,86514.40269055679,203085322.41535386,19.129136761090457,897455.5549681187,100296.58633907628,200593172.67815256,19.116789403392417,149829.59001017886,-0.0011623864665676253,897455.5549681187,0.3629474946473697,11086.625593414103,9.31358495403184,5.543312796707052,10.331728981489734,96.3988512017977,0.003253298793811456,0.003293717456250381,0.003288305050277268,-1.9052456392041623,583.7727457279584,35.35284753400829,5.945826059847702,0.0033133729304926324,0.003318868218217229,49.28736927680942,6.420737427037382,0.00609032817663332,0.0059742793868444565,9.803204449360576,950.4623864179324,330.3486172273407,660697.2344546814,13.40105248577993,0.7809913031121795,538.1296953335348,0.00907491442928587,0.009033984828723805,-0.0012016626551255279,1.0134970980232332,0.35307727019767654,-0.6604198278255566,0.7625871307465028,5.728085783937916,5.715738426178701,-1.905246142059567,-4.087556212899711,5.101053310922945,9.803294639078413,6.084674571066636,5.055318598353145
Van_GT3,20250920_1615,Van,OFF,cluster,4009.872877509491,8019745.755018982,15.89741740266322,8937.659578535031,65356.02997497097,53567.828510843174,126349.69660006968,428542628.0867454,19.875900775503673,1448672.0013906956,210062.87572531265,420125751.4506253,19.85606463502401,176387.38717511386,-0.0014409228795088927,1448672.0013906956,0.048449522059117005,8578.03223471862,9.057076392964044,4.28901611735931,8.42953255535731,96.64046712547224,0.0009066842442280909,0.0009248489232681891,0.0009244215140084497,-2.328625862906218,515.8907545111178,27.043694726162986,5.200355249993954,0.0009271306507543413,0.0009275605692293915,18.853256409661945,3.7672624676897914,0.0010696139873697587,0.003821069901232655,10.798988242059965,927.8581337556557,194.2764244331753,388552.8488663506,12.870187046305354,0.8238112655688934,333.98311042635964,0.019088917371353924,0.018909009875660857,-0.00148254925030762,3.027232805314801,1.4772607264267705,-1.5499720788880307,1.7897535939648166,7.00571630051399,6.985880159987575,-2.3286267199958584,-3.8132246497502518,6.840457455065053,10.799104809737827,7.2013211391366445,5.435908081099544
Van_GT3,20250923_1622,Van,OFF,cluster,779.5803982176105,1559160.796435221,14.259658924845564,2733.159552752108,42487.59111026302,33232.70134625434,107296.42813678217,265861610.7700347,19.398486474861972,1330951.472063601,131900.30221008856,263800604.4201771,19.390704093241734,181828.87464816734,-0.0012482103200780479,1330951.472063601,0.3169167213008311,7721.425835032411,8.951883820995556,3.8607129175162056,6.749213911842805,40.22502859154429,0.0018585764456786045,0.0018730970259655862,0.0018713449672407396,-2.0933866781447033,520.9376287450939,40.04945183950893,6.3284636239347325,0.0018894032710293426,0.0018911893180668716,35.751975408218286,5.536608205839135,0.004952296038151612,0.003993623547229553,10.438820272246177,851.3911474919174,247.06206379367984,494124.1275873597,13.110544058807625,0.7823710223850311,418.72775628504644,0.0059103761337552145,0.0058929783785941605,-0.001289400335053941,1.1491162484484096,0.33149360158137675,-0.8176226468670329,0.9441093105284315,6.287944436073927,6.2801620544243,-2.093387351474767,-4.158787715404582,5.307903963852992,10.438949769828882,6.428626116960125,5.4625394075572675
Van_GT3,20251004_0812,Van,ON,cluster,9499.705016267008,18999410.032534014,16.759918538362573,32689.217087964218,242137.24699525628,282442.0731574118,561184.6880767402,2259536585.2592945,21.538425578877167,3221374.257713929,1120262.1633513388,2240524326.7026777,21.529975750289378,568032.5442201637,-0.0019463472506760892,3221374.257713929,0.0006080749289340732,1295.4591771471182,7.167392117515866,0.6477295885735591,1.045298795982383,14.260264872399603,5.113024051344257e-06,5.156411277321586e-06,5.156397983078656e-06,-4.058394385466976,542.7224526232222,11.405433410476977,3.3771931260253223,5.686369805674128e-06,5.686385973105556e-06,4.402074459092264,2.145539789877649,6.818417913654925e-05,0.00036491478293397653,14.36258363277351,785.7609102378196,5.776532452661523,11553.064905323046,9.354792593888446,0.8353601381785769,3.320430014593913,0.008479894552403701,0.00844414222173776,-0.002002965533598421,7.405212445212861,3.057113294648694,-4.348099150564167,5.020752430082809,12.183719537918098,12.175269709326553,-4.058423236442184,-2.188085552282754,9.593297997495615,14.363355261609307,9.780262738265119,7.827170558762386
Van_GT3,20251004_1214,Van,ON,cluster,3263.3156462257357,6526631.292451471,15.691401639650973,11607.617532832133,94658.56495508924,230399.66723544025,517177.7190232984,1843197337.883522,21.334767584716715,3384214.7511007786,918329.0730259033,1836658146.0518067,21.331213532803584,662384.7269100503,-0.001894544863439196,3384214.7511007786,0.0016927622257086352,1512.5043509516759,7.322183003219237,0.7562521754758379,1.7418269535435085,30.85954354018122,5.993951209628774e-06,6.0152919239440405e-06,6.015273832148127e-06,-4.007038389287568,508.5113659468734,14.688453293825829,3.8325517992350364,6.814561741771926e-06,6.814584960950535e-06,7.966250416474587,2.7515530634170364,0.00023174349571436134,0.00039561510369054783,14.009030529584347,711.3182292749218,5.524017456495736,11048.034912991472,9.31009836494088,0.820408174058605,3.023357516506265,0.003553536245425702,0.003547237353318995,-0.001956728732195776,6.381393631229734,2.277865251318147,-4.103528379911587,4.7383464295384465,12.024759728971329,12.021205677056269,-4.007068559018756,-1.988485788639661,8.369879419869395,14.00969146569593,9.136421555346887,7.917677297144682
Van_GT3,20251005_1623,Van,OFF,cluster,301.4543391370708,602908.6782741416,13.309522677216691,2722.4010773769814,66393.08092937712,22557.57745341483,91931.00980173337,180460619.62731865,19.011023143665348,976057.2865937985,89920.68931704776,179841378.63409552,19.007585796093107,166575.46832666194,-0.0013167748998205236,976057.2865937985,0.023914978034282216,1913.7671513477794,7.557351302236348,0.9568835756738897,1.2553840097172975,12.530887402556118,7.989858301165565e-05,8.017369477001156e-05,8.017048103111543e-05,-3.143748581711222,462.6545284315518,43.26959703937694,6.577962985554078,9.050758050709557e-05,9.05116764417303e-05,53.429689230308774,6.7806531905072776,0.0031742239252930743,0.0014033531117681726,11.450234493856758,908.1965884309897,7.209273898814067,14418.547797628135,9.57634005095944,0.7359883958154974,6.528637331089231,0.0033524469332545186,0.0033468400108130473,-0.001382411006449542,3.733250320339865,0.9469694144730578,-2.786280905866807,3.2173200620802307,9.434752439871756,9.431315092280434,-3.143771697426812,-2.019441789153075,5.75269210949294,11.45075688143351,7.023278640627994,6.645034186413627
Van_GT4,20250616_0812,Van,OFF,cluster,19.30236774332243,38604.735486644866,10.56115613215177,28.772915951252227,195.08244387747618,87.65528909463013,262.11217076525764,701154.6574679464,13.460485191963357,3211.0260863104486,309.1641289974921,618328.2579949843,13.334776374490152,453.1385118099793,-0.00041999935259046984,3211.0260863104486,1.1231003546615559,864.6718685276624,6.763505932057442,0.4325522103690157,0.3092228515333848,4.658103155874471,0.061836560102678316,0.07011970026780029,0.06777051162605824,-0.8858433488984634,1678.6253283618898,36.63242822506984,6.052472901577428,0.06514646209229376,0.06731533417416412,28.671947956690857,4.795027197049261,0.02239807779033724,0.06772881469574138,6.57127044243271,901.6764714466949,21.67849605889475,43356.9921177895,10.677246327794762,0.7975398064538851,54.02864565294358,0.06243404694419705,0.060562546425512495,-0.0004809437288630974,-0.11609303480075539,0.22726064340244,0.3433536782031954,-0.396470677075725,2.7832605020153665,2.657551493497369,-0.8858504978324563,-3.9148731715093943,3.798780136708639,6.572424665006763,4.23402663035092,3.0009051717005644
Van_GT4,20250616_1212,Van,OFF,cluster,33.74673259891488,67493.46519782976,11.119800876429489,57.57375034409062,325.80563980859006,487.8123374611669,1087.6794390516793,3902010.8873518743,15.1770028466372,14233.462824240327,788.5644619828194,1577128.9239656387,14.27111724934018,521.3209456062895,-0.00020274278696638543,3396.1989972032607,33.33023022340933,7815.764535744182,8.964026005692222,3.9098371864653236,6.066570470542539,57.342196425278416,0.5765162626645948,1.4263721243503407,0.8863971888455046,0.11837801839408375,2840.753577656503,29.178152603347158,5.401680535082478,0.8639812251884459,1.3725877216929085,40.441478254308684,5.367993147185287,0.1158003150782025,0.08144961839502425,5.66222529883021,4175.784063993011,1124.7863668263308,2249572.7336526616,14.626251304522432,0.8635965527153577,1876.1822401791771,0.042795147671299355,0.04190474989348307,-0.00022216902818974202,-3.506464799703627,-1.1254768404352138,2.3809879592684133,-2.7493280784417524,0.5507517303654428,-0.3551342447168633,0.11837808157228775,-5.6623527926531665,2.1558879929495394,5.6623527926531665,3.0468004868663194,2.02585371455155
Van_GT4,20250616_1613,Van,OFF,cluster,38.82341855769827,77646.83711539654,11.259938973911968,74.02871603111538,458.04431601433316,247.2609689723532,492.777336107837,1977840.4908098532,14.49751665186164,3499.136064008868,932.1162142556003,1864232.4285112007,14.438360496275049,580.0846971047936,-0.0007687471235279239,3499.136064008868,0.449120106255653,1088.4694471245298,6.9934461109667065,0.5445069770507903,0.9901339921298595,28.24141515968313,0.017631733144391377,0.018706227401034167,0.01853341768151877,-1.3262902185349574,969.1453741010735,14.151590841653213,3.761860024174071,0.018349390479234454,0.0185187749927561,7.128460016773266,2.592533003752467,0.014018207148513455,0.04843835834222277,7.444914385308342,1083.678396421957,17.436377868065698,34872.755736131396,10.459489840670177,0.8497471562986205,55.55421210742834,0.04165083491084029,0.04080679591916366,-0.0008389290311636001,0.8004649297693813,0.4723573371888694,-0.3281075925805119,0.37886601379903667,4.038054980858956,3.9788987944605267,-1.3262995981535088,-3.466933353907863,4.267398283677244,7.44583214836839,4.781906299691927,3.650791201880015
Van_GT4,20250619_0826,Van,OFF,cluster,19.17140738229855,38342.814764597104,10.554348509944143,27.41038812650963,169.61874271470242,86.71378048152067,268.9032853867148,693623.5300716838,13.449686070131753,3039.5988320169417,315.1134735195447,630226.9470390894,13.35383685362336,466.8830459819801,-0.00045558980575507123,3039.5988320169417,0.6313539261824803,845.8816248500335,6.741560926738615,0.4231523886193264,0.6844224609099882,16.086110268770653,0.03490061336391731,0.03841137983204552,0.03769202591384619,-1.086453930742379,1367.541087034853,35.05323854103209,5.920577551246133,0.03678860262174008,0.03747367843913416,30.70169826999652,4.979650638070126,0.022061020559424254,0.06416121963620199,6.612275926884744,723.5838244601789,12.103943321573656,24207.88664314731,10.094475061396222,0.790603254226074,27.03345466072596,0.06083969424772641,0.059060758912019624,-0.0005232954424430035,0.4598886763808263,0.3685797106430453,-0.09130896573778102,0.10543451189626889,3.355250875030844,3.2594015134969396,-1.0864671711656466,-3.354054326926641,3.8139430033074673,6.613455840423581,4.256967751938063,3.1680925477591586
Van_GT4,20250619_1227,Van,OFF,cluster,31.023410847306238,62046.821694612474,11.035660684369677,49.34276040595549,277.09521843237235,581.8454443738593,1688.4769379054108,4654181.709546501,15.353276880678523,18268.84530857578,648.5805967855747,1297161.1935711494,14.075689508349166,558.3853077725735,-0.0001747970431331197,15586.341004292539,52.84286315285547,16241.986349865176,9.69541648534874,8.12505570278398,12.346565915669235,72.66672446800749,0.7044700685419415,2.527620872546946,1.2606236699400404,0.30909267593931666,2617.8845787980463,31.3981066367758,5.603401345300984,1.2308639194483966,2.424186480120233,43.463567346062185,6.10533000971613,0.261769836165737,0.07137716822636901,5.307551050818375,4857.243806829997,1639.365853965437,3278731.707930874,15.002967536167116,0.8296717842273234,3054.965198497981,0.0478327766834796,0.046724008933802776,-0.00018689514779383735,-3.967322663532613,-1.4167692960276739,2.550553367504939,-2.945125346622967,0.3503094346468263,-0.9272784937359297,0.3090928312453099,-5.307612312751214,1.340289649218601,5.307612312751214,2.335434751293939,1.6232748737690095
Van_GT4,20250619_1628,Van,OFF,cluster,41.66544653178632,83330.89306357264,11.330586624789788,83.93330340192969,611.0094351978623,251.61933286532306,493.31352356788193,2012703.043589719,14.514989671254543,4278.131235549459,934.5504512106056,1869100.9024212111,14.44096860738116,582.1388504764847,-0.0007146649380661149,4278.131235549459,0.6920167460073651,2604.8746445020747,7.8655236538808815,1.3030888666843796,2.5921450952723117,26.206230519397877,0.02865120795841967,0.030852466758590758,0.030386097568076753,-1.1595072553683867,1147.4362541655682,17.002394795465058,4.123396026973087,0.030402946214518084,0.03086983537365476,7.665383707697771,2.6184235178987993,0.031259411110397824,0.05843598415234152,6.575444953500279,1092.2717285694089,28.833186730216628,57666.37346043326,10.962446841276,0.8543278176886262,68.10277464047103,0.044583410641759476,0.04361815583111794,-0.0007705272693695401,0.3681451242126599,0.1807966172378812,-0.18734850697477867,0.2163314218683269,3.5525596741126577,3.4785385720669844,-1.1595128573556615,-3.097289668380525,3.465434792593185,6.5758282404475095,4.099328467336847,3.2911900650922057
Van_GT4,20250726_1219,Van,OFF,cluster,23.322596403580917,46645.19280716183,10.750346591094297,32.74960231486743,202.9564857605228,94.95759395407673,266.20394418746446,759565.7940386598,13.540503541902414,3037.0108382372564,289.528267370514,579056.534741028,13.269157120773833,438.76678581592313,-0.0003835141132478678,3037.0108382372564,2.8186451885755752,2387.818211564636,7.778554050485201,1.1945063589617988,1.6491898554676658,13.90686066339208,0.17309395619283716,0.22705252491016023,0.20461497240029838,-0.49418934067782655,2440.438420312744,31.98281160854616,5.655334791851268,0.19387316239391006,0.21394229965578326,30.826489205793997,4.907557593412119,0.051191088894948736,0.08250904137962765,5.490603070288633,1616.6167153591682,65.7381241394527,131476.24827890538,11.786589098740354,0.8138586915084289,192.8755090687038,0.0805537801726777,0.07747366913908472,-0.00043037371986799107,-1.0362563399450622,-0.14572419345057241,0.8905321464944898,-1.0282979490012183,1.7539207325288881,1.482573900995483,-0.4941913003318277,-4.0084461470283825,2.9721898070833204,5.491020048023866,3.4550909551844264,2.373106047489973
Van_GT4,20250726_1621,Van,OFF,cluster,35.14273302058245,70285.4660411649,11.160334542069563,56.856092979254065,404.2633139254176,612.7840330905904,2471.7791723744963,4902272.264724723,15.405209587074348,35300.65075124148,577.9977039836918,1155995.4079673837,13.96047322091498,371.5913878735571,-0.0002678300026013685,2807.109944811222,51.97716986353167,22751.78330508332,10.032442759976378,11.375891652541661,18.49677939724096,120.31387406620433,0.7452135275510308,3.160254428546144,1.42557623311114,0.38355064946528356,2457.877302282017,57.60700156170205,7.589927638735829,1.3857129159610837,2.9976748953906873,73.935827677894,7.990609038602362,0.32370537731704474,0.053536621014349035,5.078682409334453,5116.67837464395,1826.6198037055456,3653239.607411091,15.111125169310831,0.7795869122017766,4703.95000094463,0.06080081768204324,0.0590241112655697,-0.00029027055485150477,-3.950804581102968,-1.4057587790875292,2.545045802015439,-2.938765757787082,0.2940844875061117,-1.150652539721202,0.383550846573734,-5.078726087237591,1.1279215061346228,5.078726087237591,2.0641013372467736,1.394393262294237
Van_GT4,20250731_0815,Van,OFF,cluster,23.4049817371996,46809.9634743992,10.753872716744103,31.14056222770894,180.1260185531728,89.22152195640359,250.5602251092108,713772.1756512288,13.478320509689627,2669.6676894342672,300.0382427886214,600076.4855772428,13.30481406848883,422.63091570482914,-0.00042180271009044335,2669.6676894342672,1.4007111187424706,1318.4902916661933,7.185000798331009,0.6592451458330967,0.801191112054371,16.595668435507832,0.09186017407879286,0.10926479854437057,0.10369745222406009,-0.7379891378145853,2010.548624656056,29.92179051524987,5.470081399270933,0.09839305438692839,0.10339639468030316,25.16847978820046,4.525436214187758,0.028166872900020973,0.08026959461504934,6.11981327015782,1142.2330272602285,32.7836181539603,65567.2363079206,11.090846655045073,0.8108635856493026,108.30705233822056,0.07800666181627232,0.07511365226017098,-0.00047614807415443956,-0.3369800496426336,0.1704169034296541,0.5073969530722877,-0.5858915348845635,2.3874877050417282,2.213980998394364,-0.7379936661314547,-3.906588761040884,3.56960871139825,6.120569759435248,3.9559987950075066,2.7213779514666516
Van_GT4,20250731_1218,Van,ON,cluster,43.24754512594965,86495.0902518993,11.36785449249844,76.90451362369272,1023.7325614093606,15892.325135467776,40853.21782429874,127138601.0837422,18.660788404318037,287926.3023596406,63406.73749867198,126813474.99734396,18.658227871901914,60543.82102713162,-0.0010743619607016075,287926.3023596406,2.7215646342458313,3229.0174781632995,8.08024282739813,1.6145087390816497,2.393602041205051,20.481991537904833,0.001851538216258492,0.0018562852147464657,0.0018545644465092275,-2.096391248175994,481.14345651860316,18.1173176300715,4.256444247261189,0.0018786994843627775,0.0018804653459069572,9.275974939565224,2.973975825014828,0.03733180078455452,0.002168237566568201,10.577985044503784,597.4837486833859,117.70098933409601,235401.97866819202,12.369054127373932,0.7902431982146724,464.0559664627404,0.0006820654528527841,0.000681832951926356,-0.0011181150439301074,-1.0012069481148966,-1.2509205333289852,-0.2497135852140886,0.2883444112873207,6.291738517122303,6.289177984686015,-2.096392661562005,-4.2891166957147675,3.287909747599871,10.578294680400782,5.6608542529537145,6.039464399471926
Van_GT4,20250731_1620,Van,OFF,cluster,34.88410243615354,69768.20487230708,11.152948000455947,56.57446847868136,408.12387302298157,632.2331006386095,2073.4888984220224,5057864.805108876,15.43645517464397,21281.376497895457,562.3115777916951,1124623.15558339,13.932959453876315,396.2798254274103,-0.00010891509529317119,3145.3623850469157,54.84995128490612,36690.806116936896,10.510308742546494,18.34540305846845,30.167058947406474,202.82129731236728,0.7566004205313801,3.4027243877507787,1.4822235283462357,0.40819192446860936,2476.8791909904803,33.660649017579246,5.801779814618686,1.4433076851265132,3.234679664106001,36.68808790747524,5.785367502423902,0.5258958028741627,0.06805811513124692,4.647226484735649,5270.53674662342,1913.3913192681212,3826782.6385362423,15.157535227282143,0.8065151671684375,3828.359582658691,0.06203696280471239,0.0601887271149297,-0.00012414395045309975,-4.004601298583966,-1.5354935041608844,2.4691077944230813,-2.851080099536739,0.2789200109660488,-1.2245764012760851,0.40819213375869506,-4.647253477832274,0.6426521792483086,4.647253477832274,1.659663718854914,1.2445313931469961
Van_GT4,20250804_0825,Van,OFF,cluster,27.165392164739362,54330.78432947872,10.902864681440995,37.18472541181212,185.35035283482648,88.42109116186845,278.143778984006,707368.7292949476,13.46930876334083,3427.499837433046,315.84342443558313,631686.8488711662,13.356150641101289,487.6855470910362,-0.0005009479962077101,3427.499837433046,0.3800467123176763,702.8601318634121,6.5565796600889055,0.35143006593170606,0.335583087812123,12.33685767512361,0.029190201810334167,0.03268745581660466,0.032164584644206524,-1.1402390142647416,1329.9333978612294,38.763374127046255,6.226023941992645,0.03064873890013608,0.03112324678107323,44.25718340739276,5.781502190848209,0.012936682960218531,0.06599196685524854,6.799570981012383,730.1087962630903,10.324117981219581,20648.23596243916,9.935433598307064,0.7951963800483676,30.120709350058068,0.08600904772116537,0.08250955271199806,-0.0005742840326326495,0.9674611066464411,0.7154616718028173,-0.25199943484362386,0.29098388308519957,3.533922180459495,3.4207638888471923,-1.1402546296157308,-3.380227256119137,4.347688362765578,6.800991144966329,4.551429349961053,3.1687644540035684
Van_GT4,20250804_1226,Van,OFF,cluster,40.46586613062483,80931.73226124966,11.301373622716227,65.39153257238509,434.77779548993567,146.82644488532856,303.1412832052848,1174611.5590826285,13.97644891423426,3364.654054005223,535.9726587463751,1071945.3174927502,13.884986542393273,400.16296213317537,-0.0007072939599439508,3364.654054005223,0.2585622632381765,808.6174671152687,6.696561873294621,0.40430873355763436,0.31182744712288474,9.219414155091954,0.01781515914746875,0.01952141729620963,0.019333318458806634,-1.3120654131935379,1072.1280502557454,22.91585862908229,4.78705114122668,0.01867690440298506,0.01885240870502846,19.493738888161626,3.575048172243972,0.009991352520356786,0.06703207243626057,7.188424669098652,957.2654010204674,10.462945930756709,20925.891861513417,9.94879030281266,0.8528413002492146,19.753734428292177,0.07549987013374078,0.0727855489759805,-0.0007810188203499272,1.3526187504336473,0.8437574289182965,-0.5088613215153508,0.5875824419141514,4.0277055466233005,3.9362430932442525,-1.3120810310814175,-3.2534165576164984,4.606035308050146,7.189659650860751,4.81557230180858,3.4273817717289017
Van_GT4,20250804_1627,Van,OFF,cluster,39.55807784119712,79116.15568239424,11.278685016236777,65.6660815498234,424.21480719067404,331.4454682828558,1134.4745972914593,2651563.7462628465,14.790660493991284,16270.965166306356,548.0967928042623,1096193.5856085247,13.907355272345068,397.2060412725316,-0.0003520575340708648,3151.1997086113697,18.64696902483646,977.5005795366588,6.886021379106429,0.4887502897683294,0.7798418540077954,18.41655149078747,0.5563797990795687,1.3458174940624945,0.8526339526878676,0.09900046542875351,3119.1437895054023,49.090926632962116,7.0064917492592285,0.8136178364241555,1.2560552789677435,81.58852130502684,8.337073486148771,0.012355258810203128,0.055176361663615905,7.318335289524899,4360.1562665286465,737.6382521961955,1475276.504392391,14.204356668631329,0.816353116993638,2139.9495774321194,0.07217352548035819,0.06968792033286474,-0.00040933764913679533,-2.9256836141193308,-0.2901730264016553,2.6355105877176754,-3.0432254945418187,0.5863041260628847,-0.29700163069466967,0.0990005435648899,-7.3193571060567,4.39367349193737,7.3193571060567,4.660574309785919,2.3385089570230058
Van_GT4,20250815_0847,Van,OFF,cluster,22.1135708741152,44227.1417482304,10.697116556600415,29.571838704215295,185.8322291991144,84.7067721864697,269.17935316805085,677654.1774917577,13.426393849777636,3586.061796206108,307.7676683500351,615535.3367000702,13.330249258932437,471.1977444578689,-0.0004906448209062175,3586.061796206108,0.38839225221423607,714.2198504751866,6.572589978612822,0.35710992523759333,0.20382904019897444,5.3448050843237525,0.025348444329764044,0.027906568752077948,0.027524276474611965,-1.1929455297525553,1247.2076981450978,42.33500703235011,6.5065357166068125,0.026757206008830615,0.02711839431291929,43.798897827256106,5.721329327677414,0.016148903642130903,0.06578836783717314,6.757659280319615,678.4948906600224,8.588739596490932,17177.479192981864,9.751412669674771,0.7911631203967864,18.583714868060305,0.07185150731599502,0.06938753375914591,-0.0005633302569659966,0.9457394906964236,0.6096222300505101,-0.3361172606459135,0.3881147818263971,3.675037918490178,3.578893178722053,-1.192964392907351,-3.180163626834821,4.125903117531244,6.759056805556874,4.443766280368386,3.2427759180761395
Van_GT4,20250815_1248,Van,OFF,cluster,32.581989332146854,65163.9786642937,11.08467746655425,51.9387107262761,336.90152700933686,658.559404927039,2543.483613476347,5268475.239416312,15.47725174007823,34203.88250042708,531.7324011314549,1063464.80226291,13.877043757264243,391.34796838712435,-8.59589829769943e-05,3356.680529995414,63.30085365917932,14910.98114746883,9.609920272672214,7.455490573734415,13.526544781075877,71.06771898928946,0.7829467331422129,3.878770099922869,1.5848931593961546,0.4518391403119247,2389.9265362472615,51.93742925015441,7.206762744100678,1.5407375646355055,3.6680319768953864,96.67358867368718,9.169174619018953,0.22882244842748392,0.06492938287166393,5.622640905527803,5297.526712101824,2062.46773867082,4124935.47734164,15.232561178200017,0.8011176705071341,4787.313861454705,0.06127516258701957,0.05947116869168167,-0.00010026034886947211,-4.147898815001543,-1.3663676501639124,2.781531164837631,-3.2118355335566777,0.24469061449800122,-1.3555181188299361,0.45183937294331206,-5.6227077255190405,1.4748089105174973,5.6227077255190405,2.3441610784956306,1.4260130460076947
Van_GT4,20250815_1649,Van,OFF,cluster,33.29606076785436,66592.12153570872,11.106356570950094,53.632647440304076,383.8811806753256,521.9904383579944,1883.4308681635507,4175923.5068639554,15.244846330522957,20956.030317731434,556.3859229416286,1112771.8458832572,13.922365517679031,404.97158355429633,-0.00020836294714582642,3098.441988399485,44.46051019957538,35839.84065078845,10.486843322471946,17.919920325394227,34.72625915466426,243.74635057504292,0.7089975891387075,2.6606709270591615,1.2976464440175683,0.32619258610243246,2599.812480973169,40.1463873239671,6.3361176854303585,1.264360250592903,2.5408267695344375,59.68299573395917,7.239548959769371,0.5381994119384204,0.06770486901281728,4.414099953514382,4935.561423908276,1480.3598493971006,2960719.698794201,14.900943275986329,0.7998208349044654,3550.8588713097797,0.059843463673177055,0.058121221438812494,-0.0002284239439024296,-3.794601383959254,-1.4977745788476184,2.2968268051116354,-2.652147148426302,0.3439031528243266,-0.9785783192080473,0.3261927730693491,-4.414127517279239,0.6195261333199849,4.414127517279239,1.6554775717426304,1.3182484859035881
Van_GT4,20250903_0814,Van,OFF,cluster,22.414369722150237,44828.739444300474,10.71062702504918,29.25432343086449,168.0398959387676,88.67370088879666,274.12060703935254,709389.6071103733,13.472161580622743,3264.478650265388,320.0139220049748,640027.8440099496,13.369268523085834,475.281507622844,-0.0004925972390635979,3264.478650265388,0.531546812027619,704.450116756952,6.558836062566208,0.35222505837847595,0.20543445911924002,6.368367344847684,0.03359024899790894,0.037230526394033854,0.03655420578999208,-1.0968619497030925,1404.5508111113838,36.814507768832186,6.067496004785814,0.035195442857169246,0.035822133054994904,32.90438036310698,5.118159850180797,0.01571425218450575,0.06503061057396431,6.8104324605196265,740.9194195602915,11.91428676968312,23828.57353936624,10.078682673976557,0.7934056229619103,47.10384338913462,0.07004185812193124,0.06769776744878038,-0.0005652708271647414,0.6319640097455608,0.5316222408020526,-0.10034176894350821,0.11586469462099538,3.3935194625271468,3.2906262522210437,-1.0968754174070146,-3.5212231861925734,4.153187195938134,6.811849438413617,4.476457460847732,3.1902844832775354
Van_GT4,20251021_1825,Van,OFF,cluster,34.432578000381696,68865.1560007634,11.139920131687902,49.53502809612332,256.01165784756085,257.438418267205,723.5777983175756,2059507.34613764,14.537977845356805,10699.261164736527,580.5943345637986,1161188.6691275972,13.964955614372055,383.78184274695377,-0.0004719021891161052,2978.76131857351,11.956359004832057,6076.992928431497,8.712429810006416,3.0384964642157484,4.890098590835429,31.609009657182696,0.3997929551574518,0.7090807462828095,0.5359556506959654,-0.1145951726818731,2818.5513264436872,41.560468079116326,6.446740888124357,0.5154088731454741,0.674322947552355,94.96227711682178,8.412981681863675,0.08824481466760761,0.07524929276574423,5.252525804365639,3135.463248594774,411.68826404042403,823376.528080848,13.621170096326436,0.8391012636026194,1304.5380407686275,0.05930574232389176,0.05761373347212837,-0.0005073974037286258,-2.481263271154363,-0.7196680178726584,1.7615952532817047,-2.03411498737072,0.9168084779879155,0.34378587136993666,-0.11459529045664556,-4.908903613342398,2.4276403421880346,5.252689484712334,3.1354815220306924,2.1053811246516414
Van_GT4,20251021_2227,Van,OFF,cluster,40.52159888957005,81043.1977791401,11.302749936435198,61.23314780010961,358.929491057992,755.4716755087612,2701.8488088103422,6043773.40407009,15.614539276077569,29413.47471367661,769.6765659601228,1539353.1319202457,14.246873491562209,466.7998839890793,-0.0001622490607280169,3253.764936990352,54.14028587309098,35675.178484467295,10.482238475701807,17.837589242233648,29.999565424248985,165.03379758316805,0.7259871610890316,2.850354350083405,1.3481651830470682,0.34914763273382005,2552.736243678397,38.93392124048151,6.239705220617667,1.3163577853678676,2.7298118326326954,58.57136470578364,7.189751329509259,0.44019954125267274,0.06681073506936054,4.812077914061861,5040.70563400007,2193.8509479431186,4387701.895886237,15.294316389763669,0.8020634567057716,5084.584739298827,0.052647567409039656,0.05130848331078593,-0.00017743507908072218,-3.9915785644411272,-1.528796664238838,2.4627819002022893,-2.8437755860742593,0.3202229487640835,-1.0474433199150557,0.34914777330501856,-4.812105716452971,0.8205271520118433,4.812105716452971,1.87189579464821,1.4153385802872336
GAPAC_TG3,TG3_20250722_0724,GAP,ON,cluster,9878.858661524982,19757717.323049966,16.799054774135605,44597.46130339644,696810.9251444377,85458.10422596504,218997.13387521007,683579375.7034944,20.342853340089853,1454603.5375392586,331843.0620475285,663686124.095057,20.31331989251125,329874.7402915994,-0.0015934072210562452,1454603.5375392586,0.004694729693034219,42777.143204413376,10.663782578338047,21.3992712378256,36.08363661826748,482.3053952127375,0.00013569330129020415,0.00013976055670830717,0.00013975079111158768,-2.958523043184606,465.86226656931956,17.021247437142414,4.12568145124303,0.00019829112502857285,0.00019831078601321682,10.911099125992925,3.264368658356117,0.002165085293254301,0.005357887985580464,9.649537314173202,765.7113654195723,46.37857109155197,92757.14218310393,11.43775076295743,0.8047882567727384,77.80075046242945,0.02976967064060559,0.029335156497423104,-0.0016121025269795353,5.361314741347911,1.9955862739368015,-3.3657284674111096,3.8864084733579816,8.905113356452404,8.875579908829952,-2.9585266362766505,-0.7739807805334262,6.135295521881337,9.649560689363378,6.4441405634585465,5.509851441418842
GAPAC_TG3,TG3__20250722_1628,GAP,ON,cluster,12737.573535024923,25475147.07004985,17.053213949423192,61001.66017621864,940812.3799696565,92014.44134925741,236606.16663693383,736023516.35271,20.416772629107545,1348289.2231422812,355206.67986458185,710413359.7291636,20.381357556798097,357364.0639201325,-0.0016078475241640287,1348289.2231422812,0.003525834020542763,45188.413278626365,10.718618118887235,22.605509394010188,38.74289789253722,461.05710985664336,0.00012203569345584925,0.00012643503811943888,0.0001264270458836654,-2.9919235941951583,466.51157911596044,14.653017541285772,3.8279260104234156,0.00018344785795832997,0.00018346468554560394,9.08869100527804,3.08831294881945,0.0017738234505327302,0.00511828208238096,9.662739437910862,744.6009915808784,44.910570108957785,89821.14021791557,11.405586774212622,0.8021559686176911,74.2178309370857,0.03585961147994444,0.035231624500467004,-0.001626702831067148,5.647638269131187,2.1635281361284235,-3.4841101330027637,4.023103846350897,9.01119698671083,8.975781914352405,-2.991927304784135,-0.6869796514725408,6.334617920603728,9.662761565824946,6.530902827236177,5.491671781349641
GAPAC_TG3,TG3_20250813_2013,GAP,ON,manual,3715.7599898884487,7431519.9797768975,15.82124110365489,6437.388003979954,50313.4074208329,33249.09110569305,88947.49454662456,265959479.7544387,19.398854527152054,832442.7306700088,129207.12649231186,258414252.98462373,19.370074490830522,138976.2283114744,-0.0014878156629714678,832442.7306700088,0.010937270841107445,32426.243258173476,10.386754189773061,16.221232245209343,25.140957928640653,280.17261326895095,0.0003056125198281287,0.00031453585025268814,0.0003144863942223323,-2.6881333993114573,552.8737572757097,25.036555977539848,5.003654262387887,0.0004276256813542917,0.0004277171262502327,19.641737445426262,4.1391445758466645,0.0043633393096445105,0.010267745520853848,8.98332030105746,656.7448150576548,40.6402733899661,81280.54677993219,11.30567429289615,0.8092397766192041,62.02743938781865,0.028758165983279033,0.028352410749963263,-0.0015083212616936173,4.515578979187934,1.6003157698457269,-2.915263209342207,3.366255997344671,8.093192533487091,8.064412497055773,-2.688137499018591,-0.9189386388748773,5.434517618062811,8.98335113593065,5.886070270950177,5.149149287713566
GAPAC_TG3,TG3_20250914_0134,GAP,ON,manual,5995.877352577502,11991754.705155004,16.29972994707233,11944.335176023904,96523.40418425296,36951.72388975661,99374.25765883703,295576839.39416313,19.504439396181972,842126.2630124725,141719.6466866843,283439293.3733686,19.462508529008684,157143.19405837436,-0.001487975115932879,842126.2630124725,0.008568680256843764,43037.80385252133,10.669857402918836,21.529666759640484,42.720955958755525,850.7568264847068,0.00034763722353075774,0.0003625238779142317,0.00036245818201027905,-2.6408034957595423,576.0774345716266,22.78990462055049,4.773877315194311,0.0004933650520983484,0.0004934867766530551,19.293622876835286,4.121468392309347,0.003588949650047185,0.010423711094048868,8.792651126089847,669.3954226560396,51.37675589349178,102753.51178698357,11.540098041730056,0.8083040455690544,85.36546646315189,0.04230801792664109,0.04143750226606785,-0.0015068091844442147,4.759641553931765,1.8066896470030365,-2.952951906928728,3.409775156738639,7.964351083048822,7.922420215730657,-2.640806738576886,-0.8702541419475072,5.629895695879272,8.792674357678164,5.887989568460127,4.969468308801929
GAPAC_TG4,TG4_20250103_1659,GAP,ON,cluster,1294.1374035679573,2588274.8071359145,14.766502500460874,4217.276742564174,76825.85543614719,33704.871628014414,107762.5763946494,269605268.1524873,19.41246948114559,638938.9167312533,133457.47595307897,266914951.90615797,19.40244063718221,182094.53147504394,-0.0013954838067869527,638938.9167312533,0.01827978026177227,54728.34446180778,10.910155306390509,27.37786116148463,99.48328739093617,1006.7764095310267,0.00017549024563119351,0.0001772590647082894,0.00017724335617657112,-2.8792923737411407,399.3943671585212,18.95687139185499,4.35394894226315,0.0003785562326831512,0.0003786278941361474,11.552118711462306,3.5124852194015697,0.0211447193748128,0.003731955851512929,8.637877121223422,414.0783859802788,23.656547365771893,47313.09473154379,10.764563515958788,0.7566122133060301,53.65321162735938,0.009697001942573419,0.009650287768083248,-0.0014273516607656452,4.00195973371879,0.8055965734998747,-3.1963631602189153,3.690842261960387,8.647927097052042,8.637898253051274,-2.879299417683758,0.14559465410559902,3.856365079613191,8.637898253051274,5.041322877526308,5.441535092832359
GAPAC_TG4,TG4_20250107_0822,GAP,ON,manual,744.0399834205708,1488079.9668411417,14.212997906094522,2759.3149674385154,51834.60772998724,23971.548028598663,77067.04933487858,191748412.6807607,19.071694725326108,427756.4767876603,95092.97965948156,190185959.3189631,19.063512889993365,130390.78455727559,-0.0013308427613346811,427756.4767876603,0.028168167586868742,32456.909067788954,10.387699423337272,16.23657282030463,49.02969706179186,494.2162137649175,0.0002186014752490166,0.00022039737338534375,0.00022037308945225737,-2.8066848489422456,389.1355043727222,17.844340977784757,4.224256263268338,0.00038794491823718083,0.0003880201785989509,11.165874076170994,3.4983989972446907,0.02181126672692587,0.004244509620533887,8.675813466656093,396.6792727941192,20.958242944335765,41916.48588867153,10.643458343166628,0.755265504079592,43.03098288394196,0.007824341881860255,0.007793890457349704,-0.0013643892683780638,3.569562747598386,0.6360939293269787,-2.9334688182714075,3.387278023776739,8.428260233621476,8.420078398245888,-2.806692799415296,-0.2557658727586496,3.825328620357036,8.675844271004538,5.10358246169155,5.4866095799744805
GAPAC_TG4,TG4_20250718_1746,GAP,ON,manual,4612.39755663167,9224795.11326334,16.037405646103352,6724.349574964543,44478.305406704545,21285.440847668004,71940.77108476701,170262241.34049636,18.952850408429175,521321.28167242184,80451.53574254527,160903071.48509052,18.89631270739925,126381.97894342599,-0.0013675142548231602,521321.28167242184,0.004788311681498387,90203.54794219925,11.409835125424861,45.12433613916921,121.67353194954593,1229.3609834370582,0.0002594303578556668,0.0002745205159390979,0.0002744828420769365,-2.7334873092618253,585.2522207560366,24.491918462169625,4.948931042370278,0.0007895338083501053,0.00078984557221134,21.291875670371695,4.46041797952125,0.009778379555822924,0.008629183607787945,8.200461927785476,535.8494116130533,22.085597100136443,44171.19420027288,10.695850779613775,0.7605212147886868,35.49237659627173,0.05733137986814667,0.0557481675632013,-0.0014023284970979702,5.341577397018515,1.7775629329465126,-3.5640144640720024,4.11536942045538,8.257022261874528,8.200484560502975,-2.7334948535009915,0.7139958987665178,4.627581498251997,8.200484560502975,4.945548433374582,4.636470096430973
GAPAC_TG4,TG4_20250723_0432,GAP,ON,manual,6336.412318892171,12672824.637784343,16.35497054541075,9528.861763126903,59680.47853806638,23069.091300281416,80238.26889465889,184552730.40225133,19.03344578766807,605010.4203248061,85782.00133066208,171564002.66132417,18.960466954140166,142799.9136464987,-0.0013808033233300896,605010.4203248061,0.003652623685123117,269614.0437134431,12.504750456587567,134.80702185672155,338.5107531905872,2534.984057828842,0.0002508175269392918,0.00026980636212342953,0.0002697699709324778,-2.73926147875544,649.4189732841858,26.226018721310584,5.121134515053883,0.001713189399271133,0.0017146577466293379,25.693271660591613,4.892899569175572,0.021274976291359767,0.009533900609653811,8.21778443626632,594.9303302241389,23.144529714693263,46289.05942938653,10.742682517873845,0.7622782304398527,36.86569951474031,0.07386645474109771,0.07126564453885711,-0.0014151780666567736,5.612309551771515,1.7142591972186842,-3.898050354552831,4.501080843031586,8.29078486751933,8.217806033581203,-2.739268677860401,1.7620858328586024,3.850223718912913,8.217806033581203,4.207383986807642,4.319755679028372
GAPAC_TG4,TG4_20250804_0016,GAP,ON,manual,5583.598571156556,11167197.142313113,16.228491301828598,8937.763327696483,62683.25486034248,25823.81445395463,81989.90073825736,206590515.63163704,19.146249211522886,496178.79249039665,97609.27512031393,195218550.24062786,19.08963026452091,141131.7636361182,-0.0013805621211823204,496178.79249039665,0.0039027525893971676,161185.44113256954,11.990316993436211,80.59272056628477,198.48898010327775,1617.735339113642,0.00021096228658040503,0.0002232513637139213,0.00022322644683663682,-2.802396430107844,616.8319518534366,19.214000835357243,4.383377788342389,0.0009916708722300719,0.0009921627403664838,12.22664116932913,3.5880848007899075,0.014433831433118948,0.007621693487272081,8.407189290323531,490.4045016146239,21.79140378173753,43582.80756347506,10.682440974197378,0.7632064689172814,31.83236053383833,0.0572035655860997,0.05562727641171912,-0.001416643267698216,5.546073182647474,1.7307786395972684,-3.8152945430502054,4.405522662935493,8.463831177049252,8.407212229765301,-2.802404076588434,1.3078927597880483,4.2381804228594255,8.407212229765301,4.6285149493848055,4.591917686715096
GAPAC_TG4,TG4_20250807_1616,GAP,ON,manual,2676.4768259601797,5352953.65192036,15.493159237813455,4074.7124836221356,28251.097321096808,18859.387754138046,62751.83944552783,150875102.03310436,18.831962920285495,425624.51763762534,72659.21492636325,145318429.8527265,18.794437967383438,108952.78293729578,-0.001290069173457424,425624.51763762534,0.008308964533048793,159241.02641665694,11.978180502583754,79.62051320832848,185.02955966441957,1410.0583075895556,0.000294796831561443,0.0003060692445269618,0.000306022414890903,-2.697225572054936,531.4701911171762,22.568310444979023,4.750611586411404,0.001351158572364782,0.001352071798366684,14.111360148951249,3.7802444229989915,0.029748254285650286,0.008102497859490625,8.091676716164807,404.1184804995476,22.238751020434297,44477.502040868596,10.70276125121863,0.7514746543985652,33.72811573767649,0.03683602731838827,0.03617379458313193,-0.0013270213881905817,4.790420282806373,1.2510315503727618,-3.5393887324336113,4.086934074874546,8.129224145463148,8.091699192307651,-2.69723306410255,1.2754354546204159,3.5149848281859573,8.091699192307651,4.217714565374967,4.55231045987404
GAPAC_TG4,TG4_20250813_2015,GAP,ON,manual,5737.230374278096,11474460.748556191,16.255634406366838,9323.284983388912,66162.23892426491,19086.072609004746,59807.004467007384,152688580.87203798,18.843910992488283,394887.58790105954,70488.88873528168,140977777.47056335,18.764112836422786,103324.87619703542,-0.0013482112589203474,394887.58790105954,0.003444997358179271,196813.16595311338,12.19001524247882,98.40658297655669,244.7297741697126,1809.6808879114687,0.00025888960876805386,0.00028039516351124823,0.0002803558601342009,-2.726428453776105,696.8928066984927,20.689829489318345,4.548607423078903,0.0015490729878981089,0.0015502734212319523,15.067216406066837,3.844611755916068,0.017152280204353904,0.00965898163300392,8.179285361328315,567.5167421053543,19.764743482655632,39529.48696531126,10.584827475094471,0.7712981226439937,30.085406839660518,0.08139198215798242,0.07824908362163839,-0.0013854073767501915,5.6708321413732445,1.8069944472366224,-3.863837694136622,4.461575465629603,8.259108808095478,8.17931065148594,-2.726436883828647,1.6052079836873023,4.065624157685942,8.17931065148594,4.343650287506584,4.315472957349318
GAPAC_TG4,TG4_20250820_1621,GAP,ON,manual,3241.9989295070427,6483997.8590140855,15.684847985868238,4929.289210513301,33703.365049073705,17499.828490532618,56314.659534435414,139998627.92426094,18.757143187127486,336526.3204500675,66580.40713785538,133160814.27571076,18.707068093179473,97172.07469608316,-0.0012902032485584026,336526.3204500675,0.007159440088240182,307393.99533218105,12.635888829317084,153.6969976660905,377.9891908951958,2505.4175130678923,0.000331587494050372,0.00034861452640098006,0.00034855377447589675,-2.653840740398916,598.3088519789412,19.230263921279334,4.385232482007126,0.0025304793723123944,0.002533683737529214,12.460468636721572,3.629102611411,0.04740809636523754,0.009243409975521812,7.9615222211967485,472.61690025870314,23.21089710194806,46421.79420389612,10.745545871982724,0.7601983137950706,36.06667318026568,0.04869298745491941,0.04754461494249171,-0.00132595323125019,4.939323501033659,1.2415163756200833,-3.6978071254135756,4.269859878537688,8.011618849375806,7.961543755060999,-2.6538479183536663,1.8903612455596406,3.0489622554740183,7.961543755060999,3.723283509084148,4.263736629647424
GAPAC_TG4,TG4_20250914_0136,GAP,ON,manual,3413.1617668238337,6826323.533647668,15.736296951070111,5483.683696243114,39264.21829687897,17813.842548941004,57428.25956390689,142510740.39152804,18.774927933018347,364388.93072368205,67722.92786724506,135445855.73449013,18.724082537134876,99162.38288366814,-0.0012847144976287429,364388.93072368205,0.009750168059899766,172003.32170592714,12.055274881677184,86.00166085296357,213.80345317025026,1645.4309111489565,0.0004670370913902014,0.0004913978454593238,0.0004912771490764058,-2.539413821780889,592.9964187787008,20.455380680646144,4.5227625054401885,0.0016753896580411747,0.0016767939074064297,13.81073139733046,3.729239059930758,0.025197065573888996,0.009455745501485768,7.618241465342667,493.67357553731006,33.278900842161676,66557.80168432335,11.10584107179221,0.7602902000368622,64.16929151731041,0.050398910299839846,0.049170006591440434,-0.0013193079204010174,4.630470757207991,1.330928192190008,-3.2995425650179833,3.8099835762315215,7.66910187863094,7.618256482381458,-2.539418827460486,0.949443020482482,3.6810277367255093,7.618256482381458,4.225304975910905,4.318713917363475
GAPAC_TG4,TG4_20251003_0028,GAP,ON,manual,6409.028709989697,12818057.419979393,16.366365548687615,10200.473016038328,71197.15057567134,26706.46887660035,84700.0593285813,213651751.01280278,19.17985792040825,530145.9283824116,100299.9700678753,200599940.1357506,19.116823140051142,146096.06648024466,-0.0013710419743482491,530145.9283824116,0.004865392911720276,171388.57135960562,12.051694439418473,85.6942856798028,246.38823599381814,2319.787205469096,0.0002918997172621299,0.0003108918460842612,0.00031084352922823203,-2.6920164795015116,641.5595767446475,19.85084328564726,4.455428518742394,0.0010946852648740949,0.001095284651481937,13.146907543348622,3.6702368443461415,0.013370869371551604,0.008032558651269674,8.076049438504535,512.8486509276795,31.182442856598048,62364.8857131961,11.040773701546607,0.7646170047738545,56.232523769896375,0.06389861039492362,0.0619400953967639,-0.0014055494622385468,5.325607803661708,1.722456751300058,-3.6031510523616497,4.160560460023765,8.139100248716765,8.076065468055127,-2.6920218226850423,1.0109309377297624,4.314676865931945,8.076065468055127,4.645788548323234,4.472914415693477
GAPAC_TG5,TG5_20250813_2113,GAP,ON,cluster,19757.43647111191,39514872.94222382,17.492187714491457,55414.33101140909,340420.04185751453,674109.6833330707,2972033.0962607325,5392877466.664566,22.408344932417492,23413222.76816392,2676465.822446022,5352931644.892044,22.40091021896771,5475644.959622758,-0.0016218868437550163,23413222.76816392,0.009835937572879818,42283.0068385323,10.652164204617145,21.14150341926615,30.496798682134642,134.98676652491213,7.207021221277378e-05,7.260803037357664e-05,7.260539453812705e-05,-3.1768108194433147,234.5747930732343,34.73206712059005,5.893391818009523,7.991393325731486e-05,7.99171264607391e-05,31.62964820223823,5.506794367349224,0.0010700529620923953,0.00067393659382193,11.748746014350564,403.9948959878238,194.33291173000057,388665.82346000115,12.870477760637765,0.6983005163608372,442.319829325658,0.0073819124852696925,0.0073547995179084665,-0.0016331724380651044,4.621712501447838,1.6382592765755284,-2.98345322487231,3.4449950449893705,9.537869744495367,9.530435031044203,-3.1768116770147343,-2.2183346330027955,6.840047134450634,11.748769664046998,7.588852679732596,6.5469818061718925
GAPAC_TG5,TG5_20250904_0333,GAP,ON,cluster,30872.99712477177,61745994.24954354,17.93853967711083,95076.5569278494,1261817.5346274525,643495.5754121988,2769985.845802019,5147964603.29759,22.361867251034585,22222265.561074257,2542976.395814315,5085952791.62863,22.34974822207641,5086345.531318527,-0.0016523081071404234,22222265.561074257,0.0034281981009470393,54139.9191897852,10.899345541040148,27.069959594892598,41.474116102052754,711.288090165941,4.1118678262042215e-05,4.162002851772278e-05,4.16191624283669e-05,-3.362308109282127,272.68937404235646,34.53367266253465,5.876535770547648,5.163677354791698e-05,5.163810674905551e-05,30.99983713037875,5.442704792856021,0.0008768167044323617,0.0007913025471565559,11.450402681036262,423.4752770426675,105.8387501136877,211677.5002273754,12.26282389423003,0.7051520820421914,212.50473099901916,0.012140496929341563,0.01206739218699562,-0.0016633061055892615,5.675720490841913,2.075931130060388,-3.599789360781525,4.156678712946327,10.099048080766801,10.086929051806257,-3.3623096839354187,-1.3634920995220678,7.039212590363981,11.450421151328324,7.548361366348841,6.487139691024732
GAPAC_TG5,TG5_20250914_0133,GAP,ON,manual,35263.91317817939,70527826.35635878,18.071517904177902,123267.26558621928,2085087.7024281174,524041.902138762,2225305.3741846937,4192335217.110096,22.156523746920247,17752825.14479065,2060772.3088332082,4121544617.666416,22.139493837490917,4079607.1821171893,-0.00163873449721863,17752825.14479065,0.0030103656018247997,50458.54488618123,10.828927202855548,25.229272443090615,40.81546319397339,778.9964122811798,5.064350330768942e-05,5.151334320744746e-05,5.151201644074719e-05,-3.291221660902327,313.03079083867794,33.87672831568695,5.820371836547696,6.268137190537548e-05,6.268333642361348e-05,31.452820640658835,5.466519607725196,0.0007154416560525573,0.0008934469544742301,11.31056663463537,426.09139460804175,106.157271217329,212314.54243465798,12.265828854783937,0.7097542644971536,221.68564442284216,0.017111989047516613,0.016967228061523225,-0.0016528842712478654,5.8056937451970345,2.245082075785973,-3.5606116694110614,4.1114402116283975,9.890699601879648,9.873669692446219,-3.2912232308154064,-1.436916759999006,7.2426105051960405,11.310586452445225,7.574310940596392,6.313058023035158
Harq_ST1,20250220_1443,Har,OFF,cluster,11.139547561131764,22279.095122263527,10.011448963433521,24.369155224031925,394.75766151023345,1038.4226728902368,3704.8479262402275,8306342.960449005,15.93253011339765,80002.64127333555,3650.2594004964585,7300518.800992917,15.803456109199088,6699.106392140622,-0.00039011317339304014,80002.64127333555,43.33478931644891,18085.17100607523,9.802902892418572,9.047109057566399,10.79481312527056,69.35151879699788,0.1162316434470412,0.1322453814099223,0.12420272432016313,-0.6743650777436988,1858.5113628137212,77.04246388482339,8.777383658263586,0.12602695385482288,0.13431274197195459,90.79843487608872,7.95309918954219,0.8117551860170004,0.03816855550207073,6.000553216780515,1384.51102175849,482.72994666387467,965459.8933277493,13.780360875967991,0.7808374040790306,879.2681825734295,0.003051713957538247,0.003047066930363653,-0.0003989589539872568,-3.76895576087826,-2.3381127936247577,1.4308429672535024,-1.6521951446237853,2.152170152815012,2.02309613202981,-0.67436537734327,-3.9775122401655594,0.20855647928729937,6.000608372195369,2.5348809358261053,3.4539390992833123
Harq_ST1,20250307_1027,Har,ON,cluster,1040.7314033350865,2081462.8066701728,14.548581957366148,2874.528983555498,17721.83498644177,2777.8229039060784,11460.246665490286,22219805.40834472,16.916494629642067,430692.1810925044,8621.640901854733,17243281.803709466,16.66293322292122,21625.022794721037,-0.00044415412306484016,430692.1810925044,1.2891508860099474,211741.17654818486,12.263124665188002,105.92355004911698,165.61443055417462,1069.2708399295807,0.1207625166874398,0.15561536672441836,0.1446329871369844,-0.6201225331886567,2082.2369156926834,155.04666639722225,12.451773624533956,0.13959764779102002,0.14981107674819902,450.3765203230445,16.920922532698516,0.10172710070511266,0.10081825704482542,4.39980855773322,1460.4798183863736,1341.6598107084471,2683319.6214168943,14.802565623355251,0.8044422994846493,1727.9082715336936,0.12071152292032233,0.11396377191851859,-0.0004475707527657262,-0.2539837737477022,-0.020718481814423484,0.23326529193327872,-0.2693515581805497,2.113929333954566,1.860367914245014,-0.6201226380816713,-2.539445308230425,2.2854615344827227,4.399813222475439,2.7292519908093866,2.0936332061782927
Harq_ST1,20250525_1140,Har,OFF,cluster,13.873827822536175,27747.65564507235,10.230942672778454,28.37405190600752,251.45952227996895,817.6761407438069,2612.1557822262275,6540591.449809711,15.693538307986396,37370.27720466349,2779.6840075436044,5559368.015087209,15.53099517329158,4619.012812161184,-0.00035611630279877777,37370.27720466349,33.94964099478212,11452.831446433926,9.346079577150915,5.729280363398662,8.65792114629659,97.10272743545738,0.1440271808535606,0.1694478482220157,0.1565317128216376,-0.5917363993142105,2043.4048074425768,45.70303001707338,6.760401616528364,0.15756442331832013,0.17065617310770484,52.02950124410746,6.228191715968739,0.4127495163021118,0.040471891433803586,6.184915596140664,1531.730052478572,471.0114738154977,942022.9476309954,13.755785975348948,0.7922815526073053,824.1254646829411,0.00499115287380954,0.0049787383616541935,-0.00037078185934414574,-3.5248782794570577,-1.9850130676219155,1.5398652118351421,-1.7780831891375202,1.9377532412907907,1.7752100796107886,-0.5917366932035962,-4.409792647494303,0.8849143680372453,6.185002727105092,2.8862815678130995,3.3150752914459307
Harq_ST1,20250511_1129,Har,ON,cluster,737.3148528752254,1474629.7057504507,14.203918147425766,1811.9547424861012,9927.753946644312,2232.687707915137,8309.06241096846,17859268.97561318,16.69803325775154,165942.60520497337,7067.59894450553,14135197.88901106,16.464178619687246,15465.957633559678,-0.00044266504159043283,165942.60520497337,1.4719300398083106,78889.61936241708,11.275817607020633,39.46454195218463,78.44873101577782,653.3089900349878,0.12153642819608894,0.15355651746315627,0.1428497939317342,-0.624562065937195,2066.9665178930036,74.32414511742066,8.62114523234062,0.1346219538655953,0.14410417842195844,121.8213486723713,9.680252469569231,0.053497918192429224,0.07632461060126332,5.188361012666613,1434.1787479438822,1085.275880744625,2170551.76148925,14.59049242187566,0.8039594925114556,1380.3957461563023,0.10432324452257921,0.0992326989507312,-0.0004460872680402557,-0.3865744918737679,0.07031924165041481,0.4568937335241827,-0.52757544008248,2.1075412405947898,1.8736865877784492,-0.6245621959261497,-3.3146870300014104,2.9281125381276425,5.18837361777986,3.313541597722849,2.330580321302632
Harq_ST1,20250629_1937,Har,ON,cluster,441.97467175804707,883949.3435160941,13.69215616754894,1001.5959745522773,8027.57458098518,2161.0319241925763,12213.810891357605,17286094.361616418,16.665412999976045,382216.3838184215,7170.059906980945,14340119.81396189,16.478571818062733,23673.324148566935,-0.00042716455666325933,382216.3838184215,2.0872560691192628,216996.57208839233,12.28764144392725,108.55256232535885,234.6952304963328,2267.0470735990093,0.10673484671858027,0.1286620095219532,0.12103286879860317,-0.6835219740010702,1999.534232379265,176.86753237632564,13.299155325642786,0.1270247115168123,0.13544507600488953,335.10314684406825,16.452213103554605,0.24548530261360613,0.09288065041739389,4.190930374135483,1240.7583707759754,922.5143160250215,1845028.632050043,14.428005896059522,0.762570785498142,1166.0111882452093,0.061641698603898544,0.059816482280943516,-0.00043204460271285605,-0.7358503177996258,-0.529437207293002,0.2064131105066238,-0.23834532983053494,2.2374075880634177,2.0505663942656494,-0.6835221314218831,-2.1403685184925205,1.4045182006928947,4.19093491275817,2.284334167937097,2.256979504772273
Harq_ST1,20250817_1151,Har,ON,cluster,811.0474855843494,1622094.9711686987,14.299229680321847,1971.5112204550367,10755.803472362692,2030.5112179877976,8833.337713987066,16242059.232684392,16.603114746270048,213557.0053098062,6085.350688460315,12170701.37692063,16.314542177096246,16829.28218841597,-0.0004028498873621433,213557.0053098062,1.4322215914184897,126063.44355446786,11.744548511965666,63.063253403935896,112.05177870230816,785.5424754670967,0.14303601580060427,0.19088459810918543,0.17469639072403945,-0.552028627880599,2241.530256587399,105.17400909581139,10.255438025523326,0.1634576746270967,0.1775755128099295,226.49915542075496,13.222856386488877,0.07771643818337162,0.10543715490856363,4.56999366513058,1606.7262533792646,1161.5997205202975,2323199.441040595,14.65845629345445,0.7973310523743701,1547.7479681125317,0.13327867646515043,0.12511491514266715,-0.00040638711349958145,-0.35922679917834444,0.04503716351930365,0.4042639626976481,-0.4668038153743028,1.9446588216878347,1.6560862319180494,-0.5520287439726831,-2.9139152835302937,2.5546884843519493,4.570001515448343,2.90864251250345,2.0603501946156975
Harq_ST1,20250927_1933,Har,ON,cluster,1833.8254631532595,3667650.926306519,15.115062213173733,4396.88058533546,21350.68285869644,2988.215841409628,15800.727354235527,23902738.515435614,16.989503634409704,695389.6578955799,8664.094903007086,17328189.806014173,16.667845259589694,30516.124918249086,-0.00045729120771914285,695389.6578955799,0.7656556807403435,98740.01641498329,11.500255705612245,49.39470556027178,77.0029051593704,619.799984828569,0.1174826794380283,0.16205719109362093,0.15019187502718673,-0.6066018920708908,2046.3555155486633,232.71065237627587,15.254856681576273,0.1296686768680186,0.1384511256384196,801.9224946895512,24.39371554342981,0.026921868628973306,0.08324171361722507,5.167589553977448,1554.521866466985,1404.0788833499673,2808157.766699935,14.848039583377021,0.7932331255674007,1806.842911174415,0.21165805357426082,0.1919897138251978,-0.000460706361059502,0.2670227132479521,0.582263953587427,0.31524124033947487,-0.3640092299393336,2.1414643653017595,1.8198059746085296,-0.6066019915361766,-3.347793649214381,3.6148163624623333,5.167599623822911,3.5854063125434523,2.1350472149480044
Harq_ST1,20251011_19121,Har,ON,cluster,1528.0230549581875,3056046.109916375,14.932632844698281,3478.914180245421,20196.96536675468,2173.9389552578796,7538.865271527669,17391511.642063037,16.671492865990007,244765.06104219332,5824.51483641364,11649029.672827281,16.270733530465176,13904.200506271252,-0.000422492155781914,244765.06104219332,0.8400391242048181,119237.56161484876,11.688881484777694,59.61878080742438,111.83772459983118,889.8824924847722,0.1476121426670881,0.22037872422049035,0.1991612402607652,-0.5041358117507316,2178.232826471101,112.59058606507524,10.610871126566257,0.16778952499795108,0.18268765826230696,259.17884699796593,12.756685241431912,0.03901693800623726,0.1045141234985377,4.581852045687482,1790.015830331729,1283.5991488522664,2567198.2977045327,14.758326095212981,0.8243822987761805,1699.6613412497718,0.2623434050515552,0.23296983887159775,-0.0004258600854349655,0.1743068117947928,0.5199913259840248,0.34568451418923196,-0.39916209464367564,1.9131671028073445,1.5124077389377693,-0.5041359129792564,-3.06945260748949,3.2437594192842827,4.581860346427259,3.194795891171954,1.8580922531270012
Harq_ST1,20251020_1923,Har,ON,cluster,1453.167494500899,2906334.989001798,14.88240373549362,3560.3031545599106,21791.19894538098,2746.045671404477,9827.068366198106,21968365.371235818,16.90511408434699,248887.0446571149,8163.329870816606,16326659.741633212,16.608309957914845,18172.789750427826,-0.00046146780099075486,248887.0446571149,0.8641236711021768,223937.78045100463,12.319127991925486,111.9688902255023,221.1483079987426,2202.694904722506,0.11432042474303235,0.15382404606286118,0.14308168337826302,-0.6239818502964578,2024.8779231207384,90.63470693472168,9.52022620184936,0.13297620116471542,0.14222281443480395,145.61772334570944,10.10460347868724,0.07705160667932524,0.10313417617242718,4.289181965989359,1422.6992315958073,1255.7164300749012,2511432.860149802,14.736364407025471,0.810905925110969,1769.8006785367966,0.1780116101513664,0.16382794099692724,-0.0004648097414997726,0.1460393825712405,0.24585318558299463,0.09981380301175413,-0.11525505207535355,2.1687500299805116,1.8719458878188533,-0.6239819626062845,-2.4172404824371085,2.563279865008349,4.289186370255962,2.7975076260079974,1.9717596908306074
Harq_ST1,20251118_1033,Har,OFF,cluster,13.925428228204932,27850.856456409863,10.234654902250861,30.688045369097768,311.261168606874,712.2975324398666,2383.947136278931,5698380.259518933,15.555692702914026,39620.047211647034,2453.625044559066,4907250.089118131,15.406224483340695,4252.061225613906,-0.00036827727323371785,39620.047211647034,27.04643325132754,10012.983776750065,9.211737772831665,5.006491888375033,6.759419783914716,76.3897131325948,0.13218955139214114,0.15350070130679938,0.1428014066131071,-0.6246830064734853,1980.9614649046807,55.62288988413176,7.458075481229909,0.14380884175472983,0.1546633640044774,55.257597638030056,6.471149653949726,0.3595215749311745,0.042708978570004386,6.194486710509031,1467.62451651628,376.63316508382024,753266.3301676405,13.53217546392024,0.7862526663954185,720.366155559265,0.005675450802510289,0.0056594061102204305,-0.0003835131616061442,-3.297555139012511,-1.8615448328367723,1.4360103061757385,-1.6581618736592791,2.023518391056159,1.8740501431911802,-0.6246833810637268,-4.320536228881627,1.0229810898691163,6.194586372072807,2.946559577645394,3.310060449366919
Millenium_GT1_step,GT1 EMI Gen 20250429_1019,Mil,ON,manual,2046.1787414474572,4092357.4828949147,15.224632008007037,6417.196216958017,107873.83752538264,4264.909246434162,9699.762082259414,34115009.06222686,17.345248023181842,107873.83752538264,15001.215675571635,30002431.35114327,17.2167890147112,13365.603639055025,-0.0012916571398015975,65252.63509266917,0.003679156794744356,5163.803348956648,8.54962230705479,2.5831932711138808,6.067550866831872,131.482356507855,0.0004413431288338812,0.0005018401563360355,0.0005017142766773308,-2.5323875071189583,757.2412757111936,25.29334888323171,5.029249335950132,0.0005928834098505645,0.000593059199958699,17.29361565524186,3.690057091592095,0.0012618162930630723,0.01707724868078517,8.66716670765641,1049.082338906247,7.528212419859707,15056.424839719413,9.619626493354325,0.8359352481857335,4.082013449104571,0.13640086148347558,0.1278661290788084,-0.001342115832358762,5.605071684918709,2.572029390185504,-3.033042294733205,3.502255570655471,7.725687915138801,7.597228902650139,-2.532409634216713,-1.070131408636028,6.675203093554737,8.667360311286167,6.263575281359723,4.564186607916934
Millenium_GT1_step,GT1 EMI Gen 20250429_1526,Mil,ON,cluster,2910.7538467425748,5821507.693485149,15.577070011799181,6640.895569004526,70276.73498869315,11316.309295018393,31379.797795550647,90519158.05085212,18.321072088483763,280957.5188133158,42335.92111294786,84671842.22589572,18.254293674909036,51044.5045202794,-0.0014286841101039725,280957.5188133158,0.002572474246004836,10832.452856840497,9.290394112527979,5.418935896368432,12.161789403782416,161.72800765182274,0.00016544208913210452,0.0001768672822124077,0.00017685164303866068,-2.8800147212519795,724.7857643138534,24.827663462414815,4.982736543543955,0.00028515301992691956,0.00028519367991398714,19.036599784095067,4.174159621307921,0.0018607641571892512,0.009703385567563498,8.963899562381057,857.5325367303628,7.487839307206066,14975.678614412132,9.614249511153098,0.8054641963824446,3.787793211427257,0.06875376205886605,0.06649326131771688,-0.0014784744312878872,5.962887101577204,2.3931078292324184,-3.5697792723447854,4.122026047671616,8.706889338991191,8.640110924653547,-2.8800369748845154,-0.323880936851614,6.286768038428818,8.96399186150516,6.226096657422882,5.070331652308761
Millenium_GT1_step,GT1 EMI Gen 20250503_2347,Mil,ON,cluster,3588.6246433859505,7177249.286771901,15.786426899257105,7218.546957489961,103552.9145052433,22573.39510141722,46788.41567122228,180564587.41623634,19.01159910229199,336924.200634066,86664.48193361718,173328963.86723435,18.97070187786501,56725.51903731881,-0.0015401004610981555,336924.200634066,0.0067830052735719,9690.942468160707,9.179050145905665,4.8478951816711895,8.723761665766888,95.37033738919126,0.00026961720710881295,0.00028087238667860883,0.00028083294941419576,-2.7258631989270117,640.66048474561,14.92572114741001,3.863382086642507,0.00032333970316330684,0.0003233919830797001,6.364017341768603,2.5116638094485206,0.0013502307194513004,0.008051024321853041,9.791651731959346,845.8500399143012,24.341659880960375,48683.31976192075,10.793112281083976,0.8378441923994221,58.264488000579846,0.041408251261857494,0.040573884955005524,-0.0015793621026395544,4.993335019549402,2.1041349263046065,-2.8892000932447957,3.336160903155148,8.218507356375238,8.177610131717067,-2.725870043905689,-1.614144778287292,6.607479797836694,9.791754910004359,6.694959534391759,5.288410038472271
Millenium_GT1_step,GT1 EMI Gen 20250506_1006,Mil,ON,cluster,3525.685719432667,7051371.438865335,15.768732828021761,11496.58592851567,205237.45173075143,26736.703298997938,69214.16506261821,213866889.6886845,19.18086437333242,880346.048160553,103395.15929780593,206790318.59561187,19.14721588903681,105753.93097834272,-0.0015948778648314243,880346.048160553,0.0021074741765765826,10339.070990450442,9.243782013653014,5.172121556003223,11.910144747430104,113.88816288238104,6.948519819263413e-05,7.186305102571535e-05,7.186046900036473e-05,-3.1802270114186193,680.4597559998789,32.9264995132569,5.738161684129923,0.00011783562655105064,0.00011784256944119692,24.450410496494523,4.334628711955237,0.0014662496622235345,0.005824864369005667,9.903433875383797,890.8461562847094,7.430291608430231,14860.583216860463,9.606534854780953,0.813734703564731,3.655093262496964,0.034099137168285845,0.033530648829066846,-0.001645379920966276,6.162265121270382,2.327207327909706,-3.8350577933606758,4.428343298709118,9.574396803721605,9.54074831926599,-3.1802494397553303,-0.3627822670936638,6.525047388364046,9.903530586359654,6.706938872933224,5.705690525905315
Millenium_GT1_step,GT1 EMI Gen 20250506_1310,Mil,ON,cluster,3026.2838132801753,6052567.626560351,15.615993306277835,5404.192771695002,58029.71204146766,36589.41233235456,144756.9743948045,292678709.2465041,19.49458601326855,2605310.0617114455,143300.535040771,286601070.081542,19.47360181055144,261894.8509839779,-0.001615494741404121,2605310.0617114455,0.002448459605408298,10252.071059189017,9.23533255522142,5.1285998295092625,11.739166933678039,129.97864812985063,5.063390972575316e-05,5.17076483295092e-05,5.170631153514278e-05,-3.2899457925358817,531.7576201805656,71.20393293137606,8.43824228920347,8.566599316645436e-05,8.566966260242816e-05,117.3816786234402,9.676068496421685,0.0016938383330404078,0.004381258178110661,10.23826925533002,970.2366520088254,7.409733671318723,14819.467342637447,9.603764432943795,0.7746827230467386,3.555155440224636,0.021118440433032192,0.020898536796398425,-0.0016655301795857036,6.012296184646894,2.1338614102476843,-3.87843477439921,4.4784307220675785,9.890889053440015,9.869904850650451,-3.2899682835501505,-0.3684619377005003,6.380758122347395,10.238366788350952,6.784729333798,5.991470076251241
Millenium_GT1,GT1 Gen 4/13/2025  8:10:02 AM,Mil,ON,manual,2165.1630634111616,4330326.126822324,15.281153646044702,9100.826539006512,223697.24453510344,2945.706133881815,8740.762582605843,23562703.36492064,16.975175696447174,223697.24453510344,9605.881674884567,19211763.349769134,16.771033375908218,12668.222441122043,-0.0011883530845852362,58260.100656906376,0.0035196029373524692,5372.859773520555,8.589301695333052,2.687773773647101,6.140684247507684,154.61166098539616,0.0006468285204639058,0.0007933175252152931,0.0007930030151939355,-2.379740482732901,825.6241428941156,75.94010887987336,8.714362218751072,0.0008752353381302353,0.0008756184683470066,91.29649389100088,6.968211297680404,0.0012407517623763875,0.020182645477230667,8.181731680575165,994.7989246028014,7.620514277830756,15241.02855566151,9.631811927709514,0.8079202289582629,4.60622727734482,0.22539972245047124,0.20326709481230584,-0.0012389876319655825,5.649407097623008,2.7128912529916978,-2.9365158446313107,3.3907964267549766,7.343429336514989,7.139287006364546,-2.3797623354548487,-1.042630725462315,6.6920378230853235,8.18191773182686,6.0722669277283785,4.202771161733235
Millenium_GT1,GT1 Gen 4/13/2025  4:22:04 PM,Mil,ON,cluster,2328.9450318346135,4657890.063669227,15.35407334222062,4607.197303514609,55694.465952946106,14363.591255544103,31463.028718515994,114894366.45309728,18.55952372032147,214542.82978061214,55108.03287407869,110216065.74815738,18.51795324031862,41482.47754095687,-0.0015103427020728805,214542.82978061214,0.003385313780086529,4642.221852009636,8.443163768917948,2.322272062035836,5.3373715742161965,133.11191251070795,0.00013724275528433327,0.0001430682479149771,0.00014305801462922356,-2.9507084588653125,587.2717764623912,14.936573031330221,3.864786285333951,0.00017766279636088168,0.00017767857933015537,6.360555098386131,2.6231181316523666,0.0009966361997714808,0.007830817415424967,10.07478947140067,795.5107963440489,7.88420970933547,15768.41941867094,9.665827863722681,0.8305416111717351,4.895244428796934,0.04226144375641585,0.04139281757593008,-0.0015648882962785412,5.688308679694735,2.358888331371542,-3.3294203483231932,3.844483468699627,8.893759263781396,8.852188783409106,-2.9507295944697023,-1.2228160698110706,6.911124749505806,10.075004853220177,6.9345583719105,5.522768435085913
Millenium_ST1,ST1 GEN 4/13/2025  8:53:48 AM,Mil,ON,manual,1814.0960695545887,3628192.1391091775,15.104245324497322,3577.7079015710947,43519.05546898488,1454.0718439330246,5727.331713364933,11631120.679620264,16.269194966930993,97711.8189684758,3994.495747306926,7988991.494613852,15.893575213998705,10373.146934787026,-0.0010489582987890694,97711.8189684758,0.0036305222458089194,764.8136241250097,6.640938829594017,0.3825981111180639,0.09634629298895304,1.7684625477437663,0.0011324989771784053,0.001648797884186955,0.0016474401092149552,-2.135877674136735,674.6938332202544,67.1987559460437,8.197484732873608,0.0011989732566274065,0.001199692312409963,105.58592296013954,9.274143488452516,0.00021079744258323157,0.019577079594649664,9.252636384404688,1544.2852731641103,6.586116136554274,13172.232273108548,9.4859421915885,0.78395888886159,0.29191214763224527,0.4541489550408004,0.37442081887162426,-0.0011296577248644689,5.618378771684451,3.323415401266086,-2.2949633704183654,2.6499954393827485,6.783328603761213,6.40770881163292,-2.1359029372109735,-2.8462341016439066,8.464612873328358,9.253942913276827,7.233570109370153,4.112745441214555
Millenium_ST1,ST1 GEN 4/13/2025  4:03:30 PM,Mil,ON,cluster,1724.6109051148364,3449221.810229673,15.05365949123271,3372.414239628096,35137.27253547148,1497.9853700072606,6339.910474977373,11982384.974688077,16.298948293983837,138154.6829701066,4259.666886806407,8519333.773612814,15.957848817542777,11714.956903230694,-0.0010431359790684144,138154.6829701066,0.003790904356491582,753.7208586815319,6.626347957283783,0.3770489538176748,0.07123539501303812,1.2670032257779127,0.0010912410187563365,0.0015348230664946317,0.0015336464293712463,-2.159754604367147,651.5549513889188,92.22699082129738,9.603488471426774,0.001154809962363187,0.0011554770121349688,118.03310563171318,9.749272174572813,0.00021851910377173613,0.017746094867852162,9.331500860258995,1511.727466694579,6.537834993454618,13075.669986909237,9.478585004441337,0.772972262795084,0.29357573473841486,0.404869899676034,0.33994470040289126,-0.0011237965537372894,5.575150671863346,3.274899572203358,-2.300251099659988,2.656101183184852,6.820439681079067,6.479340170713778,-2.159780056904593,-2.8534864439371725,8.42863711580052,9.332826614650951,7.251087204092719,4.17908907105379
Mosaic_Riverview,20251005_1001,Mos,ON,manual,453770.2200371,907540440.0742,20.626248686277535,1005569.53829293,6748551.140671015,2386350.173786306,4023881.313273928,19088415040.11666,23.672347445627857,22514654.29840088,9089873.514670929,18179747029.341858,23.623574010876265,1921282.9820288308,-0.0022615756977722844,22514654.29840088,0.0004133125359814377,752472.8598120107,13.53112153721045,376.4246422271189,1221.5034427615071,8609.63172361278,1.96505492993768e-05,2.0632731587924482e-05,2.0632518736045897e-05,-3.596209721735405,623.6496164603846,9.43476550328654,3.0716063392442265,5.907268900427559e-05,5.9074433829925696e-05,0.5469202006066012,1.3636750818294585,0.0008291342474507121,0.0013259955538263992,10.788629165206215,1012.3296400774377,187.548920396389,375097.840792778,12.83494484567005,0.8581587187263349,877.6012031651192,0.04992041080711643,0.048714362065207406,-0.002243216234988509,7.791306505473141,2.9722774141858608,-4.81902909128728,5.564535486174699,10.837405265872956,10.788631831118746,-3.5962106103729155,0.6961780285572345,7.095128476915907,10.788631831118746,7.016801082803641,5.9696027398314655
Mosaic_Riverview,20251005_1002,Mos,ON,cluster,453770.2200371,907540440.0742,20.626248686277535,1005569.53829293,6748551.140671015,2957677.785329433,6740395.063457763,23658464604.850136,23.886986799301766,51164046.86551118,11374898.297037667,22749796594.075333,23.84782204142759,9278504.856189279,-0.002261081252058745,51164046.86551118,0.0004133125359814377,752472.8598120107,13.53112153721045,376.4246422271189,1221.5034427615071,8609.63172361278,1.5854699240113857e-05,1.648796459527307e-05,1.6487828670278908e-05,-3.670959065252514,664.6155337854515,17.29872236904684,4.159173279516595,4.766148566692985e-05,4.766262149358283e-05,15.628752488915794,3.6096198279179035,0.0008291342474507121,0.001064494152703846,11.012877195757541,830.0070640411468,187.548920396389,375097.840792778,12.83494484567005,0.8308338976168737,877.6012031651192,0.03989224414914322,0.03911709639019531,-0.0022348674805381446,7.791306505473141,2.916215406545266,-4.875091098927875,5.629270316579915,11.052044619556984,11.012879861681121,-3.670959953893707,0.6961780285572345,7.095128476915907,11.012879861681121,7.108349957920621,6.137788762753246
Mosaic_Riverview,20251005_1101,Mos,ON,manual,438587.94803169137,877175896.0633827,20.592218097002576,1012422.1956214878,6779820.464277327,2329442.141056465,3865456.671610689,18633207686.310665,23.648211185338482,12660726.083511353,8877167.096137825,17754334192.27565,23.59989550296363,1200242.748161044,-0.002207637571846584,12660726.083511353,0.0004523985832459412,1300764.838995897,14.078463755896324,650.7077733846409,1506.8949346953982,8656.969898538722,2.129709169334847e-05,2.2351338458482622e-05,2.2351088671039227e-05,-3.5695406108402854,614.7976380330148,5.435089311885364,2.3313278001783986,9.111020150871072e-05,9.111435216917507e-05,-0.43606846579640113,1.1920938879484915,0.0014829008011204006,0.001734143508012087,10.708621832520857,1033.8376445982585,198.41656631828187,396833.13263656374,12.891273670442773,0.8590571482007351,846.6091325441396,0.04940629631974677,0.04822457217599952,-0.002192478388795787,7.700946945367484,2.8017561617667823,-4.899190783600702,5.657098235446394,10.75694003478974,10.708624352412233,-3.5695414508040777,1.1871918366230787,6.513755108744405,10.708624352412233,6.54633793498312,5.8094335688115315
NC2,20250225_1344,NC2,ON,cluster,186838.2383467656,93419119.1733828,18.35260659502539,250673.70974876074,1375813.5925079733,404095.8157083512,737041.5833237754,808191631.4167024,20.51030975719784,3192111.7668343186,1429114.9396210106,714557469.8105053,20.38717398710368,828237.2877013008,-0.00760698550559565,3192111.7668343186,0.00031847188133605017,185291.07017851103,12.129688616854292,370.58214035702207,1547.6400335073922,13728.829925386468,3.6812262685462594e-05,4.1636066926560836e-05,4.16352001695851e-05,-3.3621700543167665,173.6589952584765,7.899393269486775,2.8105859299235614,0.0002661139247375646,0.00026614933618912464,2.642585409498164,1.9445095295585029,0.0019834384205080647,0.007624850555059844,10.0865101629503,322.657204000313,59.50272527180843,29751.362635904214,10.30066382415338,0.8334415927241329,88.14641741558559,0.13073702692962771,0.12286965633155925,-0.00764766280439956,8.051976371508546,3.06008308362288,-4.9918932878856666,5.76414186705335,10.209679543148114,10.086543772891817,-3.362181257630606,1.8290530071423028,6.222923364366244,10.086543772891817,5.911604313828525,5.0946504850061505
NC2,20250226_0205,NC2,ON,cluster,140760.15969555711,70380079.84777856,18.069420838589345,176352.85559379376,781630.6083853394,527553.0427015993,1015489.4110123581,1055106085.4031986,20.776907154651457,8492569.893107474,1969119.8375085187,984559918.7542593,20.707705317324187,1144454.4875263209,-0.00776815077030484,8492569.893107474,0.0004508761012586934,134354.10515256313,11.808241612224288,268.7082103051263,991.8269643473026,11346.262630527432,3.0075360617331704e-05,3.2230334999004416e-05,3.22298156129173e-05,-3.4475236521510944,174.08975210320193,16.098039828596228,4.012236262808036,0.0001574248095931141,0.00015743720152870932,8.445628765555153,2.594757180155741,0.0019089791521002646,0.005712003916259399,10.342570956453283,216.26382235739297,63.46539201608476,31732.69600804238,10.365134360870904,0.825740495312325,79.32696939023688,0.07148379545739457,0.0690444125855878,-0.007809766212187804,7.7043179762512874,2.8318050348675445,-4.872512941383743,5.62629331667568,10.411804305574195,10.342602468179015,-3.4475341560596715,1.4431313211046692,6.261186655146618,10.342602468179015,6.189312630064335,5.470089526795272
NC2,20250225_1029,NC2,ON,cluster,205286.5432986811,102643271.64934054,18.446770162499714,304658.2427784348,1843671.6915518194,417867.26925922657,772232.4992995695,835734538.5184531,20.54382158416242,3343181.4594272524,1465878.528162475,732939264.0812374,20.412573398411514,894463.235932926,-0.007616349326460953,3343181.4594272524,0.000301810238262516,121023.99760267336,11.703752394999372,242.04799520534672,854.6607124534021,9481.04669541493,3.706773962872172e-05,4.226651755567329e-05,4.226562435158848e-05,-3.357161018077786,170.87063938305786,8.000582255111462,2.8285300520074004,0.00018189581215473705,0.00018191235620105913,3.0882464843142063,2.0245257855580108,0.0011790738511933405,0.006511265618492711,10.071483054233358,326.12263746972116,61.95758054506385,30978.790272531925,10.341090344178156,0.8308331919774529,91.56327869532097,0.14004335240247634,0.13106629010656679,-0.007659835449160695,8.105712088208183,3.220733716116513,-4.88497837209167,5.6406871562252485,10.202763518416816,10.071515332498095,-3.357171777499365,1.362686067660393,6.74302602054779,10.071515332498095,6.308193504753635,5.186536960406425
NC2,20250225_2304,NC2,ON,manual,141386.87240240615,70693436.20120308,18.073863300549757,164901.20855397684,880227.3942962289,330107.30647127685,590410.1248289197,660214612.9425538,20.308075512767815,3387080.786880493,1178712.5822998653,589356291.1499326,20.194541469002925,627433.4605925757,-0.00743303103597475,3387080.786880493,0.0004484932904455971,133180.05960306906,11.79946483180558,266.3601192061381,979.7998342624348,11340.816741448129,4.802306885252577e-05,5.379688363540002e-05,5.3795436634951423e-05,-3.2767544931411923,184.69302320600386,10.26054473948824,3.2032085070261456,0.0002497766352432417,0.00024980783202435333,2.497154877780681,1.8842642511105099,0.0018839098332130684,0.007966698583260412,9.830263479423577,283.9503453527028,63.41106362956782,31705.53181478391,10.364277989579348,0.8353569065080869,82.18885314688951,0.11995025295016068,0.11328426731175352,-0.007477042528007034,7.7096168365648285,2.9658361547162055,-4.743780681848623,5.4776461072836975,9.94382906141381,9.830295017466812,-3.2767650058222704,1.4352108733628555,6.274405963201973,9.830295017466812,5.988794258284196,5.0865143356181886
NC2,20250226_0105,NC2,ON,cluster,241122.3295560126,120561164.7780063,18.607667781927255,464016.93901787605,3021410.7884020954,542266.761344016,1034904.7236564817,1084533522.688032,20.804415799406772,9951278.429234564,1927513.3063716239,963756653.185812,20.686349387290935,1213079.873983569,-0.0077656925586532055,9951278.429234564,0.0003161761030817425,177586.16495101518,12.087216837508686,355.17232990203036,1393.9021139878694,11463.566596278048,3.514742372188624e-05,3.955205822600625e-05,3.9551276063975304e-05,-3.3792888638112166,203.44028537427877,18.351260188933903,4.283837087113482,0.0001989114891202284,0.00019893127332222703,10.85949625965213,2.7237283606622427,0.0014729964269838438,0.006450694655850247,10.13786659143365,240.37324511089483,76.23711852501236,38118.55926250618,10.548482795857286,0.8288506611891377,103.38192445339209,0.12509502723480762,0.11786750074226998,-0.0078067482308436355,8.059211211371407,3.1252465414820616,-4.933964669889345,5.697251660665433,10.255959236223417,10.137892823992027,-3.3792976079973425,1.5387546441939488,6.520456567177458,10.137892823992027,6.172548707959167,5.203928154102682
NC2,20250225_1237,NC2,ON,cluster,206169.42692310756,103084713.46155378,18.451061678650913,279043.6656262924,1892392.8386006504,422673.28308379865,780864.0258721834,845346566.1675973,20.555257239897458,3416540.2310490757,1484104.1735520659,742052086.7760329,20.424929997826883,911409.1511833175,-0.007644533269759124,3416540.2310490757,0.0002845283117527834,180435.4105219188,12.103133698406703,360.87082104383757,1464.552520274709,12885.235921294428,3.4696443639330494e-05,3.9526227351730555e-05,3.9525446210989854e-05,-3.3795040101859453,174.93618230359624,8.083170542794198,2.8430917225428574,0.0002481727241520751,0.0002482035215502204,3.208510660797309,2.051664892512624,0.001750360499272395,0.007507501586955051,10.138512030557836,327.0810439460033,58.66103897747121,29330.519488735605,10.286417967269047,0.8327401687116105,84.93725035800796,0.13891843348816943,0.1300790695110886,-0.007686347532828071,8.164677795279536,3.1346857451069745,-5.029992050172561,5.808134528377613,10.268873365043893,10.13854612280865,-3.37951537426955,1.8167442826020554,6.34793351267748,10.13854612280865,5.988894379372219,5.108554072636089
OPPD_NC1,20251022_0829,OPP,OFF,cluster,0.45114564055446205,225.57282027723102,5.423066395580021,0.10586898873639937,1.4375438300800312,19.987184614432024,69.94061019038327,39974.36922886405,10.59601877415391,696.9918039516815,72.28867892888391,36144.33946444195,10.495303297130286,126.06328934859795,-0.0005561217662037838,696.9918039516815,15.14051186064848,189.1689681570124,5.247912983051648,0.3783379363140248,0.03565668360231195,0.738824664194059,0.0854369447691445,0.09449025840555904,0.09028873744373743,-0.786331147890292,482.74340540655896,34.87193506207581,5.905246401352805,0.09449663220486246,0.09910546156472792,37.59643817181013,5.7389229394663035,0.8386159604065156,0.09260209743396766,5.247390314078638,226.105262969852,6.830575951975712,3415.287975987856,8.13630985345941,0.7387287701124602,0.2899453843776874,0.006240889268232553,0.006221495566275695,-0.0005108659256133741,-2.7173740603678107,-1.9045010620926162,0.8128729982751945,-0.9386248887423232,2.4599766631976863,2.3592585354238977,-0.7864195118079659,-2.8933764681568643,0.17600240778905363,5.252635003580762,2.216231942739898,3.1721315336990923
OPPD_NC1,20251022_1233,OPP,ON,cluster,608.4956258672341,304247.8129336171,12.6256011092271,602.5811808640219,3278.4745660061017,2048.0761531985595,25587.84622150927,4096152.3063971186,15.225558873320669,947385.9364324957,3928.9602800686757,1964480.1400343378,14.490738717544819,8721.777966391588,-0.003254118003336497,45281.12029474322,0.034752821225416806,1816850.8835780227,14.412615827037467,3633.701767156045,50301.94434111683,947385.9364324957,0.002581317553702241,0.005382324634216258,0.005367891690346328,-1.741513615722278,483.392039400236,462.57358885453567,21.507524005624493,0.5908287699409478,0.8054841264849396,1058.824918561686,31.167778042023137,5.971615263405243,0.03699590174904984,5.224540847166834,582.9817129827744,21.146939702281603,10573.469851140802,9.266197870377985,0.5602330658825228,24.692782297934365,0.15487446614153308,0.14399165074351375,-0.0033828491685634755,3.359494523920544,-0.07316582908558544,-3.4326603530061295,3.9636947576892885,5.959455330671567,5.22463490998684,-1.7415449699956131,5.1465119781171325,-1.7870174541965884,5.22463490998684,-0.6976532673230098,1.7919745569807102
OPPD_NC1,20251022_2002,OPP,ON,cluster,678.6970772699018,339348.5386349509,12.734785942575805,609.0597700808239,2833.1420820567437,1237.3251787750758,9206.554930784534,2474650.3575501516,14.72161007842613,325427.0739417672,2997.0963775498144,1498548.1887749073,14.220007990542062,6272.264845621347,-0.003227698226384941,30114.93238105462,0.030497886075044573,626404.2170692412,13.347752752278646,1252.8084341384824,17159.26822387693,325427.0739417672,0.004182171852874512,0.006906293136629817,0.006882553931451037,-1.6584087607994533,454.02686636944486,263.00852801193815,16.217537667921846,0.2974772814904215,0.346457785491202,863.7442128777285,26.875453136990924,1.845902208941705,0.06130268353164975,4.97522628239836,442.0537480611917,20.69882614210418,10349.413071052091,9.244781708143702,0.6755832982739385,24.274619774102707,0.22645153567744028,0.2041250696082924,-0.0033558954687469404,3.4900979067827276,0.3479763548002701,-3.1421215519824575,3.628209447727194,5.47692458535407,4.975322234255094,-1.658440744751698,4.1030660668920085,-0.6129681601092809,4.975322234255094,0.10585388569914736,1.8332006822726363
OPPD_NC1,20251023_0122,OPP,ON,cluster,650.9462769469793,325473.1384734897,12.69303828577996,599.842714226118,2842.414641761221,2078.116447625488,27754.231871252545,4156232.895250976,15.24011990855196,1036174.3872361779,3695.2978920920364,1847648.9460460183,14.429425090105667,8145.426758354749,-0.0032541962398088785,47641.80142617226,0.03259816732364255,1972500.982904126,14.49481333697625,3945.001965808252,54791.54081907595,1036174.3872361779,0.002552751035550864,0.0057423396636259606,0.005725915277492762,-1.719931612743031,480.3682434963917,498.6122834550917,22.329627929119823,0.648444227813273,0.9125630008813037,1088.0277167788531,31.704987446039997,6.060410982452639,0.036680874687169754,5.225183085099676,615.8822522956876,21.21965565468499,10609.827827342495,9.269630251876574,0.5473428959570047,25.23679425509052,0.1761552913879167,0.16225089125846454,-0.0033849856036935193,3.423499209252812,-0.028666935740352173,-3.452166144993164,3.9862181061982302,5.970583663867799,5.159888544795761,-1.7199628482652536,5.225276825924084,-1.8017776166712718,5.225276825924084,-0.7622672857891085,1.7077223998025968
OPPD_NC1,20251023_0850,OPP,ON,cluster,2292.652436946491,1146326.2184732454,13.952073666454583,3767.4591659103025,28881.05138579593,2470.5116303023356,31309.87858039816,4941023.260604671,15.41308320787547,1173481.3403930664,3095.6571152017964,1547828.5576008982,14.252364222160839,6835.093566220339,-0.0034767659047571942,38474.23347759619,0.009319717085707488,2236185.048486419,14.620282315737752,4472.370096972838,62047.50507567569,1173481.3403930664,0.0021621910038936883,0.0069022088988079395,0.006878497698877031,-1.6586069453164747,429.025208407477,474.9952706150227,21.794386217857358,0.606487919042625,0.8339789920324385,1104.531347719792,32.049726913851266,1.9507405592299638,0.04269001483201977,5.343738929526337,675.1625246471546,21.366872088217757,10683.43604410888,9.276543386211415,0.5912092213488873,25.69042803634266,0.7406028354001211,0.5542315103505322,-0.003601410421577088,4.675623006355281,0.9267807874797054,-3.7488422188755752,4.328790128434493,6.136633217740606,4.975913788347006,-1.658637929449002,5.343832080800013,-0.6682090744447322,5.343832080800013,-0.4229972262388266,1.2270715694714305
OPPD_NC1,20251023_0955,OPP,ON,cluster,7577.985135805466,3788992.5679027326,15.147610992428099,21591.318828468437,170576.96566917002,11444.723429501299,30947.86340089109,22889446.859002598,16.946186570143833,745991.5227594376,32684.83743702669,16342418.718513345,16.609274722020874,33935.8289263731,-0.0029437315237297954,140899.58611883316,0.3234552331728261,1532466.0980451126,14.242389477097179,3064.9321960902253,39741.15724083054,745991.5227594376,0.053542992195959545,0.07499315099257356,0.07231429038963111,-0.863452578319429,415.40064545089336,65.18213632288163,8.073545461738624,0.12839462268228458,0.1370016007992148,184.136748627869,9.904135897290928,0.4044521256194895,0.10768999861755772,2.590357734958287,390.05546664855046,2451.1389490828137,1225569.4745414068,14.018916987062587,0.8148458857629122,4086.112186567459,0.23185017059991117,0.20851724294285257,-0.0029558079222762896,1.1286945573900322,0.14306313225416822,-0.985631425135864,1.1381091372478904,2.9272703553398713,2.590358489714717,-0.8634528299049057,0.22347265343870149,0.9052219039513307,2.590358489714717,1.3358323911613887,1.604727064578853
OPPD_NC1,20251023_1414,OPP,ON,cluster,10131.96261943438,5065981.30971719,15.438058617575006,33118.16232426984,238202.62079453468,12161.71895343263,30110.230304487144,24323437.90686526,17.006951007486308,580195.6488392092,29342.183334592883,14671091.667296441,16.501389630460395,32023.84425692381,-0.0023634307704622232,145375.83376155142,0.6255963337425035,1417105.595683882,14.164127742155303,2834.211191367764,30218.807128156768,580195.6488392092,0.13029652084145663,0.21602068926010293,0.1955837975933991,-0.5107936149678132,511.2102041671179,47.706714080532585,6.907004711193301,0.20894166417183574,0.2323731049276055,78.23053624985953,6.4809125089373785,0.27972973231571446,0.1336259278716785,2.3372618883050915,497.28835459839723,6338.518668335491,3169259.334167746,14.969008785556955,0.8214696169416487,13068.586964183607,0.34530363687996735,0.2966197399026935,-0.002371226574493543,0.4690499501540337,0.1699125479307142,-0.2991374022233195,0.34541411939663774,2.037942496347828,1.5323810922732726,-0.5107936974244242,-0.8048814335340317,1.2739313836880655,2.3372625258073043,1.4742637400849987,1.233243690049953
OPPD_NC1,20251023_1623,OPP,ON,cluster,10879.579635588141,5439789.817794071,15.509251165481421,35916.19220364677,321348.16520753875,12341.607200501569,36306.161159932926,24683214.401003137,17.021634032186398,972953.9425909519,28121.17934471401,14060589.672357006,16.458886454300565,30352.60380045167,-0.0019515346277465756,141183.49867884908,0.578119637816158,2037985.5915923484,14.52747291354412,4075.9711831846967,51296.25822000354,972953.9425909519,0.12740841886184412,0.22366411313760423,0.2018497290595594,-0.49920320018554537,532.3245711161295,78.83527054332136,8.878922825612355,0.2356895072950242,0.2657812333072519,281.9526093641189,13.03564697333597,0.3746441792522073,0.16309533913414617,1.931413540756445,530.4297071161825,6289.698638519421,3144849.3192597106,14.961276853743929,0.8226717986351635,8597.15463196911,0.3868820543485642,0.32705810119818557,-0.0019568484238177927,0.5479744458870854,0.1450294007863171,-0.40294504510076834,0.46528086051511053,2.0603574559093154,1.4976098474160757,-0.4992032824720252,-0.4338041129000825,0.9817785587871679,1.9314139603161582,1.1893058657160476,1.0946648023153074
OPPD_NC1,20251023_1833,OPP,ON,cluster,5328.223700850618,2664111.850425309,14.795381671015965,16776.069860370524,126497.90221641306,11314.820564913192,32432.89251850708,22629641.129826386,16.93477120351324,950938.8778335191,27660.333395428777,13830166.697714388,16.44236282921561,30549.2738805746,-0.0016417009914031385,145819.19265389442,1.5439301788736832,2022159.8959184964,14.519677248056807,4044.319791836993,49989.407872256175,950938.8778335191,0.18176172844150387,0.29740803387768655,0.2603684540681395,-0.40421668693197965,604.273680351836,84.04365516695283,9.167532665161087,0.31624703524408443,0.3719691384973179,394.3072576474996,15.641441458821228,0.7590371611443086,0.1721573284223878,1.9226855811588042,582.0059609151233,8226.40537153638,4113202.6857681903,15.229712768419672,0.8320766348987555,11336.705555654898,0.19263049453087178,0.17616136716939493,-0.001646181337370336,-0.43433122964373005,-0.45140203719424754,-0.017070807550517486,0.01971167066915062,1.7050586340232616,1.2126502316097554,-0.40421674386991846,-0.7100357717639572,0.2757045421202271,1.9226860033737125,0.8974891819698201,1.195579424059238
OPPD_NC1,20251024_0206,OPP,ON,cluster,6242.116045064421,3121058.0225322107,14.953682932491018,20842.71872776188,166660.08896255493,10361.550464539638,30364.823539928137,20723100.929079276,16.846759671152476,795549.7819313444,29085.72557207083,14542862.786035415,16.492610969825357,32248.178989740183,-0.0025648362866244855,141458.67516929284,0.4548786589263762,1639477.4327903339,14.30988872043212,3278.954865580668,41459.524887374595,795549.7819313444,0.06850821663128345,0.09762195439844669,0.09314597997461642,-0.7755507442138162,450.7136786804147,76.77902883877745,8.76236434066898,0.15972487805885308,0.1731880568116941,249.02932032485123,11.738918119193603,0.5252954033387851,0.1103686014557709,2.3266522326414485,407.756597909661,2839.4053754426286,1419702.6877213144,14.165958737183908,0.8056648250653186,4530.293355234294,0.2146109791759123,0.19442384377517158,-0.002574986893584322,0.7877245792755758,-0.026852302023895547,-0.8145768812994714,0.9405923633877922,2.680801590085826,2.326652868251779,-0.7755509560839263,0.1439300776705288,0.643794501605047,2.326652868251779,1.1539208525016038,1.5120759869523077
OPPD_NC1,20251024_0625,OPP,ON,cluster,20158.18399308765,10079091.996543825,16.125973836057405,83023.40668375352,680839.6256817915,13917.000034793764,51841.68205988168,27834000.06958753,17.141768891389308,928973.7139827348,28678.911863387904,14339455.931693953,16.47852552154652,31748.737328401705,-0.002724305654256562,155374.402172599,0.15586238934786226,1844500.7803113542,14.427719761218377,3689.0015606227084,48395.52102247493,928973.7139827348,0.0564400142671147,0.1095544606797855,0.10395854797204071,-0.7371109762471862,400.4482373575342,66.75100320904,8.170128714342713,0.13091529298127252,0.13987122212946798,109.92175622336295,9.292166179466031,0.18300267335030382,0.08618342406497861,2.211332928741559,450.99125572266917,3141.9027220767834,1570951.3610383917,14.26719259280496,0.763992043866308,5446.4729787469405,0.7028922188230091,0.5323281106718509,-0.002734548755575619,1.8587817805939046,0.8011211458507201,-1.0576606347431845,1.221281304360496,2.8745768992138068,2.211333495560652,-0.7371111651868839,0.16052726281818863,1.698254517775716,2.211333495560652,1.5305476422442124,1.1536728608174673
OPPD_NC1,20251024_0939,OPP,ON,cluster,7539.643190626057,3769821.5953130284,15.142538501370835,24269.137222017584,167539.04603237752,10896.016354015463,31633.953387957557,21792032.708030924,16.897055034737765,849703.1774256229,27939.72732990294,13969863.66495147,16.452413043638007,29670.599771313246,-0.0023327544722202514,132229.33279801998,0.6048711701021721,1772091.0483323901,14.387671354809523,3544.18209666478,45555.285789790934,849703.1774256229,0.10463715936851087,0.16322681839442213,0.15119788323493458,-0.6042047181969584,497.1955932935916,77.98292052971063,8.830793878783602,0.20574019597257767,0.22843401042988826,286.74020352935605,12.90028952156321,0.47007292083400937,0.12150734115472969,2.0647416888284837,467.32821932788517,4560.512798868067,2280256.3994340333,14.639798889047132,0.8132344839580201,7890.947676891323,0.269853857254938,0.2389018208214832,-0.002340550365802902,0.5027397856062734,-0.013066876185252596,-0.515806661791526,0.5956022300702806,2.257256538349383,1.812614521555295,-0.6042048405184316,-0.2521276599954625,0.7548674456017359,2.0647421815507574,1.151100810060455,1.2968078597637689
OPPD_NC1,20251024_1712,OPP,ON,cluster,21377.131929994383,10688565.964997191,16.184685220226367,85984.70885870357,646032.998643402,15025.344362584512,52862.411634064745,30050688.725169025,17.218396171266743,921283.855242148,29005.061945169786,14502530.972584892,16.489833810945672,31048.547539387688,-0.0018233748348998396,153876.48649174348,0.28135611191953935,1852298.4256795328,14.431938358052749,3704.5968513590656,48135.919885287556,921283.855242148,0.10007402457264299,0.20736334696282266,0.1884389299232344,-0.5244274871818385,484.09746533428154,61.31532382953463,7.830410195477309,0.176394944059454,0.1929090979891719,104.30692188627852,9.119229870879552,0.1732971880180417,0.126809156882081,2.0578954528929234,511.59460363722087,6014.586723814821,3007293.3619074104,14.916551349400157,0.7824744138017898,7626.153920873214,0.7370138347024922,0.5521674519379534,-0.0018265397902098265,1.268134109793161,0.6789332007386939,-0.5892009090544672,0.6803506068987372,2.301845121114349,1.573282725116906,-0.5244275750389686,-0.48461319869220354,1.7527473084853646,2.0578959238091095,1.5556885851519082,0.9840818160624387
OPPD_NC1,20251024_1817,OPP,ON,cluster,4174.305836998162,2087152.9184990807,14.551311934417523,12239.569471042225,88982.37292799726,11664.829040858336,30564.125460308303,23329658.08171667,16.96523603101972,873807.0848691612,30260.47022009806,15130235.11004903,16.532205691065712,29279.340698116677,-0.0015046501260380777,177892.34346375708,2.0545654964601057,1824077.680982283,14.416585585189507,3648.155361964566,46292.04604698115,873807.0848691612,0.18380862493423814,0.2834187533105755,0.24952741843772433,-0.4202765380747356,621.220311680658,74.90954919343217,8.65503028263299,0.30380562512731846,0.355005651439897,358.20998712155,14.649203990402277,0.8739549770474628,0.17758530779774365,2.1156201058762054,561.7219457127119,8576.384744372554,4288192.372186277,15.271376076841506,0.84209545111628,10531.444680774503,0.137945835165028,0.12922473805559648,-0.0015076689861928288,-0.7200643883469819,-0.6415580349237864,0.07850635342319556,-0.0906513285639557,1.6938601445127848,1.2608297813298481,-0.420276593776616,-0.8547908066756502,0.13472641832866827,2.1156205880054983,0.9187003182863954,1.3393361347530437
OPPD_NC1,20251024_1922,OPP,ON,cluster,25062.377087221477,12531188.543610739,16.343731258009463,105436.92453280179,816090.1399884373,14876.34695692227,60934.84920962601,29752693.91384454,17.208430271192622,973102.4116106667,23865.8178044256,11932908.902212799,16.294810679018486,24975.42321675988,-0.0016171956630943757,105313.48076225817,0.26053503308618525,2023782.8462018953,14.520479508331668,4047.5656924037908,51715.61773018217,973102.4116106667,0.10973169795222895,0.27359746467296164,0.2418455454283632,-0.4320323791094977,479.4919952873783,65.41272628478563,8.087813442746983,0.19571304720569802,0.21617786962026875,111.19954384906619,9.853647672042882,0.16149967252975356,0.1283822694543124,1.8232517496777945,554.0809047764309,6529.62724363822,3264813.6218191097,14.998713541689993,0.7614327960008251,8093.542253717566,1.0501369486937042,0.7179065951598442,-0.0016204219467275392,1.3450179428147333,0.8042976724519058,-0.5407202703628275,0.6243699873005304,2.2097170021883787,1.2960973598227863,-0.4320324532742621,-0.4782342211862112,1.8232521640009445,1.8232521640009445,1.4687074137008909,0.7553770894599587
OPPD_NC1,20251025_0046,OPP,ON,cluster,7642.19101000586,3821095.5050029303,15.156047982588227,25071.111477399103,151940.142025,10988.334051257658,32291.79166447618,21976668.102515317,16.905491953259315,842170.1698228901,29565.410245033385,14782705.122516692,16.50896855026445,32227.090183202607,-0.002553319624339268,142109.62286049002,0.4256898006486236,1746266.09121122,14.372990976884779,3492.53218242244,44708.51755827383,842170.1698228901,0.07401492238026308,0.1100340817396649,0.1043907191228447,-0.7356548600164577,451.4155545140392,76.64220671617575,8.754553484674716,0.16661545513370682,0.18129991513702898,251.1397632621084,11.882660699133561,0.4570066591961365,0.1063227121177556,2.206964580049373,428.4368335955702,3253.2027675689496,1626601.3837844748,14.302003970215075,0.8050875386531603,5719.963825603004,0.25848418630650105,0.22990797000495117,-0.0025617969407797656,0.8540443654467147,0.07104523009019204,-0.7829991353565227,0.9041295231466646,2.6034885523200195,2.2069651271813377,-0.7356550423937792,0.07098704879803641,0.7830573166486783,2.2069651271813377,1.1916912098253127,1.423965991824815
OPPD_NC1,20251025_0505,OPP,ON,cluster,19532.785813223403,9766392.906611701,16.094457857278524,78731.01027855375,515881.8350227028,14593.096415117125,52809.81650968647,29186192.83023425,17.189206341393636,1162692.5601205826,24639.039549918427,12319519.774959214,16.326695617176668,26324.935919414267,-0.0013243680499871145,111705.11034035683,0.4745889888572316,2465257.6143315677,14.717807274491916,4930.5152286631355,62341.12823116667,1162692.5601205826,0.15880874087593563,0.3762340268938551,0.31935080273406996,-0.3258479275605784,555.0953261988437,79.67415050558637,8.926037783107072,0.27875577911411137,0.32148457032467004,163.05872032173494,10.87880703257655,0.252422530805859,0.15015034313061248,1.608888342684752,615.4444288743407,9270.045068663523,4635022.534331761,15.349151834494933,0.7878908496386632,11423.419966455933,0.7927575981055838,0.5837549920120254,-0.0013273815395892623,0.7453061361403055,0.47242981026347763,-0.27287632587682786,0.3150904404009247,1.8400546883845852,0.9775439172584033,-0.3258479724194678,-0.6313447498913973,1.3766508860317028,1.6088886671498006,1.2188414186985927,0.7046675913815754
OPPD_NC1,20251026_0450,OPP,ON,cluster,4933.182678570349,2466591.3392851744,14.718348136330063,17363.33475259721,142874.47171647195,9797.175511450896,30803.504891342833,19594351.022901792,16.79075192057722,831419.2875574566,28207.89340202081,14103946.701010406,16.461965294956713,31757.08465569463,-0.002573793500139514,148601.75613333378,0.5153049321910181,1752766.2997723978,14.376706411094617,3505.5325995447956,44872.064220513304,831419.2875574566,0.06486801636595266,0.09011992953310485,0.08628771728310713,-0.8022044098301825,447.76361164553055,84.86316148829721,9.212120357883228,0.1676150099184424,0.18248127944022344,297.6240245396813,13.331643970066459,0.7106026328137698,0.09993404353447144,2.4066132294905476,406.01637546599056,2542.093365667629,1271046.6828338145,14.055352065466165,0.7980187544863641,4133.973923101731,0.17488660384034868,0.1611716355690704,-0.002584909774127617,0.6629964521990495,-0.18474478764971813,-0.8477412398487676,0.9788872660596656,2.7354005908287977,2.406613945341265,-0.8022046484470883,0.3213545618547542,0.34164189034429526,2.406613945341265,0.9907782961659973,1.5588727054924973
OPPD_NC1,20251027_0852,OPP,ON,cluster,35506.63764503031,17753318.822515152,16.69208308865172,146017.43617737174,1167546.9908219725,18465.82412948862,79842.35422220398,36931648.25897724,17.42457944488862,1167546.9908219725,27492.633394294335,13746316.697147168,16.43628154236716,26321.76923144195,-0.00181369539566253,105237.98943048716,0.19250678956950062,2014378.328588557,14.515821680398954,4028.756657177114,51853.86059967896,991472.7243036963,0.09253944981715302,0.24862182983427109,0.2220404069415526,-0.4639406909427475,452.18195184878886,63.227451027082836,7.951569092134591,0.1590928848870202,0.1724468442158339,111.13245141863885,9.919055791062284,0.11346488781769437,0.11773294542241898,2.176261408252767,538.5246494710889,6835.2688214527425,3417634.410726371,15.044459469538916,0.7504911824838093,8993.592377382935,1.2914964214521758,0.8292050633041055,-0.0018166417016201978,1.6476238553853175,1.0199218166113422,-0.6277020387739753,0.7248078821140637,2.380120240872662,1.391822292681491,-0.4639407642271636,-0.5286379929709071,2.1762618483562246,2.1762618483562246,1.6724798077144905,0.7641202539075156
OPPD_NC1,20251027_0957,OPP,ON,cluster,41153.88148981556,20576940.74490778,16.83968167406755,185130.21642698854,1502138.6871874332,19486.395038046678,98356.74905874397,38972790.07609335,17.478374295897087,1502138.6871874332,25472.570710759617,12736285.355379809,16.359965670747258,28104.399631917306,-0.0016376949902953215,119999.89063718263,0.17501006472809338,2058392.2441331334,14.537436257848062,4116.784488266267,51444.987627351875,957284.2840273529,0.09240220483679598,0.28274898301891527,0.24900541802645992,-0.4210651871902815,443.58689379762194,77.08653572169399,8.779893833161307,0.1569092139538373,0.16988939944656795,127.6233858348173,10.761576498484263,0.10003392971049052,0.10745793594113094,2.3022454162194865,548.8174056079922,7202.343463345255,3601171.731672628,15.096770109176413,0.718555082362267,9701.657425532614,1.615615555929301,0.9614994640528363,-0.00164033626439659,1.742911793980408,1.1312184201639433,-0.6116933738164647,0.7063226680688925,2.381604438749104,1.2631957607423772,-0.4210652535807924,-0.5593340594569316,2.3022458534373396,2.3022458534373396,1.683932617309092,0.6515023869259124
SQN2,SQN NG Unit 2 20250525_0833,SQN,OFF,cluster,13.505907805078266,6752.953902539133,8.817883375713327,13.51209052496137,92.59497370589906,41.45788671871596,124.47821271451,82915.77343743193,11.325592654039522,1490.9704645356542,132.18800057598892,66094.00028799447,11.09884838437078,223.10719525765776,-0.0011025903820068945,1490.9704645356542,1.3058679067733638,1250.3534683466487,7.13198101919597,2.5007069366932972,4.202228733459668,27.762336438245484,0.1063545018392194,0.13342309044683529,0.12524233727114326,-0.6713772688431826,519.3260139063151,35.96349410301627,5.9969570702136865,0.12946459225675827,0.1382188089899376,49.90941437749307,6.2763181994197925,0.18515652353133272,0.18671778863756228,3.966867365174811,324.1098300658702,17.63693155710333,8818.465778551665,9.084716577841233,0.7941430069634248,30.06458752171613,0.10217196527690867,0.0972827469020983,-0.0012279925922800813,-0.2668678825281514,-0.21535302384590693,0.05151485868224448,-0.05948423505491927,2.2409774078206954,2.0142300686587706,-0.6714100228862568,-1.9534216208596007,1.6865537383314493,3.9676516895183713,2.3083196998511846,2.065744927341015
SQN2,SQN NG Unit 2 20250525_0934,SQN,OFF,cluster,51.81657782437519,25908.288912187592,10.162356828647999,84.53202046471793,1540.022033418194,67.16306384218412,140.43763107617357,134326.12768436823,11.808033355295644,1879.2220369720744,190.2846140160401,95142.30700802006,11.463139528768558,218.62641780051396,-0.0018743048949208265,1879.2220369720744,0.4432810802580607,1790.8774670848293,7.49101921345417,3.5817549341696586,8.721886128370956,98.22149882657777,0.08549829057874506,0.12071027766845006,0.11396266079175793,-0.7047618151872896,476.9438856549727,27.97999271422405,5.289611773427506,0.1040620254742624,0.10966928054448953,44.46408030569502,5.4344329706353625,0.06912372612045613,0.23625687080749794,3.9721203153143874,391.8574550392362,22.969308594151464,11484.654297075733,9.348854083206689,0.8576221954265281,49.815328481237145,0.2723109174736675,0.24083486702545573,-0.0020360485484157897,0.8135512174219244,0.5461494196960643,-0.26740179772586004,0.3087689997976303,2.4592588964703346,2.1143620039675497,-0.7047873346558499,-1.8583060304860357,2.67185724790796,3.9726680344535854,2.712616087468018,1.8469602062416897
SQN2,SQN NG Unit 2 20250525_1439,SQN,ON,cluster,5463.351589910797,2731675.7949553984,14.820426189217383,4601.891981616433,25989.532145956764,3752.0062953729084,5397.205860344477,7504012.590745817,15.830948580800062,31444.2140695462,8128.221292825224,4064110.646412612,15.217705739913452,6880.3975300766515,-0.004495333788939811,31444.2140695462,0.005585285063037269,692968.9613631762,13.448741931436302,1385.9379227263526,2543.1866746827186,12403.55621024553,0.0020332039465720073,0.0037541271244901234,0.003747097975975484,-1.8616113943250543,300.5135353679643,8.380640008073375,2.894933506670962,0.09913511042378864,0.10421548050222935,3.4167924586408738,1.8885855277250054,0.253679064932461,0.08742352267458073,5.584834182975163,512.5005863236785,30.514376029260855,15257.188014630428,9.632871556938289,0.8842997897036861,80.64663831108831,0.672146019785651,0.5141078432569431,-0.004608492829219179,5.187619806932831,1.5405063677469926,-3.647113439185839,4.211323851758092,6.198142431329069,5.584899477648225,-1.861633159216075,3.8159344721623008,1.3716853347705307,5.584899477648225,1.2821651323544467,1.9377860384623862
SQN2,SQN NG Unit 2 20250525_2247,SQN,OFF,cluster,168.44954902695952,84224.77451347976,11.341256263999522,565.9976349204921,9016.08725404949,169.96044040524794,431.9646694108367,339920.8808104959,12.736471107870868,9016.08725404949,349.5396827622339,174769.84138111694,12.071230916968174,543.3303430835647,-0.001429628968803472,5188.879077170044,0.37026581765556354,49740.709913439816,10.814599093795868,99.48141982687963,240.4721977181739,2843.96133778902,0.09174356964509364,0.17843785149564326,0.16418970674311695,-0.5744961884852385,507.74874499356906,53.048151867261176,7.283416222246163,0.27190561359937293,0.3124631167951433,120.04992317646445,8.515956080663551,0.5905710071671192,0.2417796617401184,1.7234885654557157,604.6615734471009,62.37111000491863,31185.555002459314,10.347742351512458,0.8376658467283085,155.53808766539075,0.48191824085558693,0.39333735723843977,-0.0014848225967210153,0.9935341051803679,0.19755467560583106,-0.7959794295745368,0.9191178758685277,2.388757880115625,1.723514909275032,-0.574504969758344,0.46686870384275103,0.5266654013376169,1.723514909275032,0.7280339148281748,0.9275354797004951
SQN2,SQN NG Unit 2 20250526_0756,SQN,ON,cluster,2372.13812709086,1186069.06354543,13.986155932296969,3066.9893516060906,16473.120864868164,5642.33467265907,11794.755339839703,11284669.34531814,16.238955756049737,81604.23557305336,19942.460146391517,9971230.07319576,16.115214612068105,16458.07002122469,-0.004527208998384447,81604.23557305336,0.03965892166947654,80331.98849117322,11.293935631154472,160.66397698234644,317.33846398082676,2351.5717919042945,0.004168329496095763,0.004717393916345258,0.004706301883643731,-1.7854925364807332,213.3574527293957,14.462849211777469,3.803005286840819,0.01135119464314421,0.011415863912575997,9.736302867266543,3.0100705526256886,0.0677296044220013,0.05796253569112736,5.3564776094422,274.11193377118417,94.07644017155454,47038.22008577727,10.758737002625905,0.8242580699220955,264.87895016896266,0.1189491221081792,0.11238996101120403,-0.004595638073955775,3.2274393456320336,0.9476529573284687,-2.279786388303565,2.6324705699638162,5.480239923889876,5.3564987682355145,-1.7854995894118382,0.5352074393467117,2.692231906285322,5.3564987682355145,3.067383016120349,3.0767123799319496
SQN2,SQN NG Unit 2 20250526_1100,SQN,ON,cluster,3183.7351099478,1591867.5549739,14.28041907600654,4105.466085978347,23535.1488953738,6211.539808845378,13176.298247218065,12423079.617690755,16.33506664056466,111017.55035714153,21520.265468314632,10760132.734157316,16.191358541445705,18937.16663446245,-0.004713862650837249,111017.55035714153,0.020648236491653687,38210.0708210259,10.550880564676001,76.4201416420518,114.19767553755271,716.0656611593586,0.002645822030449332,0.0030547260475856366,0.003050069851831154,-1.930345011223622,208.24045220398403,17.87279060806278,4.227622335074139,0.00573798541498636,0.005754479185211533,11.882076505465855,3.183164670625499,0.024003297699995138,0.04441656245216676,5.791035033670866,270.65300556717506,65.73851547702454,32869.257738512264,10.40032350777484,0.8209829519886793,199.79861090924615,0.14794125633046104,0.1379701261442736,-0.004789495166700202,3.880125363141163,1.4246873540877676,-2.4554380090533954,2.8352955910108344,5.934773475396717,5.791065363837443,-1.9303551212791479,0.15056130923497868,3.7295640539061843,5.791065363837443,3.825314286828619,3.335627354784048
SQN2,SQN NG Unit 2 20250526_1808,SQN,ON,cluster,1798.1419741522109,899070.9870761054,13.709118384859865,2067.9654884212728,11825.656488605076,4611.480128488613,10464.177048506543,9222960.256977227,16.037206721512646,83717.3862422267,16521.594730874476,8260797.365437238,15.927031795237712,15573.608575226679,-0.004471605415582236,83717.3862422267,0.03449538774520316,32078.102154196727,10.375960073876715,64.15620430839346,94.74315735375833,671.5290464207101,0.0033626733115569006,0.0037543351976461418,0.0037473052708984433,-1.8616039772911552,205.76516437979436,18.154124903420712,4.2607657649027875,0.006864248536918725,0.006887861488376694,11.478921848940317,3.2455178727425977,0.03567916506624595,0.04875744454478037,5.584811931873466,240.52526398263396,62.027604619374586,31013.802309687293,10.342219863364246,0.8090876181515867,178.5751311119511,0.10883586018435273,0.10331069036663332,-0.004547800169521296,3.366929652425654,1.1205509057488996,-2.246378746676754,2.593894748191357,5.69501899291199,5.584844054008425,-1.861614684669475,0.03374128027294354,3.3331883721527102,5.584844054008425,3.6269966722920888,3.3384653073316706
SQN2,SQN NG Unit 2 20250527_0926,SQN,ON,cluster,2661.5419024971643,1330770.9512485822,14.101269746295223,3749.0178404655117,24977.705371775664,5171.625061286453,13693.938200175875,10343250.122572906,16.15184479953662,132794.78421998117,17803.86580931098,8901932.90465549,16.00177910375566,22771.71485259927,-0.004568879859996245,132794.78421998117,0.012790812475581911,93524.6249834479,11.445990741722197,187.0492499668958,606.1325189864741,7636.502617970109,0.0016456763090585487,0.0019121287329048901,0.0019103029418205337,-2.0864931676716814,216.19072313089228,25.677573808288724,5.067304392694187,0.01074529331023747,0.01080323130870627,27.034686918670314,4.722452738752503,0.07027852907040771,0.04337217353369403,6.259479503015044,241.87790773113582,34.043283370770325,17021.641685385162,9.742299600740616,0.7924649405556383,86.47930677464282,0.14949235918779757,0.13932041812445103,-0.004651661330841103,4.359028141125027,1.2784517724997642,-3.0805763686252625,3.5571431913699896,6.409603849128851,6.259538137694149,-2.086512712564716,1.7037391956818695,2.655288945443157,6.259538137694149,2.943914302438352,3.178961769068886
SQN2,SQN NG Unit 2 20250527_1433,SQN,ON,cluster,4806.097570969135,2403048.7854845673,14.692249232558325,8909.276881508416,72349.50753642619,2349.6905620942475,6457.825774767961,4699381.124188495,15.36294159509966,136417.37557286397,4458.5037817534785,2229251.8908767393,14.61717706078971,8145.919209967259,-0.004111725260677092,136417.37557286397,0.005052580577822545,54938.85020608359,10.91399423314543,109.87770041216717,418.1205144738585,6225.159676310199,0.0025836588478873558,0.00544648977120474,0.005431711282099329,-1.737567348993532,282.1251062683883,58.05759182658979,7.619553256349923,0.014377173318823254,0.014481021961610992,131.68127323453461,9.270301883739076,0.02286214517903867,0.07453638080820467,5.287774218749211,489.1899998895093,24.283195242208865,12141.597621104433,9.404475013809114,0.8210650159956747,52.021071561804746,1.0779619814692174,0.7313875967778175,-0.0042056357886125365,5.287856160703882,2.2853002875200517,-3.00255587318383,3.4670528832791527,5.9585487265892105,5.212783956492334,-1.7375946521641115,1.5095833755391048,3.778272785164777,5.287856160703882,3.054298711868599,2.210228083308504
SQN2,SQN NG Unit 2 20250527_1635,SQN,ON,cluster,6065.598004534865,3032799.0022674324,14.924996843931899,6844.080451022073,34745.14544458338,8623.38383051705,18091.156949139935,17246767.6610341,16.663135359896287,162685.34364807978,28168.78132918199,14084390.664590996,16.460577768057504,27000.17245292082,-0.005256264037930066,162685.34364807978,0.003476991948553492,119032.97646320479,11.687164247839107,238.06595292640958,655.515150632945,6853.561471086228,0.0006114199437088104,0.0007487024439742687,0.0007484223061173403,-2.3990247228082495,229.52162097543018,18.86560390276904,4.3434552953528405,0.007541541684665031,0.0075700507324837915,12.926742563861206,3.281389652339135,0.039248554346718034,0.0399034053486697,7.197074168424749,279.7267723241953,21.090035424936804,10545.017712468401,9.263503599632756,0.8270131405874851,39.281747488580415,0.21533050839692028,0.19501606317281345,-0.0053483914371286806,5.661587741589042,1.840961806524529,-3.8206259350645126,4.411678824164725,7.3997265292999135,7.197168924442421,-2.3990563081474736,2.42374707422659,3.237840667362452,7.197168924442421,3.270584227258558,3.376542989377908
SQN2,SQN NG Unit 2 20250528_0552,SQN,ON,cluster,2332.480075612764,1166240.037806382,13.969296346489411,3885.1851480248915,37496.579371059546,4535.428943149594,13329.036651815293,9070857.886299187,16.020577512900086,265964.4441164881,15519.036821417318,7759518.410708658,15.864430958631852,23037.434997083525,-0.004940936374639142,265964.4441164881,0.00527525596229567,138947.22307123736,11.841856646828623,277.8944461424747,869.8875295604922,8446.969147084514,0.0006782395656538455,0.0007928603796364546,0.0007925462318848931,-2.3799003389513196,231.0527048961703,58.641519346962866,7.657775091159966,0.016125540411797302,0.01625625862732957,122.94204536343402,8.897390593041894,0.11914118754872151,0.03784644894617239,7.139701016853959,281.96652644310257,12.304429425822638,6152.214712911319,8.724729941777893,0.7969582876377599,14.559258008113318,0.15029799223064433,0.1400210324872379,-0.005086057952167031,5.244728077138422,1.3692596938924932,-3.875468383245929,4.47500542860584,7.296009990761993,7.139863417862939,-2.37995447262098,3.1172820379823527,2.1274460391560694,7.139863417862939,2.510738180127599,3.26439503461701
SQN2,SQN NG Unit 2 20250528_1059,SQN,ON,cluster,41122.680489112434,20561340.24455622,16.838923232053652,62442.99926318311,322099.54826915637,79109.65451127765,199805.57055121587,158219309.0225553,18.879492666674267,1753295.0545553118,275238.78710544656,137619393.5527233,18.7400024223155,321521.0562977264,-0.006843811715304256,1753295.0545553118,0.0003561702696289388,31251.887176961907,10.349867040559667,62.503774353923816,163.66079774694558,2276.399806623871,4.628599469987762e-05,5.3214433734810786e-05,5.3213017897060373e-05,-3.2803481181489094,194.35465578459062,22.162845551365223,4.707743148404498,0.000243838307499184,0.00024386803847575395,15.513658855475992,3.726134183956379,0.0015199343430559971,0.0071146285137204685,9.841044354446728,226.1705419959663,14.646676197672589,7323.338098836294,8.89895806786877,0.7865067063047196,18.89402474189358,0.14940728711087384,0.13924640699734547,-0.006953487252336604,7.940101655979674,3.132027641191007,-4.808074014788668,5.551885653443764,9.980671132914907,9.841180887610061,-3.280393629203354,1.4510135155649309,6.489088140414744,9.841180887610061,6.074430626336755,5.033106872821394
SQN2,SQN NG Unit 2 20250528_1200,SQN,ON,cluster,29070.741624838432,14535370.812419217,16.492095672137737,43410.26461618352,237457.23314965144,30423.718634845132,83064.47147749232,60847437.26969027,17.92388027741039,805702.9188022949,92570.65196924449,46285325.98462224,17.650335557050095,141429.6213511952,-0.006239336552871303,805702.9188022949,0.00041191239257029415,20753.173280564755,9.940502627391464,41.50634656112951,108.4255437746634,1016.3314277914797,9.839854621490962e-05,0.00012935631846321043,0.00012934795265608616,-2.9842576060213797,231.67138158469817,26.482723182941164,5.146136724078644,0.00043956411897789024,0.00043966074144197414,27.060034309609815,4.777598314039499,0.001427770474409331,0.010516755567468896,8.952772818064139,289.72539188861725,11.974598736480864,5987.299368240432,8.697562738985956,0.783702690899271,13.897641472350367,0.3140384236949765,0.2731051614118852,-0.006393939554374838,7.794699870618112,3.297025274675752,-4.49767459594236,5.193467277389327,9.226484528253915,8.952939802723046,-2.9843132675743487,1.2430587104282864,6.551641160189826,8.952939802723046,5.822242078989173,4.455265206780686
SQN2,SQN NG Unit 2 20250528_1504,SQN,OFF,cluster,8.310919278099693,4155.459639049846,8.332418942602777,11.998470832752357,82.41827540306622,91.24085905112518,258.2604259781134,182481.71810225036,12.114410752190663,2631.841391032154,125.47123203730756,62735.61601865378,11.046700543704986,225.1225552711579,3.5558993596918664e-05,1813.7177055487555,14.990011079461494,53300.256399944476,10.88371518210772,106.60051279988895,271.6421404667139,2265.600430666018,0.34135137860604176,0.9929030747875015,0.6895924072269204,-0.0023740380752504584,688.6355694400324,28.84498697622481,5.3707529244652905,1.0035844332178157,1.7280428114853692,32.40995490212278,5.149694919899966,12.8265609624126,0.12515556748968568,2.7142816011022095,996.9177254918706,124.58077208920454,62290.38604460227,11.039578429479235,0.7872672444751149,364.3949062815082,0.0662376478099462,0.0641362350531984,0.0001364109033239912,-2.707384051478373,-1.993352106868377,0.7140319446099959,-0.8244930708611461,1.0748428964383159,0.007122228156843491,-0.0023740760522811635,-0.15586595511845758,-2.5515180963599153,2.7145062796352164,-0.9751132537385931,0.7211541727668394
SQN2,SQN NG Unit 2 20250528_1705,SQN,OFF,cluster,7.8021792835091155,3901.0896417545578,8.269267494203275,10.47186770507626,66.52713653250339,42.55505077293137,134.13474112330792,85110.10154586274,11.351712759001078,1753.9699562593014,133.02756922203685,66513.78461101842,11.105179526911131,241.75934839705937,-0.0005899971169039613,1753.9699562593014,3.2334049090484047,2081.4248915692847,7.641288306917255,4.16284978313857,7.301558237492936,42.13187617814606,0.14820570264181085,0.1896419287385021,0.17365236162413747,-0.5541844432434383,595.3774616446037,41.216493093009156,6.420007250139393,0.18954120775217112,0.20869493056436664,50.45794649347961,6.268681139045427,0.5335496187418015,0.13857316582325305,3.4638912199938767,371.1606797305489,25.227604803040947,12613.802401520474,9.442626197180816,0.7753839736763612,46.80512418105869,0.05865084455064474,0.05699530928139884,-0.0005793677583570964,-1.1735357336716277,-0.8453714578925293,0.32816427577909835,-0.378931465918962,1.9091540874960078,1.6626175704591528,-0.5542058568197176,-1.8017389399039132,0.6282032062322855,3.464356510363066,1.6707805079213234,1.9907818462382512
WBN2,20251019_1250,WBN,OFF,cluster,8.970665572106336,4485.332786053168,8.408790895577301,16.269079950294643,125.77744770766822,21.473567770594727,44.98309037810991,42947.135541189455,10.667748516486213,432.96653742081617,70.2886699518135,35144.33497590675,10.467247170818155,67.92761819536038,-0.0013738641132983443,432.96653742081617,0.65185583282526,393.67743982655224,5.978068823261107,0.7873548796531045,1.1476219696821657,15.374983301238046,0.06807882068406755,0.08319378759974269,0.07991388793023821,-0.8287563641859444,441.4996535709737,20.162766711346944,4.490296951268436,0.08039192966438133,0.08371172322393854,17.50225185475557,3.657265545341211,0.08776995119802371,0.22271682032601303,4.489178347557048,328.61850863345853,5.8475806788059765,2923.790339402988,7.980978078260321,0.8416706094038137,1.5571534419840753,0.1276260537864913,0.1201145855127892,-0.0016071303106136763,0.4279318565807957,0.2005792972877991,-0.22735255929299658,0.26252412261752256,2.6870891173689655,2.486582602186627,-0.8288608673955423,-2.005104221595438,2.433036078176234,4.491686823782065,2.827006286660436,2.2592300428936305
WBN2,20251022_1733,WBN,ON,cluster,59.382479511823576,29691.23975591179,10.29864100296948,48.568844447666315,354.4564909144683,42014.213985625385,252273.37883015402,84028427.97125077,18.246665739683582,3909501.6325235516,1295.5923505112432,647796.1752556217,13.381332925190597,5447.026800486171,0.0027593731857138517,56606.825864315266,2774.673461237532,967445.5714953572,13.782415479100601,1934.8911429907143,3858.0231106901238,24004.319180233637,0.9804240894870757,127.175025311176,4.853396715143324,1.61518758606027,166.8269660949448,93.05188081969419,9.646340281143084,4.820519471846652,123.02950388340017,95.959619446923,9.047450325760341,32.58353573027029,0.011990368824095134,7.928254680401926,1687.7326002376635,164766.98996948774,82383494.98474386,18.226895683371406,0.6012396517877394,484179.78447831824,0.04583423133696295,0.044814874438312814,0.0027711239661994155,-7.928288347664248,-3.6237048818685604,4.304583465795687,-4.970504845452705,0.019770056549795356,-4.845564289736702,1.6151880965789005,-4.444481225781798,-3.4838071218824496,7.928288347664248,-1.5859997770079384,-0.5409808239410143
WBN2,20251023_1601,WBN,ON,cluster,97.67265582511668,48836.327912558336,10.796250215682859,166.0751943472362,2199.989805059522,44520.26576928932,233877.58550892893,89040531.53857864,18.30460224580517,3439955.8313548714,24175.974391617074,12087987.195808537,16.30772280641277,44066.96296821273,0.0003930276685898067,448699.72571194544,1560.5623726342565,691572.2553303946,13.446724361324042,1383.1445106607891,2770.018501027066,21931.22549571935,0.8559263342504496,6.304782965516965,1.9885293343597896,0.6137694922068633,547.408405281784,77.26718993954864,8.790175762718036,1.9928475789456725,6.3363950101560755,94.0019601891614,8.943591690589207,14.161020798994077,0.030064128930548932,7.3527810673505005,1489.4581775170452,152424.2715190543,76212135.75952716,18.14903128303336,0.6617512859551272,448278.88590399444,0.004040071115353936,0.004031931942571979,0.00039617415527795646,-7.352801530579615,-3.8786969227363173,3.474104607843298,-4.011550461062496,0.15557096466224252,-1.8413085462260739,0.6137695154086913,-4.702308354567508,-2.650493176012107,7.352801530579615,0.08593897277975279,1.6327960616172241
WBN2,20251102_0839,WBN,ON,cluster,34.48746186720087,17243.730933600436,9.755261922674586,45.102841933201155,500.76285917521454,10739.066813816538,43457.038981644415,21478133.627633076,16.882545981544965,710063.795330286,9928.618881641334,4964309.440820667,15.417784961792096,23499.14593940687,0.000930182789605447,143874.6620254228,938.7934212255371,308279.2970926345,12.63876470360184,616.5585941852689,902.6682122661457,6305.5730600564275,0.7537107944034218,3.260937165936773,1.4494891280905238,0.3940048295382983,698.2540732321212,66.11969248731502,8.131401631157326,1.4612936527316724,3.3115335492978755,96.83404634145123,8.543803822035295,17.87776080836753,0.04526591982418439,6.844537527732404,1310.6233514676444,32376.60231757235,16188301.158786174,16.59979945040699,0.719425109139915,79467.83804705887,0.0034735407087649922,0.0034675218999286306,0.0009431859392496823,-6.844595456368136,-3.8476834529965096,2.9969120033716266,-3.460535903768457,0.28274654635200136,-1.182014628279756,0.39400487609325197,-3.961037928838614,-2.883557527529522,6.844595456368136,-0.04267591945573491,1.8148973750918707
Harq_ST3,HARQST-3 EMI Gen_20250402_1158 – HARQST-3 EMI - GEN HFCT,Har,OFF,cluster,34.880300436110105,69760.60087222021,11.152839006602527,203.52278236848568,2798.1744669313193,79.33141885757897,244.83868753449684,634651.3508606318,13.360832648993867,3466.958745316384,167.96275468111438,335925.50936222874,12.724647692885943,286.4368367492238,-8.873404978722075e-05,1902.5502262311638,3.0930241473498596,13194.017591677115,9.48759458214435,6.5970087958385575,10.025614636236607,121.49699978181165,0.33998387105283057,0.6423186600014862,0.49610906041184305,-0.14755636186953325,2805.046109424626,43.70221527912073,6.610765105356149,0.4474960612606256,0.5643901401832512,58.3515189063793,6.560520381182872,0.189132797403155,0.12530219831835468,3.237053110741593,2754.519358074165,107.8856115172529,215771.2230345058,12.281978607277344,0.8113311062411316,316.6682528632374,0.2076668753273799,0.18869029602487067,-8.17191955253208e-05,-1.129149300783416,-0.258915866495359,0.8702334342880569,-1.0048590150880428,1.0788571005770606,0.4426707432901633,-0.14755691443005445,-2.794455179658975,1.665305878875559,3.2371259229491383,2.001409402210608,1.3129041775782202
Harq_ST3,HARQST-3 EMI Gen_20250404_1915 – HARQST-3 EMI - GEN HFCT,Har,OFF,cluster,36.64671537934718,73293.43075869436,11.202239906252801,211.93722730035554,2832.8367092304543,114.45287063979704,290.4695797003079,915622.9651183763,13.727361040940789,2832.8367092304543,182.29432008576265,364588.6401715253,12.806527726592414,335.21812542081534,3.3457599091968344e-05,2446.5167924808475,6.3075278754258814,15440.536585787819,9.64481633843191,7.720268292893909,10.463450341480105,85.19840194963854,0.5049025365398085,1.2680053810332814,0.8189007584523214,0.07914817333531883,3015.5428425109226,24.751119770017876,4.9750497253371035,0.7376550401333604,1.0910263879317357,21.185917558918625,4.22671085153894,0.2106674012356221,0.11585036964120694,3.3991559081664597,3758.0958278516023,231.15017880118444,462300.35760236887,13.04397224659837,0.8314848400492599,380.03404190998305,0.20103048390101105,0.18317992487481977,4.582852855870388e-05,-1.841743820946526,-0.4721419638873279,1.3696018570591981,-1.5814800017114772,0.6833898652839601,-0.23744509972587124,0.07914836657529041,-3.3992185075643917,1.5574746866178657,3.3992185075643917,1.9266249668366628,1.1321567573333269
Harq_ST3,HARQST-3 EMI Gen_20250425_1147 – HARQST-3 EMI - GEN HFCT,Har,OFF,cluster,38.05081597811513,76101.63195623027,11.239838128747511,218.24914928242853,2794.5636096040253,188.1580795275283,720.5795013759565,1505264.6362202263,14.224479943062295,12276.493588083016,170.0022474476842,340004.4948953684,12.736717057918716,296.9548653821039,0.00010334832035205146,2593.8198577333824,14.059392316606242,19215.809747948213,9.863540682688187,9.607904873974107,14.360249613329708,101.83816621941885,0.7108003960734399,3.146848690770374,1.4223486941675334,0.38213317665270213,2634.8150606980926,65.24563611035578,8.077477088140773,1.285783659394022,2.6175017359320227,110.65025866866496,9.262773551520302,0.2525019405463953,0.08165802182351908,4.019575905188635,4890.442271950079,534.9713498103396,1069942.6996206793,13.883116587876822,0.7881411978908758,1328.8704741566976,0.22382537024819524,0.2019815025457533,0.00011808455695016705,-2.643290664736597,-0.6909608620150074,1.9523298027215894,-2.2543562742964784,0.34136362547973675,-1.1464015364623137,0.3821338454874379,-4.019627009687449,1.376336344950852,4.019627009687449,1.7348763474908524,0.8059282662592757
Harq_ST3,HARQST-3 EMI Gen_20250530_1544 – HARQST-3 EMI - GEN HFCT,Har,ON,manual,28.83076299086744,57661.525981734885,10.962362778448847,90.694119744586,1230.4563874699088,308.6056870158224,1045.3926608444747,2468845.496126579,14.719261593906305,29047.063752953185,483.2225515227302,966445.1030454604,13.78138081099071,1660.005746892701,4.479553740492287e-05,29047.063752953185,24.57386240109673,27772.461762393024,10.231836230882125,13.886230881196512,15.958297893535507,104.41224888060253,0.5739388744901606,1.4661633660001818,0.902663649912119,0.12754956827749986,3205.0560213121635,94.12355304863358,9.701729384372278,0.8799299797883747,1.410730900619537,208.08758747559307,11.095757823642181,0.48164631943158603,0.11083853352767262,3.932193284941084,4173.956700177152,708.4832026684954,1416966.405336991,14.16402951582321,0.8104267893447085,1118.8196674232313,0.05966352956828309,0.05795143279843528,4.416706477692068e-05,-3.2016833740776587,-1.3225431257407347,1.879140248336924,-2.1698442564447658,0.5552323787683413,-0.3826490338190993,0.12754967793969976,-3.932228585450936,0.7305452113732773,3.932228585450936,1.7473536174688853,1.4964912145178246
Harq_ST3,HARQST-3 EMI Gen_20250616_1111 – HARQST-3 EMI - GEN HFCT,Har,ON,manual,25.832678367197918,51665.356734395835,10.852562108526168,74.52873221525375,939.5232647639971,349.6338034050015,1744.0221168582043,2797070.427240012,14.844083508947774,62423.51584527266,863.5235819443985,1727047.1638887972,14.361924245500092,3304.265429397278,-5.5761463473156755e-05,62423.51584527266,18.43350275875062,65984.41070306546,11.097188946619866,32.992205351532725,66.93803583259954,517.2329454672437,0.3404896375288988,0.5514461421937895,0.43918749092561765,-0.1984035436729291,3118.4536088777363,178.53970422003493,13.3618750262894,0.45268279389295973,0.5725252927659458,438.9174760544384,17.392661248448796,1.2771500067444548,0.10446243074990412,3.509362136973923,2693.3830405886206,476.186747956877,952373.495913754,13.766713614481304,0.7727480902305746,867.7787122475141,0.029915428955646403,0.029476691060461607,-5.725177540467907e-05,-2.914169811089586,-1.667045440609666,1.24712437047992,-1.4400551820190486,1.0773705869572847,0.5952111020036419,-0.19840370066788063,-2.669538772833736,-0.2446310382558501,3.509380913093228,1.2329583520321195,1.8423354724835619
Harq_ST3,HARQST-3 EMI Gen_20250713_1931 – HARQST-3 EMI - GEN HFCT,Har,ON,cluster,26.613865453089907,53227.730906179815,10.882353584180159,70.47730672380133,800.095490340467,611.633417959027,4258.0879979968495,4893067.343672216,15.403330137815695,159378.87546304247,1641.5926167484565,3283185.233496913,15.004324921495888,8333.100157760164,-1.679809919811173e-05,159378.87546304247,27.531836625038846,91197.1880111174,11.420790307565895,45.598594005558695,120.97195825183856,1140.7180025907146,0.2994966323431365,0.44635227288004825,0.36904471293218594,-0.2688821371411508,3041.380605985096,260.57908345631483,16.142462124912985,0.3829231083567531,0.46656525912017976,496.9163698050846,19.850191543894134,1.7133397658853786,0.07690124798177296,4.121971337315729,2322.2150925604187,732.7285956290027,1465457.1912580053,14.197678510072436,0.7235467195656852,1151.9421852082262,0.01621222292397766,0.01608220817441354,-1.7188120562223367e-05,-3.3153430305346383,-1.9939443488774202,1.321398681657218,-1.5258197691232214,1.2056521057531686,0.8066467892219009,-0.26888226307396695,-2.776898485316128,-0.5384445452185105,4.121989819756539,1.2431571670349557,2.128045470879119
Harq_ST3,HARQST-3 EMI Gen_20250927_1547 – HARQST-3 EMI - GEN HFCT,Har,ON,manual,38.95635310568711,77912.70621137421,11.263357162612852,99.46262276464148,874.005236360608,294.32940246281737,1007.9827815170399,2354635.219702539,14.67189680203682,19157.34600950125,362.90825720911414,725816.5144182283,13.49505390466068,1012.8115227262928,2.484912922836915e-05,19157.34600950125,17.81490872715957,162898.2492134918,12.000887185699785,81.4491246067459,279.2186334994349,2612.1705524926647,0.5894788875343467,1.9123397198671865,1.0689567855722557,0.21610893976721832,3050.1295701481745,65.08811504795172,8.067720560803718,1.0748786761690192,1.9296374441333641,106.39170457532477,9.035336940795897,2.0907789901362723,0.14202743976983034,2.880023561349482,4594.017877968126,694.0038749297224,1388007.7498594448,14.143380723962334,0.8135437484329588,1635.694947676247,0.10734490696139244,0.10196517426975163,2.4254129327584627e-05,-2.8800356756872905,-1.462320148467752,1.4177155272195385,-1.6370368825490256,0.5285163738371548,-0.6483274766025691,0.21610915886752302,-2.142498956588293,-0.7375367190989977,2.8800356756872905,0.3088948476375397,0.7693880506169695
Harq_ST3,HARQST-3 EMI Gen_20251019_1117 – HARQST-3 EMI - GEN HFCT,Har,ON,manual,37.5594289960194,75118.8579920388,11.226840223465539,98.12197804510944,895.5946223053761,281.21318939546364,783.5083445655138,2249705.515163709,14.626310327967847,10048.676645374162,380.67133445467596,761342.6689093519,13.542840136623024,888.3284290540663,4.0272090678183756e-05,10048.676645374162,16.988619256643492,137078.31082471125,11.828314948435137,68.53915541235563,213.0422350904841,2148.8429222913105,0.5672589896036866,1.6762040662505877,0.9843993972996693,0.1721770742280846,3061.3521780199358,35.733304924184644,5.9777340961079215,0.9893740780584049,1.6895504967166695,52.58643319474141,6.325279784552016,1.8248188868554711,0.15267041646499202,2.832531135841739,4389.912975173681,638.0828387188034,1276165.6774376067,14.059371359307278,0.8337090802065585,1170.2793344870474,0.09866629188082987,0.09409698225117195,4.090025419678813e-05,-2.832543664392581,-1.4375090795684304,1.3950345848241508,-1.6108471861541225,0.5669393077550549,-0.516531752555391,0.172177250851797,-2.231062922348631,-0.6014807420439503,2.832543664392581,0.454400934328719,0.8785028322687598
Harq_ST3,HARQST-3 EMI Gen_20251118_1432 – HARQST-3 EMI - GEN HFCT,Har,OFF,cluster,15.469165069089298,30938.330138178597,10.33978347354293,73.6454500339912,1044.8213319231436,148.25111575207717,646.6039208220399,1186008.9260166173,13.986105227827396,13024.461641367576,163.10364209064687,326207.28418129374,12.695291364865259,275.79941197334483,5.8561574661480135e-05,2282.1282047083514,26.317115872389774,14655.692526133047,9.59265233785359,7.327846263066523,11.756750886295954,80.3550354379413,0.6865105323495718,2.4959823359309476,1.2516144051291935,0.30489351206363463,2731.5664389770695,87.85405475895249,9.37304938414221,1.2002055238139822,2.3207993559551117,189.86184425946152,12.298364531444049,0.4737066435131832,0.07986468424707588,4.017319563202573,4599.098268506355,407.103809585506,814207.619171012,13.609971901056163,0.7790569745722179,1219.0338812308182,0.09484254839904002,0.0906105615130855,7.299399760440555e-05,-3.270219521168686,-1.219647406102867,2.050572115065819,-2.367796725251983,0.3761337117948269,-0.9146823735344629,0.3048941245114876,-4.017386565560129,0.7471670443914427,4.017386565560129,1.5717033507732832,1.135889741531356
