RequestId,69bd9827620f00a58b1a07d1
X,HFCT
30000,16.42807579
30135,24.3801899
30270,24.58954239
30405,33.9671669
30540,32.07513428
30675,37.3400116
30810,35.02468872
30945,38.8425827
31080,24.72179031
31215,32.133564
31350,30.43310165
31485,27.1188736
31620,23.22128868
31755,24.52834892
31890,28.7780838
32025,33.68580246
32160,29.41082382
32295,21.0213356
32430,22.49586296
32565,28.29888916
32700,32.87147903
32835,35.38123703
32970,30.73922729
33105,25.41775513
33240,20.96241951
33375,25.36928749
33510,25.53988647
33645,21.39974403
33780,23.95328712
33915,21.4583149
34050,30.83103371
34185,35.14776611
34320,24.76894379
34455,32.6141243
34590,26.37756348
34725,22.13444519
34860,27.07844353
34995,28.76006889
35130,33.59370041
35265,26.09914017
35400,32.45191193
35535,33.80696106
35670,36.02384186
35805,36.93507767
35940,35.52189255
36075,24.95530891
36210,27.99398232
36345,35.04199219
36480,31.44083405
36615,24.97519302
36750,31.70819092
36885,25.60635567
37020,28.00979805
37155,35.61651611
37290,36.56325912
37425,32.73436356
37560,28.25647926
37695,36.2348938
37830,30.97500992
37965,29.53928185
38100,29.87844658
38235,31.95280266
38370,32.55970764
38505,35.34344864
38640,34.47449112
38775,39.05094528
38910,35.49964523
39045,37.77043152
39180,40.96227646
39315,41.45087051
39450,39.80195236
39585,40.65475464
39720,44.78457642
39855,42.20487213
39990,39.42100906
40125,39.35861206
40260,43.87074661
40395,42.79040146
40530,41.96142578
40665,42.31278992
40800,45.78713608
40935,48.93780518
41070,44.41300583
41205,46.9619751
41340,44.20972824
41475,48.26847458
41610,50.83430099
41745,51.64006424
41880,47.12796783
42015,51.39635086
42150,52.32617569
42285,47.33766174
42420,48.66780472
42555,51.23321533
42690,49.45195007
42825,51.9863472
42960,53.34503174
43095,51.86051941
43230,55.57625198
43365,55.45685196
43500,57.30234909
43635,55.63828659
43770,56.65250397
43905,53.42578125
44040,55.51971817
44175,54.30796432
44310,61.41088867
44445,60.04537582
44580,57.37281036
44715,58.25140762
44850,58.44291306
44985,60.72375107
45120,56.96489334
45255,61.06882477
45390,60.54656982
45525,57.18894577
45660,60.68807983
45795,57.65310669
45930,62.77521133
46065,62.5196228
46200,62.1126976
46335,60.34178162
46470,61.74894714
46605,62.79333115
46740,61.50806808
46875,60.62977219
47010,62.82047272
47145,62.66010666
47280,59.6100502
47415,61.19155121
47550,59.40195084
47685,59.96986008
47820,60.05584335
47955,61.14245987
48090,58.81824875
48225,62.1112175
48360,63.04765701
48495,60.47679138
48630,60.42908859
48765,59.34531403
48900,60.56142807
49035,60.93911743
49170,60.47307968
49305,59.9742775
49440,61.31575775
49575,63.3078537
49710,63.88175964
49845,60.88815689
49980,61.12252045
50115,63.80886078
50250,63.0107193
50385,65.06521606
50520,61.94381332
50655,62.28115845
50790,61.98854065
50925,65.38379669
51060,64.75249481
51195,64.24466705
51330,66.24998474
51465,66.9675293
51600,65.89719391
51735,64.33605957
51870,67.16640472
52005,65.34467316
52140,67.25513458
52275,65.90084076
52410,66.69639587
52545,69.23442078
52680,69.00100708
52815,69.73564148
52950,67.63591003
53085,69.85040283
53220,70.55271149
53355,70.84299469
53490,69.64044952
53625,70.76107788
53760,70.83448029
53895,72.75596619
54030,73.95380402
54165,73.32785797
54300,73.4796524
54435,74.45809937
54570,75.14396667
54705,75.38243103
54840,78.85784912
54975,79.90544128
55110,78.66957855
55245,79.36510468
55380,79.90673828
55515,82.83555603
55650,81.70371246
55785,82.91016388
55920,85.25563049
56055,85.66641998
56190,87.32152557
56325,87.53314209
56460,89.16164398
56595,89.74017334
56730,90.51457977
56865,92.12165833
57000,98.18425751
57135,93.78905487
57270,95.26448059
57405,94.84182739
57540,97.47813416
57675,99.26125336
57810,98.08106995
57945,99.91928101
58080,101.5625305
58215,101.0082397
58350,103.1908493
58485,103.5956802
58620,105.9745255
58755,105.3939514
58890,106.6255493
59025,106.7739105
59160,108.722168
59295,108.5674973
59430,109.862236
59565,111.1926346
59700,110.1862335
59835,111.7932281
59970,112.0706863
60105,112.2878647
60240,112.3412247
60375,113.8095169
60510,113.4538574
60645,115.1815948
60780,114.2583542
60915,115.0208664
61050,116.7990494
61185,115.2975616
61320,114.9625092
61455,115.8570557
61590,117.0662537
61725,117.2918015
61860,118.4206848
61995,118.8900528
62130,119.7875366
62265,119.6025543
62400,119.9503632
62535,120.8808365
62670,122.2293243
62805,120.8026733
62940,122.6108856
63075,123.57901
63210,125.5665512
63345,125.5694504
63480,126.1100616
63615,126.4745636
63750,128.4641571
63885,129.3911285
64020,130.9266357
64155,132.3392487
64290,133.6932068
64425,134.4118958
64560,139.2228546
64695,136.6847992
64830,137.7878265
64965,138.8874969
65100,140.5840302
65235,142.7350159
65370,144.1155701
65505,145.9134827
65640,147.4111633
65775,148.6758423
65910,152.8284302
66045,153.4067535
66180,155.499588
66315,156.5878754
66450,159.0128784
66585,161.6881409
66720,163.1867981
66855,165.8849487
66990,167.6841583
67125,170.1938171
67260,172.019577
67395,174.8230133
67530,177.298996
67665,179.5992126
67800,183.2337646
67935,186.4250183
68070,187.5723114
68205,189.9947205
68340,191.0756378
68475,194.0043182
68610,197.1447601
68745,200.2462921
68880,201.9810486
69015,206.5866547
69150,209.5890808
69285,210.0247192
69420,212.7165375
69555,215.4116211
69690,219.5413361
69825,220.6879578
69960,222.1381836
70095,226.601593
70230,232.4833221
70365,232.7438202
70500,234.2198029
70635,238.5506287
70770,238.922226
70905,241.9007263
71040,246.727417
71175,248.6217346
71310,250.5238342
71445,254.8707275
71580,257.773407
71715,258.2203674
71850,261.2575073
71985,262.9665833
72120,265.484375
72255,267.8786011
72390,270.4248962
72525,272.4678345
72660,274.1392822
72795,276.2570496
72930,278.4062805
73065,280.7513733
73200,283.2693481
73335,286.4493408
73470,286.8538513
73605,288.1730347
73740,288.8535461
73875,293.3195496
74010,291.6801453
74145,293.8889771
74280,294.1912231
74415,295.2955627
74550,294.5275269
74685,296.4790344
74820,297.8380737
74955,298.7151489
75090,300.8166504
75225,302.0539551
75360,302.0378418
75495,302.1870422
75630,302.9597168
75765,305.3392334
75900,303.2677612
76035,304.7770081
76170,304.2046204
76305,305.9408569
76440,303.3575439
76575,304.3488159
76710,304.1178284
76845,303.4891357
76980,303.9824524
77115,303.9968262
77250,303.2455444
77385,303.8141785
77520,303.0083008
77655,300.64151
77790,300.5899048
77925,300.4089355
78060,299.4099731
78195,300.127533
78330,299.0619507
78465,296.8447266
78600,295.7631226
78735,295.6749878
78870,294.9551392
79005,293.0475159
79140,292.5589905
79275,291.6785889
79410,291.1928406
79545,289.1861877
79680,288.5852966
79815,288.9514465
79950,286.648468
80085,285.6251831
80220,285.6638794
80355,286.6613464
80490,286.1027222
80625,285.0381775
80760,286.1863403
80895,287.1439514
81030,286.1253662
81165,286.9936829
81300,287.3913574
81435,289.0392456
81570,289.7233887
81705,289.212677
81840,289.1435242
81975,290.8696289
82110,291.7841187
82245,291.6898804
82380,291.0372925
82515,294.3013306
82650,295.3547974
82785,294.9291382
82920,296.5426025
83055,296.8468018
83190,297.5671387
83325,299.6505127
83460,299.7203064
83595,299.2324219
83730,300.3243713
83865,302.9520264
84000,301.2416687
84135,303.9685974
84270,304.9511414
84405,309.160614
84540,308.1768494
84675,309.5465393
84810,308.1460876
84945,253.1138458
85080,217.6129608
85215,215.4833984
85350,216.1356049
85485,217.7669678
85620,218.4353638
85755,219.6171722
85890,219.7106781
86025,219.7277222
86160,223.1519928
86295,222.6160431
86430,223.4479523
86565,223.8483734
86700,227.1369171
86835,229.3927307
86970,229.046051
87105,229.0392914
87240,230.7740326
87375,231.3905182
87510,234.2051697
87645,234.9304047
87780,236.9229279
87915,235.8936768
88050,238.2724915
88185,240.4329834
88320,239.6632385
88455,239.5080872
88590,240.3410339
88725,243.0699158
88860,241.9663696
88995,242.2996521
89130,244.6107635
89265,246.3749084
89400,249.4411469
89535,249.2138824
89670,250.9078522
89805,249.7570953
89940,251.75354
90075,253.0061493
90210,255.0368042
90345,256.978363
90480,256.4629822
90615,256.6903687
90750,257.5081177
90885,256.8658447
91020,258.6117859
91155,258.7215576
91290,262.3215027
91425,260.9001465
91560,261.9671936
91695,262.7032471
91830,265.7755127
91965,265.3362427
92100,265.2548523
92235,264.7136536
92370,265.8613281
92505,267.2419128
92640,271.2805786
92775,269.4179993
92910,270.6605835
93045,269.5776062
93180,271.5448303
93315,269.5714417
93450,269.5290527
93585,269.8753052
93720,271.7792969
93855,274.1384583
93990,273.0283203
94125,275.7164612
94260,274.0861206
94395,274.315979
94530,272.0818176
94665,275.3545227
94800,275.2315674
94935,277.9323425
95070,277.1733704
95205,279.0563354
95340,278.2864075
95475,277.0334778
95610,277.1152344
95745,275.2494507
95880,273.7880554
96015,278.2264099
96150,277.3659363
96285,280.0166931
96420,278.2677307
96555,281.1137085
96690,280.256134
96825,278.5909729
96960,276.7058411
97095,275.9811707
97230,280.2003479
97365,279.3848572
97500,281.295166
97635,280.0536804
97770,280.0031128
97905,278.8397827
98040,277.2816772
98175,275.3737793
98310,274.4555664
98445,274.6992798
98580,278.868866
98715,280.1644287
98850,280.9324646
98985,276.20224
99120,275.6938782
99255,274.7226563
99390,274.9164734
99525,276.438385
99660,278.2457581
99795,277.9243774
99930,277.2905273
100065,277.04422
100200,273.2962341
100335,273.7391968
100470,275.5922546
100605,277.2704773
100740,275.3544617
100875,276.7200012
101010,273.7772522
101145,273.0734253
101280,271.0237427
101415,271.7706604
101550,267.7133789
101685,267.0682983
101820,269.4042664
101955,270.8649902
102090,271.7500916
102225,270.903595
102360,270.7446594
102495,267.4657593
102630,267.3976746
102765,268.1863403
102900,264.8052063
103035,265.7077332
103170,267.2814636
103305,268.3009644
103440,265.0295105
103575,264.142395
103710,264.5317688
103845,263.8343506
103980,263.382843
104115,263.8634644
104250,264.8395386
104385,264.3681946
104520,262.6065063
104655,263.2128601
104790,262.1678467
104925,262.0718384
105060,259.1808472
105195,256.453064
105330,259.1170959
105465,260.0613098
105600,259.6912842
105735,257.3509216
105870,259.1060486
106005,258.2050171
106140,259.1390076
106275,260.3352356
106410,258.9351807
106545,257.0001526
106680,256.3269653
106815,257.817627
106950,258.2318726
107085,257.6581116
107220,258.2661133
107355,254.9963074
107490,255.1674957
107625,253.6500244
107760,250.6012421
107895,253.2225647
108030,251.8846893
108165,252.6025543
108300,253.8823242
108435,255.3355255
108570,255.146759
108705,251.9240875
108840,254.0605316
108975,255.5413971
109110,253.3903809
109245,255.18396
109380,254.4163361
109515,254.2000885
109650,251.8001556
109785,251.1680756
109920,250.627121
110055,250.8841095
110190,250.9736633
110325,254.176712
110460,254.8754883
110595,253.4391785
110730,252.3874969
110865,251.2810211
111000,251.3175812
111135,250.6665192
111270,251.8849335
111405,253.5270691
111540,252.3498535
111675,252.5828247
111810,250.2391815
111945,251.9700928
112080,251.4976044
112215,249.2690735
112350,249.577774
112485,250.5741882
112620,249.9519653
112755,248.1663666
112890,248.3213196
113025,249.2035217
113160,246.5452118
113295,246.4442749
113430,244.9241791
113565,244.1261444
113700,245.155838
113835,244.8249207
113970,243.995575
114105,244.7019348
114240,242.8252716
114375,242.6212769
114510,241.013092
114645,240.0554504
114780,237.1226196
114915,237.6669617
115050,237.1086121
115185,241.8492737
115320,238.3067017
115455,236.1342163
115590,235.5238495
115725,233.5917664
115860,234.0048981
115995,232.8127747
116130,232.2440338
116265,231.4174957
116400,232.5961609
116535,229.3132019
116670,229.0600586
116805,228.004364
116940,226.7248993
117075,226.316391
117210,223.0168915
117345,223.2423401
117480,223.1241455
117615,224.7398376
117750,223.8106384
117885,222.0553436
118020,220.9297943
118155,217.9827881
118290,219.3903198
118425,218.0844116
118560,218.1829071
118695,217.1099243
118830,216.8576202
118965,215.9320679
119100,214.0197906
119235,214.1371613
119370,210.9891205
119505,211.5561829
119640,210.9153442
119775,209.934906
119910,209.2161865
120045,211.4408875
120180,209.2547302
120315,206.5954437
120450,204.6084747
120585,204.7302856
120720,203.3908386
120855,202.3782654
120990,202.269577
121125,202.9055939
121260,199.7763977
121395,198.0171814
121530,196.9788208
121665,194.8244934
121800,193.9773712
121935,194.2735901
122070,192.9985962
122205,193.9769745
122340,192.7458801
122475,189.0559235
122610,189.1947174
122745,187.948349
122880,187.09552
123015,184.2107239
123150,184.5895386
123285,183.511673
123420,182.6977539
123555,181.9626007
123690,179.740448
123825,179.3242035
123960,177.7190857
124095,177.4017181
124230,175.4095306
124365,174.1703644
124500,176.532486
124635,172.8883667
124770,171.8315582
124905,169.9498901
125040,166.0789948
125175,166.641037
125310,166.0811005
125445,164.1555023
125580,163.7035065
125715,161.6622467
125850,161.2755585
125985,161.4971619
126120,159.1929169
126255,157.5888062
126390,156.5731049
126525,157.0334473
126660,155.6989594
126795,155.5973663
126930,153.7814636
127065,153.1416168
127200,150.2628021
127335,149.3083038
127470,147.3810883
127605,146.8110046
127740,146.7936859
127875,146.1134796
128010,145.2388611
128145,142.8652954
128280,142.3874969
128415,140.5276031
128550,140.2650299
128685,137.9987335
128820,137.1817322
128955,136.4570465
129090,135.5040588
129225,134.6000214
129360,134.7307129
129495,134.1247864
129630,131.7160492
129765,129.1009369
129900,130.8299255
130035,129.6018829
130170,127.7782135
130305,126.8232651
130440,125.6373215
130575,123.9652023
130710,123.7862701
130845,121.7184677
130980,121.2877426
131115,120.0792084
131250,120.1169739
131385,118.4092941
131520,117.2031479
131655,116.751358
131790,116.8552856
131925,115.3457108
132060,114.7067261
132195,114.569519
132330,114.08918
132465,112.6278381
132600,111.257309
132735,110.5707397
132870,108.6375351
133005,108.7715454
133140,107.6736298
133275,106.9450226
133410,106.9852142
133545,106.7500458
133680,106.7697372
133815,104.8295135
133950,104.6123276
134085,104.2241058
134220,102.8530731
134355,102.5956421
134490,101.5979614
134625,101.0274277
134760,100.0019455
134895,100.3173752
135030,98.76309967
135165,98.1673584
135300,98.49529266
135435,97.07521057
135570,97.5173111
135705,96.09228516
135840,96.55181122
135975,95.19779968
136110,94.57681274
136245,95.22237396
136380,94.50323486
136515,94.311409
136650,92.69224548
136785,92.42195892
136920,92.45495605
137055,92.08296967
137190,90.99843597
137325,91.17388153
137460,90.7590332
137595,89.67672729
137730,88.72499847
137865,88.75579834
138000,88.72049713
138135,89.71995544
138270,88.4888916
138405,88.26130676
138540,89.19490814
138675,88.04833221
138810,87.83655548
138945,87.06716919
139080,87.3530426
139215,86.96550751
139350,86.63193512
139485,85.19367218
139620,85.20185852
139755,85.22136688
139890,85.44107056
140025,85.29871368
140160,85.05684662
140295,84.25128937
140430,84.73371887
140565,84.70441437
140700,85.20960236
140835,85.47816467
140970,85.42474365
141105,85.35928345
141240,84.61304474
141375,85.30215454
141510,84.23101807
141645,84.50175476
141780,84.12763214
141915,84.04270172
142050,85.6671524
142185,85.12137604
142320,84.80671692
142455,85.11706543
142590,85.28541565
142725,85.07445526
142860,85.70274353
142995,86.5403595
143130,86.27014923
143265,86.10527039
143400,87.04114532
143535,85.5362854
143670,85.79289246
143805,86.37451172
143940,87.18981171
144075,87.17002106
144210,87.94708252
144345,88.77294922
144480,88.23361206
144615,88.64839172
144750,88.22078705
144885,90.16836548
145020,90.68854523
145155,89.97396851
145290,90.75605774
145425,91.55063629
145560,91.36436462
145695,91.85328674
145830,92.21644592
145965,92.71569824
146100,93.67002869
146235,95.20487976
146370,94.97042847
146505,95.1655426
146640,96.36421204
146775,96.81771088
146910,96.56719208
147045,97.68605804
147180,98.55532074
147315,98.27239227
147450,98.57226563
147585,100.3557053
147720,100.4583511
147855,101.105072
147990,102.1393509
148125,103.2887955
148260,104.168541
148395,104.1939011
148530,105.3766785
148665,106.7445068
148800,107.7457581
148935,108.8011169
149070,108.4705734
149205,109.8615799
149340,111.1690063
149475,111.9679718
149610,111.508255
149745,112.8728409
149880,114.7158127
150015,115.5091782
150150,115.7348709
150285,118.1347885
150420,118.9327087
150555,119.9196396
150690,119.9979935
150825,121.2917404
150960,121.7778397
151095,124.1823196
151230,123.6972275
151365,125.2645187
151500,125.509903
151635,126.0565338
151770,128.1448822
151905,129.8688812
152040,130.0250702
152175,131.5050049
152310,133.0465851
152445,134.6140594
152580,136.174118
152715,137.2084808
152850,138.098999
152985,138.2109528
153120,139.1525421
153255,140.6716003
153390,142.2530975
153525,142.5996857
153660,144.1078644
153795,146.0414276
153930,145.9975739
154065,146.9797516
154200,149.1186829
154335,150.5503693
154470,150.9158783
154605,151.1386871
154740,153.7959137
154875,154.1402893
155010,155.5518036
155145,156.879303
155280,158.4330902
155415,158.4277954
155550,159.662384
155685,161.1733551
155820,161.870575
155955,164.5574799
156090,165.787384
156225,165.8585205
156360,167.6063385
156495,169.4439392
156630,170.6695709
156765,169.9746704
156900,171.7928619
157035,174.0186157
157170,175.1928864
157305,175.1400299
157440,176.4184723
157575,176.2613373
157710,179.0167694
157845,179.6772614
157980,180.6599731
158115,180.644455
158250,183.0891266
158385,183.5979767
158520,184.8544922
158655,184.622467
158790,187.21521
158925,187.5166168
159060,188.1033173
159195,188.1936493
159330,191.1552277
159465,191.8664856
159600,191.8327179
159735,192.0466614
159870,194.5433807
160005,195.5086212
160140,195.1377106
160275,195.6374054
160410,196.5240326
160545,197.2039948
160680,199.6542511
160815,198.3333435
160950,199.2120514
161085,200.6091766
161220,200.5947418
161355,202.7774811
161490,203.2854614
161625,202.9762115
161760,202.7740173
161895,203.3887329
162030,204.6694794
162165,206.7670593
162300,205.6324768
162435,204.2389984
162570,205.8664093
162705,206.7604218
162840,206.3960571
162975,208.5534515
163110,207.9927521
163245,208.0849457
163380,209.4776001
163515,210.2687378
163650,208.7951355
163785,208.9777222
163920,210.1532745
164055,210.2052155
164190,210.5538483
164325,209.2941284
164460,211.5885468
164595,210.7898102
164730,210.4128876
164865,210.2847443
165000,209.3500671
165135,209.9683685
165270,210.4097595
165405,211.2577972
165540,209.4781342
165675,209.3507538
165810,210.9316711
165945,209.2640533
166080,210.6705627
166215,208.9775848
166350,210.0383759
166485,210.1020203
166620,209.8549652
166755,208.6995697
166890,210.2991486
167025,210.8303833
167160,209.101532
167295,210.3499756
167430,207.5354919
167565,208.9542694
167700,207.2771454
167835,207.461319
167970,206.4241028
168105,206.3717957
168240,205.0520935
168375,207.1419525
168510,206.233078
168645,204.7414246
168780,204.8404388
168915,203.2831879
169050,204.235321
169185,203.1813965
169320,202.8193665
169455,202.1119232
169590,201.3364563
169725,201.4305878
169860,201.2283325
169995,201.2699432
170130,199.3924713
170265,198.9092255
170400,197.7224121
170535,196.8363647
170670,197.0586395
170805,197.4380951
170940,195.6501465
171075,195.644577
171210,195.0359192
171345,193.3489838
171480,194.0699921
171615,193.4449768
171750,191.4755249
171885,191.5391541
172020,190.039856
172155,191.1579742
172290,190.148819
172425,189.3858032
172560,187.3593445
172695,187.9831543
172830,186.3757019
172965,185.7977753
173100,185.1104431
173235,185.7646332
173370,183.3614502
173505,183.4181213
173640,183.2510223
173775,182.4355927
173910,181.7300873
174045,180.3490143
174180,180.8612518
174315,179.6230469
174450,178.7697144
174585,177.4688721
174720,176.2895966
174855,176.8380127
174990,176.218399
175125,175.846283
175260,174.5789795
175395,173.6464539
175530,173.1204834
175665,173.5740967
175800,171.9162292
175935,170.1703033
176070,170.8714142
176205,169.609314
176340,169.5791016
176475,169.5499725
176610,168.6994476
176745,166.7401428
176880,167.3303833
177015,166.5648651
177150,165.6100769
177285,165.2915344
177420,165.4390259
177555,164.0700378
177690,165.1628723
177825,163.6255035
177960,163.3675385
178095,162.2288971
178230,161.2007294
178365,161.346756
178500,160.1672211
178635,160.2006073
178770,159.48172
178905,159.164093
179040,158.3932495
179175,158.458847
179310,157.5995331
179445,157.3896027
179580,156.4464111
179715,156.1049347
179850,155.4223633
179985,155.0244141
180120,154.297821
180255,154.1605988
180390,153.8500366
180525,152.9656372
180660,152.9119263
180795,153.4913483
180930,132.1826935
181065,118.5121613
181200,117.2322464
181335,116.6904831
181470,116.599617
181605,115.4077301
181740,115.545723
181875,115.1918259
182010,114.3103638
182145,115.0749741
182280,114.1610107
182415,114.0417328
182550,113.4711456
182685,113.8478241
182820,112.5962906
182955,112.7983017
183090,112.7874527
183225,112.8482056
183360,112.269516
183495,112.0426941
183630,111.817421
183765,112.0183411
183900,111.3404694
184035,110.9326401
184170,110.5595627
184305,110.880867
184440,110.6275101
184575,111.1528931
184710,110.3719254
184845,110.5131836
184980,110.0442047
185115,110.2439194
185250,109.44767
185385,109.7144165
185520,108.8883133
185655,109.0725937
185790,109.289505
185925,108.3403549
186060,108.9950867
186195,108.5926285
186330,108.7884445
186465,108.4169388
186600,108.9647217
186735,108.0762253
186870,108.67173
187005,108.3657379
187140,108.7915039
187275,108.8579941
187410,108.1781235
187545,107.9152069
187680,107.6539459
187815,107.4566956
187950,108.1480713
188085,108.235466
188220,107.4305573
188355,107.3043289
188490,107.7953415
188625,107.4817581
188760,107.4182281
188895,108.0153122
189030,107.7829742
189165,107.6057358
189300,107.7010956
189435,107.2080688
189570,107.8795776
189705,107.8811264
189840,108.2427521
189975,107.7709351
190110,107.6167603
190245,108.6260605
190380,108.2556992
190515,108.1011429
190650,108.1239243
190785,108.670311
190920,108.4937057
191055,109.3793869
191190,109.1534882
191325,109.0566864
191460,109.0729752
191595,108.6870499
191730,109.5457153
191865,109.6036911
192000,109.8150711
192135,109.5697784
192270,109.6687698
192405,109.6735306
192540,109.7290344
192675,110.5623093
192810,110.4816208
192945,111.0877228
193080,110.7106476
193215,111.3006439
193350,111.3464661
193485,111.8417816
193620,111.5715332
193755,112.0271149
193890,111.5858307
194025,112.7203827
194160,112.1868591
194295,112.8879471
194430,112.6351166
194565,113.7118149
194700,113.7928619
194835,113.8764725
194970,114.1021805
195105,114.8313751
195240,114.6818924
195375,114.196701
195510,114.4024506
195645,114.9674606
195780,114.646553
195915,115.7445526
196050,116.4911957
196185,115.4275742
196320,116.881012
196455,116.8320465
196590,116.7306595
196725,116.7795868
196860,117.5591431
196995,118.7646255
197130,118.3255005
197265,118.640358
197400,118.7754211
197535,118.4273911
197670,119.3346405
197805,119.8929596
197940,120.1112595
198075,120.6259613
198210,119.8687286
198345,120.7378387
198480,120.7180099
198615,121.6451035
198750,122.1331711
198885,122.0636215
199020,123.2408371
199155,122.7332993
199290,122.5518723
199425,123.1137085
199560,123.348999
199695,124.1999283
199830,124.4655609
199965,125.0018005
200100,125.1102753
200235,125.1116409
200370,125.3001938
200505,125.9508286
200640,125.7306137
200775,126.3003693
200910,126.9263458
201045,126.602829
201180,127.2229767
201315,127.6267166
201450,127.3297119
201585,129.2883148
201720,127.9499741
201855,129.0279083
201990,129.0589294
202125,130.3026886
202260,129.4234619
202395,129.9935303
202530,131.108078
202665,131.3027344
202800,131.2757568
202935,131.6938629
203070,132.5848846
203205,132.1667633
203340,132.8376617
203475,132.0116882
203610,133.1996307
203745,133.037796
203880,133.7625122
204015,133.9470215
204150,134.236969
204285,134.4306641
204420,134.526535
204555,134.3431549
204690,134.5364532
204825,136.0366058
204960,135.6216125
205095,136.4276581
205230,136.3931122
205365,136.2366791
205500,136.6799927
205635,136.2525024
205770,136.7121735
205905,137.1453552
206040,137.2416534
206175,137.9296265
206310,138.5656128
206445,139.0103149
206580,138.2384338
206715,139.3482208
206850,139.7577362
206985,139.8093109
207120,140.3740082
207255,140.2762146
207390,139.0890961
207525,140.3650055
207660,139.9033661
207795,141.2316132
207930,141.5014343
208065,142.2082214
208200,141.5659637
208335,142.8247833
208470,142.9856873
208605,142.2991791
208740,143.283905
208875,142.9849701
209010,142.5704651
209145,143.3723145
209280,143.8871307
209415,142.9958344
209550,143.9131012
209685,145.2574921
209820,144.3739014
209955,144.4789734
210090,144.5641937
210225,145.0801544
210360,145.312912
210495,146.0895996
210630,144.9612732
210765,145.7645264
210900,145.0493164
211035,147.3204803
211170,145.8277435
211305,146.5417938
211440,145.7220154
211575,147.661911
211710,147.3004303
211845,147.3873444
211980,147.4159546
212115,148.603775
212250,147.5668182
212385,147.8588562
212520,147.861908
212655,149.4017334
212790,148.8713989
212925,148.7714233
213060,148.4958038
213195,149.9011536
213330,149.7648926
213465,149.6318359
213600,149.2261353
213735,149.3249817
213870,150.1402435
214005,149.811615
214140,150.8382568
214275,149.7381134
214410,150.4714661
214545,149.6742096
214680,151.5005341
214815,151.6726379
214950,151.1033478
215085,150.9834442
215220,150.8036652
215355,151.4884338
215490,151.394043
215625,151.5549164
215760,151.5775909
215895,151.9589081
216030,152.1093903
216165,152.0888214
216300,152.1656189
216435,153.1564941
216570,152.5016479
216705,153.5743713
216840,153.7815247
216975,153.7187653
217110,154.2018433
217245,152.4456329
217380,153.7994232
217515,153.6288757
217650,154.5358429
217785,154.0137787
217920,154.5563965
218055,153.9816132
218190,155.1937256
218325,154.758606
218460,154.7675934
218595,154.766922
218730,154.4207916
218865,155.1185303
219000,155.0635681
219135,154.4425507
219270,154.7205658
219405,154.3755951
219540,155.7890472
219675,156.8260345
219810,155.6917877
219945,156.4313202
220080,155.7051544
220215,155.6321564
220350,156.4670563
220485,156.8763733
220620,156.2121277
220755,156.4680939
220890,155.8699341
221025,157.4701996
221160,158.1306915
221295,156.5910645
221430,157.3212585
221565,157.5738373
221700,156.4856262
221835,158.2067108
221970,158.072113
222105,157.5131836
222240,157.3418884
222375,158.4920502
222510,157.5041656
222645,159.4069672
222780,158.6690979
222915,157.8139343
223050,158.1559906
223185,158.2387238
223320,159.1323547
223455,159.4815521
223590,158.2335205
223725,158.506485
223860,158.0665894
223995,158.8748474
224130,160.5148773
224265,159.9283142
224400,159.9311523
224535,159.0901794
224670,159.37883
224805,159.2458191
224940,160.365921
225075,161.4438477
225210,160.6140594
225345,160.3116913
225480,159.9085693
225615,161.8124695
225750,161.0478058
225885,160.839035
226020,160.7260437
226155,160.6435089
226290,160.3347321
226425,161.1632233
226560,162.230957
226695,160.5238037
226830,161.2155609
226965,160.5822754
227100,162.4691772
227235,161.9558105
227370,161.1663971
227505,160.9473114
227640,160.9350739
227775,161.8198853
227910,161.838623
228045,160.7677765
228180,162.0402374
228315,160.853241
228450,161.8406677
228585,161.4880829
228720,161.3423615
228855,161.6490173
228990,161.9872894
229125,161.0970764
229260,162.3585358
229395,161.3186798
229530,160.5289154
229665,162.0252228
229800,162.5533905
229935,163.7683716
230070,162.1753082
230205,162.4649353
230340,162.297699
230475,162.1890411
230610,162.9622498
230745,162.9904938
230880,161.7636108
231015,162.289566
231150,162.9798279
231285,161.7189941
231420,164.0324249
231555,162.2916412
231690,162.8106079
231825,162.1383362
231960,162.1513824
232095,162.1022186
232230,162.8364258
232365,163.792984
232500,162.3653412
232635,162.3457489
232770,162.5384979
232905,161.965744
233040,162.8962402
233175,162.9594116
233310,162.1799774
233445,162.2140045
233580,161.8742065
233715,162.920929
233850,163.5730286
233985,162.0909119
234120,162.420578
234255,162.6402893
234390,163.4958191
234525,162.007019
234660,162.6616364
234795,161.3851013
234930,163.2848663
235065,161.4480438
235200,162.0773468
235335,161.4154053
235470,161.3598328
235605,161.0209198
235740,162.1824951
235875,163.4639587
236010,162.0707855
236145,161.0924683
236280,161.2355194
236415,161.0400238
236550,160.8215485
236685,161.5522003
236820,162.803421
236955,160.6738281
237090,161.2123871
237225,161.1439056
237360,160.706192
237495,161.115799
237630,161.3816833
237765,159.9115906
237900,160.1206818
238035,161.2219696
238170,159.9350586
238305,159.5772247
238440,160.6804352
238575,160.3516846
238710,159.5162048
238845,159.0172119
238980,160.1467743
239115,160.2455597
239250,159.3931732
239385,158.8997345
239520,159.8260498
239655,159.7281799
239790,158.6926422
239925,158.3486786
240060,159.3722076
240195,159.0041351
240330,158.0641632
240465,158.2041626
240600,158.7422028
240735,158.5411835
240870,158.0816803
241005,157.7596893
241140,158.2167053
241275,158.2811432
241410,158.9963989
241545,157.3724518
241680,158.1622009
241815,157.2275085
241950,156.5644836
242085,157.3642426
242220,157.3402405
242355,156.2739258
242490,156.6156464
242625,157.0953827
242760,156.1758118
242895,157.1161957
243030,156.5213318
243165,156.3544006
243300,155.4374847
243435,156.7299347
243570,155.5641785
243705,155.3238831
243840,155.2616882
243975,156.3577118
244110,154.7199554
244245,155.081131
244380,153.733551
244515,155.6446533
244650,153.7136536
244785,154.5187225
244920,154.5374908
245055,154.3029785
245190,153.7850037
245325,153.1539917
245460,154.258728
245595,153.7641907
245730,152.8604889
245865,152.4772491
246000,152.7635498
246135,152.7457886
246270,152.8881073
246405,153.4806213
246540,152.0100098
246675,151.9777832
246810,151.8551941
246945,152.6311493
247080,151.0310059
247215,151.2480774
247350,151.2708282
247485,150.1459045
247620,150.264801
247755,150.9427643
247890,150.6530151
248025,149.7566223
248160,149.3902283
248295,149.8650665
248430,149.6985779
248565,149.6330566
248700,149.6334534
248835,148.522583
248970,148.4473572
249105,147.7229004
249240,148.5550232
249375,149.2063446
249510,147.6986694
249645,148.1008453
249780,147.6642151
249915,148.4271698
250050,147.7653656
250185,146.4928589
250320,146.4768219
250455,146.2746124
250590,146.8448334
250725,145.6928406
250860,147.1570892
250995,146.3672638
251130,145.5798645
251265,144.774353
251400,144.1230469
251535,144.1641388
251670,144.3999939
251805,145.5021057
251940,144.4148102
252075,144.3612213
252210,143.7801666
252345,143.1961212
252480,144.0520172
252615,143.6850281
252750,142.9990234
252885,142.2602692
253020,142.8570862
253155,142.4342804
253290,141.6250305
253425,141.2736206
253560,141.2116852
253695,141.0356445
253830,141.4646149
253965,141.5082855
254100,140.667923
254235,139.8707275
254370,139.4230957
254505,139.7862244
254640,139.8149261
254775,138.913269
254910,139.7313232
255045,138.8596191
255180,137.9713593
255315,137.3655548
255450,138.407486
255585,137.3624115
255720,136.6944885
255855,136.8023682
255990,136.3445892
256125,136.4736633
256260,136.1429901
256395,135.0730591
256530,135.2771454
256665,134.2787476
256800,134.7816925
256935,135.6099396
257070,134.1450653
257205,134.4459229
257340,133.8072662
257475,134.1655121
257610,132.5739136
257745,132.8253784
257880,131.7498322
258015,132.7605591
258150,131.799881
258285,131.9271545
258420,130.5567932
258555,131.107666
258690,130.0248718
258825,130.6082001
258960,129.4165497
259095,128.7707214
259230,128.7787933
259365,129.0039825
259500,128.0291443
259635,127.736824
259770,127.8159866
259905,127.3764725
260040,126.5293274
260175,126.3495483
260310,126.3128204
260445,125.7488708
260580,125.7300339
260715,125.4311371
260850,124.3300018
260985,124.0129395
261120,123.4945602
261255,123.839035
261390,124.2588654
261525,123.4182892
261660,123.5868683
261795,122.9002686
261930,123.2060623
262065,122.1980209
262200,122.2613449
262335,121.1488495
262470,120.6890717
262605,120.1248627
262740,120.3442535
262875,119.536026
263010,119.8718414
263145,119.9564896
263280,119.3827133
263415,119.4032974
263550,117.9958801
263685,117.9148102
263820,117.5212173
263955,117.3910141
264090,117.7969894
264225,117.8820267
264360,118.0058517
264495,116.3499146
264630,116.2618027
264765,115.7392273
264900,115.513916
265035,116.0105362
265170,115.6277313
265305,116.182785
265440,114.7059097
265575,114.4410706
265710,114.000267
265845,113.4864273
265980,113.7509995
266115,112.9041748
266250,112.8263168
266385,112.898674
266520,113.3072815
266655,113.2933655
266790,112.2905579
266925,111.7407227
267060,112.3054123
267195,112.4356918
267330,112.5529022
267465,111.8181458
267600,111.8643494
267735,111.5461502
267870,111.8194504
268005,110.6613922
268140,110.708252
268275,110.6625443
268410,111.0651474
268545,109.9874878
268680,110.3444443
268815,110.5065231
268950,109.9464951
269085,109.4829254
269220,109.9073257
269355,110.3843155
269490,108.847435
269625,109.1145935
269760,108.9560776
269895,108.761116
270030,108.945961
270165,108.9980469
270300,107.7850723
270435,107.9653854
270570,108.1519852
270705,107.5011292
270840,108.4588623
270975,108.1249847
271110,108.1654205
271245,107.9437943
271380,107.8283768
271515,107.747467
271650,107.6407623
271785,106.9488449
271920,107.1228104
272055,107.4413757
272190,107.2627869
272325,108.0338287
272460,106.9078598
272595,106.8317719
272730,106.0687027
272865,106.939209
273000,106.3213196
273135,105.930748
273270,105.367691
273405,106.4611435
273540,106.3997726
273675,105.8154602
273810,106.1615067
273945,106.1293259
274080,105.2276077
274215,105.4470367
274350,105.4330444
274485,104.6456146
274620,104.4917297
274755,104.8696442
274890,104.7925873
275025,104.1868286
275160,105.1264267
275295,104.700325
275430,104.3732758
275565,104.1503983
275700,104.4673996
275835,104.275444
275970,104.1191635
276105,104.7188416
276240,104.3927231
276375,103.6852951
276510,103.4964981
276645,103.2376099
276780,103.4697342
276915,87.08459473
277050,77.22515869
277185,76.18305969
277320,75.7939682
277455,75.31361389
277590,74.92792511
277725,75.04614258
277860,75.46492767
277995,74.89438629
278130,75.11449432
278265,75.50924683
278400,75.73892212
278535,75.45879364
278670,74.29035187
278805,74.15872955
278940,74.46259308
279075,74.67462921
279210,74.43185425
279345,74.45709229
279480,74.63401794
279615,74.6355896
279750,73.93456268
279885,73.93927002
280020,73.9613266
280155,73.42129517
280290,73.58763123
280425,73.69889069
280560,73.962883
280695,73.22769165
280830,73.40698242
280965,73.2676239
281100,73.37575531
281235,72.64608002
281370,72.92332458
281505,72.98467255
281640,73.08637238
281775,73.43733215
281910,72.63319397
282045,72.77304077
282180,72.14381409
282315,72.79798889
282450,72.30492401
282585,72.26744843
282720,71.97345734
282855,71.90383148
282990,71.72373962
283125,72.31198883
283260,72.44558716
283395,71.61707306
283530,71.59012604
283665,71.83911896
283800,71.02159882
283935,71.16072845
284070,71.19326782
284205,71.25715637
284340,71.93643188
284475,71.7881546
284610,71.52864075
284745,70.86643982
284880,70.73769379
285015,71.1703186
285150,70.69801331
285285,70.66620636
285420,70.50872803
285555,70.56256866
285690,70.55287933
285825,70.75268555
285960,70.57640076
286095,69.80000305
286230,69.95345306
286365,70.2529068
286500,70.33371735
286635,69.85199738
286770,69.75836182
286905,69.80883026
287040,70.14252472
287175,70.47537994
287310,70.07103729
287445,69.2767334
287580,69.34164429
287715,69.42201233
287850,69.67108917
287985,69.66395569
288120,68.84963226
288255,68.98497772
288390,68.8270874
288525,69.10418701
288660,69.49866486
288795,68.83202362
288930,68.31179047
289065,69.2353363
289200,69.08029175
289335,68.83446503
289470,68.28733826
289605,68.27226257
289740,68.04509735
289875,67.92152405
290010,68.81064606
290145,68.41509247
290280,68.00267792
290415,67.9091568
290550,67.9041214
290685,67.84169769
290820,68.06793213
290955,67.76625061
291090,67.38321686
291225,67.58519745
291360,67.62113953
291495,67.5286026
291630,67.53320313
291765,67.29203796
291900,66.80522156
292035,67.18177795
292170,67.40059662
292305,67.3877182
292440,67.63710785
292575,67.21565247
292710,67.04202271
292845,66.5796051
292980,66.96549988
293115,66.71374512
293250,66.10838318
293385,66.22445679
293520,66.45902252
293655,66.80316925
293790,67.11213684
293925,66.21272278
294060,66.12446594
294195,66.21839142
294330,66.43052673
294465,65.93688202
294600,66.37507629
294735,66.0979538
294870,65.94033051
295005,65.61772919
295140,66.19174194
295275,65.06736755
295410,65.50232697
295545,65.27835846
295680,66.09872437
295815,65.02141571
295950,65.57403564
296085,65.23482513
296220,64.87436676
296355,65.19591522
296490,65.47039032
296625,64.64330292
296760,64.52761841
296895,64.95290375
297030,64.96757507
297165,64.48447418
297300,64.55718994
297435,64.42669678
297570,65.15097809
297705,65.0812149
297840,64.10048676
297975,64.33361053
298110,64.24900818
298245,65.00363159
298380,64.79698944
298515,64.5563736
298650,64.04309845
298785,63.7819252
298920,63.68130112
299055,63.61558914
299190,63.35031128
299325,63.49647903
299460,63.71794128
299595,63.22319031
299730,63.55046844
299865,63.79203033
300000,63.77529526
301350,63.47279739
302700,62.24737549
304050,61.35224915
305400,61.45340347
306750,61.39216232
308100,60.16151047
309450,59.77610779
310800,59.28030396
312150,59.33786011
313500,58.75033951
314850,59.15182495
316200,58.67254257
317550,58.88397217
318900,58.52454758
320250,58.19057846
321600,58.74663925
322950,58.54771042
324300,58.71775055
325650,58.4473381
327000,58.8557663
328350,59.32088089
329700,58.92944336
331050,58.75545883
332400,58.76489258
333750,59.6108551
335100,60.3213501
336450,59.27342606
337800,59.35621262
339150,59.84542847
340500,60.43482971
341850,59.62548447
343200,59.71737289
344550,60.10863876
345900,60.30000305
347250,59.122509
348600,58.70863342
349950,57.37782669
351300,57.77804947
352650,57.02737045
354000,56.87717819
355350,55.96162415
356700,55.78787994
358050,54.55437469
359400,53.86143112
360750,52.27595901
362100,52.23835754
363450,50.85791397
364800,49.71997452
366150,49.10655212
367500,49.00624847
368850,47.48154068
370200,46.07335663
371550,44.67327499
372900,44.18373108
374250,36.64981842
375600,30.97894478
376950,29.94005394
378300,29.01509476
379650,28.42714882
381000,27.6613903
382350,26.94416809
383700,26.07041168
385050,25.39482689
386400,24.94844627
387750,24.31228638
389100,23.51991653
390450,23.14895439
391800,22.5056572
393150,22.00692558
394500,21.70015526
395850,20.82625008
397200,20.1460228
398550,19.55484581
399900,19.71174431
401250,19.35778046
402600,18.68878937
403950,18.45837021
405300,18.42008781
406650,18.58246422
408000,18.69829369
409350,18.81633186
410700,18.58752632
412050,19.15701866
413400,19.32617378
414750,19.86170387
416100,20.00931168
417450,19.85491943
418800,19.25086784
420150,19.36855316
421500,19.1937561
422850,19.60501289
424200,19.94884682
425550,20.35747147
426900,20.92936325
428250,21.49342537
429600,21.05650902
430950,21.72904015
432300,21.06255531
433650,21.4013176
435000,21.62436676
436350,21.57199478
437700,22.41921997
439050,22.37748337
440400,21.67943001
441750,20.50239754
443100,19.83634186
444450,19.55736923
445800,19.21590614
447150,18.76091576
448500,18.7256794
449850,18.68516922
451200,21.47086716
452550,19.40376472
453900,18.17095566
455250,17.80520248
456600,17.77948189
457950,18.0199852
459300,17.88422966
460650,18.51901245
462000,19.80323601
463350,20.25121498
464700,21.17681122
466050,21.61277199
467400,22.07063103
468750,22.16959763
470100,20.11374092
471450,17.76986885
472800,17.73970795
474150,19.36135864
475500,20.01167679
476850,21.06137848
478200,21.23892593
479550,22.0427475
480900,22.04961586
482250,23.97352028
483600,24.91404152
484950,27.57403374
486300,28.20557404
487650,29.31548119
489000,34.16275787
490350,32.10807419
491700,32.50246048
493050,34.06758118
494400,38.46936798
495750,41.05330276
497100,44.20456314
498450,45.18132401
499800,46.17475891
501150,47.5898819
502500,48.34810638
503850,50.96321869
505200,51.72966003
506550,54.22130966
507900,53.39281082
509250,52.98238373
510600,52.15113068
511950,51.54912186
513300,49.80513763
514650,49.73342514
516000,49.70923233
517350,48.88381195
518700,47.3404274
520050,45.64788437
521400,44.60228348
522750,43.67423248
524100,43.05760193
525450,41.17775726
526800,40.22553635
528150,38.1962471
529500,37.02531052
530850,36.07703018
532200,35.10034561
533550,34.64719391
534900,32.67906189
536250,32.42058945
537600,30.94900703
538950,31.04806328
540300,30.21331978
541650,30.02129745
543000,29.11603928
544350,29.23999786
545700,28.77329063
547050,27.94832802
548400,27.65933228
549750,26.86156082
551100,26.45208931
552450,25.90827179
553800,25.82992744
555150,25.38856316
556500,24.79986572
557850,24.28071785
559200,24.29877663
560550,24.08384705
561900,23.83478737
563250,22.82559776
564600,23.07276154
565950,20.9295845
567300,17.93856239
568650,16.3610611
570000,15.66363621
571350,15.03944969
572700,14.92491245
574050,15.41424084
575400,15.62376213
576750,14.38821697
578100,14.42218208
579450,14.71491337
580800,14.3678093
582150,14.69263172
583500,14.51449871
584850,14.81860733
586200,14.77422905
587550,14.9882679
588900,14.6377039
590250,15.0203867
591600,16.78622818
592950,14.99353886
594300,14.86080456
595650,15.11587811
597000,15.29094028
598350,15.21388721
599700,15.04262066
601050,15.95691395
602400,16.10848236
603750,16.0726738
605100,16.6102581
606450,17.67020988
607800,16.46990776
609150,17.31633377
610500,18.02154732
611850,17.53386688
613200,17.76880074
614550,17.64848518
615900,17.63051796
617250,18.52297783
618600,18.16285896
619950,18.21759224
621300,18.25184441
622650,18.17038918
624000,18.321558
625350,18.58608437
626700,19.3650322
628050,19.67867661
629400,19.32396126
630750,18.97067833
632100,19.70496559
633450,17.57358932
634800,17.87129784
636150,18.00090981
637500,17.79454994
638850,18.02176857
640200,19.42817688
641550,17.27028847
642900,17.20053864
644250,16.6179657
645600,16.5696106
646950,16.05709839
648300,16.62538338
649650,15.97136402
651000,15.71250248
652350,14.92713356
653700,15.1768713
655050,15.39673328
656400,13.59919643
657750,13.59000397
659100,13.17000294
660450,12.68943501
661800,11.46944809
663150,9.601821899
664500,9.156394958
665850,8.677461624
667200,8.096774101
668550,7.448819637
669900,7.235319138
671250,7.071485043
672600,7.342037678
673950,6.948420525
675300,7.368995667
676650,7.244645596
678000,7.336167812
679350,6.805789948
680700,5.833314419
682050,5.34014082
683400,5.688641071
684750,5.528398514
686100,5.422540188
687450,7.232519627
688800,5.707431316
690150,5.275856018
691500,5.099771023
692850,4.945055008
694200,4.718736172
695550,5.0717659
696900,5.047327518
698250,5.036436081
699600,4.800638199
700950,4.509795189
702300,4.52097702
703650,6.162059784
705000,4.859581947
706350,4.71432972
707700,4.609101295
709050,4.723762989
710400,5.647893906
711750,4.653247833
713100,4.301296234
714450,4.377821922
715800,3.930829763
717150,3.999421358
718500,4.052602768
719850,3.855580568
721200,4.571551323
722550,4.670797825
723900,4.705075264
725250,4.034939766
726600,4.353971004
727950,4.113764763
729300,5.013797283
730650,4.801260471
732000,4.65558815
733350,5.478702068
734700,4.925796032
736050,4.47336483
737400,4.266120911
738750,4.046896935
740100,4.116462231
741450,4.373168945
742800,4.278762817
744150,4.352910995
745500,4.476729393
746850,4.498566151
748200,4.534410477
749550,4.241547585
750900,4.069815636
752250,4.141343117
753600,3.996315241
754950,4.386213303
756300,4.798044205
757650,3.48457098
759000,2.838705063
760350,2.896383524
761700,2.741585732
763050,2.499354601
764400,2.396589756
765750,2.31176424
767100,2.481525183
768450,2.766145468
769800,2.670333147
771150,2.387755394
772500,4.329535484
773850,4.860876083
775200,3.150622606
776550,2.329073429
777900,2.120080233
779250,2.026614666
780600,1.998742461
781950,2.228266478
783300,2.09340024
784650,2.384717464
786000,2.243857622
787350,2.058704138
788700,2.062094688
790050,2.133127451
791400,2.104765892
792750,2.202059031
794100,2.132219076
795450,2.214241266
796800,2.34755969
798150,2.235208511
799500,2.158399105
800850,2.231834412
802200,2.208199501
803550,2.265346766
804900,2.188180447
806250,2.239014864
807600,2.264317513
808950,2.218226671
810300,2.211117983
811650,2.288564682
813000,2.343235254
814350,2.377901316
815700,2.425433874
817050,2.448093653
818400,2.385458708
819750,2.580734968
821100,2.354619503
822450,2.391559124
823800,2.343923807
825150,2.900391102
826500,3.436900139
827850,2.845508814
829200,2.628894329
830550,2.410088778
831900,2.409531116
833250,2.835635662
834600,2.48150301
835950,2.394955397
837300,2.542369604
838650,2.437118292
840000,2.372457027
841350,2.533699512
842700,2.401116371
844050,2.370827913
845400,2.445597649
846750,2.450327396
848100,2.701200724
849450,6.460425854
850800,3.866807461
852150,3.080905676
853500,2.321650743
854850,1.831424117
856200,1.888038397
857550,1.967515826
858900,1.94535768
860250,1.897028565
861600,2.044178724
862950,2.269958496
864300,2.188192368
865650,2.108801603
867000,2.15610671
868350,2.20810008
869700,2.075781584
871050,1.959657073
872400,2.036883831
873750,1.986050963
875100,2.023317814
876450,2.277560949
877800,2.076190948
879150,1.896110892
880500,1.977689505
881850,2.119565248
883200,2.187167883
884550,2.283599138
885900,2.305511475
887250,2.337309361
888600,3.095177174
889950,2.732074499
891300,2.647243738
892650,2.324620008
894000,2.286113739
895350,2.475252628
896700,2.458161831
898050,2.722802877
899400,2.556057453
900750,4.459795952
902100,3.40282774
903450,2.612602234
904800,4.848320961
906150,6.62140274
907500,5.192806244
908850,3.820494652
910200,3.601167202
911550,3.975545406
912900,11.72808933
914250,8.679918289
915600,5.904470444
916950,7.184432507
918300,6.597867012
919650,4.764070034
921000,3.81063056
922350,3.4707129
923700,3.422060728
925050,3.212646008
926400,3.729679346
927750,3.25553751
929100,3.946350813
930450,3.27188921
931800,3.056050062
933150,3.103114843
934500,4.608267307
935850,3.876635313
937200,4.362866402
938550,4.299728394
939900,3.837342024
941250,3.84374404
942600,3.218130589
943950,3.18792963
945300,5.037221909
946650,4.210062027
948000,3.673833609
949350,3.530785799
950700,3.832529783
952050,3.428391218
953400,2.64011693
954750,2.283382654
956100,2.4447577
957450,3.386711359
958800,2.783958673
960150,2.295821428
961500,2.502282619
962850,2.269149065
964200,2.437877178
965550,2.623324633
966900,3.002627611
968250,3.422411203
969600,3.04146266
970950,2.897928476
972300,3.021376133
973650,4.058645725
975000,3.325885773
976350,3.710158825
977700,3.1757586
979050,3.335291624
980400,3.324967623
981750,3.313486338
983100,3.523219347
984450,3.687229156
985800,3.62780714
987150,4.984397411
988500,4.716629505
989850,4.135571003
991200,3.754379511
992550,3.715405226
993900,4.698876381
995250,7.047795296
996600,5.411774158
997950,5.875724316
999300,4.338551044
1000650,3.516194105
1002000,3.217830896
1003350,3.925511599
1004700,5.079846382
1006050,3.731745243
1007400,4.582081795
1008750,3.996233702
1010100,3.819440842
1011450,3.426556349
1012800,4.546956539
1014150,3.656208992
1015500,3.776761532
1016850,3.683954716
1018200,3.487667084
1019550,3.014942884
1020900,3.215057135
1022250,3.70653677
1023600,3.161241531
1024950,2.948475122
1026300,3.201004982
1027650,3.495560408
1029000,3.786725283
1030350,4.144742489
1031700,4.041148663
1033050,3.90760231
1034400,3.642456532
1035750,4.103318214
1037100,5.161130905
1038450,4.838880062
1039800,4.505888939
1041150,9.108926773
1042500,5.811908722
1043850,4.574069977
1045200,4.415732861
1046550,2.885153532
1047900,2.539529324
1049250,2.436647892
1050600,2.531297207
1051950,4.462119579
1053300,4.784633636
1054650,4.089073658
1056000,4.347197056
1057350,2.939829111
1058700,2.277071238
1060050,2.338176489
1061400,2.640918493
1062750,2.725771904
1064100,2.767764807
1065450,3.524385691
1066800,4.275310993
1068150,2.781560898
1069500,2.363735199
1070850,2.208696842
1072200,2.496795416
1073550,2.644079685
1074900,2.54380846
1076250,2.767866373
1077600,2.954236269
1078950,6.379730701
1080300,4.20793581
1081650,2.873434544
1083000,2.590044498
1084350,3.312142134
1085700,4.100365639
1087050,3.490009069
1088400,3.641843319
1089750,2.904400826
1091100,2.589832067
1092450,2.376348019
1093800,2.379189014
1095150,2.429107904
1096500,2.554891825
1097850,2.639827013
1099200,3.169652224
1100550,3.519907713
1101900,3.414736509
1103250,3.032199621
1104600,3.218984365
1105950,2.668311834
1107300,3.038139105
1108650,3.3121171
1110000,3.777782679
1111350,4.483721256
1112700,4.645476818
1114050,3.62135601
1115400,3.164969683
1116750,3.029112577
1118100,3.249052525
1119450,6.678104401
1120800,4.326870441
1122150,3.999462128
1123500,4.847498417
1124850,5.63210535
1126200,4.625769615
1127550,4.013728142
1128900,3.633675575
1130250,3.790214777
1131600,4.771122932
1132950,5.713908672
1134300,4.479858398
1135650,5.267384529
1137000,5.380278111
1138350,4.082937241
1139700,3.743957996
1141050,3.284285545
1142400,2.819008112
1143750,2.950507164
1145100,3.220866442
1146450,3.577693701
1147800,3.838615417
1149150,4.908531666
1150500,3.279467821
1151850,3.251251698
1153200,3.294308424
1154550,3.110907316
1155900,3.344536304
1157250,5.010160446
1158600,5.624405384
1159950,4.274735451
1161300,3.22628665
1162650,3.024307013
1164000,2.930062056
1165350,2.726742983
1166700,4.048553467
1168050,3.469045162
1169400,3.39511919
1170750,3.942574263
1172100,3.916129112
1173450,4.055449486
1174800,4.127873421
1176150,5.644915581
1177500,4.824083805
1178850,5.067446232
1180200,4.18866539
1181550,4.58976078
1182900,5.477312565
1184250,3.608123064
1185600,3.0870049
1186950,3.058780432
1188300,2.991546392
1189650,2.943669558
1191000,2.936299801
1192350,3.629746675
1193700,4.173202991
1195050,9.008876801
1196400,9.221158981
1197750,8.281528473
1199100,5.42129612
1200450,3.801303864
1201800,5.644423962
1203150,4.475347996
1204500,3.962079763
1205850,3.533519506
1207200,3.856784344
1208550,3.216363668
1209900,2.956856489
1211250,2.776536226
1212600,2.95738101
1213950,3.625790596
1215300,4.027140141
1216650,3.643046141
1218000,4.563688278
1219350,4.887200356
1220700,4.041359901
1222050,3.925909758
1223400,3.028921366
1224750,3.072080612
1226100,2.930844545
1227450,3.264964581
1228800,5.29585743
1230150,6.36262846
1231500,4.37533474
1232850,2.997037888
1234200,3.045920372
1235550,2.485591173
1236900,2.669196367
1238250,2.738916636
1239600,3.041554928
1240950,3.833159924
1242300,4.048258781
1243650,5.138464928
1245000,7.890231609
1246350,4.606976032
1247700,3.080048561
1249050,1.969535828
1250400,2.248192072
1251750,2.920336246
1253100,4.948732376
1254450,5.481942654
1255800,3.930877686
1257150,2.413585186
1258500,1.765223265
1259850,1.598968029
1261200,2.181570768
1262550,2.739690304
1263900,3.345618963
1265250,2.83517909
1266600,2.418919563
1267950,2.377025843
1269300,2.169393301
1270650,1.900039077
1272000,2.037182331
1273350,2.489209414
1274700,2.622059822
1276050,2.299943447
1277400,2.466581821
1278750,2.313522339
1280100,1.893854737
1281450,1.894086719
1282800,1.869236112
1284150,2.258206129
1285500,2.236074686
1286850,3.209599972
1288200,2.62867856
1289550,2.479687214
1290900,2.277359486
1292250,2.22526741
1293600,2.285768986
1294950,2.338652134
1296300,2.34157443
1297650,2.589961529
1299000,2.484640121
1300350,3.166726589
1301700,4.320347786
1303050,4.532399178
1304400,2.994793892
1305750,3.602149487
1307100,2.382744074
1308450,2.109932423
1309800,2.207348108
1311150,2.439883232
1312500,3.092875719
1313850,3.318176985
1315200,2.82124877
1316550,2.50197053
1317900,2.595643997
1319250,2.773663044
1320600,3.067949057
1321950,2.911752939
1323300,3.049389601
1324650,2.664026499
1326000,2.475870609
1327350,2.914845228
1328700,2.744991064
1330050,2.682020426
1331400,3.620480776
1332750,3.060456753
1334100,2.362378597
1335450,2.374145031
1336800,2.516069412
1338150,2.343065023
1339500,2.151608706
1340850,2.398002625
1342200,2.513977289
1343550,3.037159681
1344900,2.377439976
1346250,2.087490559
1347600,2.071918964
1348950,2.08984375
1350300,1.90286696
1351650,1.907117724
1353000,1.819460392
1354350,1.720461369
1355700,2.283491611
1357050,2.322495699
1358400,2.310269833
1359750,2.554768085
1361100,2.420058489
1362450,2.046349764
1363800,2.141825914
1365150,2.013177872
1366500,1.958238125
1367850,2.626292229
1369200,2.168132067
1370550,2.063405037
1371900,2.392834425
1373250,2.792107105
1374600,2.354406357
1375950,2.833488226
1377300,3.379553556
1378650,2.796844006
1380000,3.072631359
1381350,3.224045515
1382700,3.577342987
1384050,4.141523838
1385400,3.446141481
1386750,2.686062098
1388100,1.973167419
1389450,1.843282223
1390800,2.512228966
1392150,2.762990713
1393500,2.761091948
1394850,2.686516762
1396200,2.56713891
1397550,3.209689617
1398900,3.102000952
1400250,2.502902508
1401600,2.51622653
1402950,3.360968113
1404300,3.022533894
1405650,3.681937695
1407000,2.862672567
1408350,2.391139269
1409700,5.371417046
1411050,4.129607201
1412400,2.972737074
1413750,3.255581856
1415100,3.778353691
1416450,3.43599987
1417800,5.128042698
1419150,3.368022442
1420500,2.591858387
1421850,2.813815594
1423200,3.185093403
1424550,2.957562208
1425900,5.376764297
1427250,3.741110325
1428600,3.307547331
1429950,2.957750797
1431300,2.630433559
1432650,2.252631664
1434000,3.072811842
1435350,2.531611919
1436700,2.31957674
1438050,3.761922598
1439400,4.451169491
1440750,3.145573854
1442100,2.398490906
1443450,2.548604965
1444800,2.103726864
1446150,2.695162296
1447500,3.206632853
1448850,3.406369925
1450200,3.829868793
1451550,3.385104179
1452900,3.795130014
1454250,3.481373787
1455600,3.189865589
1456950,2.937681198
1458300,2.826040983
1459650,2.684275866
1461000,2.96569562
1462350,3.783870697
1463700,3.163162231
1465050,2.999976635
1466400,3.129691601
1467750,2.916751385
1469100,2.617793322
1470450,2.8326509
1471800,2.752130747
1473150,3.258178949
1474500,3.52655983
1475850,3.350439548
1477200,3.196365595
1478550,4.206652164
1479900,3.832750559
1481250,3.262679815
1482600,3.380179167
1483950,4.060121059
1485300,4.126777172
1486650,3.809811592
1488000,3.489459038
1489350,3.539130926
1490700,4.5747962
1492050,4.57225132
1493400,4.019128799
1494750,3.787719965
1496100,3.733113766
1497450,4.126254082
1498800,4.40918541
1500150,4.412035465
1501500,4.855521202
1502850,4.323969364
1504200,5.653550148
1505550,4.843497276
1506900,3.007863522
1508250,2.665676832
1509600,3.707092524
1510950,5.340134144
1512300,4.386155605
1513650,4.827141285
1515000,3.959138393
1516350,3.762120008
1517700,3.215478182
1519050,3.35977149
1520400,4.178303242
1521750,5.124145508
1523100,7.717009068
1524450,7.027374744
1525800,4.396238327
1527150,3.541588783
1528500,3.02808404
1529850,3.112213373
1531200,3.107640266
1532550,3.588713408
1533900,5.17691803
1535250,5.266872406
1536600,5.103744984
1537950,4.60617733
1539300,4.177128315
1540650,3.549580574
1542000,3.627999067
1543350,4.310310364
1544700,5.76725769
1546050,4.692492008
1547400,3.874380589
1548750,3.363461971
1550100,3.707973003
1551450,4.443508625
1552800,3.700623274
1554150,4.64289999
1555500,6.2191782
1556850,8.090180397
1558200,6.187063217
1559550,5.076631546
1560900,5.032520294
1562250,4.786559582
1563600,6.059386253
1564950,5.586308479
1566300,4.326916695
1567650,4.464528084
1569000,5.230516911
1570350,4.752649307
1571700,5.322071075
1573050,6.635777473
1574400,5.946903229
1575750,5.637234688
1577100,5.199661255
1578450,6.372768879
1579800,7.516430378
1581150,6.457992077
1582500,5.38933754
1583850,5.275312424
1585200,7.22568655
1586550,5.425652504
1587900,5.617057323
1589250,6.510727882
1590600,5.925629616
1591950,7.950525284
1593300,9.040724754
1594650,7.4882617
1596000,8.457022667
1597350,10.25979519
1598700,7.95456171
1600050,7.456237793
1601400,9.782676697
1602750,7.921290398
1604100,7.810772419
1605450,8.849960327
1606800,6.595851898
1608150,5.712860584
1609500,5.042675495
1610850,5.676270962
1612200,6.088799953
1613550,6.0327034
1614900,6.518896103
1616250,9.658332825
1617600,10.34689808
1618950,9.658254623
1620300,12.92435265
1621650,8.797859192
1623000,6.406321526
1624350,5.973178387
1625700,6.052702427
1627050,7.313978672
1628400,6.150602341
1629750,5.286586761
1631100,5.18353653
1632450,4.528901577
1633800,4.519368649
1635150,4.123856544
1636500,4.300523758
1637850,4.821690083
1639200,5.172632694
1640550,5.527205944
1641900,5.454036713
1643250,6.417219639
1644600,7.434866428
1645950,6.590751648
1647300,5.84396553
1648650,5.126730442
1650000,5.616592884
1651350,6.199709892
1652700,6.374782562
1654050,6.383792877
1655400,5.274329662
1656750,4.820902824
1658100,4.475671768
1659450,4.332508087
1660800,4.655939102
1662150,5.357163906
1663500,7.058259964
1664850,6.869454861
1666200,6.333426476
1667550,5.239008904
1668900,5.016842365
1670250,4.700509548
1671600,4.838050365
1672950,6.671735764
1674300,6.892067432
1675650,6.9253335
1677000,5.88720417
1678350,4.780187607
1679700,4.220342159
1681050,5.092328548
1682400,4.728888988
1683750,5.116057873
1685100,4.927478313
1686450,5.432448864
1687800,6.026587009
1689150,5.769537926
1690500,5.441280365
1691850,5.04377079
1693200,5.470044136
1694550,5.952881813
1695900,6.756302357
1697250,7.068564415
1698600,8.091348648
1699950,7.39002037
1701300,8.037690163
1702650,7.03839159
1704000,6.502478123
1705350,5.756319046
1706700,6.054800987
1708050,5.063447952
1709400,5.108437061
1710750,5.572926521
1712100,6.21232605
1713450,6.103150368
1714800,7.384673595
1716150,5.779441833
1717500,4.868777275
1718850,4.389158726
1720200,4.210366726
1721550,4.241501331
1722900,3.85616374
1724250,4.036305904
1725600,4.116324425
1726950,3.594643354
1728300,3.800818682
1729650,3.553476095
1731000,3.675105572
1732350,3.68025589
1733700,4.110089779
1735050,9.449521065
1736400,7.323999405
1737750,5.420140743
1739100,4.77154398
1740450,4.165548801
1741800,4.602828979
1743150,4.222063065
1744500,3.841880798
1745850,4.811083317
1747200,5.270310879
1748550,5.006592751
1749900,4.745800972
1751250,4.399895668
1752600,3.458606243
1753950,3.204844236
1755300,3.388899326
1756650,3.835485935
1758000,4.270654678
1759350,4.270651817
1760700,5.273929119
1762050,5.102506638
1763400,5.977750778
1764750,4.868175507
1766100,3.948397875
1767450,3.820797682
1768800,3.81594348
1770150,4.571043491
1771500,4.53232336
1772850,4.107542515
1774200,3.991157293
1775550,3.998822212
1776900,3.915620327
1778250,4.128219604
1779600,4.322450161
1780950,4.479280472
1782300,5.94297266
1783650,6.321487427
1785000,4.658673763
1786350,4.277540207
1787700,3.636151552
1789050,3.270328999
1790400,3.639508724
1791750,4.177913666
1793100,4.111851215
1794450,5.056849957
1795800,4.527564526
1797150,4.185451031
1798500,3.874719381
1799850,3.087623358
1801200,3.642500877
1802550,5.213100433
1803900,5.859403133
1805250,4.45473814
1806600,4.037471771
1807950,4.745915413
1809300,4.259871006
1810650,4.348753929
1812000,4.663972855
1813350,3.54883337
1814700,3.048331261
1816050,3.441900492
1817400,4.627748489
1818750,4.384649277
1820100,4.098528385
1821450,3.20324254
1822800,3.07934618
1824150,2.799777508
1825500,2.674606323
1826850,2.919041157
1828200,3.080814123
1829550,3.307481766
1830900,3.671950579
1832250,3.59884572
1833600,3.300343752
1834950,3.251128674
1836300,3.652536392
1837650,3.428190947
1839000,4.338274956
1840350,3.870561361
1841700,3.702929974
1843050,4.774488449
1844400,3.673456907
1845750,3.402529478
1847100,3.120529413
1848450,2.900515079
1849800,2.969299555
1851150,2.883839607
1852500,3.165886641
1853850,3.467632055
1855200,4.807252407
1856550,3.987380028
1857900,3.303716421
1859250,3.657714844
1860600,3.65013361
1861950,3.519804239
1863300,3.93219471
1864650,4.534299374
1866000,4.726068974
1867350,3.502482414
1868700,3.012379408
1870050,3.082770348
1871400,3.088071585
1872750,2.768076897
1874100,2.693184137
1875450,4.087292194
1876800,4.19545269
1878150,4.134414673
1879500,4.12858057
1880850,5.057846546
1882200,4.216025352
1883550,3.339277506
1884900,3.734193325
1886250,4.385900497
1887600,4.289556503
1888950,4.388011456
1890300,4.455833912
1891650,3.701920033
1893000,3.685689211
1894350,3.581091404
1895700,3.488316774
1897050,3.433135748
1898400,3.602139473
1899750,4.052494526
1901100,5.42367363
1902450,4.59600687
1903800,4.414118767
1905150,4.076126099
1906500,4.286175728
1907850,4.030795574
1909200,3.343932152
1910550,2.820142984
1911900,3.190840244
1913250,3.116576433
1914600,3.446635008
1915950,3.159473419
1917300,2.850400448
1918650,2.997955322
1920000,2.795824528
1921350,2.780112267
1922700,3.042556763
1924050,3.307736874
1925400,3.47759366
1926750,3.394559622
1928100,3.555635691
1929450,3.648612976
1930800,4.834355831
1932150,5.546140671
1933500,3.614450932
1934850,4.598624706
1936200,3.977792978
1937550,3.620138884
1938900,3.396552086
1940250,5.194791794
1941600,4.419615746
1942950,3.584648371
1944300,3.339676619
1945650,3.601235151
1947000,3.551005602
1948350,4.228628635
1949700,3.554080725
1951050,3.234743357
1952400,3.502978802
1953750,3.917359114
1955100,3.993230581
1956450,4.11031723
1957800,4.595522404
1959150,4.167620182
1960500,3.690591097
1961850,3.815767765
1963200,3.627408981
1964550,3.439882994
1965900,3.698327303
1967250,3.496063948
1968600,3.436023235
1969950,3.423126459
1971300,3.84865427
1972650,4.197642326
1974000,3.993541241
1975350,4.557448864
1976700,3.67970705
1978050,3.599216938
1979400,7.070002556
1980750,5.700311661
1982100,6.134488583
1983450,5.962611198
1984800,5.020379543
1986150,4.377223969
1987500,4.219428062
1988850,3.987738132
1990200,3.973937988
1991550,4.189081192
1992900,4.102693081
1994250,3.849066496
1995600,4.076931477
1996950,4.963430882
1998300,4.890828609
1999650,4.733111382
2001000,4.724333286
2002350,4.492592335
2003700,4.128823757
2005050,3.681792498
2006400,3.316681623
2007750,3.068368673
2009100,3.516448259
2010450,3.676318884
2011800,3.30192852
2013150,3.102571726
2014500,3.313932657
2015850,3.160950661
2017200,3.182254553
2018550,2.868299961
2019900,3.244207144
2021250,4.453282356
2022600,4.555443764
2023950,3.613338947
2025300,3.529751062
2026650,3.535735607
2028000,3.573270082
2029350,3.768115044
2030700,3.2968328
2032050,3.286069155
2033400,3.464573145
2034750,3.789240837
2036100,3.779258251
2037450,3.393473864
2038800,3.266081333
2040150,3.179419279
2041500,3.6912148
2042850,3.647281885
2044200,4.516813755
2045550,3.874773741
2046900,3.912905931
2048250,4.287879944
2049600,4.62472868
2050950,4.060936928
2052300,3.617711306
2053650,3.647693872
2055000,6.098774433
2056350,4.231827259
2057700,4.173873901
2059050,5.109856606
2060400,4.24348402
2061750,3.929346323
2063100,4.280403137
2064450,4.118105888
2065800,4.698189259
2067150,5.713179111
2068500,4.917574883
2069850,4.665556908
2071200,5.070330143
2072550,4.755429745
2073900,5.012328625
2075250,5.762957096
2076600,6.338449478
2077950,6.206267834
2079300,5.792538643
2080650,5.126615047
2082000,5.406312466
2083350,6.155142307
2084700,8.595000267
2086050,6.851108074
2087400,6.233040333
2088750,5.766637325
2090100,5.95578289
2091450,8.218342781
2092800,7.886404991
2094150,6.088179111
2095500,6.632395744
2096850,6.505083084
2098200,5.813572407
2099550,6.23353529
2100900,6.54517889
2102250,5.607992649
2103600,4.842010021
2104950,4.862597466
2106300,4.783629894
2107650,4.892561436
2109000,4.623727798
2110350,4.831516266
2111700,4.603220463
2113050,5.360403061
2114400,5.593622684
2115750,5.303524017
2117100,5.178800106
2118450,5.252811432
2119800,5.097392082
2121150,5.494393826
2122500,6.186028004
2123850,7.126307964
2125200,7.186535835
2126550,7.427096367
2127900,6.138954639
2129250,5.947576046
2130600,6.523379803
2131950,6.196840286
2133300,12.23953438
2134650,15.65310955
2136000,9.174095154
2137350,6.065533161
2138700,12.51871014
2140050,11.12475491
2141400,8.799030304
2142750,7.252071381
2144100,7.047689438
2145450,7.011406898
2146800,8.323204994
2148150,10.03548622
2149500,15.60569477
2150850,18.9475193
2152200,12.16985607
2153550,8.021271706
2154900,7.947748184
2156250,6.826357365
2157600,6.844144821
2158950,6.413337708
2160300,8.489769936
2161650,7.747490883
2163000,6.657358646
2164350,7.393010139
2165700,8.59090519
2167050,6.865044594
2168400,9.081521988
2169750,9.341817856
2171100,7.39923811
2172450,8.223368645
2173800,8.288022995
2175150,8.603805542
2176500,8.904937744
2177850,11.27821541
2179200,10.67323875
2180550,11.33128357
2181900,7.871622562
2183250,7.441726685
2184600,7.866335869
2185950,9.130573273
2187300,8.122076035
2188650,10.31200504
2190000,16.20742035
2191350,10.85240936
2192700,9.533378601
2194050,8.73917675
2195400,11.21727943
2196750,14.01518917
2198100,14.14259243
2199450,10.07744694
2200800,10.32428265
2202150,8.56043148
2203500,6.336334229
2204850,7.469452381
2206200,8.053639412
2207550,9.065580368
2208900,7.207204342
2210250,12.43225574
2211600,13.81018066
2212950,10.73091602
2214300,11.41185093
2215650,9.446416855
2217000,8.957867622
2218350,12.97841835
2219700,8.809753418
2221050,6.979883671
2222400,6.916236877
2223750,8.004184723
2225100,7.826004028
2226450,8.590660095
2227800,7.234084129
2229150,6.73601675
2230500,9.703126907
2231850,8.950498581
2233200,10.81727219
2234550,8.107380867
2235900,6.486009598
2237250,6.841414452
2238600,6.032307625
2239950,6.509502411
2241300,6.624802113
2242650,7.713421345
2244000,7.591975689
2245350,7.90510416
2246700,6.656519413
2248050,7.839793682
2249400,7.335305691
2250750,6.488548756
2252100,7.060256958
2253450,7.069932938
2254800,7.018847942
2256150,6.921674252
2257500,6.32747221
2258850,6.291100502
2260200,7.773397923
2261550,7.480888844
2262900,6.698822975
2264250,6.193445206
2265600,6.031652927
2266950,6.258728981
2268300,6.990203857
2269650,7.028404236
2271000,7.144466877
2272350,12.68318272
2273700,9.060123444
2275050,7.379016876
2276400,7.141654491
2277750,7.107642651
2279100,8.047018051
2280450,7.414523125
2281800,7.713293552
2283150,7.76392889
2284500,7.952998638
2285850,8.091953278
2287200,8.037737846
2288550,8.433117867
2289900,7.720112324
2291250,7.783835411
2292600,7.772669315
2293950,6.561421394
2295300,5.617992401
2296650,5.251196384
2298000,5.271142006
2299350,5.789548874
2300700,5.735905647
2302050,5.110957146
2303400,5.555923939
2304750,5.367000103
2306100,6.193014145
2307450,6.380319595
2308800,6.513449192
2310150,6.598037243
2311500,6.115505219
2312850,6.127241611
2314200,7.166373253
2315550,9.319486618
2316900,9.967793465
2318250,8.995897293
2319600,6.912858009
2320950,6.043329239
2322300,6.345510483
2323650,6.135089397
2325000,6.146684647
2326350,6.317502975
2327700,6.402771473
2329050,6.885147095
2330400,6.480455875
2331750,6.693284988
2333100,6.69138813
2334450,6.314847469
2335800,6.894430161
2337150,7.190852642
2338500,7.418570042
2339850,6.905257702
2341200,7.277935982
2342550,7.555096149
2343900,6.830686092
2345250,7.300248623
2346600,7.628725052
2347950,7.447191715
2349300,7.401812077
2350650,10.02811813
2352000,9.934039116
2353350,18.70587349
2354700,20.42199516
2356050,20.58914566
2357400,16.50056648
2358750,19.23264122
2360100,16.51881599
2361450,19.44208527
2362800,16.12201118
2364150,18.73493958
2365500,17.1550808
2366850,18.21883392
2368200,16.25526619
2369550,13.38789272
2370900,16.21803474
2372250,16.28429031
2373600,17.2181797
2374950,16.50159264
2376300,16.82427216
2377650,17.31139946
2379000,16.14408493
2380350,18.2202282
2381700,17.43202782
2383050,15.77125168
2384400,18.51477623
2385750,17.66572571
2387100,20.5496769
2388450,16.66555595
2389800,15.46296597
2391150,12.49398899
2392500,12.99911308
2393850,12.44542599
2395200,12.35786629
2396550,11.89348316
2397900,12.38511848
2399250,15.14249325
2400600,13.53723526
2401950,15.2057848
2403300,15.67047977
2404650,17.05657387
2406000,12.56714535
2407350,13.24494171
2408700,14.45371437
2410050,14.26646996
2411400,14.98698711
2412750,14.95616055
2414100,14.72551346
2415450,16.38537979
2416800,14.4749794
2418150,13.68837261
2419500,11.95931149
2420850,13.670825
2422200,14.46680927
2423550,18.26811218
2424900,16.88510132
2426250,14.99598789
2427600,15.96800709
2428950,13.97335911
2430300,13.60918617
2431650,17.32694817
2433000,16.50425529
2434350,18.76843643
2435700,19.41108513
2437050,18.11898613
2438400,15.08996868
2439750,17.83270264
2441100,14.53939629
2442450,15.70478535
2443800,15.95374489
2445150,16.29954147
2446500,17.65268707
2447850,17.42308998
2449200,17.56697273
2450550,16.5711422
2451900,20.49884987
2453250,19.39451981
2454600,17.5725174
2455950,16.22933006
2457300,15.30585384
2458650,19.17137909
2460000,17.36045456
2461350,16.36414528
2462700,15.8528347
2464050,18.59473419
2465400,21.39030647
2466750,21.21340561
2468100,19.92455292
2469450,19.58250046
2470800,18.20985413
2472150,19.73056221
2473500,23.1740818
2474850,24.90310478
2476200,22.86526108
2477550,22.37745476
2478900,22.04424095
2480250,17.17834473
2481600,21.07602501
2482950,22.6145153
2484300,21.75348663
2485650,18.40083313
2487000,15.46613312
2488350,13.85898399
2489700,17.50062561
2491050,13.47368908
2492400,13.48302364
2493750,14.54397392
2495100,13.94050884
2496450,13.47608757
2497800,16.14535141
2499150,17.76062775
2500500,20.00313377
2501850,15.38064671
2503200,13.91822338
2504550,20.59016037
2505900,18.79219818
2507250,19.86901283
2508600,15.98643398
2509950,17.71460152
2511300,17.19882584
2512650,18.8610878
2514000,18.12351418
2515350,15.94519138
2516700,19.64825249
2518050,19.98181152
2519400,18.14609146
2520750,19.44454575
2522100,15.98090744
2523450,18.40388298
2524800,25.4274025
2526150,19.3680687
2527500,19.08634567
2528850,20.41802597
2530200,17.42389297
2531550,17.2133503
2532900,17.34384918
2534250,18.08330536
2535600,20.46554756
2536950,19.49847603
2538300,16.73848724
2539650,17.22029686
2541000,18.02318001
2542350,19.4295063
2543700,21.03054047
2545050,27.53439522
2546400,28.40014076
2547750,24.75836563
2549100,27.18914986
2550450,22.05513573
2551800,19.5309639
2553150,18.00991821
2554500,17.5749588
2555850,20.02785683
2557200,19.33942795
2558550,18.9334774
2559900,20.97245979
2561250,28.15430069
2562600,25.94373131
2563950,28.01426506
2565300,25.00728989
2566650,27.37792015
2568000,34.67248154
2569350,34.04226685
2570700,31.00223923
2572050,33.53733826
2573400,27.21248627
2574750,27.60848236
2576100,28.16101074
2577450,29.88194275
2578800,26.05983353
2580150,31.02558517
2581500,24.9974823
2582850,19.65198135
2584200,21.76325798
2585550,21.72587013
2586900,19.53341293
2588250,20.05526161
2589600,19.49765778
2590950,17.90010071
2592300,19.54022026
2593650,24.33878899
2595000,20.86221123
2596350,19.72170639
2597700,17.03358459
2599050,18.50631142
2600400,21.63867188
2601750,19.83691025
2603100,23.79738235
2604450,19.3908844
2605800,25.85554504
2607150,20.97025871
2608500,18.59445381
2609850,17.4394722
2611200,17.97817612
2612550,17.89719582
2613900,25.50968742
2615250,25.6862011
2616600,24.96120834
2617950,22.61728287
2619300,18.45884705
2620650,20.33198357
2622000,18.77365494
2623350,26.80757713
2624700,26.5682106
2626050,23.17630768
2627400,21.68987465
2628750,19.55221939
2630100,20.92400169
2631450,22.19690514
2632800,21.12966347
2634150,23.57724953
2635500,24.96559334
2636850,20.7706871
2638200,21.36419678
2639550,24.21881294
2640900,28.09079933
2642250,24.84605026
2643600,22.7614994
2644950,26.39994812
2646300,24.44016838
2647650,28.34872055
2649000,26.77052307
2650350,23.93546867
2651700,22.52496338
2653050,19.9316082
2654400,30.56782722
2655750,25.55650902
2657100,29.81412125
2658450,28.15241432
2659800,26.04651451
2661150,29.95570564
2662500,25.8539753
2663850,29.27022171
2665200,27.0305481
2666550,25.36920166
2667900,27.5840416
2669250,27.33022881
2670600,33.73859406
2671950,32.84405899
2673300,28.59197807
2674650,34.73976898
2676000,29.62031364
2677350,23.6268959
2678700,22.59340668
2680050,20.978405
2681400,15.82667351
2682750,14.82544327
2684100,22.45054436
2685450,24.21251297
2686800,20.67858887
2688150,22.63080215
2689500,18.36495399
2690850,17.58180809
2692200,21.36645317
2693550,21.79176903
2694900,21.23501015
2696250,19.38490295
2697600,18.02301025
2698950,16.78081894
2700300,18.98995209
2701650,19.87352371
2703000,16.02009201
2704350,18.80452538
2705700,18.51555443
2707050,16.8754406
2708400,22.3101368
2709750,23.70330811
2711100,17.14439774
2712450,22.45284843
2713800,21.505867
2715150,23.57299805
2716500,25.14874268
2717850,20.61731911
2719200,24.41133881
2720550,20.82829094
2721900,20.18937874
2723250,20.07431412
2724600,17.56168365
2725950,22.31121254
2727300,23.93619728
2728650,18.1696682
2730000,16.69113922
2731350,17.43401337
2732700,17.44606209
2734050,18.82271767
2735400,21.40821457
2736750,19.23993874
2738100,18.79189301
2739450,18.76835442
2740800,21.64245224
2742150,22.27957726
2743500,24.10432434
2744850,25.19093323
2746200,24.95220566
2747550,19.20224571
2748900,18.68953514
2750250,17.41835785
2751600,21.21816826
2752950,25.68543053
2754300,22.83761787
2755650,21.00218582
2757000,20.48122406
2758350,19.96108818
2759700,22.79091644
2761050,22.7443409
2762400,18.9244976
2763750,18.46261024
2765100,19.09823227
2766450,20.34322548
2767800,20.5999012
2769150,18.95973396
2770500,19.25174332
2771850,22.6778183
2773200,17.29589844
2774550,14.74564266
2775900,13.72557354
2777250,14.10438347
2778600,14.18108749
2779950,13.55972481
2781300,14.7741785
2782650,14.73064041
2784000,16.51754951
2785350,13.88347054
2786700,13.99620247
2788050,14.89008522
2789400,15.39780807
2790750,13.97030926
2792100,14.81107044
2793450,14.96199894
2794800,14.33224487
2796150,15.45100689
2797500,15.07236576
2798850,13.93007565
2800200,12.64838219
2801550,14.81975555
2802900,13.945014
2804250,14.84141636
2805600,15.52138042
2806950,15.17571735
2808300,14.53710651
2809650,14.71108723
2811000,14.54303837
2812350,14.42899799
2813700,15.83362007
2815050,15.88132668
2816400,15.99339867
2817750,15.46299839
2819100,15.51847744
2820450,14.24137497
2821800,13.9216423
2823150,14.77819252
2824500,13.22143555
2825850,14.56857491
2827200,15.75893116
2828550,15.19670773
2829900,15.95726585
2831250,14.24571514
2832600,14.58541489
2833950,16.36828041
2835300,16.57367134
2836650,14.0492363
2838000,15.76473904
2839350,16.71230316
2840700,15.47404289
2842050,15.95294952
2843400,15.34231663
2844750,15.36621189
2846100,16.18551826
2847450,15.63061428
2848800,14.97931385
2850150,17.16529083
2851500,14.89525414
2852850,15.04809093
2854200,16.39473343
2855550,16.5452137
2856900,16.13422012
2858250,16.04338646
2859600,15.49429893
2860950,15.09930229
2862300,16.1440506
2863650,16.84772301
2865000,15.98580265
2866350,16.99760628
2867700,17.09123421
2869050,15.20634365
2870400,13.92316723
2871750,12.6326189
2873100,10.39008808
2874450,10.97914028
2875800,11.9064045
2877150,11.68427277
2878500,11.66278076
2879850,11.16740036
2881200,12.06432533
2882550,12.12362862
2883900,11.35480976
2885250,12.35312271
2886600,11.98298359
2887950,11.92510128
2889300,12.6375885
2890650,11.62198067
2892000,11.21306133
2893350,12.90372849
2894700,12.54618549
2896050,11.81475163
2897400,12.27940273
2898750,12.4580183
2900100,11.3878994
2901450,11.71297073
2902800,12.33226109
2904150,11.71999645
2905500,13.46730232
2906850,12.27295876
2908200,11.64204979
2909550,11.38601112
2910900,11.04357338
2912250,10.99295712
2913600,11.9841032
2914950,13.18382549
2916300,12.78971863
2917650,13.5675745
2919000,13.72474384
2920350,13.30116463
2921700,13.49367905
2923050,13.72159672
2924400,12.27715015
2925750,11.96614075
2927100,13.50556564
2928450,13.34134865
2929800,12.3601799
2931150,12.4939537
2932500,12.43624592
2933850,12.95885658
2935200,12.95388508
2936550,12.59645462
2937900,12.06842136
2939250,13.10128784
2940600,13.73013973
2941950,14.4340601
2943300,14.76989651
2944650,14.40316486
2946000,13.34487152
2947350,14.27593327
2948700,13.62656975
2950050,13.44005108
2951400,12.82799435
2952750,12.7423811
2954100,12.18212986
2955450,13.40601349
2956800,13.20662308
2958150,13.57003021
2959500,15.22320366
2960850,15.32555962
2962200,14.28307247
2963550,14.49619579
2964900,13.12093639
2966250,12.26491737
2967600,9.744505882
2968950,10.05799103
2970300,10.49483967
2971650,9.641944885
2973000,9.975869179
2974350,11.00712299
2975700,11.40261936
2977050,10.35208702
2978400,10.67174149
2979750,9.365005493
2981100,9.998213768
2982450,9.676546097
2983800,9.556059837
2985150,10.17528343
2986500,9.762598991
2987850,9.828018188
2989200,10.05890369
2990550,10.14401436
2991900,9.741692543
2993250,10.3452177
2994600,9.839986801
2995950,9.455470085
2997300,9.975961685
2998650,11.2472868
3000000,10.55122375
3013500,10.87046146
3027000,10.73912334
3040500,12.05512524
3054000,12.9213562
3067500,10.74778652
3081000,9.398411751
3094500,9.372946739
3108000,9.876664162
3121500,11.07833958
3135000,11.16091347
3148500,11.29035759
3162000,11.01434231
3175500,10.68750954
3189000,9.602147102
3202500,11.25631237
3216000,12.71172237
3229500,11.24682522
3243000,12.62356949
3256500,10.44275856
3270000,9.575727463
3283500,8.824404716
3297000,8.452697754
3310500,8.354705811
3324000,9.816595078
3337500,9.022549629
3351000,8.491498947
3364500,8.130913734
3378000,7.767949104
3391500,7.365717411
3405000,7.988622189
3418500,8.690618515
3432000,7.754662037
3445500,6.517286777
3459000,5.599211693
3472500,5.838686466
3486000,5.736359119
3499500,5.601411819
3513000,5.860608101
3526500,5.865420341
3540000,7.057087898
3553500,5.724856853
3567000,5.128165245
3580500,5.331717968
3594000,5.836567402
3607500,6.104159355
3621000,6.321562767
3634500,6.276357174
3648000,5.650708675
3661500,5.031085968
3675000,4.910181999
3688500,5.861058712
3702000,5.835076809
3715500,7.085903168
3729000,6.873459816
3742500,5.494037151
3756000,4.376261234
3769500,4.706757545
3783000,4.715366364
3796500,4.593938828
3810000,4.233594418
3823500,3.814194441
3837000,3.969359875
3850500,3.575662613
3864000,3.189646006
3877500,3.267365456
3891000,3.456815004
3904500,3.154716492
3918000,3.423884153
3931500,3.363363028
3945000,2.963636637
3958500,3.065999985
3972000,2.816447973
3985500,2.764401436
3999000,3.316538334
4012500,3.758186579
4026000,2.841233015
4039500,3.168516159
4053000,2.747577667
4066500,2.438224554
4080000,6.526477337
4093500,6.038609982
4107000,3.560185909
4120500,3.037769079
4134000,2.270793438
4147500,2.208277702
4161000,4.430874825
4174500,4.048823357
4188000,2.598852873
4201500,7.614619732
4215000,6.899925709
4228500,3.931459188
4242000,3.134598017
4255500,2.56208396
4269000,1.943808436
4282500,4.769938946
4296000,4.463854313
4309500,2.642608166
4323000,6.242961407
4336500,6.061230183
4350000,3.521054983
4363500,3.26754117
4377000,2.751828909
4390500,2.370963812
4404000,5.723020077
4417500,5.187009811
4431000,2.974300861
4444500,5.992639065
4458000,5.701953888
4471500,3.425290346
4485000,3.295050621
4498500,2.918465614
4512000,2.262827873
4525500,3.840863705
4539000,3.488878489
4552500,2.502265692
4566000,6.008893967
4579500,5.924720287
4593000,3.833705187
4606500,2.859998465
4620000,2.961317778
4633500,2.581858397
4647000,3.314476013
4660500,3.230799913
4674000,3.19717598
4687500,6.707144737
4701000,5.755288124
4714500,3.647513151
4728000,3.48511982
4741500,3.418635845
4755000,3.354167223
4768500,4.88880682
4782000,4.974590302
4795500,3.963625669
4809000,5.561623573
4822500,4.960471153
4836000,4.187040806
4849500,4.094503403
4863000,4.391282082
4876500,5.082145214
4890000,4.471955776
4903500,3.773368359
4917000,3.582568884
4930500,4.171470642
4944000,4.206047535
4957500,4.099265099
4971000,4.325471401
4984500,3.725246191
4998000,3.408821344
5011500,3.060590029
5025000,3.625098228
5038500,3.647217512
5052000,3.918985128
5065500,3.924795628
5079000,3.884286404
5092500,3.719999313
5106000,3.5362885
5119500,3.541041374
5133000,3.88966012
5146500,4.069067478
5160000,4.173912048
5173500,3.60843873
5187000,2.953105688
5200500,2.863834143
5214000,3.121452808
5227500,3.245754004
5241000,3.281257153
5254500,3.474602699
5268000,3.956453085
5281500,3.501290321
5295000,2.863180399
5308500,3.078768015
5322000,3.224881411
5335500,3.405777693
5349000,3.878631115
5362500,3.958545685
5376000,3.304955482
5389500,2.664277315
5403000,2.900489092
5416500,2.819161177
5430000,2.941760063
5443500,3.04588604
5457000,3.272049665
5470500,2.811218023
5484000,2.373670578
5497500,2.361651182
5511000,2.32234025
5524500,2.338609934
5538000,2.349183798
5551500,2.363402128
5565000,2.07736063
5578500,1.936372757
5592000,1.98132813
5605500,1.876542211
5619000,1.868463159
5632500,1.983224869
5646000,1.993689656
5659500,1.775917649
5673000,1.464414597
5686500,1.555256128
5700000,1.426946878
5713500,1.540031552
5727000,1.804139853
5740500,1.753673196
5754000,1.441343665
5767500,1.281992197
5781000,1.328131557
5794500,1.301474094
5808000,1.337294102
5821500,1.62204957
5835000,1.657777071
5848500,1.4843961
5862000,1.211972237
5875500,1.237214804
5889000,1.341324806
5902500,1.367308021
5916000,1.362287521
5929500,1.476907015
5943000,1.360890508
5956500,1.261218667
5970000,1.248050213
5983500,1.347555637
5997000,1.323336124
6010500,1.425903916
6024000,1.58270669
6037500,1.453528762
6051000,1.275039315
6064500,1.267011046
6078000,1.222620249
6091500,1.171653509
6105000,1.317285776
6118500,1.326404333
6132000,1.414241672
6145500,1.241006494
6159000,1.144138932
6172500,1.108806491
6186000,1.250608921
6199500,1.19148159
6213000,1.121659875
6226500,1.077430606
6240000,1.082308769
6253500,1.038204074
6267000,0.960951865
6280500,0.861834466
6294000,0.891641259
6307500,0.959826291
6321000,1.027350187
6334500,0.933636844
6348000,0.83467716
6361500,0.752139747
6375000,0.773069322
6388500,0.894196928
6402000,0.967488766
6415500,0.964086294
6429000,0.813406348
6442500,0.753376245
6456000,0.764201641
6469500,0.799230933
6483000,0.788923264
6496500,0.81100738
6510000,1.071312308
6523500,0.900113404
6537000,0.673014939
6550500,0.653918445
6564000,0.714038432
6577500,0.71414578
6591000,0.805211425
6604500,0.889773846
6618000,0.777268112
6631500,0.734686255
6645000,0.703410387
6658500,0.741516232
6672000,0.791564286
6685500,0.862137735
6699000,0.811998248
6712500,0.778362215
6726000,0.809032559
6739500,0.764494956
6753000,0.806561649
6766500,0.847306252
6780000,0.887842119
6793500,0.946594656
6807000,0.872706234
6820500,0.730114698
6834000,0.779931486
6847500,0.827796221
6861000,0.860420525
6874500,0.91183877
6888000,0.991220236
6901500,0.858797133
6915000,0.78218025
6928500,0.775150478
6942000,0.763569057
6955500,0.814048946
6969000,0.92050451
6982500,0.934694588
6996000,1.023478627
7009500,0.88774395
7023000,0.758252025
7036500,0.760628641
7050000,0.788517416
7063500,0.817347586
7077000,0.861389816
7090500,0.890307724
7104000,0.798026979
7117500,0.695790768
7131000,0.701481521
7144500,0.721226335
7158000,0.741182625
7171500,0.763126254
7185000,0.8754794
7198500,0.79373318
7212000,0.654151917
7225500,0.699235201
7239000,0.680724978
7252500,0.759353876
7266000,0.78933537
7279500,0.832451105
7293000,0.739809215
7306500,0.631975412
7320000,0.652549684
7333500,0.63236618
7347000,0.663700759
7360500,0.686396837
7374000,0.807893932
7387500,0.707529008
7401000,0.598654628
7414500,0.609286308
7428000,0.604318202
7441500,0.638673007
7455000,0.672140419
7468500,0.7816208
7482000,0.713789403
7495500,0.603647411
7509000,0.617370188
7522500,0.66300106
7536000,0.656921208
7549500,0.735587239
7563000,0.823488653
7576500,0.742840409
7590000,0.63449651
7603500,0.648858786
7617000,0.678285301
7630500,0.691592395
7644000,0.760689259
7657500,0.794708371
7671000,0.670752406
7684500,0.607508481
7698000,0.739121616
7711500,0.73975867
7725000,0.722469509
7738500,0.745455444
7752000,0.773982286
7765500,0.680998683
7779000,0.647250533
7792500,0.631082475
7806000,0.627831161
7819500,0.707991183
7833000,0.719083965
7846500,0.79643482
7860000,0.820962965
7873500,0.733026564
7887000,0.655905783
7900500,0.704572141
7914000,0.722923756
7927500,0.803042233
7941000,0.893639803
7954500,0.913452625
7968000,0.82351625
7981500,0.651911139
7995000,0.745773017
8008500,0.784457803
8022000,0.818991959
8035500,0.902860284
8049000,0.83416158
8062500,0.733097553
8076000,0.638233483
8089500,0.635868013
8103000,0.628808141
8116500,0.679551423
8130000,0.68673265
8143500,0.73331368
8157000,0.621231794
8170500,0.58400023
8184000,0.583222568
8197500,0.602865338
8211000,0.603783727
8224500,0.641942799
8238000,0.812090993
8251500,0.62222451
8265000,0.53582567
8278500,0.540519476
8292000,0.575073123
8305500,0.595009208
8319000,0.678602517
8332500,0.706031322
8346000,0.625060976
8359500,0.638691723
8373000,0.645464957
8386500,0.714348376
8400000,0.812324822
8413500,0.868034244
8427000,1.04872942
8440500,0.896955967
8454000,0.946563005
8467500,0.924187958
8481000,1.016638517
8494500,1.280508637
8508000,1.242126822
8521500,1.357734084
8535000,1.195400953
8548500,1.087456703
8562000,1.165920734
8575500,1.154700041
8589000,1.276624322
8602500,1.397402763
8616000,1.384294629
8629500,1.543451786
8643000,1.446500778
8656500,1.17742312
8670000,1.372127175
8683500,1.526263237
8697000,1.70534718
8710500,1.654324412
8724000,1.622454166
8737500,1.4275769
8751000,1.268858075
8764500,1.31377852
8778000,1.273421645
8791500,1.346738219
8805000,1.575822473
8818500,1.60714221
8832000,1.343572617
8845500,1.272939801
8859000,1.20611763
8872500,1.242508531
8886000,1.527800679
8899500,1.481707096
8913000,1.533799171
8926500,1.499248266
8940000,1.364651442
8953500,1.250715375
8967000,1.415755391
8980500,1.419446349
8994000,1.512113214
9007500,1.503340125
9021000,1.39720583
9034500,1.166590452
9048000,1.238447189
9061500,1.247120023
9075000,1.181972146
9088500,1.375864983
9102000,1.445956349
9115500,1.42950654
9129000,1.190292716
9142500,1.138183236
9156000,1.335659742
9169500,1.484920859
9183000,1.545315146
9196500,1.761346936
9210000,1.513382077
9223500,1.246579051
9237000,1.297508359
9250500,1.28381145
9264000,1.352570057
9277500,1.576626658
9291000,1.685971975
9304500,1.468526363
9318000,1.362744093
9331500,7.241747856
9345000,5.980810642
9358500,3.412442684
9372000,2.082541943
9385500,1.948866129
9399000,1.736846685
9412500,1.392395377
9426000,1.38378787
9439500,1.519767165
9453000,1.639314055
9466500,1.753898144
9480000,1.676020145
9493500,1.752724886
9507000,1.667556524
9520500,1.382787704
9534000,1.368014336
9547500,1.516768575
9561000,1.54129374
9574500,1.703907371
9588000,1.950126529
9601500,1.676273108
9615000,1.306308031
9628500,1.322007418
9642000,1.397831321
9655500,1.633791685
9669000,1.818687439
9682500,1.741305113
9696000,1.508481145
9709500,1.473513365
9723000,1.35594058
9736500,1.503327131
9750000,1.636162758
9763500,1.79264915
9777000,1.815914392
9790500,1.614114046
9804000,1.391518474
9817500,1.31087172
9831000,1.512424827
9844500,1.643591046
9858000,1.655644298
9871500,1.759996891
9885000,1.431158662
9898500,1.386873364
9912000,1.293734908
9925500,1.278274059
9939000,1.339292288
9952500,1.428330898
9966000,1.518400073
9979500,1.482734084
9993000,1.236921191
10006500,1.240184069
10020000,1.396480203
10033500,1.473941922
10047000,1.523598433
10060500,1.699081063
10074000,1.575581074
10087500,1.60400784
10101000,1.56555438
10114500,1.575228572
10128000,1.655406237
10141500,1.903789401
10155000,2.093303919
10168500,1.936462402
10182000,1.613650799
10195500,1.739062071
10209000,1.763025045
10222500,1.880829811
10236000,2.301567793
10249500,2.646523476
10263000,2.270332575
10276500,1.996433854
10290000,2.167107105
10303500,2.103799582
10317000,2.270883083
10330500,2.77571559
10344000,2.895392418
10357500,3.27986598
10371000,2.806691885
10384500,2.446993589
10398000,2.867918968
10411500,2.779815912
10425000,2.772120476
10438500,3.311419964
10452000,3.573525667
10465500,3.032240152
10479000,2.69133687
10492500,2.896238327
10506000,3.004139185
10519500,3.391952515
10533000,3.425694704
10546500,3.924983263
10560000,3.281173229
10573500,3.162134647
10587000,3.140420437
10600500,3.310632706
10614000,3.219975471
10627500,3.683876753
10641000,3.962962151
10654500,3.310959339
10668000,3.033137798
10681500,3.003809929
10695000,3.289924145
10708500,3.656543255
10722000,3.762994289
10735500,3.523239613
10749000,3.028931379
10762500,2.78002286
10776000,3.082177877
10789500,3.382580757
10803000,3.281889439
10816500,3.528705835
10830000,3.593166351
10843500,3.075917006
10857000,2.851726055
10870500,2.580719233
10884000,2.811641216
10897500,2.715901136
10911000,2.950703859
10924500,3.222196817
10938000,2.870558023
10951500,2.507885456
10965000,2.327339888
10978500,2.542613745
10992000,2.850559235
11005500,3.078622341
11019000,3.127893209
11032500,2.659049988
11046000,2.631859303
11059500,2.650060654
11073000,2.790755033
11086500,3.138346434
11100000,3.395726919
11113500,3.847589254
11127000,3.418497801
11140500,2.940551519
11154000,3.138026953
11167500,3.789703846
11181000,4.085371971
11194500,3.946197748
11208000,3.92754221
11221500,4.3636446
11235000,4.472084045
11248500,3.879728556
11262000,3.688824892
11275500,4.583746433
11289000,4.903832436
11302500,5.046289921
11316000,5.704674721
11329500,5.04968071
11343000,4.121325493
11356500,4.629917145
11370000,5.051998615
11383500,4.995661736
11397000,4.881518364
11410500,5.494389057
11424000,5.382042885
11437500,4.713081837
11451000,4.389182091
11464500,4.4451437
11478000,4.511682034
11491500,5.007841587
11505000,5.591685772
11518500,4.429897785
11532000,4.027349472
11545500,4.031251431
11559000,4.017192364
11572500,4.514620304
11586000,4.714058399
11599500,4.925153732
11613000,4.158260345
11626500,3.56252408
11640000,3.785445929
11653500,3.929324627
11667000,4.16032505
11680500,4.516681671
11694000,4.747324944
11707500,4.109005451
11721000,3.755182266
11734500,3.860882998
11748000,4.062333584
11761500,4.496098042
11775000,4.820858002
11788500,4.870414734
11802000,4.263260841
11815500,3.870218515
11829000,3.870200157
11842500,4.028541565
11856000,4.504842758
11869500,4.599009514
11883000,5.181661129
11896500,4.341467381
11910000,3.936865091
11923500,3.971384525
11937000,3.859971762
11950500,4.332667351
11964000,4.505740166
11977500,4.793527603
11991000,3.964022636
12004500,3.627041817
12018000,3.641471148
12031500,3.724822998
12045000,3.850025892
12058500,4.076210499
12072000,4.203384399
12085500,4.318777084
12099000,3.605277777
12112500,3.123342991
12126000,3.112512112
12139500,3.192370415
12153000,3.395193815
12166500,3.378832579
12180000,3.48622036
12193500,2.948473692
12207000,2.462184668
12220500,2.51399827
12234000,2.583169222
12247500,2.736749649
12261000,2.685045958
12274500,3.005859852
12288000,2.516510963
12301500,2.241361141
12315000,2.326994896
12328500,2.370716572
12342000,2.509730101
12355500,2.660243511
12369000,2.922210932
12382500,2.569238663
12396000,2.224331379
12409500,2.298129082
12423000,2.456321716
12436500,2.487798691
12450000,2.805381298
12463500,2.890990019
12477000,2.625309706
12490500,2.497830868
12504000,2.575639009
12517500,2.728783131
12531000,2.834071398
12544500,2.995404243
12558000,3.136316776
12571500,2.728441
12585000,2.49043107
12598500,2.383495569
12612000,2.559221745
12625500,2.618866205
12639000,2.696471691
12652500,2.818929195
12666000,2.553220987
12679500,2.056157589
12693000,1.985126138
12706500,2.07380414
12720000,2.197263479
12733500,2.17287302
12747000,2.233198643
12760500,1.88558042
12774000,1.726145029
12787500,1.622482181
12801000,1.696663022
12814500,1.764382958
12828000,1.732610464
12841500,1.828220606
12855000,1.579661369
12868500,1.310032964
12882000,1.309430718
12895500,1.393507481
12909000,1.338374615
12922500,1.430235863
12936000,1.516639709
12949500,1.699858785
12963000,1.375461936
12976500,1.206988692
12990000,1.186884522
13003500,1.185788393
13017000,1.309171081
13030500,1.251728654
13044000,1.24923408
13057500,1.085989952
13071000,0.935520589
13084500,0.945266604
13098000,0.973597765
13111500,1.037011623
13125000,1.036793828
13138500,1.043295741
13152000,0.895344794
13165500,0.790511489
13179000,0.787795961
13192500,0.774122179
13206000,0.802277565
13219500,0.867448807
13233000,0.826937795
13246500,0.70616889
13260000,0.610577524
13273500,0.563183069
13287000,0.671620309
13300500,0.657914639
13314000,0.67128402
13327500,0.708606899
13341000,0.631887376
13354500,0.53674823
13368000,0.556241453
13381500,0.550246358
13395000,0.564947367
13408500,0.622970581
13422000,0.644897521
13435500,0.589313686
13449000,0.544879079
13462500,0.526568353
13476000,0.535269558
13489500,0.571379602
13503000,0.582959831
13516500,0.6069749
13530000,0.560534179
13543500,0.520215034
13557000,0.539334953
13570500,0.562707007
13584000,0.541293442
13597500,0.594603181
13611000,0.616761863
13624500,0.557389259
13638000,0.529679596
13651500,0.570427775
13665000,0.55586797
13678500,0.566332042
13692000,0.641785264
13705500,0.650325537
13719000,0.584373295
13732500,0.588196516
13746000,0.605939329
13759500,0.618383765
13773000,0.684550583
13786500,0.729221702
13800000,0.81079936
13813500,0.861854076
13827000,0.772899985
13840500,0.73601675
13854000,0.771551371
13867500,0.778526068
13881000,0.802202165
13894500,0.880294085
13908000,1.010374904
13921500,0.936139762
13935000,0.881228864
13948500,0.97131753
13962000,0.98229754
13975500,1.097956419
13989000,1.138493657
14002500,1.083431959
14016000,0.995490968
14029500,0.930882335
14043000,0.931624055
14056500,1.024245262
14070000,1.083494663
14083500,1.116997957
14097000,1.202351213
14110500,1.06222713
14124000,0.97226882
14137500,1.033609152
14151000,1.075490475
14164500,1.134901643
14178000,1.334782958
14191500,1.454081416
14205000,1.246441603
14218500,1.142473459
14232000,1.209754825
14245500,1.332627296
14259000,1.412768722
14272500,1.51001513
14286000,1.776421905
14299500,1.511537552
14313000,1.43116498
14326500,1.428716421
14340000,1.495999694
14353500,1.660620809
14367000,1.750857353
14380500,1.932700515
14394000,1.725972176
14407500,1.560463071
14421000,1.633409142
14434500,1.697130322
14448000,1.803802967
14461500,2.023976564
14475000,2.11658287
14488500,1.894645333
14502000,1.658688426
14515500,1.72397387
14529000,1.720226169
14542500,1.88348794
14556000,2.00800395
14569500,2.09319663
14583000,1.891554713
14596500,1.804130793
14610000,1.798133254
14623500,1.968088627
14637000,1.94212091
14650500,2.130678415
14664000,2.080737829
14677500,2.250053644
14691000,2.509703398
14704500,2.387164593
14718000,2.28331995
14731500,2.282586336
14745000,2.702608824
14758500,3.13489747
14772000,3.592166185
14785500,3.04339385
14799000,2.604248047
14812500,2.474511623
14826000,2.944644451
14839500,3.009167433
14853000,3.169456244
14866500,3.735839367
14880000,3.30201602
14893500,2.586940765
14907000,2.913454056
14920500,2.756529331
14934000,3.359904766
14947500,3.846009254
14961000,3.943184137
14974500,3.509434462
14988000,3.986026287
15001500,3.70157671
15015000,3.72115016
15028500,4.036610603
15042000,4.721250057
15055500,4.336544991
15069000,4.458549023
15082500,4.287303448
15096000,4.3063097
15109500,4.504155159
15123000,5.697087765
15136500,5.752694607
15150000,6.074738979
15163500,5.277619362
15177000,5.146325588
15190500,4.938823223
15204000,5.150090218
15217500,5.529196262
15231000,6.476138592
15244500,6.470978737
15258000,6.859081268
15271500,6.216549397
15285000,5.411744595
15298500,5.40211153
15312000,6.094220638
15325500,7.582652092
15339000,7.953985691
15352500,8.018168449
15366000,7.671005249
15379500,6.892297268
15393000,7.854092598
15406500,7.112090111
15420000,7.602350235
15433500,9.426177979
15447000,9.407559395
15460500,7.90048933
15474000,8.581177711
15487500,9.863492012
15501000,9.741691589
15514500,11.49259949
15528000,12.41498184
15541500,14.31287766
15555000,12.05750942
15568500,10.33806992
15582000,12.50753689
15595500,12.64761162
15609000,13.54705906
15622500,14.57599545
15636000,14.60045528
15649500,13.11704731
15663000,10.27869511
15676500,9.600961685
15690000,10.04816914
15703500,10.66373634
15717000,10.45658302
15730500,11.05154514
15744000,9.324189186
15757500,8.454549789
15771000,8.447458267
15784500,9.000891685
15798000,9.177947998
15811500,9.954120636
15825000,10.65837288
15838500,9.026729584
15852000,8.248908997
15865500,8.364984512
15879000,8.562458992
15892500,9.071434021
15906000,10.08841801
15919500,9.784467697
15933000,8.365611076
15946500,7.931421757
15960000,7.611762524
15973500,7.442202091
15987000,8.42414093
16000500,9.342747688
16014000,9.785130501
16027500,7.854981422
16041000,6.786697865
16054500,6.774425983
16068000,6.804412365
16081500,6.95800066
16095000,6.752855778
16108500,6.60781002
16122000,5.699778557
16135500,4.808109283
16149000,4.773741245
16162500,5.003828049
16176000,4.905959129
16189500,5.215244293
16203000,5.093763351
16216500,4.224879265
16230000,3.638762236
16243500,3.582631588
16257000,3.5745368
16270500,3.694047451
16284000,3.834035397
16297500,4.044701099
16311000,3.376409531
16324500,2.944428444
16338000,2.880933046
16351500,2.933081865
16365000,2.922796011
16378500,3.036093712
16392000,3.217955589
16405500,3.363628626
16419000,2.823094368
16432500,2.529741764
16446000,2.565859079
16459500,2.661403179
16473000,2.878418207
16486500,2.947698593
16500000,3.088016748
16513500,2.954298496
16527000,2.713492393
16540500,2.78914237
16554000,2.912143707
16567500,3.196605206
16581000,3.68202281
16594500,4.39467144
16608000,4.212609768
16621500,3.736394167
16635000,3.268753529
16648500,3.251223803
16662000,3.502655506
16675500,4.029427528
16689000,4.525662422
16702500,4.258719444
16716000,3.399702549
16729500,3.415964365
16743000,4.367676258
16756500,4.342573166
16770000,4.927317142
16783500,5.45939064
16797000,4.792021751
16810500,4.481668472
16824000,3.989905834
16837500,4.227321148
16851000,3.741644859
16864500,4.34746933
16878000,4.446397305
16891500,3.525262356
16905000,3.896834612
16918500,3.944117785
16932000,3.817393064
16945500,3.530925274
16959000,4.014525414
16972500,4.902696133
16986000,4.44775629
16999500,3.31051755
17013000,3.153752089
17026500,3.427420378
17040000,3.330037832
17053500,4.205453873
17067000,3.841039419
17080500,3.969254494
17094000,3.792458296
17107500,3.807222128
17121000,3.356419563
17134500,3.677227497
17148000,3.70922184
17161500,4.396324158
17175000,3.478061914
17188500,3.044454575
17202000,2.993199825
17215500,2.608259439
17229000,3.088799953
17242500,3.157858849
17256000,3.281787395
17269500,4.378960609
17283000,3.988633156
17296500,3.499158621
17310000,3.063444614
17323500,3.049374342
17337000,3.813832998
17350500,4.001286507
17364000,3.67633462
17377500,3.564608335
17391000,2.976983547
17404500,3.010460377
17418000,3.141213655
17431500,2.741945505
17445000,3.034729242
17458500,3.020938158
17472000,2.774008274
17485500,2.378204107
17499000,2.27646184
17512500,2.235968113
17526000,2.439476252
17539500,2.674356699
17553000,2.602577925
17566500,2.420493126
17580000,2.085518837
17593500,2.033372164
17607000,2.084821463
17620500,2.275943279
17634000,1.8559829
17647500,2.226419449
17661000,2.174906492
17674500,1.943659782
17688000,2.013103724
17701500,1.950708032
17715000,2.085000753
17728500,2.156349659
17742000,2.341098785
17755500,1.90085876
17769000,1.90591538
17782500,2.002042532
17796000,2.167156458
17809500,2.133487463
17823000,2.315288067
17836500,2.42022109
17850000,2.287214041
17863500,2.038853645
17877000,1.806038737
17890500,1.997156382
17904000,1.878059864
17917500,2.065165997
17931000,2.39322567
17944500,2.095707417
17958000,1.832308054
17971500,2.029700518
17985000,2.298159361
17998500,2.426184654
18012000,2.220759153
18025500,2.378768682
18039000,2.285800934
18052500,2.601071596
18066000,2.407074213
18079500,2.764193535
18093000,2.878896952
18106500,3.212026119
18120000,2.876227379
18133500,3.212087154
18147000,2.997131824
18160500,2.727782011
18174000,2.864496708
18187500,3.173081636
18201000,2.840998411
18214500,2.890346289
18228000,3.587943792
18241500,3.458392859
18255000,3.198811054
18268500,2.475509167
18282000,2.34380579
18295500,3.192127466
18309000,3.912984848
18322500,4.237882614
18336000,3.731575251
18349500,2.966385126
18363000,2.7603724
18376500,2.432295322
18390000,2.761723757
18403500,2.98704052
18417000,3.500659466
18430500,3.274936199
18444000,2.611993551
18457500,2.277418613
18471000,2.716156483
18484500,2.881464005
18498000,3.16875124
18511500,3.260026217
18525000,2.81478548
18538500,2.566706896
18552000,2.689662933
18565500,3.025376797
18579000,3.031993151
18592500,3.387024641
18606000,3.673955202
18619500,3.229287624
18633000,2.803313732
18646500,2.921316862
18660000,3.105362654
18673500,3.142077923
18687000,3.453398943
18700500,3.527512074
18714000,3.125918865
18727500,2.819848776
18741000,2.742468596
18754500,2.852533102
18768000,2.969233274
18781500,3.127373457
18795000,3.294237852
18808500,2.703854561
18822000,2.327483416
18835500,2.440485239
18849000,2.62028265
18862500,2.62917161
18876000,2.860391378
18889500,2.998861074
18903000,2.410418034
18916500,2.229835749
18930000,2.331386089
18943500,2.467866659
18957000,2.472523689
18970500,2.577211618
18984000,2.65341711
18997500,2.920850277
19011000,2.417807579
19024500,1.986275196
19038000,2.071635723
19051500,2.125977516
19065000,2.310975075
19078500,2.44818902
19092000,2.546257973
19105500,2.22180438
19119000,1.882848024
19132500,1.861482024
19146000,1.939502835
19159500,2.078407526
19173000,2.25686717
19186500,2.294585228
19200000,2.012111187
19213500,1.792405844
19227000,1.79506588
19240500,1.885551691
19254000,2.102964163
19267500,2.335985661
19281000,2.463815212
19294500,2.180084705
19308000,1.973824978
19321500,2.106077194
19335000,2.202325344
19348500,2.414321661
19362000,2.647503614
19375500,2.962483406
19389000,2.547070265
19402500,2.332277536
19416000,2.349238157
19429500,2.456900835
19443000,2.57657671
19456500,2.902989626
19470000,3.148751974
19483500,2.734170914
19497000,2.427059889
19510500,2.379225731
19524000,2.569882631
19537500,2.658114672
19551000,3.000837088
19564500,3.327059031
19578000,2.779837608
19591500,2.476875067
19605000,2.64659667
19618500,2.761038542
19632000,2.860413074
19645500,3.10139513
19659000,3.302836657
19672500,2.85140872
19686000,2.372592688
19699500,2.427453518
19713000,2.720914602
19726500,2.854475498
19740000,3.263387442
19753500,3.391608238
19767000,2.91714263
19780500,2.499241829
19794000,2.601546049
19807500,2.676575661
19821000,2.829949141
19834500,3.039266109
19848000,3.259611845
19861500,3.245840073
19875000,2.75139308
19888500,2.400372028
19902000,2.626389742
19915500,2.670247793
19929000,2.909528732
19942500,3.09086585
19956000,3.261074066
19969500,2.69872427
19983000,2.301211119
19996500,2.40721488
20010000,2.554404974
20023500,2.531436443
20037000,2.755812407
20050500,2.985799551
20064000,2.443411827
20077500,2.055615187
20091000,2.100981474
20104500,2.223238707
20118000,2.313276052
20131500,2.553444862
20145000,2.772087336
20158500,2.358888149
20172000,1.97292459
20185500,2.055559397
20199000,2.184131384
20212500,2.374927521
20226000,2.427196264
20239500,2.729117632
20253000,2.259940147
20266500,1.980820179
20280000,1.951216459
20293500,2.091735363
20307000,2.306797743
20320500,2.5149014
20334000,2.632748365
20347500,2.289373398
20361000,1.939592361
20374500,2.007204056
20388000,2.026524305
20401500,2.069750786
20415000,2.214918613
20428500,2.491929293
20442000,2.06766963
20455500,1.79338038
20469000,1.757461309
20482500,1.821387649
20496000,1.966215253
20509500,2.144808769
20523000,2.209176779
20536500,1.890900731
20550000,1.646529675
20563500,1.674313426
20577000,1.704448342
20590500,1.811690331
20604000,1.949643016
20617500,2.09520483
20631000,1.759637713
20644500,1.612222791
20658000,1.595858335
20671500,1.661125064
20685000,1.770224333
20698500,1.962679029
20712000,1.997540236
20725500,2.077732086
20739000,1.752707839
20752500,1.568819761
20766000,1.77015388
20779500,1.805047393
20793000,1.755569816
20806500,2.102453232
20820000,2.105854511
20833500,1.741511226
20847000,1.605260134
20860500,1.472420931
20874000,1.749011278
20887500,1.931360364
20901000,1.90900743
20914500,2.149161816
20928000,1.952650905
20941500,1.637067914
20955000,1.490454197
20968500,1.613627434
20982000,1.89225924
20995500,2.098114729
21009000,1.942784071
21022500,1.580738544
21036000,1.553977251
21049500,1.732572317
21063000,1.813767552
21076500,1.810870647
21090000,2.216523409
21103500,2.523723841
21117000,2.073256493
21130500,1.857652664
21144000,1.683586955
21157500,1.873487711
21171000,2.001950264
21184500,2.306471109
21198000,2.482262373
21211500,2.344825983
21225000,2.084405899
21238500,1.884003162
21252000,1.624524236
21265500,1.932237506
21279000,2.663495779
21292500,2.896321774
21306000,2.270555019
21319500,2.051807642
21333000,2.022499561
21346500,2.089334011
21360000,2.315439224
21373500,2.452473402
21387000,2.798735619
21400500,2.240679979
21414000,2.272745371
21427500,2.443814278
21441000,2.670212507
21454500,2.905736923
21468000,3.052613974
21481500,3.091900587
21495000,2.648132086
21508500,2.528907776
21522000,2.7275877
21535500,2.973502636
21549000,3.083103418
21562500,3.301304579
21576000,3.426311255
21589500,3.921916008
21603000,3.346116304
21616500,3.1249156
21630000,3.113776684
21643500,3.233043194
21657000,3.491754293
21670500,3.714695454
21684000,4.168103218
21697500,3.663664818
21711000,3.125166416
21724500,3.167299986
21738000,3.444892406
21751500,3.752180576
21765000,4.310451508
21778500,4.225075722
21792000,3.545783997
21805500,3.307559729
21819000,3.263082981
21832500,3.530121565
21846000,3.88090229
21859500,4.000988483
21873000,3.963901758
21886500,3.499811649
21900000,3.072722673
21913500,3.260777473
21927000,3.515297174
21940500,3.327950716
21954000,3.540835381
21967500,3.991986752
21981000,3.554430008
21994500,3.181414127
22008000,2.972601652
22021500,3.41421628
22035000,3.819740534
22048500,3.883049965
22062000,3.682904959
22075500,3.638663769
22089000,3.594504356
22102500,3.105046034
22116000,3.594929695
22129500,3.637708902
22143000,3.597754717
22156500,3.824558258
22170000,3.697182417
22183500,3.379244089
22197000,3.7392416
22210500,3.312079668
22224000,4.480759621
22237500,4.380150795
22251000,4.758409023
22264500,4.328505516
22278000,4.095009804
22291500,4.01555109
22305000,4.221858025
22318500,4.510511875
22332000,5.004291058
22345500,5.544607639
22359000,4.7364645
22372500,4.653134346
22386000,5.010687828
22399500,4.602209091
22413000,5.135038853
22426500,5.29999733
22440000,5.859658718
22453500,6.657209396
22467000,5.798846722
22480500,5.140831947
22494000,5.803440571
22507500,6.399377823
22521000,7.057938576
22534500,7.459926128
22548000,8.503386497
22561500,7.076908588
22575000,6.062514782
22588500,6.936367989
22602000,7.67746067
22615500,8.424092293
22629000,8.928402901
22642500,8.945324898
22656000,7.587677956
22669500,6.832686424
22683000,7.651532173
22696500,7.489250183
22710000,8.07251358
22723500,8.658359528
22737000,9.404453278
22750500,7.672255039
22764000,7.264937401
22777500,7.324313164
22791000,7.208268166
22804500,8.235980988
22818000,9.051025391
22831500,9.768457413
22845000,8.374915123
22858500,7.403204918
22872000,7.314332008
22885500,7.525441647
22899000,8.083845139
22912500,8.256567001
22926000,8.740589142
22939500,7.248605251
22953000,6.547646999
22966500,6.245456696
22980000,6.585690498
22993500,6.99090004
23007000,7.954096794
23020500,7.980422497
23034000,6.866284847
23047500,5.993616104
23061000,6.043335438
23074500,6.345392704
23088000,6.98629427
23101500,7.232869148
23115000,7.67876339
23128500,6.520586014
23142000,5.203360558
23155500,5.661685944
23169000,5.541702747
23182500,6.141176224
23196000,6.134993553
23209500,5.856721401
23223000,5.62219429
23236500,5.246832371
23250000,5.0452075
23263500,4.848039627
23277000,4.759449959
23290500,6.208158016
23304000,6.792861462
23317500,6.977427959
23331000,6.085021973
23344500,5.225941181
23358000,4.949673653
23371500,5.013690472
23385000,5.307245731
23398500,6.298809052
23412000,6.934929371
23425500,5.371744156
23439000,4.705577374
23452500,4.020849228
23466000,5.400006294
23479500,5.789433002
23493000,6.503729343
23506500,7.006826878
23520000,6.122591972
23533500,5.049865246
23547000,4.802392006
23560500,5.357859612
23574000,4.93886137
23587500,4.609219551
23601000,4.731367111
23614500,4.949234962
23628000,4.742609024
23641500,3.923431635
23655000,4.12520504
23668500,4.587400436
23682000,5.411780357
23695500,5.540726662
23709000,5.29176712
23722500,4.344984055
23736000,4.734555721
23749500,4.440699577
23763000,4.707825184
23776500,5.198736191
23790000,5.070667267
23803500,5.139387131
23817000,4.049462318
23830500,4.089190006
23844000,3.475785017
23857500,3.865800858
23871000,5.290977955
23884500,5.78072834
23898000,4.866662025
23911500,3.764860153
23925000,4.066438198
23938500,4.277216911
23952000,4.28280592
23965500,4.477013111
23979000,4.50510788
23992500,3.679049492
24006000,2.969483852
24019500,3.618744135
24033000,3.772789717
24046500,3.899790525
24060000,3.659207106
24073500,4.318239212
24087000,3.503631353
24100500,3.330287933
24114000,3.843495131
24127500,4.240083218
24141000,4.233538151
24154500,4.396270275
24168000,4.359388351
24181500,4.603342056
24195000,3.902996302
24208500,3.006680489
24222000,3.69064188
24235500,4.11267662
24249000,4.222668171
24262500,4.510548115
24276000,4.727449894
24289500,3.759881258
24303000,3.125891924
24316500,3.185654163
24330000,2.962855339
24343500,3.07055831
24357000,3.510116339
24370500,3.703089237
24384000,3.081225395
24397500,2.935692549
24411000,2.667022705
24424500,2.81349659
24438000,3.166467667
24451500,3.30057025
24465000,3.721600294
24478500,2.987547159
24492000,2.627600431
24505500,2.687615156
24519000,2.818916321
24532500,2.949491739
24546000,2.94395709
24559500,2.881039619
24573000,2.443039656
24586500,2.16293931
24600000,2.136848927
24613500,2.48494792
24627000,2.603626966
24640500,2.619399548
24654000,2.602776051
24667500,2.194895744
24681000,2.055672169
24694500,1.824011326
24708000,1.879117608
24721500,1.944524407
24735000,2.309627295
24748500,2.527317524
24762000,2.166930676
24775500,1.878079176
24789000,1.531385422
24802500,1.941946387
24816000,2.085132837
24829500,2.095785856
24843000,2.39899087
24856500,1.970603466
24870000,1.696353436
24883500,1.808174253
24897000,1.943547726
24910500,1.943778157
24924000,2.018790722
24937500,2.141900301
24951000,1.926535487
24964500,1.76634419
24978000,1.742878795
24991500,1.514501929
25005000,1.335472703
25018500,1.821573377
25032000,2.166665554
25045500,2.150080204
25059000,2.112230778
25072500,1.865065098
25086000,1.843453407
25099500,1.95382154
25113000,1.651998162
25126500,1.782105803
25140000,2.237342119
25153500,2.094777107
25167000,1.561214924
25180500,1.346555114
25194000,2.006724834
25207500,2.167755127
25221000,2.074846268
25234500,1.8511976
25248000,1.783104181
25261500,1.54417789
25275000,1.476418614
25288500,1.779577851
25302000,1.663221478
25315500,1.836985707
25329000,2.156008244
25342500,1.634039998
25356000,1.468845367
25369500,1.694322228
25383000,1.533032775
25396500,1.884772062
25410000,1.855774045
25423500,1.89952457
25437000,1.801313162
25450500,1.513674021
25464000,1.344420671
25477500,1.418146968
25491000,1.153407454
25504500,1.440868497
25518000,1.434519529
25531500,1.484062314
25545000,1.412623763
25558500,1.333376288
25572000,1.258077621
25585500,1.342210889
25599000,1.077762842
25612500,1.240169525
25626000,1.319732308
25639500,0.942045808
25653000,0.880044281
25666500,0.966454089
25680000,0.983756483
25693500,1.221349001
25707000,1.05511117
25720500,1.027383685
25734000,1.165357947
25747500,1.057927966
25761000,1.062184095
25774500,1.027046084
25788000,0.960856855
25801500,1.251671553
25815000,1.116828561
25828500,1.129821897
25842000,1.104214191
25855500,1.243839383
25869000,1.462506294
25882500,1.209358811
25896000,1.361872792
25909500,1.731911421
25923000,1.581751108
25936500,1.334890127
25950000,1.42373085
25963500,1.630833626
25977000,1.87696898
25990500,1.623865843
26004000,2.115488291
26017500,2.124215603
26031000,1.915413499
26044500,1.834813356
26058000,1.839641571
26071500,1.759903312
26085000,1.946045876
26098500,2.163816929
26112000,2.213397026
26125500,2.12525034
26139000,2.014751196
26152500,2.108252764
26166000,2.183140993
26179500,2.821560383
26193000,3.128679991
26206500,2.763972998
26220000,2.014567137
26233500,2.335252762
26247000,2.262060881
26260500,2.565998793
26274000,2.744449139
26287500,2.910296202
26301000,2.299636602
26314500,2.508122921
26328000,2.219437122
26341500,2.692629099
26355000,2.581828833
26368500,2.542119265
26382000,3.131128311
26395500,2.936990976
26409000,2.90594244
26422500,2.529145718
26436000,2.471052885
26449500,2.874244928
26463000,2.929582119
26476500,3.395169497
26490000,2.901419401
26503500,2.811927795
26517000,2.924794197
26530500,2.728315353
26544000,3.303511143
26557500,3.247999907
26571000,3.245217562
26584500,2.99048543
26598000,2.384573221
26611500,2.307374239
26625000,2.707542658
26638500,2.482909441
26652000,2.72168088
26665500,3.386041641
26679000,2.970575094
26692500,2.550013781
26706000,2.704365253
26719500,2.394933701
26733000,2.608805418
26746500,3.007380009
26760000,3.36263895
26773500,3.469741583
26787000,2.917864084
26800500,2.45714736
26814000,1.804677606
26827500,2.040846825
26841000,2.759770393
26854500,2.788562298
26868000,3.060268402
26881500,2.947535515
26895000,2.935356379
26908500,2.624570131
26922000,2.321057796
26935500,2.599122763
26949000,2.938910007
26962500,2.881124258
26976000,1.970258355
26989500,1.697358251
27003000,1.953043342
27016500,2.57826376
27030000,2.924023628
27043500,3.111205578
27057000,3.252487898
27070500,2.729423285
27084000,2.637604237
27097500,2.436567783
27111000,2.808353186
27124500,2.740434885
27138000,2.844518423
27151500,3.062495232
27165000,2.83942318
27178500,2.438304901
27192000,2.097126484
27205500,2.155122042
27219000,2.633548737
27232500,2.946856022
27246000,3.127703667
27259500,2.717864037
27273000,2.444039106
27286500,2.236691952
27300000,2.125894785
27313500,1.964223981
27327000,2.836419344
27340500,2.744887829
27354000,2.648958921
27367500,2.523546934
27381000,2.583713293
27394500,2.499638319
27408000,2.711722851
27421500,3.029000044
27435000,3.165433884
27448500,2.639607191
27462000,2.19486165
27475500,2.019768715
27489000,2.431979656
27502500,2.71798563
27516000,3.03081131
27529500,3.660761356
27543000,3.093092442
27556500,2.4765172
27570000,2.05136919
27583500,2.565621614
27597000,2.985146999
27610500,2.41883707
27624000,2.876630068
27637500,3.294451952
27651000,2.795248985
27664500,2.31192112
27678000,2.161262989
27691500,2.702678919
27705000,2.524304628
27718500,2.148221016
27732000,2.401707649
27745500,2.619828224
27759000,2.948734999
27772500,2.894530773
27786000,3.697945118
27799500,3.94323802
27813000,3.360544682
27826500,3.603571415
27840000,3.838979006
27853500,3.525059938
27867000,4.065561771
27880500,4.060882092
27894000,3.020711899
27907500,3.455373526
27921000,3.656592131
27934500,3.568852901
27948000,2.936680079
27961500,3.639222383
27975000,3.368208647
27988500,4.251457691
28002000,5.120405674
28015500,4.925959587
28029000,4.619042397
28042500,3.459215641
28056000,3.242531776
28069500,2.648202896
28083000,2.5946908
28096500,3.874108315
28110000,4.772573948
28123500,4.163480759
28137000,3.247813702
28150500,3.339707851
28164000,3.049069643
28177500,4.341571331
28191000,4.264609814
28204500,4.406961441
28218000,3.849024534
28231500,3.271947622
28245000,3.975182295
28258500,4.123874187
28272000,3.388119936
28285500,2.980898619
28299000,3.852670193
28312500,3.730357409
28326000,3.990770817
28339500,4.431950569
28353000,4.000029564
28366500,4.05066061
28380000,3.948421478
28393500,4.277316093
28407000,5.0785532
28420500,5.058416367
28434000,4.644032001
28447500,4.547669888
28461000,4.286826611
28474500,4.183743954
28488000,5.086317062
28501500,4.84051466
28515000,4.86522007
28528500,4.564887047
28542000,5.061271667
28555500,6.170532703
28569000,6.520270824
28582500,7.199437618
28596000,6.706422806
28609500,6.621894836
28623000,5.44715929
28636500,4.806107521
28650000,5.253809452
28663500,7.249561787
28677000,8.110258102
28690500,8.401865005
28704000,7.869235039
28717500,6.012095451
28731000,6.473854542
28744500,5.85199213
28758000,7.017546177
28771500,8.517477989
28785000,9.093403816
28798500,6.75884819
28812000,5.826355457
28825500,4.848603249
28839000,5.26727581
28852500,7.212684155
28866000,8.391212463
28879500,8.854373932
28893000,7.53947258
28906500,6.934351921
28920000,7.906968117
28933500,8.512354851
28947000,8.144182205
28960500,10.95327663
28974000,12.38958645
28987500,12.05517197
29001000,9.974297523
29014500,8.512922287
29028000,9.625709534
29041500,9.090782166
29055000,9.996522903
29068500,9.944442749
29082000,9.229527473
29095500,7.783613205
29109000,9.938292503
29122500,11.17447472
29136000,9.867156982
29149500,10.92310905
29163000,10.5972023
29176500,10.75743198
29190000,10.58890152
29203500,11.28583527
29217000,12.41089821
29230500,10.97298145
29244000,10.84791374
29257500,11.57779026
29271000,15.10996056
29284500,13.93565273
29298000,13.26522064
29311500,10.9742136
29325000,12.78240299
29338500,12.51548767
29352000,12.91610813
29365500,13.42143536
29379000,13.45024681
29392500,11.15974617
29406000,10.31304932
29419500,10.27134228
29433000,9.346330643
29446500,13.02326012
29460000,12.9705019
29473500,12.45516777
29487000,11.9194212
29500500,9.346237183
29514000,8.391996384
29527500,10.46737385
29541000,13.43837738
29554500,14.33612537
29568000,12.48264217
29581500,11.41588879
29595000,8.871760368
29608500,9.581912041
29622000,12.54493427
29635500,14.28395367
29649000,17.62363815
29662500,13.45340538
29676000,9.60684967
29689500,10.25677872
29703000,10.72704124
29716500,12.74567604
29730000,13.9887085
29743500,14.18209267
29757000,11.29234409
29770500,10.55853939
29784000,10.14460754
29797500,8.391868591
29811000,9.743814468
29824500,12.49101067
29838000,13.18869972
29851500,11.23253441
29865000,9.035223007
29878500,8.92343998
29892000,10.6376009
29905500,9.9037323
29919000,11.21537399
29932500,11.10341072
29946000,11.34199429
29959500,11.88492012
29973000,11.72487354
29986500,9.740586281
30000000,26.17749405
30035000,36.12567139
30070000,44.04246521
30105000,52.97332001
30140000,59.58880234
30175000,65.99926758
30210000,67.34577179
30245000,63.6484642
30280000,60.1448288
30315000,62.83215332
30350000,64.24668121
30385000,62.087883
30420000,60.03189468
30455000,61.29272079
30490000,62.97262955
30525000,63.18369293
30560000,59.20408249
30595000,57.65455246
30630000,56.88434601
30665000,58.22644043
30700000,60.17298889
30735000,60.8828392
30770000,56.61937714
30805000,52.69169998
30840000,50.87636566
30875000,50.54388809
30910000,50.6037674
30945000,49.50403595
30980000,51.17621231
31015000,55.77860641
31050000,55.41689682
31085000,57.38040543
31120000,55.85284805
31155000,56.29421234
31190000,60.79733658
31225000,60.86591721
31260000,58.77324677
31295000,58.69348907
31330000,58.54040909
31365000,56.46252441
31400000,55.16316986
31435000,53.39662552
31470000,53.02926254
31505000,52.75770187
31540000,51.09298325
31575000,51.78897095
31610000,48.51586533
31645000,44.98092651
31680000,43.02259064
31715000,42.24697876
31750000,43.59338379
31785000,42.26203156
31820000,41.3334198
31855000,41.40748215
31890000,40.06817245
31925000,43.06761169
31960000,40.78314972
31995000,39.21372604
32030000,39.38912201
32065000,37.9040184
32100000,37.18078232
32135000,38.26325989
32170000,37.74195862
32205000,38.56550217
32240000,39.81904602
32275000,40.16775513
32310000,38.29540253
32345000,34.45105362
32380000,32.27639389
32415000,29.87128448
32450000,28.3903923
32485000,25.93610954
32520000,25.50120735
32555000,25.40570259
32590000,24.38381767
32625000,23.99611664
32660000,22.86011314
32695000,21.81137276
32730000,20.65315628
32765000,20.04730606
32800000,19.80102158
32835000,19.73120117
32870000,20.58927727
32905000,20.88028526
32940000,20.647789
32975000,20.62005615
33010000,21.64128304
33045000,21.59402657
33080000,21.91985512
33115000,21.21510887
33150000,21.24211693
33185000,21.15155602
33220000,19.76378059
33255000,19.15771294
33290000,20.40845871
33325000,22.21723366
33360000,21.43642616
33395000,22.95329094
33430000,22.88534927
33465000,21.92845345
33500000,22.85331154
33535000,23.22941399
33570000,23.09091759
33605000,22.58934975
33640000,22.44163895
33675000,21.08212852
33710000,20.29229927
33745000,20.59638786
33780000,19.78504753
33815000,17.96504211
33850000,17.44507027
33885000,16.31019592
33920000,15.69566154
33955000,15.41939068
33990000,15.41213417
34025000,14.99486256
34060000,14.60267258
34095000,13.00059986
34130000,12.36256409
34165000,12.03216743
34200000,11.27871132
34235000,10.58616829
34270000,10.12222195
34305000,9.653557777
34340000,9.931247711
34375000,10.42288589
34410000,10.87360859
34445000,11.72330379
34480000,12.758605
34515000,13.44577122
34550000,14.07607365
34585000,14.88392925
34620000,15.66423225
34655000,18.01238251
34690000,18.64698219
34725000,21.53037071
34760000,22.34220123
34795000,22.38095856
34830000,24.11632729
34865000,23.45924187
34900000,22.44286728
34935000,25.22719765
34970000,26.21825409
35005000,25.91699028
35040000,25.74126053
35075000,24.19813156
35110000,22.93818855
35145000,22.34340477
35180000,22.61638069
35215000,22.78698158
35250000,21.84955788
35285000,19.09715462
35320000,17.67927742
35355000,17.16634941
35390000,16.57462692
35425000,15.29159927
35460000,14.79680824
35495000,13.2953558
35530000,13.56378841
35565000,13.10518456
35600000,13.41789055
35635000,13.52515984
35670000,12.94493103
35705000,12.05064583
35740000,11.37260723
35775000,10.78135109
35810000,9.860667229
35845000,9.442198753
35880000,9.171337128
35915000,8.482975006
35950000,7.967132568
35985000,7.693278313
36020000,7.540457726
36055000,7.871137142
36090000,8.365616798
36125000,9.123911858
36160000,10.38557053
36195000,11.50312901
36230000,12.53033543
36265000,14.29066563
36300000,15.2139101
36335000,15.97741985
36370000,17.10737038
36405000,17.85310555
36440000,17.68191147
36475000,17.03523064
36510000,16.42609787
36545000,16.57419014
36580000,16.05223274
36615000,15.43367958
36650000,15.28081894
36685000,14.89046192
36720000,14.17743587
36755000,14.28534222
36790000,14.17132854
36825000,13.95819092
36860000,13.41421223
36895000,12.73313332
36930000,12.2636652
36965000,11.86847305
37000000,11.63322735
37035000,11.32793045
37070000,10.87064362
37105000,10.25878525
37140000,10.03674793
37175000,9.816068649
37210000,9.378508568
37245000,8.711987495
37280000,8.549070358
37315000,8.547721863
37350000,8.136964798
37385000,7.823166847
37420000,7.992696285
37455000,7.710811138
37490000,7.645085812
37525000,7.910624504
37560000,8.04925251
37595000,7.858408928
37630000,7.696132183
37665000,7.487760067
37700000,7.658377647
37735000,7.689423561
37770000,7.780984402
37805000,7.942137241
37840000,7.915125847
37875000,7.962543964
37910000,8.12178421
37945000,8.147956848
37980000,8.159430504
38015000,7.983125687
38050000,7.875954628
38085000,7.9804039
38120000,7.822877884
38155000,7.593640327
38190000,7.752130508
38225000,7.619160652
38260000,7.593445778
38295000,7.819117546
38330000,7.617236614
38365000,7.445976257
38400000,7.439559937
38435000,7.22034502
38470000,7.365597725
38505000,7.112189293
38540000,7.033381462
38575000,7.588205338
38610000,7.854983807
38645000,8.180127144
38680000,8.666929245
38715000,8.791965485
38750000,9.003598213
38785000,8.922014236
38820000,8.780843735
38855000,8.846170425
38890000,9.442608833
38925000,10.12625694
38960000,11.10371113
38995000,11.51000595
39030000,11.34447193
39065000,10.95884514
39100000,11.06103611
39135000,11.1657877
39170000,11.2120266
39205000,11.33689785
39240000,11.72715378
39275000,11.86599255
39310000,11.65000916
39345000,11.31645775
39380000,10.88935852
39415000,10.68235683
39450000,10.24781513
39485000,9.802206039
39520000,9.648156166
39555000,9.303957939
39590000,9.239663124
39625000,9.313171387
39660000,9.137696266
39695000,8.943781853
39730000,9.047300339
39765000,9.081875801
39800000,8.980610847
39835000,8.981994629
39870000,8.94767952
39905000,9.178544998
39940000,9.204627037
39975000,9.208489418
40010000,9.418076515
40045000,9.500951767
40080000,9.307530403
40115000,9.716860771
40150000,9.859162331
40185000,10.36115551
40220000,10.23504829
40255000,10.02004051
40290000,10.54094982
40325000,10.66490936
40360000,10.66349602
40395000,11.30295944
40430000,11.60696793
40465000,11.84872341
40500000,12.66594982
40535000,12.56171989
40570000,12.64649677
40605000,13.07682037
40640000,13.60360432
40675000,14.6648159
40710000,15.34956741
40745000,16.20349503
40780000,17.7484951
40815000,19.0112381
40850000,20.08926582
40885000,22.6318264
40920000,24.0366745
40955000,26.09611893
40990000,27.77710152
41025000,29.66191101
41060000,32.64360428
41095000,34.8570137
41130000,36.73046875
41165000,39.57476425
41200000,40.25150299
41235000,39.93100357
41270000,38.84685516
41305000,37.27093124
41340000,35.4263382
41375000,33.43157196
41410000,30.8153019
41445000,28.38160324
41480000,25.7711544
41515000,23.16917229
41550000,20.90008163
41585000,18.42615509
41620000,16.25125694
41655000,14.35579777
41690000,12.66885853
41725000,11.09830093
41760000,9.649291992
41795000,8.350831032
41830000,7.362481117
41865000,6.553608418
41900000,5.799119949
41935000,5.16748333
41970000,4.744709492
42005000,4.487143993
42040000,4.375966072
42075000,4.042572021
42110000,4.077700615
42145000,3.837940931
42180000,3.73056674
42215000,3.629912138
42250000,3.382923126
42285000,3.516230822
42320000,3.435479879
42355000,3.404402971
42390000,3.369737625
42425000,3.343290329
42460000,3.432287931
42495000,3.616477489
42530000,3.756890059
42565000,3.690235138
42600000,3.434728622
42635000,3.699975252
42670000,3.737507105
42705000,3.72447753
42740000,3.755834341
42775000,3.629504681
42810000,3.628575325
42845000,3.616387844
42880000,4.063556194
42915000,4.006423473
42950000,3.980065823
42985000,4.241801739
43020000,4.322248459
43055000,4.414521217
43090000,4.245941639
43125000,4.103607655
43160000,4.002349854
43195000,3.796195984
43230000,3.568586826
43265000,3.80886054
43300000,3.937965155
43335000,3.813749313
43370000,3.971389294
43405000,3.98922348
43440000,3.573665619
43475000,3.340353727
43510000,3.45802784
43545000,3.52737689
43580000,3.586575508
43615000,3.458714008
43650000,3.815602779
43685000,4.051072598
43720000,4.570501328
43755000,4.807858944
43790000,4.649187565
43825000,4.564767361
43860000,4.448668003
43895000,4.432948589
43930000,4.047456264
43965000,3.672309637
44000000,3.511440516
44035000,3.784091473
44070000,3.68607235
44105000,3.651316166
44140000,4.019013882
44175000,4.098508358
44210000,4.429180145
44245000,4.641829014
44280000,4.912606239
44315000,4.742129326
44350000,4.757130623
44385000,4.757942677
44420000,4.808228016
44455000,5.082334042
44490000,4.960785866
44525000,4.64727211
44560000,4.718466282
44595000,4.554075241
44630000,4.551840782
44665000,4.606315613
44700000,5.160442352
44735000,4.866993427
44770000,4.88016367
44805000,5.902617455
44840000,6.471560955
44875000,6.29296875
44910000,5.997629166
44945000,5.826464176
44980000,5.712123394
45015000,5.824776173
45050000,6.2544384
45085000,6.725441456
45120000,6.802966595
45155000,7.194835663
45190000,6.748990059
45225000,6.436427116
45260000,6.737683773
45295000,7.284987926
45330000,7.126068592
45365000,7.079136848
45400000,7.395903587
45435000,7.930247307
45470000,7.820631504
45505000,7.267285347
45540000,7.097111225
45575000,6.798500061
45610000,6.639493942
45645000,6.564690113
45680000,6.357223511
45715000,6.393840313
45750000,6.482495785
45785000,6.360777855
45820000,6.262716293
45855000,6.310740471
45890000,6.011387825
45925000,5.932712555
45960000,5.997569084
45995000,5.564724445
46030000,5.704367638
46065000,5.253570557
46100000,5.222934723
46135000,5.852423191
46170000,6.617813587
46205000,7.042054653
46240000,8.118742943
46275000,8.363245964
46310000,8.874065399
46345000,9.212324142
46380000,10.0333519
46415000,10.09448719
46450000,10.47306347
46485000,10.23844528
46520000,9.432104111
46555000,9.178330421
46590000,9.164107323
46625000,8.875302315
46660000,9.622629166
46695000,10.20949364
46730000,11.27540493
46765000,11.21888161
46800000,11.33899307
46835000,12.4076004
46870000,13.64417744
46905000,13.81973076
46940000,13.8385973
46975000,14.13691139
47010000,15.25452328
47045000,15.47382641
47080000,16.14153671
47115000,17.56493187
47150000,17.94152641
47185000,18.48467064
47220000,19.25476265
47255000,20.46689796
47290000,21.56611252
47325000,21.8268795
47360000,22.13953972
47395000,22.0438633
47430000,21.87236023
47465000,21.62224579
47500000,22.66996002
47535000,23.15986443
47570000,23.56669044
47605000,25.14014244
47640000,26.97488403
47675000,28.13271713
47710000,30.19743156
47745000,32.58800888
47780000,35.9288826
47815000,37.92066193
47850000,38.67841721
47885000,41.42499161
47920000,42.71840668
47955000,43.33689499
47990000,46.3003273
48025000,48.50616837
48060000,48.81574249
48095000,46.7175827
48130000,45.72338867
48165000,46.58926773
48200000,44.83477783
48235000,44.04088593
48270000,45.44509125
48305000,44.78710556
48340000,42.85919189
48375000,41.8883934
48410000,39.74478912
48445000,37.73076248
48480000,34.79050827
48515000,33.27903366
48550000,33.17417145
48585000,31.6745224
48620000,30.95978928
48655000,31.23430443
48690000,31.8572998
48725000,30.84373665
48760000,32.14482117
48795000,32.54637527
48830000,32.86935043
48865000,31.27560234
48900000,30.38770866
48935000,30.70970535
48970000,30.06341553
49005000,29.01597595
49040000,29.14987564
49075000,28.78372192
49110000,28.25738525
49145000,27.04153252
49180000,25.09907913
49215000,24.56936264
49250000,24.23044777
49285000,24.01082039
49320000,23.81682777
49355000,22.65220642
49390000,22.53210449
49425000,22.67233276
49460000,21.87886429
49495000,21.56168556
49530000,21.40300369
49565000,21.23829079
49600000,21.39257813
49635000,21.41125679
49670000,20.83318901
49705000,22.19243431
49740000,22.94614983
49775000,23.90834618
49810000,24.69430923
49845000,24.48495674
49880000,24.36572647
49915000,24.3898201
49950000,23.83977699
49985000,23.83662415
50020000,23.46578026
50055000,23.56736374
50090000,24.52349472
50125000,24.30369186
50160000,24.00476456
50195000,24.77361298
50230000,25.08717918
50265000,23.90122032
50300000,22.85962486
50335000,22.38329124
50370000,22.30270767
50405000,21.8459568
50440000,20.94223595
50475000,20.08644104
50510000,19.56544876
50545000,18.51565933
50580000,18.42365074
50615000,17.55064583
50650000,16.48514366
50685000,15.39592648
50720000,14.09547234
50755000,13.09582615
50790000,12.04088974
50825000,10.89587116
50860000,10.04518795
50895000,9.088525772
50930000,8.239814758
50965000,7.714221001
51000000,7.395333767
51035000,6.976005077
51070000,6.892174721
51105000,6.870026112
51140000,7.250144482
51175000,7.220074654
51210000,7.266706944
51245000,7.856946945
51280000,8.193471909
51315000,8.523511887
51350000,9.089241028
51385000,9.644691467
51420000,10.34926414
51455000,10.78423023
51490000,10.85729504
51525000,11.60119534
51560000,11.95660114
51595000,12.55216312
51630000,13.30918407
51665000,13.72036076
51700000,13.56160164
51735000,13.95764828
51770000,14.12662315
51805000,14.77424049
51840000,15.04176426
51875000,14.98839092
51910000,15.46934128
51945000,15.89491367
51980000,15.89381886
52015000,16.48317337
52050000,16.29249573
52085000,16.56441879
52120000,17.41916275
52155000,18.4364624
52190000,19.39494133
52225000,19.83076096
52260000,20.16189194
52295000,21.29555702
52330000,22.57060814
52365000,23.88373566
52400000,25.84478378
52435000,26.49960518
52470000,28.34460258
52505000,30.1469059
52540000,30.69324684
52575000,31.34265518
52610000,30.15405846
52645000,27.74033737
52680000,25.55361557
52715000,22.95475006
52750000,20.11480331
52785000,17.74112701
52820000,15.50201893
52855000,13.41914845
52890000,11.66435051
52925000,10.03749943
52960000,8.691763878
52995000,7.490136147
53030000,6.529233932
53065000,5.746699333
53100000,5.069264889
53135000,4.501617908
53170000,4.173158646
53205000,3.899737835
53240000,3.835743427
53275000,3.478401661
53310000,3.217821836
53345000,3.309108496
53380000,3.314702511
53415000,3.32353425
53450000,3.481896639
53485000,3.500454187
53520000,3.408824921
53555000,3.81807971
53590000,3.877678394
53625000,4.03525877
53660000,3.969794512
53695000,4.034561634
53730000,4.044946194
53765000,3.96654582
53800000,4.246846676
53835000,4.304760456
53870000,4.536149979
53905000,4.559645653
53940000,4.920380592
53975000,5.425071716
54010000,5.702622414
54045000,5.858757973
54080000,6.064166546
54115000,6.504794121
54150000,6.674667358
54185000,6.59913969
54220000,7.192132473
54255000,7.599471569
54290000,7.720299244
54325000,7.84034729
54360000,7.720180988
54395000,7.296348572
54430000,6.757122993
54465000,6.159598827
54500000,5.883246899
54535000,5.457991123
54570000,4.801223278
54605000,4.389874935
54640000,4.394843578
54675000,4.339683533
54710000,4.197210789
54745000,4.363512516
54780000,4.569072723
54815000,4.890726089
54850000,4.641027451
54885000,4.71830225
54920000,5.060768127
54955000,5.238527775
54990000,5.356993198
55025000,5.956441879
55060000,6.431427956
55095000,6.888086319
55130000,6.633778095
55165000,6.930666447
55200000,7.368155956
55235000,7.637176991
55270000,7.795623779
55305000,8.560773849
55340000,8.892666817
55375000,9.403900146
55410000,11.79042721
55445000,12.29991531
55480000,13.31191921
55515000,13.47411442
55550000,12.92875767
55585000,12.1113224
55620000,11.1213541
55655000,10.51972961
55690000,9.693511009
55725000,8.46483326
55760000,7.766096115
55795000,7.323008537
55830000,6.872529984
55865000,6.25462389
55900000,5.577147007
55935000,4.919025898
55970000,4.371963501
56005000,4.050173759
56040000,3.81854248
56075000,3.389576197
56110000,3.031127691
56145000,2.765990973
56180000,2.624687195
56215000,2.510695219
56250000,2.367818356
56285000,2.255183458
56320000,2.349984646
56355000,2.453676939
56390000,2.436521053
56425000,2.349425077
56460000,2.241633177
56495000,2.368001938
56530000,2.440490484
56565000,2.588833332
56600000,2.514042377
56635000,2.505602837
56670000,2.418362379
56705000,2.469300747
56740000,2.421864748
56775000,2.428648472
56810000,2.437814951
56845000,2.465005159
56880000,2.488355875
56915000,2.522429705
56950000,2.52576375
56985000,2.627644062
57020000,2.724906445
57055000,2.694739819
57090000,3.041361332
57125000,3.162527561
57160000,3.372889519
57195000,3.710344791
57230000,3.984613657
57265000,3.688049078
57300000,3.461668491
57335000,3.242059231
57370000,3.159142733
57405000,2.842217922
57440000,2.762603283
57475000,2.812571049
57510000,2.707039356
57545000,2.73174119
57580000,2.978634119
57615000,2.871504545
57650000,2.891498327
57685000,3.312816858
57720000,3.389878988
57755000,3.13993454
57790000,2.942008734
57825000,2.931167364
57860000,2.864598513
57895000,2.710635662
57930000,2.661362648
57965000,2.789498091
58000000,2.87376976
58035000,2.809705019
58070000,2.805989981
58105000,2.950097084
58140000,3.032726765
58175000,3.093725443
58210000,3.209096193
58245000,3.63135457
58280000,3.76121521
58315000,3.967641354
58350000,4.330055714
58385000,4.917904854
58420000,5.33892107
58455000,5.900743961
58490000,6.333593369
58525000,6.659724236
58560000,7.123440266
58595000,7.592967033
58630000,8.208964348
58665000,8.262188911
58700000,8.210938454
58735000,8.765142441
58770000,8.683987617
58805000,8.436861992
58840000,7.893177032
58875000,7.120992184
58910000,6.939536095
58945000,6.24391222
58980000,6.124874115
59015000,5.934013844
59050000,5.478229523
59085000,5.023721695
59120000,4.701024532
59155000,4.329126358
59190000,3.851434469
59225000,3.556277514
59260000,3.422243118
59295000,3.410943031
59330000,3.218773603
59365000,3.024113655
59400000,2.729163885
59435000,2.672386646
59470000,2.799114704
59505000,2.860527754
59540000,2.837155819
59575000,2.979028463
59610000,2.803992271
59645000,2.650505543
59680000,2.635140657
59715000,2.602915287
59750000,2.818018913
59785000,3.118237495
59820000,3.226104021
59855000,3.131977797
59890000,3.0531075
59925000,2.960909843
59960000,3.130553961
59995000,2.961097956
60030000,2.929851055
60065000,3.398371696
60100000,3.631811619
60135000,3.643111229
60170000,3.940659523
60205000,3.985009909
60240000,3.989337921
60275000,3.748744011
60310000,3.673404932
60345000,3.853541374
60380000,3.659114361
60415000,3.465555668
60450000,3.646435499
60485000,3.84394002
60520000,3.868546963
60555000,4.011176586
60590000,4.116156101
60625000,4.248251915
60660000,4.58235836
60695000,4.915629387
60730000,5.214584827
60765000,5.483725548
60800000,5.556463718
60835000,6.018168449
60870000,6.404676914
60905000,6.967065334
60940000,7.547296047
60975000,8.078321457
61010000,8.546127319
61045000,9.378453255
61080000,9.471418381
61115000,9.842110634
61150000,9.895439148
61185000,10.20526695
61220000,10.67901516
61255000,10.28355789
61290000,9.875759125
61325000,9.778586388
61360000,9.568956375
61395000,9.058570862
61430000,8.952589989
61465000,8.511782646
61500000,7.993898392
61535000,7.455438137
61570000,7.058336258
61605000,6.839848042
61640000,6.558196545
61675000,6.226362228
61710000,6.296722412
61745000,6.17552948
61780000,6.005851269
61815000,5.882727623
61850000,5.747495651
61885000,5.507824421
61920000,5.424769402
61955000,5.29939127
61990000,5.401634216
62025000,5.397731304
62060000,5.404651642
62095000,5.46726656
62130000,5.366843224
62165000,5.220881939
62200000,5.144723892
62235000,5.248337269
62270000,5.266931057
62305000,5.110126495
62340000,5.052395344
62375000,5.169243813
62410000,5.179195404
62445000,5.001587868
62480000,5.059409618
62515000,4.867075443
62550000,4.834823608
62585000,4.918541908
62620000,4.999498844
62655000,4.998134136
62690000,4.810522079
62725000,4.548327923
62760000,4.514545918
62795000,4.395569801
62830000,4.279043674
62865000,4.129281044
62900000,3.87065053
62935000,3.602426291
62970000,3.341024399
63005000,3.033539534
63040000,2.859150887
63075000,2.798139334
63110000,2.800246716
63145000,2.867964029
63180000,2.933165073
63215000,2.999992132
63250000,3.183335781
63285000,3.275836229
63320000,3.406898975
63355000,3.466029167
63390000,3.488518
63425000,3.488884687
63460000,3.448117256
63495000,3.382658482
63530000,3.329166174
63565000,3.283459663
63600000,3.211697817
63635000,3.25831151
63670000,3.239109039
63705000,3.204107046
63740000,3.145844936
63775000,3.076924801
63810000,3.278851986
63845000,3.342688322
63880000,3.30276823
63915000,3.519207716
63950000,3.727602005
63985000,3.853783131
64020000,3.973842382
64055000,4.108493328
64090000,4.480639935
64125000,4.727767944
64160000,4.935080528
64195000,5.249058247
64230000,5.389614105
64265000,5.664307117
64300000,6.072018623
64335000,6.457894802
64370000,6.365162849
64405000,6.549671173
64440000,6.580904484
64475000,6.785680771
64510000,6.807199001
64545000,6.491717339
64580000,6.492790699
64615000,6.37601614
64650000,6.294568539
64685000,6.283983231
64720000,6.180109501
64755000,5.933540344
64790000,5.783797264
64825000,5.483397007
64860000,5.208566666
64895000,4.910716534
64930000,4.512031555
64965000,4.27288866
65000000,4.009119987
65035000,3.725272179
65070000,3.507010937
65105000,3.197355986
65140000,2.909838676
65175000,2.832633734
65210000,2.701361895
65245000,2.582398176
65280000,2.444329023
65315000,2.378909111
65350000,2.411379099
65385000,2.392710447
65420000,2.352758408
65455000,2.414407969
65490000,2.385443926
65525000,2.364995003
65560000,2.375610352
65595000,2.315451145
65630000,2.378582954
65665000,2.353222132
65700000,2.305966854
65735000,2.309047222
65770000,2.266488075
65805000,2.221790791
65840000,2.232982397
65875000,2.223583937
65910000,2.207845449
65945000,2.241263628
65980000,2.199571848
66015000,2.204817057
66050000,2.181432962
66085000,2.186255693
66120000,2.325174093
66155000,2.318530798
66190000,2.286499262
66225000,2.335148096
66260000,2.280975342
66295000,2.250075579
66330000,2.207367659
66365000,2.180799484
66400000,2.239718199
66435000,2.215896368
66470000,2.243636608
66505000,2.325631618
66540000,2.331149101
66575000,2.345668316
66610000,2.492507458
66645000,2.551006794
66680000,2.614147902
66715000,2.591011286
66750000,2.619817495
66785000,2.597776651
66820000,2.570141077
66855000,2.517217875
66890000,2.582931519
66925000,2.561212778
66960000,2.574254513
66995000,2.660832882
67030000,2.624863148
67065000,2.576952219
67100000,2.524324894
67135000,2.513288975
67170000,2.66986227
67205000,2.65655899
67240000,2.578244925
67275000,2.68546319
67310000,2.68024826
67345000,2.606424093
67380000,2.617286682
67415000,2.641192198
67450000,2.665634155
67485000,2.637229681
67520000,2.645555496
67555000,2.66769743
67590000,2.60033083
67625000,2.581374645
67660000,2.671434164
67695000,2.610005379
67730000,2.55649972
67765000,2.692793846
67800000,2.726156712
67835000,2.667623758
67870000,2.67209816
67905000,2.592365265
67940000,2.648468494
67975000,2.701158047
68010000,2.768003702
68045000,2.725501299
68080000,2.643979073
68115000,2.638216496
68150000,2.541010141
68185000,2.467935324
68220000,2.494363308
68255000,2.460796595
68290000,2.417500257
68325000,2.582017899
68360000,2.57587266
68395000,2.677900791
68430000,2.691233397
68465000,2.674934626
68500000,2.802998781
68535000,3.031740189
68570000,3.361299753
68605000,3.81253314
68640000,4.125484943
68675000,4.608047485
68710000,4.897801399
68745000,4.649363995
68780000,5.311864853
68815000,6.156332016
68850000,6.48066473
68885000,6.525411129
68920000,6.694681168
68955000,6.452753067
68990000,6.340472221
69025000,5.697686195
69060000,5.174693584
69095000,4.999265671
69130000,4.794838428
69165000,4.908073425
69200000,4.829425812
69235000,4.68952322
69270000,4.777374744
69305000,4.778614998
69340000,4.77256918
69375000,5.122929096
69410000,5.169062614
69445000,5.140734196
69480000,5.205334663
69515000,5.160428524
69550000,5.055150509
69585000,4.96087122
69620000,4.851791859
69655000,4.760484219
69690000,4.574880123
69725000,4.424464703
69760000,4.300351143
69795000,4.153358459
69830000,4.250718594
69865000,4.164337158
69900000,4.032660961
69935000,4.098903179
69970000,4.421695232
70005000,4.380462646
70040000,4.158090591
70075000,4.091959476
70110000,4.195195198
70145000,4.25426054
70180000,4.109755993
70215000,4.00138855
70250000,4.017855644
70285000,4.733148575
70320000,4.645143986
70355000,4.33228159
70390000,4.295092583
70425000,4.48571825
70460000,4.30620575
70495000,3.932142973
70530000,3.678789377
70565000,3.649879456
70600000,3.563466072
70635000,3.475161314
70670000,3.439835072
70705000,3.35631609
70740000,3.406551838
70775000,3.320425987
70810000,3.271005392
70845000,3.180997133
70880000,3.104753494
70915000,3.115218163
70950000,3.101440668
70985000,3.038260937
71020000,3.15755105
71055000,3.123167515
71090000,3.087184668
71125000,3.079352379
71160000,3.024717569
71195000,3.011231661
71230000,2.994722843
71265000,2.862822771
71300000,2.82844615
71335000,2.83906126
71370000,2.8505373
71405000,2.853190422
71440000,2.743003607
71475000,2.822506905
71510000,2.764040232
71545000,2.550938368
71580000,2.528167963
71615000,2.505309582
71650000,2.407006502
71685000,2.43025589
71720000,2.473595381
71755000,2.499154329
71790000,2.466032267
71825000,2.427597284
71860000,2.428163052
71895000,2.454867601
71930000,2.51802206
71965000,2.581546307
72000000,2.648026466
72035000,2.723080873
72070000,3.059470892
72105000,3.123719692
72140000,3.450888634
72175000,3.375805616
72210000,3.174714804
72245000,3.426297903
72280000,4.442518711
72315000,4.737945557
72350000,4.742627144
72385000,5.374924183
72420000,5.846952915
72455000,6.120363235
72490000,5.824894428
72525000,6.01543808
72560000,5.680798531
72595000,5.520690441
72630000,5.192957878
72665000,5.161536694
72700000,5.147304058
72735000,5.068908691
72770000,5.006811619
72805000,4.721980572
72840000,4.410409927
72875000,4.146036625
72910000,3.97836256
72945000,3.887131214
72980000,3.633895159
73015000,3.613125801
73050000,3.905706882
73085000,3.864278555
73120000,3.982527256
73155000,3.942685604
73190000,4.228334904
73225000,4.951383591
73260000,4.912459373
73295000,4.322858334
73330000,3.9575243
73365000,4.338701725
73400000,5.314733505
73435000,5.638152122
73470000,5.543540955
73505000,5.374201298
73540000,6.243420601
73575000,5.848758698
73610000,5.817825317
73645000,6.003293991
73680000,7.080702782
73715000,7.768370628
73750000,8.800898552
73785000,8.700884819
73820000,8.34506321
73855000,8.015939713
73890000,8.125583649
73925000,7.655488014
73960000,7.080478668
73995000,7.270979404
74030000,7.300733089
74065000,7.306697369
74100000,8.485862732
74135000,8.787097931
74170000,8.47435379
74205000,7.636377811
74240000,7.963729858
74275000,8.76143837
74310000,9.023967743
74345000,10.51113892
74380000,11.81994152
74415000,11.91194916
74450000,10.46959496
74485000,9.819974899
74520000,10.50337315
74555000,10.109025
74590000,10.16380787
74625000,9.854447365
74660000,10.22784042
74695000,9.491531372
74730000,8.66437912
74765000,8.966867447
74800000,8.611131668
74835000,8.102684975
74870000,7.218100548
74905000,6.175086498
74940000,5.534240246
74975000,5.125378132
75010000,4.76086998
75045000,4.524500847
75080000,4.382390976
75115000,3.974001884
75150000,3.555482149
75185000,3.170777321
75220000,2.767853022
75255000,2.529598475
75290000,2.442059755
75325000,2.376954079
75360000,2.364842653
75395000,2.300730944
75430000,2.240248203
75465000,2.281940699
75500000,2.283414125
75535000,2.32262373
75570000,2.299860954
75605000,2.318977118
75640000,2.308059931
75675000,2.254503489
75710000,2.245144844
75745000,2.212841034
75780000,2.15134263
75815000,2.266006231
75850000,2.207161665
75885000,2.178514957
75920000,2.207833052
75955000,2.184298515
75990000,2.185359955
76025000,2.243429184
76060000,2.221934319
76095000,2.242230177
76130000,2.203988791
76165000,2.220228195
76200000,2.226814747
76235000,2.199136257
76270000,2.198042393
76305000,2.270653248
76340000,2.284411669
76375000,2.274200439
76410000,2.426416636
76445000,2.537356853
76480000,2.571143866
76515000,2.708919048
76550000,2.760824442
76585000,2.797849417
76620000,2.680323839
76655000,2.550753832
76690000,2.455782413
76725000,2.373050213
76760000,2.269958973
76795000,2.211502552
76830000,2.189307213
76865000,2.217783451
76900000,2.167678118
76935000,2.164924622
76970000,2.204571247
77005000,2.178091049
77040000,2.153283596
77075000,2.20101428
77110000,2.18084836
77145000,2.183790922
77180000,2.155719042
77215000,2.125747442
77250000,2.187171698
77285000,2.14573741
77320000,2.15185833
77355000,2.193860054
77390000,2.136734962
77425000,2.148700476
77460000,2.179878235
77495000,2.162511349
77530000,2.15901494
77565000,2.12172842
77600000,2.120352983
77635000,2.175692081
77670000,2.163481712
77705000,2.13986063
77740000,2.180507898
77775000,2.17030406
77810000,2.170803785
77845000,2.18790555
77880000,2.158788681
77915000,2.17892909
77950000,2.150428057
77985000,2.192231894
78020000,2.32147336
78055000,2.367879152
78090000,2.477685928
78125000,2.724453211
78160000,2.941205025
78195000,2.887068987
78230000,2.829762697
78265000,2.674845219
78300000,2.568505287
78335000,2.446888208
78370000,2.32434392
78405000,2.302294493
78440000,2.234683514
78475000,2.217364788
78510000,2.268859863
78545000,2.221565485
78580000,2.193071842
78615000,2.224839449
78650000,2.196253061
78685000,2.180793047
78720000,2.135082722
78755000,2.147830009
78790000,2.182824373
78825000,2.183923483
78860000,2.18289876
78895000,2.219237089
78930000,2.181849003
78965000,2.159349203
79000000,2.228619337
79035000,2.18445611
79070000,2.163272619
79105000,2.137004852
79140000,2.130055666
79175000,2.20083952
79210000,2.180910826
79245000,2.153768539
79280000,2.202587128
79315000,2.187036276
79350000,2.177078009
79385000,2.211850166
79420000,2.197684765
79455000,2.188491583
79490000,2.152430058
79525000,2.138541937
79560000,2.179284573
79595000,2.168142319
79630000,2.175763607
79665000,2.201882362
79700000,2.174039602
79735000,2.161917686
79770000,2.207255602
79805000,2.186706543
79840000,2.192643642
79875000,2.148842812
79910000,2.150003195
79945000,2.206858397
79980000,2.161555529
80015000,2.15877533
80050000,2.22578907
80085000,2.182777643
80120000,2.159217596
80155000,2.133333921
80190000,2.115988255
80225000,2.166124821
80260000,2.165053844
80295000,2.138186932
80330000,2.20017457
80365000,2.159172297
80400000,2.146241188
80435000,2.204445839
80470000,2.176182985
80505000,2.188696384
80540000,2.175187349
80575000,2.13133812
80610000,2.1864748
80645000,2.164938927
80680000,2.162361145
80715000,2.211346865
80750000,2.168021441
80785000,2.163099766
80820000,2.246424198
80855000,2.21419096
80890000,2.208422184
80925000,2.171060562
80960000,2.161839962
80995000,2.221431255
81030000,2.164209604
81065000,2.151386499
81100000,2.211637974
81135000,2.202028036
81170000,2.208608866
81205000,2.267303944
81240000,2.23613739
81275000,2.246666908
81310000,2.204912186
81345000,2.182875156
81380000,2.261156797
81415000,2.20647049
81450000,2.217288733
81485000,2.233285189
81520000,2.187240362
81555000,2.193687439
81590000,2.258649588
81625000,2.249278784
81660000,2.228324413
81695000,2.170150518
81730000,2.160793781
81765000,2.232749224
81800000,2.194737673
81835000,2.18392992
81870000,2.261446476
81905000,2.242423296
81940000,2.219118595
81975000,2.302823782
82010000,2.236701727
82045000,2.209285975
82080000,2.318410158
82115000,2.306984901
82150000,2.267218828
82185000,2.19470191
82220000,2.223437309
82255000,2.284260988
82290000,2.223496199
82325000,2.238230467
82360000,2.327287912
82395000,2.280133486
82430000,2.285459518
82465000,2.231586695
82500000,2.226829529
82535000,2.294062138
82570000,2.279083967
82605000,2.249830961
82640000,2.322287798
82675000,2.283538342
82710000,2.281512499
82745000,2.29461956
82780000,2.261605978
82815000,2.260185242
82850000,2.212967634
82885000,2.203548193
82920000,2.276426554
82955000,2.272019148
82990000,2.286943674
83025000,2.380705118
83060000,2.408851862
83095000,2.465488195
83130000,2.582738876
83165000,2.603813887
83200000,2.760035515
83235000,2.72878933
83270000,2.823769331
83305000,2.933659077
83340000,3.186669111
83375000,3.716992617
83410000,4.337050438
83445000,4.227040768
83480000,4.388385296
83515000,5.094923019
83550000,6.154715538
83585000,7.246920109
83620000,7.532285213
83655000,9.679592133
83690000,11.14895439
83725000,10.67190552
83760000,11.24470901
83795000,14.11820221
83830000,16.079916
83865000,22.12968445
83900000,22.310709
83935000,23.25753784
83970000,31.34288788
84005000,33.47130966
84040000,32.26963043
84075000,29.75025368
84110000,26.43612862
84145000,22.66099358
84180000,19.65324402
84215000,16.83554077
84250000,14.30121136
84285000,12.16369057
84320000,10.39003372
84355000,8.865047455
84390000,7.606250763
84425000,6.515080929
84460000,5.549182415
84495000,4.749752998
84530000,4.048630714
84565000,3.466188669
84600000,2.987265587
84635000,2.588736773
84670000,2.318473577
84705000,2.211611509
84740000,2.218089819
84775000,2.190820932
84810000,2.188780546
84845000,2.228271723
84880000,2.197058201
84915000,2.193657398
84950000,2.242455721
84985000,2.210118532
85020000,2.211643696
85055000,2.199660301
85090000,2.172961235
85125000,2.227091312
85160000,2.198111057
85195000,2.189224005
85230000,2.237238646
85265000,2.213266373
85300000,2.205176592
85335000,2.265085459
85370000,2.250463486
85405000,2.273460388
85440000,2.230825901
85475000,2.246771097
85510000,2.331195116
85545000,2.336439371
85580000,2.355596304
85615000,2.474743843
85650000,2.515664816
85685000,2.52817893
85720000,2.720125437
85755000,2.980247974
85790000,3.208228588
85825000,3.57894063
85860000,4.234614372
85895000,4.822595119
85930000,5.344113827
85965000,6.795450687
86000000,9.139112473
86035000,11.53047848
86070000,14.42316818
86105000,17.76921082
86140000,20.34657669
86175000,21.93947411
86210000,22.13928223
86245000,20.98954201
86280000,19.24295616
86315000,17.38269997
86350000,15.47457409
86385000,14.09702778
86420000,12.61166
86455000,11.08889771
86490000,10.10463333
86525000,9.153705597
86560000,8.053440094
86595000,7.101476669
86630000,6.224353313
86665000,5.510855198
86700000,4.803050518
86735000,4.168973446
86770000,3.647465706
86805000,3.18591857
86840000,2.756907701
86875000,2.510866165
86910000,2.347276449
86945000,2.299194098
86980000,2.216932535
87015000,2.214610815
87050000,2.262042522
87085000,2.224536896
87120000,2.224535942
87155000,2.275621653
87190000,2.277276516
87225000,2.247300625
87260000,2.229084492
87295000,2.239037752
87330000,2.256799936
87365000,2.288792372
87400000,2.233186483
87435000,2.219917536
87470000,2.211277962
87505000,2.335781097
87540000,2.400955677
87575000,2.344679594
87610000,2.319717884
87645000,2.415506124
87680000,2.600492954
87715000,2.653321981
87750000,2.527143717
87785000,2.596243382
87820000,3.096951008
87855000,3.296729326
87890000,3.191420794
87925000,3.560385227
87960000,3.859179735
87995000,3.63312912
88030000,3.405196428
88065000,3.307363749
88100000,3.271774054
88135000,2.996132374
88170000,3.006432533
88205000,2.754761457
88240000,3.007771969
88275000,3.46198535
88310000,4.163197994
88345000,4.271311283
88380000,4.003063679
88415000,3.533604145
88450000,3.162921667
88485000,2.790615082
88520000,2.505388975
88555000,2.333965778
88590000,2.415472746
88625000,2.403224707
88660000,2.480051041
88695000,2.904904842
88730000,3.178845167
88765000,3.517514944
88800000,3.322391272
88835000,3.25812006
88870000,3.305591345
88905000,3.221399069
88940000,4.074334621
88975000,4.734281063
89010000,5.382472515
89045000,6.205702305
89080000,7.378763676
89115000,9.594852448
89150000,10.77029514
89185000,10.67786407
89220000,9.705200195
89255000,8.726042747
89290000,7.881608009
89325000,7.048297882
89360000,6.200611591
89395000,5.401341438
89430000,4.900230885
89465000,4.837375641
89500000,4.755942822
89535000,5.178306103
89570000,5.363382339
89605000,6.170838833
89640000,7.415244579
89675000,8.43674469
89710000,9.328442574
89745000,10.90146446
89780000,12.14188766
89815000,13.23094273
89850000,13.62400818
89885000,12.80034351
89920000,11.87004089
89955000,10.46014595
89990000,9.199565887
90025000,8.269239426
90060000,7.556241035
90095000,6.618947983
90130000,5.808176994
90165000,5.143371582
90200000,4.809457302
90235000,4.754968166
90270000,4.47632885
90305000,4.386115074
90340000,4.124348164
90375000,4.027437687
90410000,4.131712914
90445000,4.211102962
90480000,4.524548531
90515000,5.063969612
90550000,4.905847549
90585000,4.922850609
90620000,4.961134911
90655000,4.888946056
90690000,4.830630302
90725000,4.750190735
90760000,4.900032043
90795000,4.973092079
90830000,4.796254158
90865000,4.313452721
90900000,4.679791451
90935000,4.720366001
90970000,4.488541126
91005000,4.721918106
91040000,4.701238155
91075000,4.695720673
91110000,4.763998032
91145000,5.59190321
91180000,6.760935783
91215000,7.155813694
91250000,7.416030407
91285000,7.371053696
91320000,7.492688179
91355000,7.057616234
91390000,6.868468761
91425000,6.326674461
91460000,5.73484087
91495000,5.437657833
91530000,5.368714333
91565000,5.157534122
91600000,4.901789188
91635000,4.751233101
91670000,4.627542973
91705000,4.655290127
91740000,4.476158142
91775000,4.391322613
91810000,3.992653847
91845000,3.982248068
91880000,3.610013247
91915000,3.24508357
91950000,2.992344141
91985000,2.959747314
92020000,3.236807346
92055000,3.463935852
92090000,3.247146845
92125000,3.595874548
92160000,4.511462688
92195000,4.856302738
92230000,5.256896019
92265000,5.326298714
92300000,5.460006714
92335000,5.501307011
92370000,5.397332668
92405000,5.048530579
92440000,5.251047611
92475000,5.480586052
92510000,5.206300259
92545000,5.21424818
92580000,5.382098198
92615000,6.191413879
92650000,6.599435329
92685000,6.650828362
92720000,7.687241077
92755000,7.727067471
92790000,8.085701942
92825000,8.713191986
92860000,9.518187523
92895000,10.62603664
92930000,11.11539459
92965000,10.53382111
93000000,10.36342335
93035000,10.41446495
93070000,10.38307762
93105000,10.46591854
93140000,9.999936104
93175000,9.440217018
93210000,9.23263073
93245000,8.821722984
93280000,8.428131104
93315000,7.856479645
93350000,7.25615406
93385000,6.800366402
93420000,6.346051216
93455000,5.890320301
93490000,5.735471249
93525000,5.350700378
93560000,5.218675613
93595000,5.500623703
93630000,5.636213303
93665000,5.589982986
93700000,5.383950233
93735000,5.127365112
93770000,5.588787079
93805000,5.706943512
93840000,5.602614403
93875000,6.414349556
93910000,6.477802277
93945000,7.448270321
93980000,7.346362591
94015000,6.826100349
94050000,7.790513515
94085000,9.273231506
94120000,10.26853371
94155000,10.26916695
94190000,11.51039219
94225000,13.13166046
94260000,14.45597935
94295000,14.13736439
94330000,14.33921337
94365000,17.40613556
94400000,19.67249489
94435000,22.73186874
94470000,23.59595108
94505000,23.88300323
94540000,25.8643837
94575000,29.00845909
94610000,29.3428936
94645000,29.18518639
94680000,26.15906143
94715000,22.77677345
94750000,20.72038841
94785000,18.24391937
94820000,16.68022156
94855000,15.23355675
94890000,14.13068295
94925000,12.3225956
94960000,11.6132555
94995000,10.48544216
95030000,9.240659714
95065000,8.376969337
95100000,8.033864021
95135000,7.966569424
95170000,7.492518425
95205000,7.490331173
95240000,7.066234112
95275000,6.476237774
95310000,6.488794804
95345000,7.169375896
95380000,8.417155266
95415000,10.70015621
95450000,12.51716614
95485000,14.21844769
95520000,16.70795441
95555000,19.02926254
95590000,21.59084892
95625000,22.58808517
95660000,22.41429138
95695000,24.79345512
95730000,25.47913933
95765000,24.47101212
95800000,24.09545326
95835000,23.36545753
95870000,22.62073708
95905000,21.32765579
95940000,19.49839401
95975000,18.0820179
96010000,17.10116196
96045000,16.37978363
96080000,16.04709053
96115000,15.50734329
96150000,14.79570103
96185000,14.18938637
96220000,13.97202206
96255000,13.71652031
96290000,13.0061264
96325000,12.32971668
96360000,12.83691788
96395000,13.14613438
96430000,13.57699203
96465000,14.61522961
96500000,15.58859158
96535000,16.7098465
96570000,19.48560524
96605000,21.05361366
96640000,22.7310009
96675000,23.87676239
96710000,25.13493919
96745000,27.84289742
96780000,29.91423225
96815000,30.50746727
96850000,32.22780991
96885000,32.71529388
96920000,32.58190155
96955000,33.48834991
96990000,32.69408417
97025000,32.61140442
97060000,31.68661499
97095000,30.27781105
97130000,30.79706764
97165000,31.45412445
97200000,30.72519112
97235000,29.98046494
97270000,28.91292763
97305000,27.73494911
97340000,26.98679924
97375000,25.63011742
97410000,25.0846405
97445000,23.94685936
97480000,22.00482941
97515000,21.43675041
97550000,20.56230736
97585000,19.87506676
97620000,19.23623276
97655000,18.7702961
97690000,17.70646667
97725000,16.0786438
97760000,15.02838707
97795000,14.67704391
97830000,14.43460751
97865000,13.78574276
97900000,13.33557987
97935000,12.70995808
97970000,11.82743168
98005000,11.07800198
98040000,10.30790997
98075000,9.487751007
98110000,8.511289597
98145000,7.756260872
98180000,7.201624393
98215000,6.852962971
98250000,6.099326134
98285000,5.46974802
98320000,5.094905853
98355000,4.857939243
98390000,5.03500843
98425000,5.278195381
98460000,5.354725361
98495000,5.315546989
98530000,5.181531906
98565000,5.387225628
98600000,5.878598213
98635000,5.614984035
98670000,5.665065765
98705000,5.923650265
98740000,6.561824322
98775000,6.60381937
98810000,6.61653471
98845000,6.171890736
98880000,6.041852474
98915000,6.57258749
98950000,6.771739006
98985000,6.8335495
99020000,6.577111721
99055000,6.948578835
99090000,7.301805019
99125000,7.87085247
99160000,8.009151459
99195000,8.769416809
99230000,9.36208725
99265000,9.819156647
99300000,10.53094864
99335000,11.21227741
99370000,11.49476719
99405000,11.98957539
99440000,12.38659763
99475000,13.31835365
99510000,13.45791149
99545000,14.4378767
99580000,14.5918169
99615000,14.73196316
99650000,14.26062489
99685000,13.57452488
99720000,13.21873951
99755000,12.77745247
99790000,12.20476913
99825000,12.07176685
99860000,11.67643356
99895000,11.37988663
99930000,11.85564995
99965000,11.55490589
