RequestId,69bd9827620f00a58b1a07d2
X,HFCT
30000,11.36718178
30135,16.49969864
30270,9.895959854
30405,11.91911983
30540,10.22509003
30675,24.03094101
30810,25.77863121
30945,33.57772827
31080,24.7682209
31215,15.55399036
31350,14.7781086
31485,28.47617722
31620,27.57569313
31755,18.53370476
31890,27.20261765
32025,29.86591911
32160,18.90810204
32295,28.11629677
32430,16.03582954
32565,25.95430565
32700,32.82927322
32835,26.68238258
32970,16.27571106
33105,20.75260353
33240,25.05617523
33375,22.95467949
33510,17.16484451
33645,25.84366035
33780,32.14698792
33915,19.2093029
34050,11.53207302
34185,23.06777
34320,29.9170475
34455,25.74896049
34590,26.4059391
34725,31.55966377
34860,17.99702454
34995,27.61549568
35130,24.63964081
35265,28.59623337
35400,30.66499519
35535,23.92695236
35670,23.54843903
35805,28.45706177
35940,29.4294796
36075,19.42098999
36210,16.52798653
36345,15.13579941
36480,21.18301773
36615,28.11970901
36750,16.55575562
36885,23.54228401
37020,27.81118584
37155,20.1565876
37290,11.56502819
37425,8.038167953
37560,19.57389832
37695,20.49417496
37830,23.61227417
37965,23.67391396
38100,28.56915474
38235,23.50301552
38370,25.29463959
38505,29.53751945
38640,28.99921608
38775,19.01665878
38910,15.93048096
39045,18.84509468
39180,25.25457764
39315,24.16605949
39450,26.24450111
39585,15.03350735
39720,16.26890945
39855,18.68517685
39990,18.77568436
40125,25.74547005
40260,21.9040432
40395,14.80560589
40530,9.490321159
40665,15.44431782
40800,11.16701031
40935,11.3450222
41070,21.55177116
41205,14.50177288
41340,20.04210472
41475,25.42023277
41610,21.6318264
41745,16.64367485
41880,11.7220068
42015,7.074041367
42150,19.2672081
42285,24.14840698
42420,27.35296822
42555,28.06196976
42690,26.0709343
42825,17.9053936
42960,19.91970444
43095,17.98431778
43230,15.90282631
43365,9.359078407
43500,19.63246918
43635,21.59064484
43770,18.29762077
43905,23.86118698
44040,24.5080986
44175,21.84799767
44310,24.79672241
44445,26.89175034
44580,28.17780113
44715,21.92812347
44850,23.31176376
44985,19.98191643
45120,12.44262505
45255,19.67899323
45390,11.25625515
45525,10.92880154
45660,9.407977104
45795,16.1524353
45930,19.60287666
46065,23.64388084
46200,26.07037163
46335,23.1049118
46470,24.53632545
46605,20.59646988
46740,24.04397011
46875,25.59547234
47010,20.62986374
47145,23.64670563
47280,20.49617195
47415,16.89374352
47550,17.94426537
47685,19.16321945
47820,23.02791405
47955,14.792449
48090,19.29362106
48225,12.34168053
48360,14.22451496
48495,16.32759094
48630,21.20532799
48765,23.68909073
48900,20.91003609
49035,23.32588577
49170,24.33046722
49305,18.35159492
49440,16.86236191
49575,17.97417259
49710,21.94071579
49845,22.58023643
49980,23.75673866
50115,22.60617447
50250,23.49991989
50385,13.98904896
50520,11.7847929
50655,11.69804478
50790,16.8315506
50925,20.96368217
51060,22.9714756
51195,14.34402847
51330,18.65947533
51465,14.97483063
51600,18.33342743
51735,21.20819855
51870,22.78826714
52005,23.23902321
52140,24.39216805
52275,18.51636124
52410,21.15797997
52545,20.92537498
52680,11.93097305
52815,9.620204926
52950,9.267012596
53085,15.99680996
53220,20.06445122
53355,14.94199276
53490,18.20358276
53625,17.81464767
53760,12.84988785
53895,18.15435219
54030,16.26473045
54165,18.84546471
54300,17.09252167
54435,16.09436798
54570,14.1611433
54705,18.1728096
54840,16.77168655
54975,20.47313118
55110,22.31235695
55245,22.88712311
55380,15.76074696
55515,17.664814
55650,16.49097633
55785,20.20305252
55920,12.18846989
56055,7.477743149
56190,15.75820351
56325,15.05243683
56460,18.9252224
56595,19.33138657
56730,21.34657669
56865,16.41532135
57000,18.78377151
57135,10.86467457
57270,15.00255013
57405,18.78668976
57540,19.87968063
57675,21.38555336
57810,22.41721916
57945,22.44338799
58080,19.80666542
58215,19.66646957
58350,19.7365036
58485,21.08645439
58620,12.87748718
58755,11.76556206
58890,12.07945156
59025,14.75825214
59160,18.07839966
59295,13.29559994
59430,8.430473328
59565,5.383158684
59700,11.82562733
59835,16.80398369
59970,9.583683014
60105,14.04562569
60240,16.59866524
60375,19.45843887
60510,11.09609795
60645,13.85691833
60780,16.67079544
60915,15.9396677
61050,14.60292149
61185,16.74913406
61320,13.31485462
61455,11.41172409
61590,16.37571716
61725,18.99640465
61860,20.2788353
61995,13.02271843
62130,13.16483688
62265,11.82414055
62400,15.84786606
62535,15.88913441
62670,12.08196926
62805,14.00424099
62940,9.897006989
63075,11.60168457
63210,8.371700287
63345,8.180426598
63480,11.28152847
63615,10.35324764
63750,15.14614964
63885,17.73464012
64020,11.51762581
64155,15.88642597
64290,15.88723946
64425,16.52110672
64560,18.67711639
64695,14.84394264
64830,16.71165085
64965,15.74293804
65100,14.19581127
65235,17.12122345
65370,16.19180489
65505,18.26239967
65640,14.18693447
65775,11.28995228
65910,13.14528561
66045,16.18652725
66180,18.3349781
66315,16.03139496
66450,17.69344521
66585,19.21753502
66720,19.88529968
66855,11.33839226
66990,14.77863884
67125,10.17884827
67260,14.47169971
67395,8.253610611
67530,14.21773434
67665,14.88512897
67800,10.68765831
67935,6.972556591
68070,13.47403049
68205,7.703012943
68340,8.66062355
68475,8.830104828
68610,10.0892067
68745,5.842422962
68880,12.59856892
69015,16.44428825
69150,12.42680168
69285,15.86659336
69420,11.468853
69555,10.11776352
69690,6.966730118
69825,13.11701298
69960,8.337805748
70095,6.89836359
70230,6.815587044
70365,9.156386375
70500,7.555505276
70635,12.92990398
70770,15.60113811
70905,9.607510567
71040,14.09781456
71175,13.05671692
71310,15.08051109
71445,9.199389458
71580,13.83981514
71715,15.95816898
71850,12.6396246
71985,9.273365021
72120,11.77767944
72255,14.11375332
72390,12.6600666
72525,15.85027981
72660,16.72223091
72795,17.24092484
72930,10.7209425
73065,12.27661133
73200,15.34725189
73335,8.76981926
73470,13.16882992
73605,7.510789394
73740,11.35512066
73875,12.92902088
74010,15.60421371
74145,10.31447124
74280,13.04212475
74415,9.911866188
74550,11.74337006
74685,9.319055557
74820,7.087984085
74955,12.68274498
75090,14.86478615
75225,16.55462456
75360,16.90853882
75495,16.53314972
75630,17.21879578
75765,10.10543346
75900,14.3278923
76035,8.171545982
76170,6.021290779
76305,12.03207779
76440,7.649338722
76575,10.92939472
76710,11.17440128
76845,6.385941505
76980,12.22050953
77115,12.84762287
77250,14.76315308
77385,15.99554348
77520,15.77656555
77655,16.90585327
77790,13.55475521
77925,15.65265274
78060,9.038808823
78195,9.741278648
78330,13.74435902
78465,12.72608185
78600,12.94736576
78735,14.90572453
78870,16.17367554
79005,12.40555477
79140,10.27122211
79275,9.023796082
79410,11.84820747
79545,7.430206299
79680,12.12134552
79815,14.60308456
79950,15.09112835
80085,14.08909225
80220,8.451395035
80355,12.46001244
80490,9.51986599
80625,12.8013382
80760,13.36040592
80895,13.57388687
81030,7.739546299
81165,7.907361031
81300,9.939829826
81435,11.77984047
81570,14.65344238
81705,11.58793449
81840,14.24324322
81975,15.33086109
82110,12.84172153
82245,12.677845
82380,12.42477894
82515,14.16070366
82650,10.48462772
82785,9.002591133
82920,11.81638813
83055,13.15864372
83190,12.63922691
83325,13.33392239
83460,14.8696022
83595,8.479037285
83730,11.85070133
83865,10.66753101
84000,11.55166912
84135,11.86479092
84270,9.011733055
84405,12.80174351
84540,7.849884033
84675,9.338411331
84810,10.98323154
84945,9.76907444
85080,12.11466503
85215,7.794301987
85350,8.79005146
85485,13.14817142
85620,9.204696655
85755,9.418755531
85890,8.068041801
86025,13.66019344
86160,16.74148178
86295,17.76757431
86430,18.72180748
86565,12.78998089
86700,15.26799488
86835,13.4238472
86970,13.52188683
87105,8.580593109
87240,8.287351608
87375,10.65003586
87510,11.16528702
87645,13.70445728
87780,10.77922058
87915,13.11769962
88050,15.11506367
88185,9.086566925
88320,5.931313992
88455,9.868519783
88590,14.1423502
88725,12.74478531
88860,14.86420822
88995,15.80577087
89130,14.54784393
89265,15.58178806
89400,16.12460709
89535,10.41768837
89670,11.58858204
89805,8.662530899
89940,12.00850391
90075,12.07241344
90210,13.95521259
90345,16.35837173
90480,17.23201752
90615,10.13982773
90750,5.781018734
90885,10.38868809
91020,7.754920006
91155,8.360944748
91290,13.43766785
91425,15.16119957
91560,10.48096466
91695,11.4533453
91830,6.566449642
91965,9.759939194
92100,13.54468918
92235,15.65789509
92370,16.75624847
92505,12.92269611
92640,9.483579636
92775,13.02160263
92910,8.879940033
93045,7.791014194
93180,13.05364895
93315,13.54121017
93450,9.775759697
93585,13.99673653
93720,16.11432266
93855,10.28212929
93990,5.86035347
94125,4.299209118
94260,3.323649168
94395,3.711723328
94530,5.841380596
94665,3.729610682
94800,3.254448175
94935,3.442857265
95070,8.523712158
95205,13.47395229
95340,9.95630455
95475,14.06975937
95610,10.66823292
95745,8.174456596
95880,12.54863453
96015,8.886642456
96150,11.94648647
96285,14.9750042
96420,12.91692352
96555,13.14515018
96690,10.16447735
96825,7.812329292
96960,12.47572231
97095,14.9124136
97230,16.03487206
97365,9.8635149
97500,8.998806953
97635,9.349019051
97770,12.43451405
97905,15.18340588
98040,10.28645992
98175,10.11976624
98310,12.7558794
98445,14.15288639
98580,9.427033424
98715,5.505701065
98850,5.545826435
98985,10.19449997
99120,13.84873772
99255,10.65286732
99390,7.626614571
99525,10.48805618
99660,14.17279148
99795,15.65695763
99930,16.23037338
100065,14.0888319
100200,8.55983448
100335,8.474812508
100470,7.299030304
100605,9.829529762
100740,13.55282974
100875,13.78486061
101010,8.789313316
101145,5.686910152
101280,8.10731411
101415,10.18270493
101550,11.78146553
101685,11.62683964
101820,14.12991905
101955,12.4655323
102090,13.8528223
102225,8.330158234
102360,10.96822071
102495,10.49954128
102630,5.986282825
102765,8.979052544
102900,11.15478325
103035,11.53513241
103170,8.772867203
103305,11.29030132
103440,12.64600849
103575,9.934875488
103710,6.218040466
103845,4.979391098
103980,7.779499054
104115,10.0928421
104250,10.00977325
104385,9.664449692
104520,8.350547791
104655,6.121127129
104790,4.135028839
104925,3.823642969
105060,9.891448021
105195,13.11291218
105330,11.59431171
105465,13.42584038
105600,13.40903091
105735,12.99958229
105870,12.07520676
106005,13.28829002
106140,8.64521122
106275,11.74465752
106410,14.15248394
106545,15.62948418
106680,16.08969688
106815,16.31671906
106950,16.61698532
107085,16.49783707
107220,15.00108719
107355,15.622118
107490,15.99752426
107625,12.25367546
107760,10.86579609
107895,10.32698536
108030,6.926781178
108165,9.762141228
108300,11.32190418
108435,13.75408077
108570,7.945901394
108705,9.63689518
108840,12.27641392
108975,14.10811806
109110,15.23292828
109245,13.94170094
109380,12.77545357
109515,11.15190697
109650,11.01186275
109785,10.49098969
109920,13.22474957
110055,14.2877512
110190,13.55683136
110325,14.30679798
110460,15.16285801
110595,15.71430969
110730,14.55627632
110865,11.39965916
111000,11.69964123
111135,13.91934872
111270,11.56609821
111405,12.91906738
111540,12.75218201
111675,14.66166019
111810,9.633887291
111945,12.20016384
112080,13.37138081
112215,10.13104916
112350,10.24973774
112485,5.917838573
112620,5.408619881
112755,10.29712486
112890,11.82732105
113025,10.06704998
113160,10.18622875
113295,8.918738365
113430,8.231492043
113565,11.92061043
113700,8.819418907
113835,10.81773567
113970,7.154877663
114105,6.763576031
114240,4.172220707
114375,6.112289906
114510,7.768712044
114645,11.53588486
114780,13.27533436
114915,11.60584545
115050,13.97291279
115185,9.226392746
115320,12.57778263
115455,14.48124409
115590,14.96194839
115725,13.08309269
115860,7.922525883
115995,12.08161163
116130,6.890696049
116265,11.3156662
116400,8.672164917
116535,5.029432297
116670,8.122549057
116805,6.763228893
116940,8.298965454
117075,5.559587002
117210,5.771267414
117345,3.306629658
117480,9.146195412
117615,12.27397633
117750,12.27171993
117885,9.627950668
118020,8.752937317
118155,12.12401676
118290,6.914488792
118425,6.692493439
118560,5.479643345
118695,9.650312424
118830,12.76058769
118965,14.13789177
119100,13.05895138
119235,13.36761475
119370,12.40516472
119505,12.42596054
119640,13.21059513
119775,11.2474432
119910,13.39279747
120045,7.637313843
120180,6.650545597
120315,4.96731329
120450,3.839459181
120585,7.242968559
120720,5.007781029
120855,8.385781288
120990,10.04219627
121125,9.408678055
121260,5.72652483
121395,3.27154398
121530,6.2808671
121665,8.642309189
121800,5.962538719
121935,10.66265774
122070,12.9370985
122205,14.31114006
122340,14.62290859
122475,14.42697525
122610,14.96682549
122745,12.68198967
122880,13.16627693
123015,13.51868534
123150,9.042791367
123285,11.39824867
123420,12.96082497
123555,12.46795368
123690,13.36956406
123825,12.31577492
123960,11.99302769
124095,7.571539402
124230,11.57396603
124365,13.34760952
124500,11.48987961
124635,10.70671749
124770,12.15357971
124905,10.38917828
125040,6.618113041
125175,10.49162483
125310,8.149900436
125445,8.136716843
125580,4.830764771
125715,7.799358368
125850,8.185243607
125985,10.40693569
126120,11.96845341
126255,12.35575771
126390,10.28442764
126525,12.80417156
126660,13.01303387
126795,9.24617672
126930,6.147865295
127065,9.578057289
127200,12.07314014
127335,6.885032177
127470,7.486114502
127605,8.937434196
127740,8.651025772
127875,10.04382324
128010,7.136946678
128145,4.163340092
128280,2.749755859
128415,9.195039749
128550,10.25885201
128685,6.675495148
128820,9.475849152
128955,7.752772331
129090,11.43984509
129225,7.76933527
129360,9.729709625
129495,6.865505695
129630,9.972772598
129765,12.55372524
129900,13.52923203
130035,12.53384399
130170,12.79649639
130305,12.32563877
130440,7.269947529
130575,8.430683136
130710,7.07503891
130845,9.786773682
130980,7.17309618
131115,7.347844601
131250,11.32599831
131385,9.021662712
131520,6.222856998
131655,8.329703331
131790,9.754441261
131925,12.33954525
132060,13.76025486
132195,9.926686287
132330,5.984035969
132465,4.581756115
132600,2.691587687
132735,3.448841572
132870,8.144431114
133005,5.087969303
133140,9.354914665
133275,12.16163826
133410,13.64063931
133545,14.27436543
133680,13.76186275
133815,14.17966557
133950,14.60301495
134085,8.977343559
134220,7.42766428
134355,4.737943172
134490,9.744315147
134625,7.732316017
134760,11.16571331
134895,6.511795044
135030,5.928953648
135165,9.841880798
135300,11.17074013
135435,12.15441322
135570,13.3848381
135705,9.608560562
135840,11.43701935
135975,12.38748837
136110,11.79695511
136245,12.34953499
136380,10.73424625
136515,7.11209774
136650,8.555836678
136785,11.28713894
136920,6.437044144
137055,10.43165779
137190,11.73709106
137325,11.22583771
137460,9.486855507
137595,12.10283566
137730,12.3253479
137865,13.39055729
138000,9.942749977
138135,10.21380424
138270,12.25447559
138405,10.23399067
138540,8.64905262
138675,10.97446823
138810,7.238146305
138945,8.80756855
139080,5.671515465
139215,3.352309942
139350,8.847434998
139485,8.282128334
139620,11.24681664
139755,6.414143562
139890,10.57235622
140025,12.62718296
140160,13.1334362
140295,13.18326664
140430,8.219472885
140565,5.75719738
140700,5.377236366
140835,3.319420576
140970,8.985764503
141105,8.253850937
141240,4.774708271
141375,9.221987724
141510,10.03317547
141645,11.71763515
141780,7.29574585
141915,10.78339291
142050,9.855323792
142185,7.268779278
142320,8.183804512
142455,10.45333385
142590,6.185692787
142725,8.03064537
142860,4.579815865
142995,9.167728424
143130,5.311855793
143265,9.716442108
143400,8.952385902
143535,11.50478268
143670,10.95544815
143805,6.816951752
143940,10.37856865
144075,12.12567806
144210,10.83885098
144345,8.850848198
144480,9.494994164
144615,11.67190456
144750,11.47882843
144885,12.5906992
145020,9.507080078
145155,8.780920982
145290,11.07143688
145425,6.859434128
145560,6.82954216
145695,8.017298698
145830,6.514482975
145965,7.687751293
146100,4.383945465
146235,6.173406601
146370,5.546941757
146505,3.322487354
146640,8.101201057
146775,7.592772007
146910,5.366678715
147045,8.366683006
147180,9.867405891
147315,9.249687195
147450,11.0639534
147585,6.995223522
147720,6.490450859
147855,9.476775169
147990,10.4799757
148125,7.391498566
148260,7.995386124
148395,7.150267601
148530,5.652132034
148665,6.908565521
148800,9.747819901
148935,6.664093494
149070,7.38997221
149205,7.314928532
149340,5.223295689
149475,7.048994541
149610,6.972021103
149745,9.413946152
149880,8.653044701
150015,10.40580559
150150,9.784349442
150285,8.33685112
150420,6.76002264
150555,3.892702341
150690,4.245126724
150825,6.098348618
150960,7.74597311
151095,4.952691555
151230,2.853791952
151365,3.952667713
151500,7.609071255
151635,9.58747673
151770,9.12726593
151905,6.112162113
152040,8.156258583
152175,7.207617283
152310,4.361157417
152445,4.618885517
152580,4.860066891
152715,7.928683281
152850,4.764588356
152985,4.030930519
153120,5.471270561
153255,6.388562679
153390,4.141013622
153525,5.930836678
153660,8.258365631
153795,4.730527401
153930,6.575375557
154065,5.558248997
154200,3.362214804
154335,4.596207142
154470,6.791064739
154605,5.120194912
154740,4.132663727
154875,7.065135479
155010,7.123243809
155145,7.842793465
155280,8.032348633
155415,8.702360153
155550,8.172560692
155685,8.953326225
155820,6.629267216
155955,7.186255455
156090,8.307351112
156225,8.854944229
156360,9.116241455
156495,5.197970867
156630,5.005762577
156765,3.047043324
156900,5.630740643
157035,5.409842968
157170,3.093027115
157305,2.455327749
157440,2.855663776
157575,2.972604036
157710,4.645074844
157845,5.186401844
157980,3.116896152
158115,5.450387001
158250,5.452294827
158385,6.459565163
158520,4.307554245
158655,3.768576145
158790,5.225297928
158925,3.724704266
159060,5.566971779
159195,3.237067699
159330,4.6482687
159465,4.560141563
159600,6.035618782
159735,6.390743732
159870,6.85061264
160005,7.045901775
160140,7.154448032
160275,7.103123188
160410,6.002677441
160545,5.679508209
160680,4.164418697
160815,5.553488731
160950,4.545114994
161085,3.362047911
161220,2.354343653
161355,4.386879444
161490,2.640348196
161625,4.617320538
161760,5.217596531
161895,4.610046864
162030,5.13437891
162165,5.300916195
162300,3.25930047
162435,4.627637386
162570,4.164885044
162705,2.926035881
162840,2.209357738
162975,3.485527277
163110,2.127944946
163245,4.085795879
163380,4.584603786
163515,3.632087469
163650,2.628954887
163785,3.280282974
163920,2.700264454
164055,3.240165472
164190,3.73372817
164325,3.27998662
164460,4.197457314
164595,3.448836088
164730,4.231156349
164865,4.439863205
165000,3.865037203
165135,4.248841286
165270,4.498313427
165405,3.439657688
165540,3.178187847
165675,2.754150629
165810,2.836393595
165945,1.906469464
166080,1.914342523
166215,2.961058617
166350,3.332301617
166485,3.668749094
166620,3.503163338
166755,3.136091709
166890,2.217753172
167025,3.186961174
167160,3.267014503
167295,3.26540494
167430,2.10567522
167565,2.195241213
167700,2.513524294
167835,2.752945185
167970,3.084655523
168105,2.571330786
168240,2.904431581
168375,2.265223503
168510,2.17886138
168645,2.181539059
168780,2.745162487
168915,2.351115227
169050,2.595921993
169185,2.475970268
169320,2.15118885
169455,2.425116777
169590,2.654548645
169725,2.735624552
169860,2.349410534
169995,2.513631344
170130,2.114055634
170265,2.418408155
170400,2.570211887
170535,2.524856091
170670,1.951524854
170805,1.912799478
170940,2.380678415
171075,1.86155498
171210,2.135289669
171345,2.03584528
171480,1.951053977
171615,2.021775961
171750,1.86956346
171885,2.292591333
172020,1.906933188
172155,1.937592626
172290,1.86738956
172425,2.2315135
172560,2.180143356
172695,2.154198647
172830,1.910101414
172965,2.19205904
173100,1.875702024
173235,2.161434174
173370,2.122713804
173505,1.828533411
173640,2.01578331
173775,1.818146586
173910,1.924232125
174045,2.12169981
174180,2.060891628
174315,1.871865153
174450,2.01862359
174585,1.748623848
174720,1.850886106
174855,1.999470234
174990,1.857942581
175125,1.953965306
175260,1.982102513
175395,1.914168715
175530,1.842268109
175665,1.791873574
175800,1.891067624
175935,1.791023374
176070,1.954979062
176205,1.848355889
176340,2.022856712
176475,2.048257828
176610,1.949675679
176745,1.825805545
176880,1.784317374
177015,1.990138769
177150,1.807253718
177285,1.795123577
177420,2.039379597
177555,1.985836148
177690,1.880036235
177825,2.033408403
177960,1.982595325
178095,2.005246878
178230,1.905497551
178365,1.817014694
178500,1.842369437
178635,1.990532398
178770,1.921651483
178905,1.883755445
179040,1.966774225
179175,1.95136559
179310,1.875165701
179445,1.885065675
179580,1.831183314
179715,1.805104256
179850,1.784285069
179985,1.916043758
180120,1.878734708
180255,1.816784024
180390,1.952106833
180525,1.843683004
180660,1.881284475
180795,1.879954576
180930,1.784665108
181065,1.812542081
181200,1.908520103
181335,1.933282018
181470,2.006400585
181605,1.894044638
181740,1.868056774
181875,1.964377999
182010,1.913547516
182145,1.986179471
182280,1.944888473
182415,1.962264299
182550,2.012735844
182685,1.96754837
182820,1.874198794
182955,1.914931297
183090,1.894651175
183225,1.897288799
183360,1.928934574
183495,1.910071373
183630,1.978535771
183765,1.936106086
183900,2.03579855
184035,1.931981444
184170,1.962529659
184305,1.935846925
184440,1.949675798
184575,1.910564303
184710,1.946939588
184845,2.07243824
184980,2.08267808
185115,1.988202095
185250,2.018188477
185385,1.989693403
185520,1.973118782
185655,1.999738455
185790,1.933709741
185925,1.889826655
186060,1.985880375
186195,1.938998342
186330,1.946639776
186465,1.890946269
186600,1.991459966
186735,1.945808768
186870,1.934021592
187005,2.070207119
187140,2.046667099
187275,2.002128839
187410,2.001032352
187545,2.012800217
187680,1.990697861
187815,1.996538758
187950,2.090871334
188085,2.011232853
188220,2.023626328
188355,2.003689289
188490,2.011974573
188625,2.000324965
188760,2.000848293
188895,1.964191556
189030,1.962005138
189165,1.995956659
189300,1.968647838
189435,1.996461391
189570,2.028402805
189705,1.927354217
189840,2.044682026
189975,1.92361629
190110,1.956702828
190245,1.876111388
190380,1.986572266
190515,1.995694637
190650,1.953528404
190785,1.934595466
190920,1.997692704
191055,1.902569413
191190,1.865588427
191325,1.90217495
191460,1.883160949
191595,1.938893437
191730,1.897304773
191865,1.905688047
192000,1.852255225
192135,1.89776051
192270,1.862941861
192405,1.810150981
192540,1.850934625
192675,1.857484698
192810,1.884184122
192945,1.825029373
193080,1.858577251
193215,1.849346519
193350,1.857210875
193485,1.83751905
193620,1.879066348
193755,1.893073201
193890,1.882001758
194025,1.926316977
194160,1.85182929
194295,1.906819463
194430,1.964952826
194565,1.935616374
194700,1.908107638
194835,2.018317223
194970,1.899672389
195105,1.954449415
195240,1.9907974
195375,2.108828783
195510,2.076180696
195645,2.068804979
195780,2.109217882
195915,2.117507935
196050,2.140707254
196185,2.161271811
196320,2.240540981
196455,2.275805712
196590,2.417791367
196725,2.42738533
196860,2.430485249
196995,2.404106379
197130,2.534371376
197265,2.601270914
197400,2.58718133
197535,2.653196573
197670,2.70617795
197805,2.862239838
197940,2.749594927
198075,2.803916216
198210,2.868583679
198345,2.901618004
198480,2.964363337
198615,2.980846882
198750,3.069622517
198885,3.113427162
199020,3.18027854
199155,3.301494837
199290,3.309831381
199425,3.555113792
199560,3.467647314
199695,3.424463511
199830,3.508848667
199965,3.617665529
200100,3.558628798
200235,3.692671061
200370,3.733167648
200505,3.802335024
200640,3.842926741
200775,3.76790452
200910,3.940985203
201045,4.035185337
201180,3.988541842
201315,4.035377026
201450,4.017118454
201585,4.274120808
201720,4.267850876
201855,4.349789619
201990,4.355792522
202125,4.447344303
202260,4.734100342
202395,4.591518402
202530,4.490693092
202665,4.861029625
202800,4.469206333
202935,4.549206734
203070,4.596334457
203205,4.674869537
203340,4.56731081
203475,4.780069828
203610,4.746864796
203745,4.702931404
203880,4.715576172
204015,4.740375996
204150,4.851376534
204285,4.736237049
204420,4.729720116
204555,4.910179615
204690,4.736466408
204825,4.763894558
204960,4.866966724
205095,4.886713028
205230,5.105614662
205365,4.785767555
205500,4.819878578
205635,4.830486774
205770,4.718751907
205905,4.581565857
206040,4.674584389
206175,4.643068314
206310,4.494432926
206445,4.733010769
206580,4.447777748
206715,4.594932079
206850,4.575712681
206985,4.574112415
207120,4.616781712
207255,4.779887676
207390,4.335585117
207525,4.425768375
207660,4.374521255
207795,4.289093971
207930,4.145683289
208065,4.141523361
208200,4.2750597
208335,4.064006329
208470,4.125476837
208605,4.292691231
208740,3.907860279
208875,3.924728394
209010,3.845208406
209145,3.656946659
209280,3.823927402
209415,3.72392416
209550,3.589193106
209685,3.704212427
209820,3.533782959
209955,3.445982218
210090,3.345743656
210225,3.377107382
210360,3.342307568
210495,3.395134926
210630,3.330735683
210765,3.152331591
210900,3.007651091
211035,2.965820313
211170,3.034038305
211305,3.112053633
211440,2.915891647
211575,2.890115499
211710,2.829069138
211845,2.792170286
211980,2.706697226
212115,2.665727139
212250,2.57091856
212385,2.611005545
212520,2.414386272
212655,2.432080507
212790,2.35325861
212925,2.220360756
213060,2.316058159
213195,2.139531851
213330,2.115481138
213465,2.093163252
213600,2.17655611
213735,2.03406024
213870,2.004017353
214005,1.964758396
214140,1.951860547
214275,1.839729786
214410,1.954482436
214545,1.859626293
214680,1.854795575
214815,1.785040975
214950,1.707255721
215085,1.669313669
215220,1.633177161
215355,1.674471378
215490,1.625329018
215625,1.606764555
215760,1.612006426
215895,1.554500818
216030,1.629212976
216165,1.618262887
216300,1.612802744
216435,1.614446044
216570,1.6094414
216705,1.510040879
216840,1.470697522
216975,1.561157584
217110,1.623965144
217245,1.581934333
217380,1.520431042
217515,1.464975357
217650,1.551420927
217785,1.516331553
217920,1.513479948
218055,1.52483952
218190,1.505421042
218325,1.491458893
218460,1.444524527
218595,1.47657156
218730,1.5061481
218865,1.481187105
219000,1.534349084
219135,1.578794241
219270,1.560649872
219405,1.50392735
219540,1.445275664
219675,1.502268553
219810,1.497969866
219945,1.527996778
220080,1.458883524
220215,1.513433814
220350,1.509464622
220485,1.440165401
220620,1.483195186
220755,1.489445925
220890,1.495498896
221025,1.502712131
221160,1.489545345
221295,1.541213274
221430,1.474325061
221565,1.527283549
221700,1.500132084
221835,1.459593058
221970,1.442329884
222105,1.469953656
222240,1.476195335
222375,1.503762603
222510,1.455161214
222645,1.465210795
222780,1.460272074
222915,1.4651407
223050,1.444017887
223185,1.523338079
223320,1.436065555
223455,1.492129803
223590,1.436587214
223725,1.497949362
223860,1.447692394
223995,1.436144114
224130,1.451741815
224265,1.460005999
224400,1.421748638
224535,1.517813802
224670,1.439937353
224805,1.506899118
224940,1.465417504
225075,1.397286415
225210,1.42104733
225345,1.482319832
225480,1.450293422
225615,1.465528131
225750,1.487592459
225885,1.393106818
226020,1.403022051
226155,1.415968776
226290,1.463353872
226425,1.457888722
226560,1.470111489
226695,1.499023318
226830,1.502971053
226965,1.491190076
227100,1.477207541
227235,1.472810626
227370,1.421899319
227505,1.476642489
227640,1.487853408
227775,1.485900998
227910,1.453683257
228045,1.408481598
228180,1.422073841
228315,1.420137405
228450,1.430695176
228585,1.447317481
228720,1.391150951
228855,1.415656447
228990,1.471299291
229125,1.432931185
229260,1.460518479
229395,1.440024972
229530,1.415422797
229665,1.451918602
229800,1.452820539
229935,1.439850807
230070,1.408996582
230205,1.352532268
230340,1.431548715
230475,1.376521826
230610,1.459457278
230745,1.412108541
230880,1.388879061
231015,1.437638521
231150,1.460054398
231285,1.412827969
231420,1.392139316
231555,1.426296711
231690,1.38297677
231825,1.396502137
231960,1.440298557
232095,1.443972826
232230,1.454072714
232365,1.480992794
232500,1.429503798
232635,1.386928678
232770,1.357141733
232905,1.410748005
233040,1.475953817
233175,1.437735319
233310,1.387485385
233445,1.403428674
233580,1.442967415
233715,1.479088068
233850,1.40039587
233985,1.433140159
234120,1.431674838
234255,1.403895617
234390,1.410667419
234525,1.396478295
234660,1.403066039
234795,1.427702427
234930,1.370633006
235065,1.364720225
235200,1.479934216
235335,1.382629395
235470,1.405128121
235605,1.491902232
235740,1.45847261
235875,1.382496953
236010,1.421921253
236145,1.429626346
236280,1.467777491
236415,1.442778349
236550,1.407016754
236685,1.33848083
236820,1.39156127
236955,1.448057413
237090,1.418290496
237225,1.428091764
237360,1.439346671
237495,1.436280727
237630,1.402565479
237765,1.374034643
237900,1.392095685
238035,1.437250376
238170,1.404643297
238305,1.395237565
238440,1.435760498
238575,1.426455975
238710,1.516097069
238845,1.476343632
238980,1.443894029
239115,1.423086762
239250,1.463339448
239385,1.422324896
239520,1.421196818
239655,1.451997519
239790,1.402354479
239925,1.418607354
240060,1.448777795
240195,1.422412395
240330,1.445482016
240465,1.387038469
240600,1.419203281
240735,1.451407075
240870,1.41759634
241005,1.517011046
241140,1.391873598
241275,1.491900086
241410,1.441143394
241545,1.414498925
241680,1.37765944
241815,1.414148688
241950,1.469400406
242085,1.470674634
242220,1.445490956
242355,1.477333069
242490,1.500602007
242625,1.40044117
242760,1.376347303
242895,1.406060457
243030,1.408959985
243165,1.382920265
243300,1.454186559
243435,1.409548044
243570,1.459213972
243705,1.485894561
243840,1.387786865
243975,1.418941855
244110,1.405340075
244245,1.432335138
244380,1.489436626
244515,1.472456098
244650,1.378002882
244785,1.418120265
244920,1.443752289
245055,1.380139709
245190,1.463005543
245325,1.403424978
245460,1.432356834
245595,1.475780368
245730,1.440558076
245865,1.511971474
246000,1.385497093
246135,1.404740334
246270,1.531459451
246405,1.551872611
246540,1.412144542
246675,1.387344599
246810,1.478004336
246945,1.429006457
247080,1.38758266
247215,1.397747517
247350,1.428062558
247485,1.414951324
247620,1.368495464
247755,1.384722471
247890,1.405325055
248025,1.45130074
248160,1.40527761
248295,1.388174057
248430,1.557020426
248565,1.456550002
248700,1.438502431
248835,1.469349623
248970,1.475084662
249105,1.456860185
249240,1.489615202
249375,1.440667987
249510,1.463433743
249645,1.474858642
249780,1.476786613
249915,1.458981276
250050,1.457522988
250185,1.422784209
250320,1.438168526
250455,1.468885064
250590,1.455358982
250725,1.416084647
250860,1.433157682
250995,1.431589365
251130,1.420897484
251265,1.447811007
251400,1.464067817
251535,1.454850435
251670,1.460165858
251805,1.456859231
251940,1.452072501
252075,1.491785765
252210,1.453582883
252345,1.41115725
252480,1.443219185
252615,1.451632142
252750,1.447797298
252885,1.40884912
253020,1.430442929
253155,1.416960239
253290,1.418143153
253425,1.465821147
253560,1.479845047
253695,1.414828062
253830,1.443626404
253965,1.47650218
254100,1.496841788
254235,1.517174602
254370,1.464287639
254505,1.5111835
254640,1.429162741
254775,1.481191993
254910,1.443524599
255045,1.453954101
255180,1.447453141
255315,1.442896128
255450,1.508230567
255585,1.451644063
255720,1.499137402
255855,1.445386648
255990,1.468018889
256125,1.474487543
256260,1.404721737
256395,1.480787516
256530,1.480124593
256665,1.455115557
256800,1.455348253
256935,1.508964658
257070,1.501840234
257205,1.463949323
257340,1.505593777
257475,1.482046962
257610,1.48056221
257745,1.501163602
257880,1.468451262
258015,1.468274951
258150,1.44885385
258285,1.451915383
258420,1.482174039
258555,1.528033257
258690,1.474938631
258825,1.532084107
258960,1.515796304
259095,1.543192625
259230,1.468248606
259365,1.532340884
259500,1.503049612
259635,1.514998198
259770,1.525822759
259905,1.478628278
260040,1.561340332
260175,1.557594776
260310,1.609975457
260445,1.514863133
260580,1.458490133
260715,1.528455853
260850,1.482255697
260985,1.525885105
261120,1.589773178
261255,1.581403375
261390,1.591088533
261525,1.540863395
261660,1.512935638
261795,1.532428145
261930,1.465786934
262065,1.501717448
262200,1.508002639
262335,1.506570578
262470,1.487989783
262605,1.480665565
262740,1.481301665
262875,1.468004704
263010,1.515633821
263145,1.489267349
263280,1.495678782
263415,1.511065722
263550,1.479668498
263685,1.447029114
263820,1.533912778
263955,1.516840816
264090,1.535745025
264225,1.470136166
264360,1.443560958
264495,1.468716741
264630,1.4469347
264765,1.41896224
264900,1.474613428
265035,1.423109889
265170,1.44827354
265305,1.451150894
265440,1.472731471
265575,1.44230473
265710,1.467043161
265845,1.450249553
265980,1.390934229
266115,1.448434949
266250,1.501257062
266385,1.480126023
266520,1.431312442
266655,1.436872005
266790,1.471361995
266925,1.494039059
267060,1.426126957
267195,1.394109488
267330,1.381319165
267465,1.442429781
267600,1.449065804
267735,1.395344853
267870,1.425027251
268005,1.423271537
268140,1.419811249
268275,1.458058119
268410,1.432397962
268545,1.418322444
268680,1.408740282
268815,1.430285931
268950,1.414952517
269085,1.430440784
269220,1.399430513
269355,1.378499031
269490,1.387988925
269625,1.382101417
269760,1.370727539
269895,1.410094261
270030,1.397265434
270165,1.353850007
270300,1.387443304
270435,1.404042721
270570,1.406419158
270705,1.398427367
270840,1.34495008
270975,1.368608594
271110,1.393844724
271245,1.432643771
271380,1.415629029
271515,1.394128442
271650,1.378239632
271785,1.383633494
271920,1.383237958
272055,1.393337846
272190,1.439910769
272325,1.452674508
272460,1.422441006
272595,1.452411294
272730,1.435032845
272865,1.422541618
273000,1.425528407
273135,1.349609494
273270,1.407101989
273405,1.395220041
273540,1.437253356
273675,1.441437364
273810,1.34059906
273945,1.414617658
274080,1.45819664
274215,1.420452714
274350,1.440024853
274485,1.409427285
274620,1.451152325
274755,1.403761029
274890,1.42894733
275025,1.406355262
275160,1.439460754
275295,1.391201973
275430,1.390857339
275565,1.38718462
275700,1.357201695
275835,1.406716466
275970,1.420013189
276105,1.382861257
276240,1.454736233
276375,1.466072321
276510,1.384566069
276645,1.391732693
276780,1.412778497
276915,1.093465686
277050,0.820667386
277185,0.808521569
277320,0.784590602
277455,0.797510564
277590,0.800583005
277725,0.7870785
277860,0.801382363
277995,0.825131416
278130,0.824108601
278265,0.847093105
278400,0.826452434
278535,0.827199519
278670,0.823466957
278805,0.803847551
278940,0.82533133
279075,0.835553765
279210,0.82384485
279345,0.807470202
279480,0.84770596
279615,0.848267138
279750,0.84409833
279885,0.841938615
280020,0.839765072
280155,0.830496788
280290,0.853409111
280425,0.837326229
280560,0.862077773
280695,0.854054213
280830,0.819332123
280965,0.846149743
281100,0.876642704
281235,0.873669863
281370,0.85546881
281505,0.871569455
281640,0.890646636
281775,0.876931489
281910,0.835637271
282045,0.846999407
282180,0.88413316
282315,0.868184566
282450,0.913832009
282585,0.868772149
282720,0.861478865
282855,0.881263018
282990,0.902332246
283125,0.901003599
283260,0.89518404
283395,0.870752573
283530,0.864216745
283665,0.843591094
283800,0.867573798
283935,0.922363639
284070,0.950176835
284205,0.908658922
284340,0.893736124
284475,0.875200689
284610,0.917894423
284745,0.900609434
284880,0.859674692
285015,0.878408194
285150,0.867393672
285285,0.852192283
285420,0.91530782
285555,0.849744737
285690,0.899344265
285825,0.872521281
285960,0.90666157
286095,0.948171914
286230,0.913717747
286365,0.876083672
286500,0.926303625
286635,0.921655834
286770,0.870855153
286905,0.941458166
287040,0.914542258
287175,0.927330494
287310,0.906170189
287445,0.885105848
287580,0.889936388
287715,0.897544265
287850,0.888049364
287985,0.8934986
288120,0.886079311
288255,0.925392032
288390,0.896688282
288525,0.913670778
288660,0.950972676
288795,0.918982685
288930,0.939375937
289065,0.92033112
289200,0.900127828
289335,0.910209775
289470,0.910340428
289605,0.967695832
289740,0.922082424
289875,0.925032198
290010,0.905398846
290145,0.935095191
290280,0.917318523
290415,0.950309515
290550,0.896082163
290685,0.937101066
290820,0.948742151
290955,0.937642694
291090,0.93472743
291225,0.927586913
291360,0.908788621
291495,0.907336712
291630,0.899438024
291765,0.96339047
291900,0.957137704
292035,0.970683038
292170,0.939293861
292305,0.95952934
292440,0.955905259
292575,0.972170532
292710,0.964763939
292845,0.95229435
292980,0.980110466
293115,0.957736373
293250,0.949612498
293385,0.952544391
293520,0.968669236
293655,0.960789442
293790,0.95945102
293925,0.971698463
294060,0.967441797
294195,0.958637655
294330,1.027198792
294465,0.983626246
294600,1.010741949
294735,0.989055574
294870,1.02387929
295005,1.008360624
295140,1.010959506
295275,0.98691994
295410,1.006431341
295545,1.000299096
295680,0.973711729
295815,0.960238993
295950,0.941021919
296085,0.971333086
296220,0.980632722
296355,0.989688277
296490,0.999757767
296625,0.978055894
296760,0.996057808
296895,0.989185214
297030,1.016540051
297165,1.040799141
297300,0.961436152
297435,1.023974299
297570,1.028285742
297705,1.024374008
297840,1.00254631
297975,1.017616153
298110,1.054788589
298245,1.042227864
298380,1.067770481
298515,1.070467353
298650,1.003901839
298785,1.107359767
298920,1.101728082
299055,1.121757388
299190,1.186223149
299325,1.130755663
299460,1.207504034
299595,1.290374637
299730,1.114578485
299865,1.158538461
300000,1.364432454
301350,1.406180739
302700,1.819861531
304050,1.505484819
305400,1.794876456
306750,2.147622585
308100,1.812243462
309450,1.749888301
310800,1.435537219
312150,1.428293586
313500,1.342158198
314850,1.070227742
316200,0.91141659
317550,0.835345745
318900,0.800426483
320250,0.823440313
321600,0.844564199
322950,0.862575352
324300,0.9107337
325650,0.978813291
327000,1.045409322
328350,1.050341964
329700,1.068392038
331050,1.063066959
332400,1.007089257
333750,0.969193876
335100,0.924504519
336450,0.867103755
337800,0.837631762
339150,0.814522922
340500,0.812429368
341850,0.810891509
343200,0.818762422
344550,0.809565604
345900,0.791827559
347250,0.830107212
348600,0.821810782
349950,0.815304339
351300,0.809951425
352650,0.794789195
354000,0.833146095
355350,0.930214047
356700,0.908048511
358050,0.962014735
359400,1.019503951
360750,1.014703155
362100,1.044922113
363450,1.100034595
364800,1.105499983
366150,1.059120417
367500,1.048257709
368850,1.012693405
370200,0.941480935
371550,0.845366538
372900,0.852150261
374250,0.742421269
375600,0.749459684
376950,0.787942946
378300,0.840081334
379650,0.889218211
381000,0.91138643
382350,0.925623059
383700,0.948208094
385050,0.916012526
386400,0.89290607
387750,0.828858197
389100,0.78897661
390450,0.760518312
391800,0.734581947
393150,0.747475088
394500,0.746819377
395850,0.756988406
397200,0.795829713
398550,0.772945821
399900,0.792623103
401250,0.675987363
402600,0.624087334
403950,0.610359848
405300,0.5893929
406650,0.582578063
408000,0.551062584
409350,0.577742696
410700,0.553484678
412050,0.562211037
413400,0.531049967
414750,0.530329585
416100,0.562163472
417450,0.565734029
418800,0.562326789
420150,0.546322703
421500,0.552093983
422850,0.543459058
424200,0.567815721
425550,0.574699104
426900,0.594573438
428250,0.584735811
429600,0.612343252
430950,0.621457577
432300,0.640912712
433650,0.654471338
435000,0.67258817
436350,0.686139703
437700,0.697850823
439050,0.696557999
440400,0.712444425
441750,0.732434213
443100,0.759675205
444450,0.787380517
445800,0.791400731
447150,0.81040442
448500,0.838351667
449850,0.855013013
451200,0.890660882
452550,0.877827644
453900,0.879573882
455250,0.896327674
456600,0.890477359
457950,0.903484166
459300,0.931816757
460650,0.952932119
462000,1.008497596
463350,1.033921719
464700,1.037054062
466050,1.071364284
467400,1.061120987
468750,1.064060807
470100,0.906417549
471450,0.810009718
472800,0.818962634
474150,0.836199343
475500,0.851139903
476850,0.870482206
478200,0.92778784
479550,0.916734278
480900,0.934817195
482250,0.920255184
483600,0.928202152
484950,0.962830245
486300,0.99475503
487650,1.03283453
489000,1.047294855
490350,1.066385508
491700,1.07134831
493050,1.062187314
494400,1.152488112
495750,1.155982494
497100,1.212911725
498450,1.232181907
499800,1.224981904
501150,1.26119411
502500,1.28906846
503850,1.308344245
505200,1.295426369
506550,1.307913184
507900,1.278035283
509250,1.298613071
510600,1.398552299
511950,1.382136226
513300,1.365576148
514650,1.343615294
516000,1.288024426
517350,1.256016493
518700,1.262497067
520050,1.224597692
521400,1.172652245
522750,1.166175842
524100,1.161779523
525450,1.140412211
526800,1.134067535
528150,1.083990097
529500,1.084913015
530850,1.065745115
532200,1.017338991
533550,1.02457428
534900,1.031626105
536250,1.051176071
537600,1.022785544
538950,0.991607666
540300,0.985819042
541650,0.967229486
543000,0.977596581
544350,0.958832502
545700,0.942972481
547050,0.95406431
548400,0.964960814
549750,0.977698565
551100,0.975316644
552450,0.974852026
553800,0.966895878
555150,0.946168542
556500,0.980996132
557850,0.972250044
559200,0.993900359
560550,0.943527818
561900,0.944066167
563250,0.930088043
564600,0.949038625
565950,0.788248241
567300,0.731973648
568650,0.721258461
570000,0.751484573
571350,0.771836996
572700,0.759087324
574050,0.749956071
575400,0.74090445
576750,0.750291944
578100,0.737503707
579450,0.756979942
580800,0.730306625
582150,0.757504404
583500,0.720307887
584850,0.741292298
586200,0.751240432
587550,0.778345346
588900,0.771791339
590250,0.797056615
591600,0.774836898
592950,0.822107911
594300,0.833196998
595650,0.84624505
597000,0.871287525
598350,0.874236703
599700,0.861886621
601050,0.884352744
602400,0.940476596
603750,0.936883688
605100,0.968025863
606450,0.994884551
607800,0.992262959
609150,1.014582872
610500,1.030191302
611850,1.018916965
613200,1.012972474
614550,1.03038466
615900,1.039649844
617250,1.030073643
618600,1.05505085
619950,1.05398345
621300,1.052028298
622650,1.077613115
624000,1.117157221
625350,1.043870926
626700,1.039551735
628050,1.035771012
629400,1.005291343
630750,0.959101021
632100,0.962257922
633450,0.93362987
634800,0.881183505
636150,0.859982491
637500,0.87656337
638850,0.850478232
640200,0.840339482
641550,0.829192519
642900,0.808754861
644250,0.801956713
645600,0.84180969
646950,0.851501882
648300,0.838903844
649650,0.849555373
651000,0.848782539
652350,0.875512719
653700,0.833948493
655050,0.854760468
656400,0.796178818
657750,0.802682459
659100,0.808219373
660450,0.800835729
661800,0.699442983
663150,0.654312015
664500,0.632958174
665850,0.633501053
667200,0.641864181
668550,0.659939289
669900,0.655295074
671250,0.621767581
672600,0.638389885
673950,0.624702394
675300,0.608524323
676650,0.604823887
678000,0.584669054
679350,0.576661408
680700,0.567588508
682050,0.574301243
683400,0.576613188
684750,0.567871451
686100,0.58688724
687450,0.614676237
688800,0.626723111
690150,0.634980857
691500,0.638286471
692850,0.606410027
694200,0.619295239
695550,0.56612432
696900,0.537661076
698250,0.580646574
699600,0.574194491
700950,0.556872666
702300,0.582397282
703650,0.554026306
705000,0.5753721
706350,0.599786937
707700,0.614635348
709050,0.716401875
710400,0.679751277
711750,0.650606513
713100,0.708245695
714450,0.683913887
715800,0.705532014
717150,0.683134735
718500,0.722692192
719850,0.696237266
721200,0.676607311
722550,0.710472703
723900,0.716550291
725250,0.682950974
726600,0.66690594
727950,0.619087219
729300,0.60450691
730650,0.684073269
732000,0.657917202
733350,0.668503582
734700,0.706708729
736050,0.70905894
737400,0.815203786
738750,0.839332402
740100,0.811303914
741450,0.885115743
742800,0.880860746
744150,0.864278018
745500,0.868182421
746850,0.938066006
748200,0.895456254
749550,0.916545033
750900,0.956612408
752250,0.83944422
753600,0.78995657
754950,0.847737193
756300,0.968416274
757650,0.840647042
759000,0.762748301
760350,0.750894487
761700,0.845840156
763050,0.843208134
764400,0.822485447
765750,0.836697459
767100,0.858041942
768450,0.797446966
769800,0.77499336
771150,0.80367285
772500,0.823670626
773850,0.814902365
775200,0.745364487
776550,0.709588587
777900,0.70415765
779250,0.742277324
780600,0.716576159
781950,0.760713279
783300,0.770410955
784650,0.775084555
786000,0.811042011
787350,0.823940754
788700,0.771264434
790050,0.770201802
791400,0.827285886
792750,0.768795967
794100,0.778850436
795450,0.777329266
796800,0.760191202
798150,0.752785087
799500,0.740872085
800850,0.690902531
802200,0.709674537
803550,0.721394181
804900,0.695527077
806250,0.713824272
807600,0.696352363
808950,0.695145011
810300,0.750318825
811650,0.813386619
813000,0.933074892
814350,1.11366117
815700,1.237657428
817050,1.413759351
818400,1.671917081
819750,1.66892004
821100,1.700994968
822450,1.552465677
823800,1.401395679
825150,1.16749084
826500,1.04503119
827850,0.939089775
829200,0.809305608
830550,0.734677851
831900,0.74281776
833250,0.72640121
834600,0.698799431
835950,0.706651628
837300,0.696116865
838650,0.695292532
840000,0.695998073
841350,0.669631243
842700,0.674010634
844050,0.696432054
845400,0.667824149
846750,0.715406001
848100,0.696553349
849450,0.663333535
850800,0.709358513
852150,0.678400874
853500,0.596386611
854850,0.579979122
856200,0.567797065
857550,0.575015903
858900,0.571296453
860250,0.555500507
861600,0.638344884
862950,0.628728926
864300,0.602811933
865650,0.602402091
867000,0.619002521
868350,0.641613305
869700,0.648152769
871050,0.651517689
872400,0.657900989
873750,0.634231985
875100,0.637874722
876450,0.663139105
877800,0.661467731
879150,0.686822951
880500,0.676157057
881850,0.65459609
883200,0.663784444
884550,0.653669178
885900,0.652244091
887250,0.664238989
888600,0.666715145
889950,0.657569647
891300,0.645640969
892650,0.63972944
894000,0.719960928
895350,0.803038418
896700,0.844119668
898050,0.819916904
899400,0.845535517
900750,0.766838014
902100,0.735554814
903450,0.776105583
904800,0.821501791
906150,0.813859284
907500,0.791698575
908850,0.760822654
910200,0.833253741
911550,0.897105575
912900,1.089454889
914250,1.378492594
915600,1.412917256
916950,1.184183359
918300,0.955224633
919650,1.393118858
921000,1.53364563
922350,1.674131036
923700,1.475898147
925050,1.279701471
926400,1.21940577
927750,1.088514805
929100,1.042629361
930450,1.17924726
931800,1.220202088
933150,1.786908031
934500,2.212747574
935850,2.137061357
937200,2.29176116
938550,2.39296484
939900,2.061148167
941250,2.306280613
942600,2.579578876
943950,2.750095367
945300,2.289825678
946650,1.978654265
948000,1.813023686
949350,1.407799363
950700,1.001402617
952050,0.959679008
953400,1.209735751
954750,1.427298903
956100,1.211219907
957450,0.969144046
958800,1.410551429
960150,1.256536722
961500,1.005844831
962850,1.21923697
964200,1.050131917
965550,1.289441228
966900,1.135413885
968250,1.140335083
969600,0.984301805
970950,1.166103721
972300,1.065312505
973650,1.351210713
975000,1.435238361
976350,1.22036469
977700,1.193738937
979050,1.386652827
980400,1.564630985
981750,1.424062729
983100,1.14647603
984450,1.216488004
985800,1.343429327
987150,1.24162817
988500,1.153670073
989850,1.061681986
991200,0.943127871
992550,1.086762309
993900,1.058873057
995250,1.098972797
996600,1.173433423
997950,1.203347564
999300,1.232004642
1000650,1.190586209
1002000,1.121098042
1003350,1.061293602
1004700,1.026319504
1006050,1.029145956
1007400,1.030035496
1008750,1.13403213
1010100,1.100537896
1011450,1.133111
1012800,1.193436623
1014150,1.180438519
1015500,1.221537232
1016850,1.179031968
1018200,1.234612465
1019550,1.456350327
1020900,1.238180637
1022250,1.245434642
1023600,1.325724363
1024950,1.351680517
1026300,1.573748946
1027650,1.307158113
1029000,1.255725741
1030350,1.714717746
1031700,2.047920942
1033050,2.238750458
1034400,2.376017332
1035750,2.594543219
1037100,2.754368067
1038450,3.525318146
1039800,3.283408642
1041150,3.500083208
1042500,3.447236776
1043850,2.853728294
1045200,2.09461832
1046550,1.832042456
1047900,1.510567188
1049250,1.267298937
1050600,1.363466263
1051950,1.386447072
1053300,1.217188001
1054650,1.296444416
1056000,1.227177858
1057350,1.305609941
1058700,1.255856514
1060050,1.291746497
1061400,1.13663733
1062750,1.170530319
1064100,1.158700228
1065450,1.293090343
1066800,1.318907857
1068150,1.359020591
1069500,1.340197921
1070850,1.393656373
1072200,1.388875604
1073550,1.335508108
1074900,1.336662173
1076250,1.371891141
1077600,1.276519179
1078950,1.268500447
1080300,1.27074182
1081650,1.309140325
1083000,1.366473675
1084350,1.396739364
1085700,1.369906545
1087050,1.478834033
1088400,1.49276185
1089750,1.490647912
1091100,1.502415061
1092450,1.559073925
1093800,1.591657877
1095150,1.643732548
1096500,1.629358053
1097850,1.662141919
1099200,1.708583593
1100550,1.714630723
1101900,1.769727588
1103250,1.789917469
1104600,1.868945241
1105950,1.935099363
1107300,1.969148278
1108650,1.97834754
1110000,2.026809931
1111350,2.150302649
1112700,2.321567535
1114050,2.391287327
1115400,2.50959301
1116750,2.690291166
1118100,2.729201794
1119450,2.887415648
1120800,2.823137999
1122150,2.986037016
1123500,2.780002832
1124850,2.754027605
1126200,2.7501297
1127550,2.560855389
1128900,2.530244589
1130250,2.543829441
1131600,2.629660845
1132950,2.615799189
1134300,2.622752905
1135650,2.685041904
1137000,2.740336657
1138350,2.698545694
1139700,2.731420755
1141050,2.351606131
1142400,2.112153769
1143750,2.205330849
1145100,2.208145142
1146450,2.12389946
1147800,2.144967556
1149150,2.177444458
1150500,2.210549116
1151850,2.128726959
1153200,2.172244549
1154550,2.133847237
1155900,2.232218027
1157250,2.27592802
1158600,2.194084883
1159950,2.020094633
1161300,2.121982574
1162650,2.248669386
1164000,2.212287426
1165350,2.056643248
1166700,2.10627985
1168050,2.105047226
1169400,2.137764454
1170750,2.249479294
1172100,2.204368591
1173450,2.148045063
1174800,2.149108648
1176150,2.314004421
1177500,2.275510311
1178850,2.338647604
1180200,2.414275646
1181550,2.435476303
1182900,2.415567398
1184250,2.588711977
1185600,2.36722517
1186950,2.590629101
1188300,2.659679174
1189650,2.788707972
1191000,2.713079453
1192350,2.63989234
1193700,2.757594109
1195050,2.775565863
1196400,2.921133995
1197750,2.940331936
1199100,3.147485018
1200450,3.096708775
1201800,2.989097357
1203150,3.288990974
1204500,3.204183578
1205850,3.235569715
1207200,3.26366663
1208550,3.336260796
1209900,3.235353947
1211250,3.610505581
1212600,3.696012735
1213950,3.716609478
1215300,3.681486845
1216650,3.950391531
1218000,4.067567348
1219350,4.071315289
1220700,4.028828144
1222050,4.201869011
1223400,4.22815609
1224750,4.335232258
1226100,4.449264526
1227450,4.404299259
1228800,4.438072205
1230150,4.727596283
1231500,4.745949745
1232850,4.546695232
1234200,4.522247791
1235550,4.731230736
1236900,4.774393082
1238250,3.826285124
1239600,3.359118462
1240950,3.41567111
1242300,3.378583193
1243650,3.534268379
1245000,3.359834909
1246350,3.307688713
1247700,3.310530663
1249050,3.190796375
1250400,3.291857004
1251750,3.39367342
1253100,3.23900342
1254450,3.285106421
1255800,3.291714191
1257150,3.33974719
1258500,3.269542694
1259850,3.331907034
1261200,3.239285469
1262550,3.141536474
1263900,3.156690121
1265250,2.969528437
1266600,2.879776716
1267950,2.924634933
1269300,2.864651203
1270650,2.789652348
1272000,2.760613203
1273350,2.636792898
1274700,2.613186598
1276050,2.712724209
1277400,2.690028906
1278750,2.474257946
1280100,2.461571932
1281450,2.512608528
1282800,2.473999023
1284150,2.533956528
1285500,2.648749113
1286850,2.525346041
1288200,2.611543417
1289550,2.419069052
1290900,2.387687922
1292250,2.453743696
1293600,2.465367079
1294950,2.539796114
1296300,2.450990915
1297650,2.511153221
1299000,2.4241817
1300350,2.659609079
1301700,2.504749298
1303050,2.527669668
1304400,2.569900274
1305750,2.638869524
1307100,2.583246708
1308450,2.540201664
1309800,2.798132658
1311150,2.787526608
1312500,2.723400831
1313850,2.669712782
1315200,2.721523762
1316550,2.634506941
1317900,2.703678608
1319250,2.868910789
1320600,2.94938612
1321950,2.946061373
1323300,3.394594669
1324650,3.682646751
1326000,3.488332748
1327350,3.554622412
1328700,4.123012543
1330050,4.294027328
1331400,4.542497158
1332750,4.101527691
1334100,3.267633438
1335450,2.96337676
1336800,3.009156227
1338150,2.812746763
1339500,2.679917574
1340850,3.069227219
1342200,2.915490627
1343550,2.829729557
1344900,2.983620882
1346250,2.727280378
1347600,2.560863972
1348950,2.508903742
1350300,2.419259548
1351650,2.656732321
1353000,2.81863451
1354350,2.655903339
1355700,2.520581722
1357050,2.636169672
1358400,2.763923883
1359750,2.784923553
1361100,2.826774836
1362450,2.75850749
1363800,2.806941032
1365150,2.844918728
1366500,2.920395136
1367850,2.814763069
1369200,2.837312698
1370550,2.902268887
1371900,3.002726078
1373250,2.922566652
1374600,2.898127317
1375950,2.9785254
1377300,3.153048277
1378650,2.988984346
1380000,2.831706524
1381350,3.037623882
1382700,3.265148163
1384050,3.393377066
1385400,3.273748159
1386750,3.253918886
1388100,3.335965633
1389450,3.334070921
1390800,3.344961166
1392150,3.323459148
1393500,3.624564171
1394850,3.417289495
1396200,3.763885498
1397550,3.593744278
1398900,4.594745159
1400250,3.762436152
1401600,4.298134327
1402950,3.740039587
1404300,3.690989256
1405650,3.306031466
1407000,3.26793623
1408350,3.539414883
1409700,3.344444036
1411050,3.145508289
1412400,3.389858723
1413750,3.038292885
1415100,2.856894732
1416450,2.945588112
1417800,2.836415529
1419150,2.921695948
1420500,2.801910877
1421850,3.303186417
1423200,3.575517893
1424550,3.541854382
1425900,3.687615871
1427250,4.347998142
1428600,4.416389465
1429950,3.474496841
1431300,3.259749413
1432650,3.13096261
1434000,2.570660114
1435350,2.600265026
1436700,2.582045555
1438050,2.61930418
1439400,2.23957634
1440750,2.263627052
1442100,2.212927103
1443450,2.355159998
1444800,2.153880358
1446150,2.121137619
1447500,2.996717215
1448850,3.100816488
1450200,2.559921026
1451550,3.028133631
1452900,2.560009956
1454250,2.453929663
1455600,2.500309467
1456950,2.315340042
1458300,2.636663198
1459650,2.406447172
1461000,2.553920984
1462350,2.533075333
1463700,2.311326981
1465050,2.529471636
1466400,2.654844761
1467750,2.677914143
1469100,2.617069483
1470450,2.441866398
1471800,2.480148792
1473150,2.768841267
1474500,3.44025135
1475850,3.57456851
1477200,3.471165895
1478550,3.466207266
1479900,3.690228701
1481250,4.34473896
1482600,3.839441538
1483950,3.137970924
1485300,3.802318096
1486650,3.452023506
1488000,2.715185404
1489350,2.583447695
1490700,2.664340019
1492050,2.898213387
1493400,3.223252535
1494750,2.881491184
1496100,2.872503042
1497450,2.70688653
1498800,2.646766663
1500150,2.611209393
1501500,2.585832119
1502850,2.878504038
1504200,3.02994895
1505550,2.874828815
1506900,3.17643261
1508250,3.796957493
1509600,3.708478212
1510950,3.415646791
1512300,3.937629223
1513650,3.363762379
1515000,3.08480525
1516350,2.92670083
1517700,2.659505367
1519050,2.369268894
1520400,2.610872507
1521750,2.431328773
1523100,2.852021217
1524450,3.147607088
1525800,2.71728158
1527150,2.61264801
1528500,3.104443312
1529850,3.260108471
1531200,2.905011177
1532550,2.913669586
1533900,2.90948391
1535250,2.789415359
1536600,2.427796841
1537950,2.242145777
1539300,2.262620211
1540650,2.343256474
1542000,2.212234497
1543350,2.285889626
1544700,2.634450674
1546050,3.577494621
1547400,3.560885668
1548750,3.824300528
1550100,4.006399632
1551450,3.925678492
1552800,3.749045134
1554150,3.678879976
1555500,4.209000111
1556850,3.978709221
1558200,4.325171947
1559550,3.851175308
1560900,4.156083584
1562250,3.621250629
1563600,2.927570105
1564950,3.114474058
1566300,2.807577372
1567650,3.109593868
1569000,2.830797911
1570350,2.283530712
1571700,2.168025732
1573050,2.278491497
1574400,2.232712507
1575750,2.131914854
1577100,2.396165133
1578450,2.738746166
1579800,2.561510801
1581150,2.455836535
1582500,2.422282934
1583850,2.622977495
1585200,3.037767649
1586550,3.741605759
1587900,4.218000412
1589250,3.605345726
1590600,2.775411129
1591950,3.249992609
1593300,3.19499898
1594650,3.519398212
1596000,3.016895056
1597350,3.053951979
1598700,2.64512825
1600050,3.002466917
1601400,3.257557631
1602750,2.599866152
1604100,2.517693758
1605450,2.382282495
1606800,1.919406772
1608150,1.916409969
1609500,1.815173984
1610850,1.764566183
1612200,1.688485742
1613550,1.996199131
1614900,1.824418545
1616250,2.142291784
1617600,2.200258017
1618950,2.66479516
1620300,2.399202824
1621650,2.280437231
1623000,1.576395869
1624350,1.675596952
1625700,1.560186386
1627050,1.758530021
1628400,1.790248036
1629750,1.611354947
1631100,1.932845712
1632450,1.678709865
1633800,2.072197437
1635150,1.997265935
1636500,2.328862906
1637850,2.371101856
1639200,2.341498613
1640550,2.311415672
1641900,2.317601681
1643250,2.534609795
1644600,2.605418205
1645950,2.610699177
1647300,2.872169733
1648650,3.298306227
1650000,3.363766193
1651350,3.523676634
1652700,3.171270132
1654050,3.470288515
1655400,3.45851469
1656750,3.229303122
1658100,3.352767944
1659450,3.330979347
1660800,3.351079941
1662150,3.311573505
1663500,3.153442621
1664850,2.686668873
1666200,2.256274223
1667550,1.940669537
1668900,1.683019161
1670250,1.661258817
1671600,1.569120646
1672950,1.498258114
1674300,1.518566012
1675650,1.407398224
1677000,1.418511748
1678350,1.495631099
1679700,1.38976562
1681050,1.361802578
1682400,1.383281827
1683750,1.318681836
1685100,1.350616217
1686450,1.342620254
1687800,1.492386222
1689150,1.419281006
1690500,1.512067318
1691850,1.615494609
1693200,1.887945294
1694550,2.291751862
1695900,2.88380599
1697250,3.17496419
1698600,3.068931341
1699950,3.687446594
1701300,3.491537809
1702650,3.351292133
1704000,2.841022015
1705350,2.347229242
1706700,2.005770683
1708050,1.718830585
1709400,1.508085966
1710750,1.411210895
1712100,1.383129835
1713450,1.351143003
1714800,1.372871399
1716150,1.367888689
1717500,1.08597064
1718850,1.041235447
1720200,1.027103424
1721550,1.017026544
1722900,1.056434274
1724250,1.018285036
1725600,1.006919146
1726950,1.047160745
1728300,1.020902991
1729650,1.017198443
1731000,1.024169087
1732350,0.984244227
1733700,0.976265788
1735050,0.996987104
1736400,0.976581693
1737750,0.974477112
1739100,0.992911577
1740450,1.003565311
1741800,0.981134117
1743150,0.968062401
1744500,0.986404896
1745850,0.946198046
1747200,0.946027696
1748550,0.930183887
1749900,0.910287559
1751250,0.936852634
1752600,0.955393195
1753950,0.902962327
1755300,0.896675646
1756650,0.893751442
1758000,0.960822761
1759350,0.929704368
1760700,0.973445952
1762050,0.928822696
1763400,0.941465259
1764750,0.920613885
1766100,0.937368274
1767450,0.910189569
1768800,0.875382781
1770150,0.881870687
1771500,0.870709002
1772850,0.896949768
1774200,0.872388005
1775550,0.89372319
1776900,0.922749341
1778250,0.947876155
1779600,0.918520749
1780950,0.931728542
1782300,0.919777751
1783650,0.93511498
1785000,0.932319105
1786350,0.931386948
1787700,0.943947375
1789050,0.969402075
1790400,0.991408288
1791750,0.998299778
1793100,1.033071399
1794450,1.021871567
1795800,1.071020365
1797150,1.05351603
1798500,1.058507681
1799850,1.078617454
1801200,1.117807508
1802550,1.146577835
1803900,1.152326107
1805250,1.173412681
1806600,1.209138632
1807950,1.218857765
1809300,1.217689157
1810650,1.23757267
1812000,1.278991818
1813350,1.077085733
1814700,1.018357158
1816050,1.062877178
1817400,1.07573688
1818750,1.0812397
1820100,1.105241179
1821450,1.069193006
1822800,1.039317012
1824150,1.030731797
1825500,1.025216818
1826850,0.98785609
1828200,1.016954422
1829550,0.994313776
1830900,0.97248733
1832250,0.962720096
1833600,0.966203868
1834950,0.999471009
1836300,0.971474528
1837650,0.99693197
1839000,1.006430984
1840350,1.05011797
1841700,1.029074073
1843050,1.000814915
1844400,1.061194539
1845750,0.995812476
1847100,1.011801004
1848450,1.016016364
1849800,1.021955013
1851150,1.083818555
1852500,1.032626033
1853850,1.055062771
1855200,1.031335354
1856550,1.057246923
1857900,1.075837255
1859250,1.084421396
1860600,1.084510326
1861950,1.071502328
1863300,1.090339541
1864650,1.061448216
1866000,1.055875778
1867350,1.098616123
1868700,1.145750999
1870050,1.161952734
1871400,1.128177047
1872750,1.141551495
1874100,1.201560378
1875450,1.287831664
1876800,1.268415213
1878150,1.303863287
1879500,1.295221806
1880850,1.282477856
1882200,1.265686989
1883550,1.275749326
1884900,1.259920835
1886250,1.293889642
1887600,1.277831078
1888950,1.314344168
1890300,1.327394962
1891650,1.390694976
1893000,1.399060011
1894350,1.391571999
1895700,1.457815528
1897050,1.475180387
1898400,1.456865788
1899750,1.455529571
1901100,1.496561527
1902450,1.498996377
1903800,1.498189449
1905150,1.454594016
1906500,1.518748522
1907850,1.521996021
1909200,1.261616468
1910550,1.188668489
1911900,1.139066815
1913250,1.09122467
1914600,1.127748013
1915950,1.111587405
1917300,1.113690138
1918650,1.119065166
1920000,1.093668699
1921350,1.093866825
1922700,1.017145872
1924050,0.982033849
1925400,0.992427945
1926750,0.999975979
1928100,0.982372642
1929450,0.974114656
1930800,0.973608673
1932150,0.961067438
1933500,0.99834919
1934850,1.049859285
1936200,1.011039138
1937550,1.01166141
1938900,1.021561623
1940250,1.024171829
1941600,0.995510995
1942950,1.008378029
1944300,0.950103998
1945650,0.967718065
1947000,0.979855239
1948350,0.978273749
1949700,0.971591353
1951050,0.953573585
1952400,0.919119596
1953750,0.94216913
1955100,0.974152386
1956450,1.028117537
1957800,1.029757619
1959150,1.022906184
1960500,1.053332329
1961850,1.357311726
1963200,1.035044909
1964550,1.006089568
1965900,0.968991339
1967250,1.069569349
1968600,1.206792355
1969950,1.201299191
1971300,1.20895648
1972650,1.245332122
1974000,1.275562763
1975350,1.232307434
1976700,1.168267965
1978050,1.099569082
1979400,1.122819662
1980750,1.187798142
1982100,1.133587003
1983450,1.171232939
1984800,1.22363162
1986150,1.248263359
1987500,1.261087418
1988850,1.325629711
1990200,1.375071049
1991550,1.458683491
1992900,1.550352693
1994250,1.579482436
1995600,1.649208069
1996950,1.757332325
1998300,1.877562284
1999650,1.930272341
2001000,2.01711297
2002350,2.036317825
2003700,2.134931803
2005050,1.800390601
2006400,1.737861156
2007750,1.814957142
2009100,1.837414026
2010450,1.952419639
2011800,1.935944796
2013150,2.024649858
2014500,2.147148609
2015850,2.257909298
2017200,2.309220791
2018550,2.319736242
2019900,2.278622866
2021250,2.478013754
2022600,2.583010435
2023950,2.578135014
2025300,2.578050852
2026650,2.713792801
2028000,2.750244617
2029350,2.885730267
2030700,2.964413404
2032050,2.992005587
2033400,3.076742649
2034750,3.122138262
2036100,3.302530289
2037450,3.277841568
2038800,3.432979584
2040150,3.526318073
2041500,3.61118412
2042850,3.746314526
2044200,3.746809721
2045550,3.842671156
2046900,4.016260147
2048250,3.956811666
2049600,4.104344845
2050950,4.254001141
2052300,4.264930725
2053650,4.417366982
2055000,4.569945335
2056350,4.425095558
2057700,4.654978752
2059050,4.707513332
2060400,4.82891655
2061750,4.999365807
2063100,4.930018425
2064450,5.028941154
2065800,5.062392235
2067150,5.311979771
2068500,5.297130585
2069850,5.452007294
2071200,5.380990028
2072550,5.446490288
2073900,5.624054432
2075250,5.58684063
2076600,5.689767361
2077950,5.779425621
2079300,5.730864525
2080650,5.681832314
2082000,5.738454819
2083350,5.842017174
2084700,5.905159473
2086050,5.900135994
2087400,5.797173023
2088750,5.776802063
2090100,5.771782398
2091450,5.792793751
2092800,5.789465904
2094150,5.746364117
2095500,5.71948576
2096850,5.780992031
2098200,5.807015896
2099550,5.754511833
2100900,5.753129482
2102250,4.85706234
2103600,4.287396431
2104950,4.176792622
2106300,4.069710255
2107650,4.060359478
2109000,4.215554714
2110350,4.10605669
2111700,4.088690281
2113050,3.930896997
2114400,4.026342869
2115750,4.036013603
2117100,3.9804914
2118450,3.842672825
2119800,3.698337317
2121150,3.794183493
2122500,3.737855911
2123850,3.7018888
2125200,3.680705309
2126550,3.72000742
2127900,3.791333914
2129250,3.835326672
2130600,3.645159483
2131950,3.681862116
2133300,3.710563421
2134650,3.716679335
2136000,3.676383495
2137350,3.557203531
2138700,3.540775776
2140050,3.559209108
2141400,3.545485735
2142750,3.500626326
2144100,3.427198887
2145450,3.477403402
2146800,3.491792679
2148150,3.525048971
2149500,3.417119265
2150850,3.415610552
2152200,3.435009241
2153550,3.438440561
2154900,3.409448624
2156250,3.364993572
2157600,3.263740301
2158950,3.208540916
2160300,3.326857567
2161650,3.226230145
2163000,3.203859806
2164350,3.212385893
2165700,3.233549595
2167050,3.257136106
2168400,3.309032679
2169750,3.224358797
2171100,3.321829081
2172450,3.322546482
2173800,3.361527681
2175150,3.296792269
2176500,3.117171288
2177850,3.349122047
2179200,3.309616804
2180550,3.321875572
2181900,3.211838245
2183250,3.243358612
2184600,3.330408096
2185950,3.30816102
2187300,3.336694002
2188650,3.287232876
2190000,3.220016718
2191350,3.332570791
2192700,3.290395498
2194050,3.29534936
2195400,3.211307764
2196750,3.252376556
2198100,2.821365118
2199450,2.472891808
2200800,2.468104124
2202150,2.472144842
2203500,2.518109798
2204850,2.50778389
2206200,2.496775389
2207550,2.466916323
2208900,2.45643878
2210250,2.478110075
2211600,2.466747999
2212950,2.444319963
2214300,2.528348684
2215650,2.56155467
2217000,2.424253464
2218350,2.401501179
2219700,2.428311348
2221050,2.457461357
2222400,2.420915604
2223750,2.501887083
2225100,2.47277379
2226450,2.460119724
2227800,2.446836472
2229150,2.516947031
2230500,2.535283089
2231850,2.539895773
2233200,2.535532475
2234550,2.557286501
2235900,2.523597956
2237250,2.584290743
2238600,2.586802959
2239950,2.691012144
2241300,2.598946571
2242650,2.612022877
2244000,2.665494442
2245350,2.631088972
2246700,2.701051235
2248050,2.648066998
2249400,2.668696165
2250750,2.702079773
2252100,2.790849209
2253450,2.772576332
2254800,2.721046209
2256150,2.806846142
2257500,2.759851456
2258850,2.80390954
2260200,2.73970747
2261550,2.778620243
2262900,2.715918779
2264250,2.684877396
2265600,2.720408201
2266950,2.63120389
2268300,2.756350279
2269650,2.723089695
2271000,2.750160456
2272350,2.720859766
2273700,2.721690178
2275050,2.667974234
2276400,2.672365904
2277750,2.747048855
2279100,2.647028923
2280450,2.675364256
2281800,2.68189764
2283150,2.681012392
2284500,2.606986284
2285850,2.585512161
2287200,2.67605257
2288550,2.641372919
2289900,2.613688946
2291250,2.599197149
2292600,2.539064407
2293950,2.133820534
2295300,1.939512968
2296650,1.912897825
2298000,1.903014064
2299350,1.875912666
2300700,1.907311678
2302050,1.857364058
2303400,1.845902801
2304750,1.813129783
2306100,1.805317521
2307450,1.718374968
2308800,1.704032421
2310150,1.735431314
2311500,1.666698694
2312850,1.642505765
2314200,1.612392902
2315550,1.564684868
2316900,1.566327214
2318250,1.576454043
2319600,1.564573169
2320950,1.557872653
2322300,1.539912462
2323650,1.499913096
2325000,1.544023156
2326350,1.503568888
2327700,1.499199986
2329050,1.492377758
2330400,1.498582959
2331750,1.446109533
2333100,1.436388135
2334450,1.442283392
2335800,1.475152135
2337150,1.510377288
2338500,1.464885831
2339850,1.462287068
2341200,1.449192405
2342550,1.478458405
2343900,1.439301252
2345250,1.492522478
2346600,1.5050776
2347950,1.507793784
2349300,1.499634266
2350650,1.502457142
2352000,1.47034502
2353350,1.590371013
2354700,1.593726397
2356050,1.600363374
2357400,1.634945035
2358750,1.673145652
2360100,1.669417858
2361450,1.714063764
2362800,1.767502546
2364150,1.804734945
2365500,1.797323942
2366850,1.731209517
2368200,1.753015757
2369550,1.78450346
2370900,1.742254257
2372250,1.730021954
2373600,1.837624669
2374950,1.824536562
2376300,1.928482771
2377650,1.956755042
2379000,1.946293354
2380350,2.008244514
2381700,1.969939828
2383050,2.022723675
2384400,2.070543766
2385750,2.073013544
2387100,2.068883181
2388450,2.091501236
2389800,1.735688925
2391150,1.570761204
2392500,1.542416811
2393850,1.598198533
2395200,1.601263165
2396550,1.648105621
2397900,1.634696126
2399250,1.614420772
2400600,1.752004862
2401950,1.712868929
2403300,1.731537342
2404650,1.734790683
2406000,1.81457603
2407350,1.779668331
2408700,1.824786544
2410050,1.836862922
2411400,1.854108572
2412750,1.887316942
2414100,1.887321711
2415450,1.955137968
2416800,2.010266066
2418150,1.980363607
2419500,2.065252781
2420850,2.062489271
2422200,2.06490612
2423550,2.024987459
2424900,2.073395252
2426250,2.141858339
2427600,2.151415586
2428950,2.149886131
2430300,2.186674595
2431650,2.234124184
2433000,2.234880924
2434350,2.21121788
2435700,2.180448532
2437050,2.204330683
2438400,2.271346569
2439750,2.341677904
2441100,2.279747486
2442450,2.296876669
2443800,2.309044361
2445150,2.309116125
2446500,2.345581055
2447850,2.406699419
2449200,2.458833694
2450550,2.420693159
2451900,2.540196657
2453250,2.565618038
2454600,2.550961256
2455950,2.609038591
2457300,2.622761965
2458650,2.619371414
2460000,2.666819334
2461350,2.726938248
2462700,2.753793716
2464050,2.782550573
2465400,2.590114832
2466750,2.809684992
2468100,2.866246223
2469450,2.816929579
2470800,2.860928059
2472150,2.958188295
2473500,2.935312271
2474850,2.93253088
2476200,2.97066474
2477550,2.975271225
2478900,2.990278721
2480250,2.973642111
2481600,2.97633791
2482950,2.864274263
2484300,2.857421875
2485650,2.401308298
2487000,2.189888716
2488350,2.217365503
2489700,2.149752617
2491050,2.130383968
2492400,2.155945063
2493750,2.245661259
2495100,2.269363642
2496450,2.187899113
2497800,2.263003349
2499150,2.248921633
2500500,2.247669458
2501850,2.208328485
2503200,2.19269228
2504550,2.159279823
2505900,2.108848572
2507250,2.013907671
2508600,1.96935606
2509950,1.946232915
2511300,2.013254404
2512650,1.935194373
2514000,1.982442617
2515350,1.991984606
2516700,1.927134395
2518050,1.964234352
2519400,1.92365694
2520750,1.903302908
2522100,1.922959566
2523450,1.883857012
2524800,1.897904515
2526150,1.976988196
2527500,1.952450991
2528850,1.877874136
2530200,1.835105777
2531550,1.844101548
2532900,1.89710319
2534250,1.801497936
2535600,1.819022059
2536950,1.804753304
2538300,1.716462374
2539650,1.7265625
2541000,1.700474977
2542350,1.685504556
2543700,1.658560276
2545050,1.650155187
2546400,1.674320698
2547750,1.607651711
2549100,1.584574461
2550450,1.654924512
2551800,1.609067559
2553150,1.564159989
2554500,1.56107533
2555850,1.565352201
2557200,1.60401845
2558550,1.586259127
2559900,1.597200751
2561250,1.551073194
2562600,1.566797495
2563950,1.594706059
2565300,1.605779052
2566650,1.615902781
2568000,1.580520511
2569350,1.610497236
2570700,1.549800515
2572050,1.541499019
2573400,1.527248144
2574750,1.633745551
2576100,1.637049913
2577450,1.662096381
2578800,1.738168836
2580150,1.798617125
2581500,1.527408123
2582850,1.384736419
2584200,1.392825842
2585550,1.385668874
2586900,1.391963601
2588250,1.447234631
2589600,1.393708706
2590950,1.406759739
2592300,1.419057965
2593650,1.405160308
2595000,1.393824577
2596350,1.408681989
2597700,1.393773198
2599050,1.415699363
2600400,1.421971321
2601750,1.507471085
2603100,1.498781919
2604450,1.50651741
2605800,1.527451038
2607150,1.532187104
2608500,1.604020119
2609850,1.615913749
2611200,1.651364088
2612550,1.701670885
2613900,1.735671043
2615250,1.771150708
2616600,1.749032378
2617950,1.82088089
2619300,1.847556353
2620650,1.858683228
2622000,1.897757649
2623350,1.912691355
2624700,1.935611129
2626050,1.93568778
2627400,1.985791683
2628750,2.058924675
2630100,2.034760475
2631450,2.048036337
2632800,2.026734114
2634150,2.074427128
2635500,2.076144695
2636850,2.158126831
2638200,2.156178474
2639550,2.250089645
2640900,2.214119911
2642250,2.22371006
2643600,2.211079359
2644950,2.19682169
2646300,2.194735527
2647650,2.151878834
2649000,2.14870882
2650350,2.098016024
2651700,2.090650558
2653050,2.103686333
2654400,2.065285921
2655750,2.049286127
2657100,2.086996794
2658450,2.076413631
2659800,2.112731457
2661150,2.085673332
2662500,2.131291389
2663850,2.126492739
2665200,2.074905872
2666550,2.094877958
2667900,2.089107752
2669250,2.055227995
2670600,2.129252672
2671950,2.147172451
2673300,2.100475073
2674650,2.03727293
2676000,2.03126502
2677350,1.671143055
2678700,1.488372326
2680050,1.472000957
2681400,1.502280831
2682750,1.466242909
2684100,1.397542238
2685450,1.404562831
2686800,1.368757129
2688150,1.416496992
2689500,1.373903871
2690850,1.349473357
2692200,1.336033821
2693550,1.352871895
2694900,1.356820941
2696250,1.382703185
2697600,1.413153172
2698950,1.408734322
2700300,1.389602661
2701650,1.359236836
2703000,1.333264351
2704350,1.295645475
2705700,1.247278929
2707050,1.253162384
2708400,1.223594546
2709750,1.16827023
2711100,1.15357089
2712450,1.145854235
2713800,1.119795442
2715150,1.143312931
2716500,1.176659942
2717850,1.179079175
2719200,1.222326398
2720550,1.192249179
2721900,1.270615101
2723250,1.317234635
2724600,1.288555503
2725950,1.2706815
2727300,1.290386558
2728650,1.328410506
2730000,1.3604213
2731350,1.411201477
2732700,1.454797149
2734050,1.438023925
2735400,1.467138886
2736750,1.53987205
2738100,1.562636018
2739450,1.585278153
2740800,1.607298851
2742150,1.661840081
2743500,1.682542562
2744850,1.751759648
2746200,1.77355504
2747550,1.835206032
2748900,1.822198033
2750250,1.885388255
2751600,1.886511207
2752950,1.950967073
2754300,1.971671224
2755650,2.039118767
2757000,2.125905752
2758350,2.153956175
2759700,2.217494726
2761050,2.283869982
2762400,2.245908976
2763750,2.225270987
2765100,2.288973808
2766450,2.360411406
2767800,2.404645205
2769150,2.436916113
2770500,2.370702267
2771850,2.400645971
2773200,2.02529335
2774550,1.863561273
2775900,1.826800942
2777250,1.828807116
2778600,1.900530219
2779950,1.918053031
2781300,1.805238843
2782650,1.794073105
2784000,1.852038145
2785350,1.89786005
2786700,1.905490398
2788050,1.860695839
2789400,1.964669108
2790750,1.97132647
2792100,1.928873062
2793450,1.978554249
2794800,2.001925468
2796150,1.98914969
2797500,1.994811535
2798850,2.015522242
2800200,1.974882483
2801550,1.983767152
2802900,2.04023242
2804250,2.051280737
2805600,1.986688972
2806950,1.998790979
2808300,1.971898794
2809650,2.065824747
2811000,2.076729059
2812350,2.028901577
2813700,2.057992697
2815050,2.139517069
2816400,2.094802618
2817750,2.147135735
2819100,2.107531071
2820450,2.148459911
2821800,2.195285559
2823150,2.130084038
2824500,2.140259981
2825850,2.190462589
2827200,2.178124905
2828550,2.143464088
2829900,2.215091705
2831250,2.13974762
2832600,2.260934591
2833950,2.215115786
2835300,2.251999378
2836650,2.221103668
2838000,2.294788599
2839350,2.220420361
2840700,2.246832371
2842050,2.302353144
2843400,2.234269857
2844750,2.249529839
2846100,2.271825075
2847450,2.297655106
2848800,2.30065012
2850150,2.26089406
2851500,2.358736515
2852850,2.434178114
2854200,2.517942905
2855550,2.444838524
2856900,2.456963778
2858250,2.465346098
2859600,2.401831388
2860950,2.472784281
2862300,2.435112476
2863650,2.488037825
2865000,2.484471321
2866350,2.435379028
2867700,2.452592611
2869050,2.440848589
2870400,2.010958195
2871750,1.815317869
2873100,1.764210463
2874450,1.82585609
2875800,1.788419366
2877150,1.756468177
2878500,1.761550784
2879850,1.762475967
2881200,1.701406002
2882550,1.654232502
2883900,1.664038301
2885250,1.691232324
2886600,1.605678558
2887950,1.582639933
2889300,1.582215548
2890650,1.638500094
2892000,1.584856153
2893350,1.49847281
2894700,1.479618192
2896050,1.517568827
2897400,1.58298111
2898750,1.459886193
2900100,1.465268612
2901450,1.415315628
2902800,1.417298079
2904150,1.388189316
2905500,1.366865396
2906850,1.339385152
2908200,1.292992592
2909550,1.296893597
2910900,1.260347843
2912250,1.240459204
2913600,1.218652844
2914950,1.255348206
2916300,1.213312984
2917650,1.239472389
2919000,1.246552348
2920350,1.17388308
2921700,1.144616008
2923050,1.221707463
2924400,1.146650791
2925750,1.152907014
2927100,1.118426919
2928450,1.145756841
2929800,1.100646257
2931150,1.076839328
2932500,1.046717644
2933850,1.056158066
2935200,1.081882715
2936550,1.079945087
2937900,1.058764219
2939250,1.09963119
2940600,1.077088118
2941950,1.039903164
2943300,1.047926784
2944650,1.035269022
2946000,0.97939533
2947350,0.966719866
2948700,0.997526944
2950050,1.02033174
2951400,1.026752353
2952750,1.053787351
2954100,1.078432322
2955450,1.066023231
2956800,1.103543639
2958150,1.125925899
2959500,1.127426744
2960850,1.178995371
2962200,1.204974413
2963550,1.254264116
2964900,1.297282934
2966250,1.1151371
2967600,1.030613542
2968950,1.080213785
2970300,1.127143502
2971650,1.137909889
2973000,1.185799003
2974350,1.17355454
2975700,1.237564921
2977050,1.283270836
2978400,1.273913383
2979750,1.300137639
2981100,1.352092505
2982450,1.402866125
2983800,1.419525743
2985150,1.399693608
2986500,1.425753355
2987850,1.492224574
2989200,1.502461076
2990550,1.562618494
2991900,1.569962382
2993250,1.613689423
2994600,1.650584102
2995950,1.755197048
2997300,1.774047971
2998650,1.819572091
3000000,1.904054403
3013500,2.308000803
3027000,2.631117105
3040500,3.061978817
3054000,3.265607357
3067500,2.781826258
3081000,2.49925828
3094500,2.545808077
3108000,2.631877422
3121500,2.722231865
3135000,2.877257586
3148500,3.004153013
3162000,2.53993082
3175500,2.287469149
3189000,2.245615482
3202500,2.320571423
3216000,2.353272915
3229500,2.335716009
3243000,2.331506252
3256500,1.894761682
3270000,1.455470562
3283500,1.298457861
3297000,1.120284796
3310500,1.185395956
3324000,1.211271405
3337500,1.325786591
3351000,1.242773056
3364500,1.294924617
3378000,1.564211607
3391500,1.930692315
3405000,2.259231329
3418500,2.633615494
3432000,3.015802622
3445500,2.629767895
3459000,2.392905474
3472500,2.475131989
3486000,2.591639519
3499500,2.635778904
3513000,2.648461103
3526500,2.559347391
3540000,2.501654387
3553500,2.000035524
3567000,1.739794016
3580500,1.777881742
3594000,2.324195623
3607500,2.270152569
3621000,2.800453424
3634500,3.078315258
3648000,2.632510662
3661500,2.742394686
3675000,3.179499149
3688500,3.710108042
3702000,4.129940033
3715500,4.326944351
3729000,4.990425587
3742500,4.050744534
3756000,3.302602291
3769500,3.187504768
3783000,2.922761202
3796500,3.634147406
3810000,3.027010918
3823500,2.627551079
3837000,2.060584545
3850500,1.737107515
3864000,1.84792304
3877500,1.963099837
3891000,2.699140072
3904500,3.075565577
3918000,2.717644453
3931500,2.591702938
3945000,2.349704742
3958500,2.56226325
3972000,2.472098827
3985500,2.720417976
3999000,2.868967056
4012500,2.805640697
4026000,2.310087919
4039500,1.944506049
4053000,1.866503
4066500,1.814771652
4080000,1.833637118
4093500,1.955726266
4107000,2.452363014
4120500,1.997059226
4134000,1.893160701
4147500,1.98796761
4161000,2.08066082
4174500,2.238033533
4188000,2.413665056
4201500,2.537296772
4215000,2.120892525
4228500,1.890396237
4242000,1.831049323
4255500,1.914652824
4269000,1.953809619
4282500,2.071746111
4296000,2.153196812
4309500,1.923578382
4323000,1.65176487
4336500,1.593927383
4350000,1.736659169
4363500,1.647364259
4377000,1.630826592
4390500,1.583676338
4404000,1.540812492
4417500,1.244763494
4431000,1.012009263
4444500,0.936105013
4458000,0.937503457
4471500,0.975744724
4485000,0.994933248
4498500,1.104961634
4512000,0.956895828
4525500,0.85239315
4539000,0.9138816
4552500,0.947822571
4566000,0.998632967
4579500,1.077295423
4593000,1.123091459
4606500,1.019379973
4620000,0.963509798
4633500,0.996985495
4647000,0.990449727
4660500,1.024883866
4674000,1.058429599
4687500,1.084133029
4701000,0.942397296
4714500,0.816659629
4728000,0.774936199
4741500,0.793724358
4755000,0.838613987
4768500,0.830839574
4782000,0.828120947
4795500,0.712482929
4809000,0.668094337
4822500,0.672151566
4836000,0.756528974
4849500,0.79390949
4863000,0.747103393
4876500,0.809981167
4890000,0.720507741
4903500,0.632979274
4917000,0.628205061
4930500,0.66787219
4944000,0.707478166
4957500,0.765478015
4971000,0.769663393
4984500,0.694116354
4998000,0.806940913
5011500,0.722826123
5025000,0.783899367
5038500,0.745651662
5052000,0.772081196
5065500,0.803656697
5079000,0.659729183
5092500,0.595275283
5106000,0.591596484
5119500,0.629616082
5133000,0.638681829
5146500,0.680505097
5160000,0.697107077
5173500,0.617664635
5187000,0.60399425
5200500,0.570129514
5214000,0.608528972
5227500,0.638597965
5241000,0.650142312
5254500,0.705319107
5268000,0.748627722
5281500,0.654357672
5295000,0.636062264
5308500,0.661170483
5322000,0.690289021
5335500,0.758510172
5349000,0.81340754
5362500,0.87158376
5376000,0.751642406
5389500,0.681803524
5403000,0.690575898
5416500,0.703439474
5430000,0.728961051
5443500,0.77322644
5457000,0.81205368
5470500,0.693722904
5484000,0.624532878
5497500,0.63562566
5511000,0.686727285
5524500,0.735130131
5538000,0.750520885
5551500,0.775536895
5565000,0.681413293
5578500,0.636137664
5592000,0.653111219
5605500,0.642924607
5619000,0.673227608
5632500,0.71766901
5646000,0.729159653
5659500,0.65676862
5673000,0.589955747
5686500,0.612937093
5700000,0.62559849
5713500,0.619702756
5727000,0.624559999
5740500,0.691811562
5754000,0.639925182
5767500,0.576225936
5781000,0.567798138
5794500,0.60268271
5808000,0.617299676
5821500,0.660832167
5835000,0.712058902
5848500,0.627695501
5862000,0.602667928
5875500,0.594103813
5889000,0.605705023
5902500,0.637901247
5916000,0.668848872
5929500,0.770120144
5943000,0.677344084
5956500,0.571353555
5970000,0.57730037
5983500,0.574678719
5997000,0.619350493
6010500,0.681757033
6024000,0.656597078
6037500,0.560624897
6051000,0.514671564
6064500,0.510789573
6078000,0.529047072
6091500,0.560840607
6105000,0.62405318
6118500,0.592373312
6132000,0.636863947
6145500,0.564622104
6159000,0.559819043
6172500,0.571747422
6186000,0.621461749
6199500,0.611497521
6213000,0.636401415
6226500,0.669278204
6240000,0.589552879
6253500,0.551875472
6267000,0.54896915
6280500,0.588177562
6294000,0.604643524
6307500,0.62444675
6321000,0.706585765
6334500,0.600651145
6348000,0.538014174
6361500,0.540274262
6375000,0.589386523
6388500,0.596835434
6402000,0.598215818
6415500,0.653817594
6429000,0.578356326
6442500,0.525392175
6456000,0.551842511
6469500,0.546575129
6483000,0.579167068
6496500,0.602630734
6510000,0.643996
6523500,0.582372427
6537000,0.523285508
6550500,0.536506891
6564000,0.544190407
6577500,0.572181761
6591000,0.600093544
6604500,0.619648457
6618000,0.577712834
6631500,0.524910867
6645000,0.548387289
6658500,0.541209459
6672000,0.56899327
6685500,0.579841852
6699000,0.615477502
6712500,0.570018649
6726000,0.521300554
6739500,0.532347322
6753000,0.544043362
6766500,0.544553757
6780000,0.568163753
6793500,0.593327701
6807000,0.540087044
6820500,0.515239
6834000,0.517250299
6847500,0.5363608
6861000,0.559469998
6874500,0.567346931
6888000,0.618514836
6901500,0.552526057
6915000,0.521485686
6928500,0.520204008
6942000,0.53548789
6955500,0.54516542
6969000,0.578940332
6982500,0.589582443
6996000,0.65176332
7009500,0.574326217
7023000,0.515175343
7036500,0.532222629
7050000,0.548380256
7063500,0.56838429
7077000,0.613864005
7090500,0.627404332
7104000,0.566345751
7117500,0.50310415
7131000,0.512082696
7144500,0.536611855
7158000,0.574191511
7171500,0.585453689
7185000,0.614653707
7198500,0.553266883
7212000,0.529485643
7225500,0.523303211
7239000,0.538332999
7252500,0.5595842
7266000,0.592843652
7279500,0.630540609
7293000,0.580373824
7306500,0.531268477
7320000,0.516875207
7333500,0.527931094
7347000,0.566744745
7360500,0.571590364
7374000,0.646275222
7387500,0.593236685
7401000,0.533288956
7414500,0.516436279
7428000,0.522865057
7441500,0.55201602
7455000,0.586355567
7468500,0.608712554
7482000,0.56920284
7495500,0.51714766
7509000,0.568070233
7522500,1.64428699
7536000,1.251339436
7549500,0.728852332
7563000,0.620160758
7576500,0.565836072
7590000,0.511896491
7603500,0.521306515
7617000,0.535624623
7630500,0.555132568
7644000,0.573158622
7657500,0.608274639
7671000,0.558866858
7684500,0.514021397
7698000,0.526039481
7711500,0.538535416
7725000,0.562647641
7738500,0.584003627
7752000,0.599899113
7765500,0.54635036
7779000,0.528089881
7792500,0.536126554
7806000,0.522233903
7819500,0.55049789
7833000,0.583216608
7846500,0.607172132
7860000,0.635161281
7873500,0.567331553
7887000,0.542432547
7900500,0.526135147
7914000,0.536047578
7927500,0.573854089
7941000,0.580830693
7954500,0.627344668
7968000,0.568612695
7981500,0.520819187
7995000,0.54358238
8008500,0.565066636
8022000,0.579526663
8035500,0.580100596
8049000,0.645096242
8062500,0.56752336
8076000,0.516267121
8089500,0.534384966
8103000,0.544747174
8116500,0.55529809
8130000,0.582701981
8143500,0.623825014
8157000,0.556318939
8170500,0.508731604
8184000,0.530442059
8197500,0.538293183
8211000,0.556461394
8224500,0.575765371
8238000,0.641494036
8251500,0.564153254
8265000,0.516179562
8278500,0.526334286
8292000,0.536550701
8305500,0.560488045
8319000,0.591376841
8332500,0.61625421
8346000,0.560177505
8359500,0.544957161
8373000,0.534935892
8386500,0.560401678
8400000,0.553858638
8413500,0.61377728
8427000,0.626663923
8440500,0.561060607
8454000,0.514352858
8467500,0.510412395
8481000,0.540913224
8494500,0.548547387
8508000,0.575266957
8521500,0.591104209
8535000,0.569324493
8548500,0.537581563
8562000,0.556125939
8575500,0.554727614
8589000,0.562240124
8602500,0.593486309
8616000,0.595752478
8629500,0.617516339
8643000,0.546195447
8656500,0.527588427
8670000,0.528657675
8683500,0.550687075
8697000,0.574764311
8710500,0.610713601
8724000,0.645114303
8737500,0.56145227
8751000,0.515936911
8764500,0.508552015
8778000,0.531863034
8791500,0.571959078
8805000,0.598751366
8818500,0.615784347
8832000,0.560764432
8845500,0.504424453
8859000,0.524220943
8872500,0.541401386
8886000,0.557948291
8899500,0.578845859
8913000,0.622679532
8926500,0.55615586
8940000,0.516385853
8953500,0.521776974
8967000,0.543541789
8980500,0.56478554
8994000,0.591786146
9007500,0.625759721
9021000,0.566295445
9034500,0.528349698
9048000,0.528584182
9061500,0.543221772
9075000,0.567227244
9088500,0.585250974
9102000,0.6074453
9115500,0.546210468
9129000,0.523301542
9142500,0.541190445
9156000,0.547076643
9169500,0.561953604
9183000,0.57846874
9196500,0.61086148
9210000,0.576626778
9223500,0.527745545
9237000,0.524662495
9250500,0.532077789
9264000,0.923962831
9277500,0.754029214
9291000,0.607339084
9304500,0.555237532
9318000,0.601012528
9331500,4.788613796
9345000,3.821881771
9358500,2.177642584
9372000,1.240833044
9385500,0.729380786
9399000,0.572038174
9412500,0.548447788
9426000,0.527990818
9439500,0.547522008
9453000,1.430476665
9466500,1.070115685
9480000,0.664828718
9493500,0.617426634
9507000,0.530648768
9520500,0.507761419
9534000,0.528542876
9547500,0.559615791
9561000,0.574653625
9574500,0.609593928
9588000,0.621445298
9601500,0.554314494
9615000,0.514176667
9628500,0.551253438
9642000,0.549160659
9655500,0.55836302
9669000,0.575501859
9682500,0.631021023
9696000,0.580964863
9709500,0.661983967
9723000,0.65404284
9736500,0.682933211
9750000,0.587751031
9763500,0.576331317
9777000,0.614450514
9790500,0.567182899
9804000,0.520789027
9817500,0.518740475
9831000,0.549599171
9844500,0.572812498
9858000,0.591133595
9871500,0.639713705
9885000,0.586749315
9898500,0.527235031
9912000,0.539931595
9925500,1.569215775
9939000,1.256081223
9952500,0.754942715
9966000,0.629002333
9979500,0.556605339
9993000,0.541242838
10006500,0.545639038
10020000,0.570260763
10033500,0.579303741
10047000,0.578383267
10060500,0.655447245
10074000,0.602904737
10087500,0.531033635
10101000,0.512127578
10114500,0.54913497
10128000,0.564610481
10141500,0.574000001
10155000,0.590503037
10168500,0.565712512
10182000,0.51938957
10195500,0.542531669
10209000,0.558962762
10222500,0.563976824
10236000,0.571745455
10249500,0.63213557
10263000,0.559857965
10276500,0.529790998
10290000,0.568715036
10303500,0.558831573
10317000,0.58698982
10330500,0.618503094
10344000,0.612894952
10357500,0.654663086
10371000,0.576701224
10384500,0.526032507
10398000,0.539161205
10411500,0.571105182
10425000,0.579726279
10438500,0.609553397
10452000,0.636648178
10465500,0.569354773
10479000,0.540342152
10492500,0.540292919
10506000,0.558673203
10519500,0.586010277
10533000,0.59213829
10546500,0.626686633
10560000,0.581597567
10573500,0.548332095
10587000,0.535003066
10600500,0.554885149
10614000,0.582529545
10627500,0.594877005
10641000,0.621664703
10654500,0.571826577
10668000,0.542853236
10681500,0.552964151
10695000,0.537727952
10708500,0.567509174
10722000,0.584215939
10735500,0.664539576
10749000,0.598796129
10762500,0.539578974
10776000,0.559910476
10789500,0.561909258
10803000,0.571449637
10816500,0.581284046
10830000,0.640046656
10843500,0.576605856
10857000,0.528478444
10870500,0.526507795
10884000,0.566162705
10897500,0.562061369
10911000,0.582386136
10924500,0.637405396
10938000,0.58172363
10951500,0.557926357
10965000,0.570345461
10978500,0.570252776
10992000,0.60766387
11005500,0.633117259
11019000,0.657958984
11032500,0.612211287
11046000,0.56997782
11059500,0.62463969
11073000,0.59785533
11086500,0.608256459
11100000,0.636179745
11113500,0.646842957
11127000,0.601569414
11140500,0.553651333
11154000,0.56104064
11167500,0.575760484
11181000,0.570720136
11194500,0.62536782
11208000,0.601468086
11221500,0.689342082
11235000,0.625246406
11248500,0.584263861
11262000,0.585312128
11275500,0.604152977
11289000,0.645201027
11302500,0.685961366
11316000,0.762295783
11329500,0.639882445
11343000,0.617711961
11356500,0.634742737
11370000,0.660656869
11383500,0.687361956
11397000,0.72431016
11410500,0.763692856
11424000,0.65389955
11437500,0.619248092
11451000,0.607776463
11464500,0.615730941
11478000,0.640857399
11491500,0.670981824
11505000,0.726229727
11518500,0.638408363
11532000,0.549136877
11545500,0.568051994
11559000,0.58396244
11572500,0.618493021
11586000,0.645799696
11599500,0.741124272
11613000,0.682787538
11626500,0.629243553
11640000,0.61961484
11653500,0.652206242
11667000,0.665963829
11680500,0.6956774
11694000,0.762311816
11707500,0.682314098
11721000,0.616488695
11734500,0.603486776
11748000,0.644038916
11761500,0.705716252
11775000,0.693463564
11788500,0.683313966
11802000,0.615967393
11815500,0.55424881
11829000,0.571846128
11842500,0.605651677
11856000,0.599445045
11869500,0.617540061
11883000,0.635855198
11896500,0.585848212
11910000,0.552702844
11923500,0.559208274
11937000,0.561579466
11950500,0.595384657
11964000,0.640272379
11977500,0.649244785
11991000,0.596056759
12004500,0.623474836
12018000,0.585498333
12031500,0.581653178
12045000,0.593272984
12058500,0.585168481
12072000,0.617268384
12085500,0.649094284
12099000,0.58655417
12112500,0.533121347
12126000,0.54819262
12139500,0.558446407
12153000,0.563204288
12166500,0.607592404
12180000,0.615938902
12193500,0.574580431
12207000,0.537454367
12220500,0.547802031
12234000,0.554389238
12247500,0.582224727
12261000,0.59084934
12274500,0.622307718
12288000,0.60270077
12301500,0.531263113
12315000,0.536001503
12328500,0.552833855
12342000,0.561386704
12355500,0.575550497
12369000,0.635781109
12382500,0.563863873
12396000,0.517058492
12409500,0.526269257
12423000,0.54736644
12436500,0.565535605
12450000,0.558962345
12463500,0.596057713
12477000,0.560635209
12490500,0.510687709
12504000,0.52222091
12517500,0.540852189
12531000,0.54491967
12544500,0.574553967
12558000,0.605580509
12571500,0.54728812
12585000,0.5204404
12598500,0.525761664
12612000,0.533583701
12625500,0.551282823
12639000,0.54112047
12652500,0.575208783
12666000,0.545193076
12679500,0.510884583
12693000,0.529445231
12706500,0.526625693
12720000,0.523992121
12733500,0.555397332
12747000,0.569344282
12760500,0.533037901
12774000,0.493079782
12787500,0.525097668
12801000,0.536376655
12814500,0.532469809
12828000,0.526811898
12841500,0.560877681
12855000,0.54624325
12868500,0.498981923
12882000,0.50361532
12895500,0.520817995
12909000,0.529231727
12922500,0.547360539
12936000,0.546601355
12949500,0.591992319
12963000,0.51329267
12976500,0.502593994
12990000,0.511945486
13003500,0.521100581
13017000,0.538103402
13030500,0.557426751
13044000,0.603337646
13057500,0.539389491
13071000,0.485891104
13084500,0.495334476
13098000,0.515102029
13111500,0.531932473
13125000,0.550175607
13138500,0.598213494
13152000,0.542305887
13165500,0.49095276
13179000,0.503399372
13192500,0.520483255
13206000,0.539746761
13219500,0.541940093
13233000,0.596962214
13246500,0.546326816
13260000,0.490804493
13273500,0.505201399
13287000,0.508964598
13300500,0.5461092
13314000,0.534276307
13327500,0.588866293
13341000,0.537921488
13354500,0.489789575
13368000,0.500586331
13381500,0.511720777
13395000,0.521037757
13408500,0.531313956
13422000,0.575725019
13435500,0.529883623
13449000,0.492693663
13462500,0.493487954
13476000,0.50808692
13489500,0.531231463
13503000,0.54866606
13516500,0.560330927
13530000,0.553845227
13543500,0.490368575
13557000,0.532717288
13570500,0.513331831
13584000,0.530988932
13597500,0.526141465
13611000,0.556062818
13624500,0.53716284
13638000,0.513627291
13651500,0.496089131
13665000,0.508392036
13678500,0.530467272
13692000,0.526511133
13705500,0.54349637
13719000,0.517990947
13732500,0.502445698
13746000,0.497751892
13759500,0.508424699
13773000,0.522299647
13786500,0.53163439
13800000,0.565154314
13813500,0.602959692
13827000,0.533370554
13840500,0.492705762
13854000,0.474033147
13867500,0.517835975
13881000,0.535869479
13894500,0.547763109
13908000,0.579276502
13921500,0.517753124
13935000,0.492382795
13948500,0.516558111
13962000,0.508550942
13975500,0.516409814
13989000,0.548700452
14002500,0.583726823
14016000,0.51908499
14029500,0.480932772
14043000,0.480815023
14056500,0.512450099
14070000,0.529296637
14083500,0.536114216
14097000,0.579207122
14110500,0.545262694
14124000,0.495767891
14137500,0.486948967
14151000,0.498654515
14164500,0.533545256
14178000,0.551363528
14191500,0.573023498
14205000,0.542783201
14218500,0.496233046
14232000,0.499667466
14245500,0.516417086
14259000,0.54711616
14272500,0.531989574
14286000,0.567393959
14299500,0.541323066
14313000,0.484532297
14326500,0.499080479
14340000,0.516698539
14353500,0.52019453
14367000,0.546300769
14380500,0.579783976
14394000,0.5543347
14407500,0.497519374
14421000,0.499602526
14434500,0.501941323
14448000,0.525761545
14461500,0.534453988
14475000,0.563071609
14488500,0.546490192
14502000,0.503905296
14515500,0.499593556
14529000,0.504415274
14542500,0.525905132
14556000,0.515740693
14569500,0.564695895
14583000,0.508683443
14596500,0.4873873
14610000,0.496227384
14623500,0.507176816
14637000,0.514575541
14650500,0.532379746
14664000,0.558926344
14677500,0.585505486
14691000,0.521426678
14704500,0.489700466
14718000,0.507348239
14731500,0.513108373
14745000,0.635114729
14758500,0.571857035
14772000,0.592703402
14785500,0.527418733
14799000,0.483095318
14812500,0.508234262
14826000,0.513564646
14839500,0.522181034
14853000,0.536945522
14866500,0.595639527
14880000,0.529904604
14893500,0.475522965
14907000,0.500821173
14920500,0.522316873
14934000,0.537042081
14947500,0.534817278
14961000,0.588029504
14974500,0.537305295
14988000,0.493665516
15001500,0.514851272
15015000,0.505397499
15028500,0.539604008
15042000,0.540135562
15055500,0.575245261
15069000,0.565637052
15082500,0.504590034
15096000,0.505010366
15109500,0.506828487
15123000,0.518339872
15136500,0.533266068
15150000,0.57688278
15163500,0.551416278
15177000,0.51318264
15190500,0.505959094
15204000,0.500421524
15217500,0.540296674
15231000,0.519359469
15244500,0.572559357
15258000,0.5196051
15271500,0.492963165
15285000,0.497728556
15298500,0.517850578
15312000,0.528259158
15325500,0.549870014
15339000,0.557543397
15352500,0.539368749
15366000,0.499539286
15379500,0.491193116
15393000,0.501639843
15406500,0.526753485
15420000,0.542760193
15433500,0.596429169
15447000,0.540026605
15460500,0.487178117
15474000,0.490111172
15487500,0.500998676
15501000,0.521900237
15514500,0.546749771
15528000,0.544960976
15541500,0.585867703
15555000,0.515427232
15568500,0.478181899
15582000,0.497929573
15595500,0.507696211
15609000,0.539485693
15622500,0.560490191
15636000,0.5924263
15649500,0.520537257
15663000,0.510768056
15676500,0.52382499
15690000,0.522300839
15703500,0.541527629
15717000,0.554778934
15730500,0.589180708
15744000,0.533451498
15757500,0.503314137
15771000,0.497707635
15784500,0.510497212
15798000,0.520301461
15811500,0.568600297
15825000,0.590612352
15838500,0.530631542
15852000,0.496076018
15865500,0.507751882
15879000,0.513322175
15892500,0.547008276
15906000,0.546513975
15919500,0.580853462
15933000,0.549972177
15946500,0.521166027
15960000,0.509652913
15973500,0.516199827
15987000,0.547352135
16000500,0.637298465
16014000,0.64118439
16027500,0.543114185
16041000,0.520486534
16054500,0.522800505
16068000,0.507240713
16081500,0.525691211
16095000,0.558019698
16108500,0.586322546
16122000,0.546193182
16135500,0.489768475
16149000,0.493683785
16162500,0.515496373
16176000,0.518392026
16189500,0.546548128
16203000,0.566926181
16216500,0.55546695
16230000,0.518519938
16243500,0.503299952
16257000,0.525474727
16270500,0.52714318
16284000,0.52849412
16297500,0.570964515
16311000,0.529009104
16324500,0.494734317
16338000,0.475219697
16351500,0.488003939
16365000,0.53013891
16378500,0.544524491
16392000,0.563592017
16405500,0.585413873
16419000,0.521726847
16432500,0.498404086
16446000,0.499864191
16459500,0.503722131
16473000,0.551350176
16486500,0.542435348
16500000,0.609339535
16513500,0.519874096
16527000,0.499785066
16540500,0.518345356
16554000,0.5152843
16567500,0.51680088
16581000,0.553829134
16594500,0.632013857
16608000,0.543865144
16621500,0.497312516
16635000,0.505681694
16648500,0.514099598
16662000,0.544985056
16675500,0.57285738
16689000,0.598204911
16702500,0.550679624
16716000,0.500116527
16729500,0.48444277
16743000,0.534260094
16756500,0.535408199
16770000,0.551304758
16783500,0.589437366
16797000,0.542347252
16810500,0.508237958
16824000,0.514163494
16837500,0.522347212
16851000,0.544284701
16864500,0.554958522
16878000,0.59350884
16891500,0.567214072
16905000,0.494478166
16918500,0.510737181
16932000,0.523350716
16945500,0.553942084
16959000,0.538106799
16972500,0.564718902
16986000,0.556732357
16999500,0.489653021
17013000,0.507562816
17026500,0.509165823
17040000,0.525231719
17053500,0.542528927
17067000,0.559593081
17080500,0.525146723
17094000,0.494717926
17107500,0.497580916
17121000,0.508563697
17134500,0.530367315
17148000,0.546931386
17161500,0.580825448
17175000,0.532735109
17188500,0.493716687
17202000,0.494630784
17215500,0.508768201
17229000,0.522095203
17242500,0.559010148
17256000,0.565620124
17269500,0.588170469
17283000,0.535674095
17296500,0.49861604
17310000,0.509464025
17323500,0.50971359
17337000,0.534227431
17350500,0.570543766
17364000,0.580571532
17377500,0.53220439
17391000,0.503148496
17404500,0.5098719
17418000,0.5306077
17431500,0.562416077
17445000,0.556456864
17458500,0.604742825
17472000,0.54693228
17485500,0.497866303
17499000,0.484724402
17512500,0.524623692
17526000,0.542034686
17539500,0.55775857
17553000,0.620172083
17566500,0.564125776
17580000,0.478209615
17593500,0.495662808
17607000,0.512176096
17620500,0.540169716
17634000,0.54903239
17647500,0.60122174
17661000,0.544908583
17674500,0.486655831
17688000,0.501425326
17701500,0.515303731
17715000,0.534303904
17728500,0.535797358
17742000,0.587894559
17755500,0.54801774
17769000,0.504128277
17782500,0.499321252
17796000,0.522890329
17809500,0.53147316
17823000,0.547763824
17836500,0.573505759
17850000,0.551176071
17863500,0.483905226
17877000,0.484413296
17890500,0.485573471
17904000,0.520253956
17917500,0.561667323
17931000,0.576930821
17944500,0.542852223
17958000,0.493746758
17971500,0.508883476
17985000,0.504409075
17998500,0.557606816
18012000,0.555197358
18025500,0.563189149
18039000,0.526170075
18052500,0.497225851
18066000,0.503432333
18079500,0.52051425
18093000,0.511427164
18106500,0.548644543
18120000,0.55479759
18133500,0.58569169
18147000,0.523081303
18160500,0.515590608
18174000,0.510041237
18187500,0.51109153
18201000,0.535889328
18214500,0.573186398
18228000,0.595057607
18241500,0.541754901
18255000,0.509564877
18268500,0.516291142
18282000,0.522089243
18295500,0.548656344
18309000,0.576718867
18322500,0.584348202
18336000,0.543268979
18349500,0.510486186
18363000,0.503776908
18376500,0.531566799
18390000,0.538745165
18403500,0.552447677
18417000,0.603216946
18430500,0.594975412
18444000,0.502193749
18457500,0.492790341
18471000,0.509363413
18484500,0.543415487
18498000,0.580487847
18511500,0.58736825
18525000,0.543975711
18538500,0.490574509
18552000,0.505809724
18565500,0.52112782
18579000,0.51967603
18592500,0.537187397
18606000,0.572820961
18619500,0.534449697
18633000,0.490848362
18646500,0.502930045
18660000,0.505387545
18673500,0.517360747
18687000,0.556774795
18700500,0.579354703
18714000,0.541597784
18727500,0.486709148
18741000,0.522687793
18754500,0.509458065
18768000,0.536512971
18781500,0.565519452
18795000,0.566366851
18808500,0.527441084
18822000,0.496714205
18835500,0.499802321
18849000,0.506305099
18862500,0.531643867
18876000,0.544476569
18889500,0.552176595
18903000,0.516521633
18916500,0.501506388
18930000,0.509850085
18943500,0.499082148
18957000,0.515070498
18970500,0.528964043
18984000,0.554760396
18997500,0.597772956
19011000,0.518465281
19024500,0.50451076
19038000,0.505597413
19051500,0.530935943
19065000,0.547376454
19078500,0.568917513
19092000,0.619071066
19105500,0.537922382
19119000,0.502543986
19132500,0.49957484
19146000,0.510779977
19159500,0.536004663
19173000,0.556721747
19186500,0.575019717
19200000,0.54276222
19213500,0.507381976
19227000,0.49826628
19240500,0.518713355
19254000,0.535695434
19267500,0.549365163
19281000,0.590810657
19294500,0.53492111
19308000,0.485864609
19321500,0.502871156
19335000,0.533250153
19348500,0.529245973
19362000,0.556446433
19375500,0.595275044
19389000,0.553673744
19402500,0.488707125
19416000,0.48586446
19429500,0.513438165
19443000,0.524927378
19456500,0.553665757
19470000,0.580840528
19483500,0.538881123
19497000,0.496246248
19510500,0.492107362
19524000,0.525821984
19537500,0.527408779
19551000,0.547666371
19564500,0.581480563
19578000,0.533486247
19591500,0.506081223
19605000,0.493905962
19618500,0.518255293
19632000,0.517279863
19645500,0.532653511
19659000,0.565778494
19672500,0.53105253
19686000,0.485156864
19699500,0.498076469
19713000,0.51732403
19726500,0.508270323
19740000,0.555785954
19753500,0.559066296
19767000,0.514721751
19780500,0.487384975
19794000,0.488000542
19807500,0.494564503
19821000,0.512975752
19834500,0.54967171
19848000,0.565748513
19861500,0.598222911
19875000,0.518400967
19888500,0.48991701
19902000,0.514946222
19915500,0.528773725
19929000,0.550408363
19942500,0.574718893
19956000,0.593070924
19969500,0.536403
19983000,0.523582578
19996500,0.545381725
20010000,0.516954303
20023500,0.533930361
20037000,0.568178535
20050500,0.591178477
20064000,0.542880952
20077500,0.496803671
20091000,0.491878361
20104500,0.520233691
20118000,0.540647089
20131500,0.530699015
20145000,0.584016085
20158500,0.528739154
20172000,0.489022464
20185500,0.496470273
20199000,0.51829958
20212500,0.541366637
20226000,0.556953132
20239500,0.579634666
20253000,0.562923074
20266500,0.496164143
20280000,0.548440576
20293500,0.521572292
20307000,0.529780388
20320500,0.530932724
20334000,0.580914259
20347500,0.547004998
20361000,0.512310207
20374500,0.510347903
20388000,0.512435257
20401500,0.512740314
20415000,0.533942878
20428500,0.568185985
20442000,0.534198582
20455500,0.509986401
20469000,0.507668674
20482500,0.486076504
20496000,0.53037256
20509500,0.541614056
20523000,0.562309504
20536500,0.547085166
20550000,0.478948027
20563500,0.51149404
20577000,0.506144464
20590500,0.519510746
20604000,0.529021263
20617500,0.562968612
20631000,0.52919662
20644500,0.494738013
20658000,0.503893733
20671500,0.513495326
20685000,0.513612151
20698500,0.547701538
20712000,0.573694885
20725500,0.593971431
20739000,0.512625217
20752500,0.526564002
20766000,0.490360022
20779500,0.536032438
20793000,0.535839736
20806500,0.543343365
20820000,0.60342294
20833500,0.532315373
20847000,0.490324676
20860500,0.497604012
20874000,0.50817585
20887500,0.532006681
20901000,0.520070076
20914500,0.604603231
20928000,0.528204441
20941500,0.497292042
20955000,0.505138874
20968500,0.535453022
20982000,0.539466023
20995500,0.555616856
21009000,0.587329984
21022500,0.532514036
21036000,0.49649924
21049500,0.524269879
21063000,0.525585055
21076500,0.533376455
21090000,0.539305151
21103500,0.59722203
21117000,0.540391982
21130500,0.490956366
21144000,0.486558735
21157500,0.494907469
21171000,0.517284513
21184500,0.574224353
21198000,0.581181586
21211500,0.551554382
21225000,0.498139471
21238500,0.494363368
21252000,0.514297962
21265500,0.537533104
21279000,0.542898595
21292500,0.584358275
21306000,0.561086476
21319500,0.489863694
21333000,0.506951034
21346500,0.509850204
21360000,0.515263259
21373500,0.542421997
21387000,0.566234589
21400500,0.529856324
21414000,0.487953037
21427500,0.518844306
21441000,0.515836358
21454500,0.520914793
21468000,0.525955856
21481500,0.553258896
21495000,0.511051595
21508500,0.499403208
21522000,0.494892478
21535500,0.496481806
21549000,0.517582238
21562500,0.542008579
21576000,0.555610895
21589500,0.583641768
21603000,0.514782131
21616500,0.504158378
21630000,0.501932144
21643500,0.514013886
21657000,0.550988972
21670500,0.556902289
21684000,0.593762934
21697500,0.527561188
21711000,0.476306498
21724500,0.513198435
21738000,0.520127237
21751500,0.527972519
21765000,0.547023654
21778500,0.584116876
21792000,0.512473643
21805500,0.496558607
21819000,0.513894916
21832500,0.519995511
21846000,0.513861358
21859500,0.549114943
21873000,0.589198589
21886500,0.546924114
21900000,0.492473245
21913500,0.483886123
21927000,0.506853461
21940500,0.535054564
21954000,0.554724276
21967500,0.579072237
21981000,0.548814178
21994500,0.517161071
22008000,0.507805288
22021500,0.507324755
22035000,0.5438326
22048500,0.53879571
22062000,0.58805263
22075500,0.536733389
22089000,0.4877415
22102500,0.524890959
22116000,0.5691365
22129500,0.549417019
22143000,0.545554876
22156500,0.583288372
22170000,0.536497891
22183500,0.498345554
22197000,0.510032713
22210500,0.525900483
22224000,0.533725917
22237500,0.550604343
22251000,0.552685142
22264500,0.544473529
22278000,0.499779999
22291500,0.497100651
22305000,0.502097547
22318500,0.520485461
22332000,0.549283028
22345500,0.559364736
22359000,0.549435735
22372500,0.496577889
22386000,0.505912542
22399500,0.501211226
22413000,0.517827392
22426500,0.535669267
22440000,0.558636904
22453500,0.609647393
22467000,0.507672429
22480500,0.501349866
22494000,0.511325061
22507500,0.523002207
22521000,0.551446915
22534500,0.561527669
22548000,0.589531362
22561500,0.544062078
22575000,0.501069069
22588500,0.51856035
22602000,0.520131767
22615500,0.539685011
22629000,0.557591319
22642500,0.604887843
22656000,0.551705599
22669500,0.507625818
22683000,0.515260816
22696500,0.530901909
22710000,0.546437204
22723500,0.573610485
22737000,0.592871785
22750500,0.545621455
22764000,0.524321139
22777500,0.526637256
22791000,0.541303933
22804500,0.52932328
22818000,0.559353828
22831500,0.585541546
22845000,0.547126472
22858500,0.499913782
22872000,0.513602734
22885500,0.542208612
22899000,0.557314396
22912500,0.568168342
22926000,0.584824383
22939500,0.572196901
22953000,0.507125676
22966500,0.490742564
22980000,0.510831952
22993500,0.550920248
23007000,0.551210701
23020500,0.547194004
23034000,0.543643713
23047500,0.507475793
23061000,0.515871227
23074500,0.515164196
23088000,0.516263366
23101500,0.591745555
23115000,0.580793083
23128500,0.53019315
23142000,0.486273319
23155500,0.515496135
23169000,0.538723886
23182500,0.531369269
23196000,0.546973825
23209500,0.587671041
23223000,0.546101987
23236500,0.497346878
23250000,0.496575445
23263500,0.49944219
23277000,0.51684624
23290500,0.527007222
23304000,0.544594288
23317500,0.60921967
23331000,0.545686662
23344500,0.504420459
23358000,0.505396664
23371500,0.496856779
23385000,0.547130883
23398500,0.553479493
23412000,0.586506009
23425500,0.532176018
23439000,0.500818551
23452500,0.506808996
23466000,0.511372566
23479500,0.547739387
23493000,0.568836927
23506500,0.609874547
23520000,0.545843482
23533500,0.506197453
23547000,0.515381217
23560500,0.514074147
23574000,0.527329803
23587500,0.555356324
23601000,0.57872647
23614500,0.520298123
23628000,0.505067945
23641500,0.494160503
23655000,0.518866837
23668500,0.524345219
23682000,0.550721824
23695500,0.581163585
23709000,0.559617519
23722500,0.499309808
23736000,0.478464961
23749500,0.515239894
23763000,0.568959177
23776500,0.570360839
23790000,0.576801777
23803500,0.518701434
23817000,0.504566371
23830500,0.507578492
23844000,0.515023828
23857500,0.535852194
23871000,0.575710356
23884500,0.570451617
23898000,0.553406537
23911500,0.513342977
23925000,0.501803815
23938500,0.516900897
23952000,0.51363343
23965500,0.569478154
23979000,0.592964768
23992500,0.541160583
24006000,0.503856122
24019500,0.488258868
24033000,0.504674375
24046500,0.533481717
24060000,0.532327175
24073500,0.565127134
24087000,0.535802186
24100500,0.505303979
24114000,0.497428298
24127500,0.511039078
24141000,0.542221308
24154500,0.532823324
24168000,0.541226506
24181500,0.555759907
24195000,0.537071466
24208500,0.517716825
24222000,0.500632763
24235500,0.513655543
24249000,0.540809631
24262500,0.551417589
24276000,0.581275225
24289500,0.530778944
24303000,0.498306632
24316500,0.503187716
24330000,0.495868593
24343500,0.530170977
24357000,0.537974119
24370500,0.600086749
24384000,0.545941174
24397500,0.495582998
24411000,0.486338407
24424500,0.533288896
24438000,0.544999778
24451500,0.549274981
24465000,0.580728233
24478500,0.540253937
24492000,0.505790114
24505500,0.515643477
24519000,0.50633359
24532500,0.538402021
24546000,0.550034642
24559500,0.572358251
24573000,0.543164968
24586500,0.486991733
24600000,0.497434527
24613500,0.487662882
24627000,0.524300337
24640500,0.551843166
24654000,0.562952101
24667500,0.532276392
24681000,0.510130823
24694500,0.522079051
24708000,0.514553964
24721500,0.527592599
24735000,0.531421661
24748500,0.580787659
24762000,0.56377703
24775500,0.513301969
24789000,0.515107274
24802500,0.526594877
24816000,0.514202833
24829500,0.529206932
24843000,0.547579587
24856500,0.53173238
24870000,0.491366297
24883500,0.496661633
24897000,0.500047445
24910500,0.514500737
24924000,0.540535927
24937500,0.551113069
24951000,0.521370232
24964500,0.495715708
24978000,0.509774745
24991500,0.516045868
25005000,0.518971026
25018500,0.546387792
25032000,0.541171789
25045500,0.605311096
25059000,0.521894932
25072500,0.509699523
25086000,0.510085046
25099500,0.524130285
25113000,0.523039699
25126500,0.547460079
25140000,0.578196824
25153500,0.513896048
25167000,0.491444468
25180500,0.492315799
25194000,0.522549689
25207500,0.530430079
25221000,0.545287371
25234500,0.58678329
25248000,0.53191638
25261500,0.508823335
25275000,0.495798916
25288500,0.498687685
25302000,0.582918644
25315500,0.545278728
25329000,0.557736933
25342500,0.54925549
25356000,0.496253133
25369500,0.488295585
25383000,0.509043872
25396500,0.508665204
25410000,0.549865723
25423500,0.580005109
25437000,0.539573908
25450500,0.478076398
25464000,0.509205341
25477500,0.52283287
25491000,0.513310194
25504500,0.532476723
25518000,0.615863383
25531500,0.55794096
25545000,0.491656005
25558500,0.495264471
25572000,0.524587214
25585500,0.514111578
25599000,0.525852561
25612500,0.556543708
25626000,0.543376863
25639500,0.493279129
25653000,0.510952055
25666500,0.499939889
25680000,0.519417942
25693500,0.539577901
25707000,0.560350716
25720500,0.54378444
25734000,0.499659389
25747500,0.5142079
25761000,0.505552709
25774500,0.511113882
25788000,0.541398644
25801500,0.5675717
25815000,0.522596061
25828500,0.487453371
25842000,0.509071112
25855500,0.507233381
25869000,0.513973296
25882500,0.532434344
25896000,0.5404737
25909500,0.567252636
25923000,0.522310436
25936500,0.509746432
25950000,0.506036103
25963500,0.516348481
25977000,0.539847374
25990500,0.541027129
26004000,0.615178108
26017500,0.527198434
26031000,0.483006954
26044500,0.485117257
26058000,0.509570181
26071500,0.533880711
26085000,0.54389286
26098500,0.585424364
26112000,0.529026091
26125500,0.498659194
26139000,0.505236387
26152500,0.513482273
26166000,0.527245939
26179500,0.537767947
26193000,0.566455722
26206500,0.537853539
26220000,0.482004374
26233500,0.486526579
26247000,0.517195463
26260500,0.54523015
26274000,0.537419736
26287500,0.583618104
26301000,0.548319519
26314500,0.477421343
26328000,0.509153843
26341500,0.502372324
26355000,0.508871794
26368500,0.545467436
26382000,0.574851692
26395500,0.543919861
26409000,0.487818748
26422500,0.496696413
26436000,0.513001859
26449500,0.510558903
26463000,0.533772826
26476500,0.562162876
26490000,0.545759916
26503500,0.5117594
26517000,0.498495489
26530500,0.491791338
26544000,0.520686626
26557500,0.540471017
26571000,0.544027448
26584500,0.527934372
26598000,0.510162473
26611500,0.494586974
26625000,0.502891719
26638500,0.509827197
26652000,0.518777311
26665500,0.544935346
26679000,0.50673759
26692500,0.492308259
26706000,0.485365212
26719500,0.492017746
26733000,0.515547276
26746500,0.528372347
26760000,0.526411831
26773500,0.587648809
26787000,0.524065077
26800500,0.508478642
26814000,0.496356219
26827500,0.527338743
26841000,0.543054104
26854500,0.557169259
26868000,0.571561337
26881500,0.521186471
26895000,0.505946815
26908500,0.513249934
26922000,0.499266833
26935500,0.526079535
26949000,0.552946866
26962500,0.574538112
26976000,0.531277359
26989500,0.505045116
27003000,0.494078308
27016500,0.493110836
27030000,0.538972616
27043500,0.532033086
27057000,0.579488397
27070500,0.544379592
27084000,0.492580712
27097500,0.487980813
27111000,0.520284235
27124500,0.526052415
27138000,0.551891863
27151500,0.570473433
27165000,0.543475151
27178500,0.484950691
27192000,0.498177767
27205500,0.491804868
27219000,0.496437132
27232500,0.542249799
27246000,0.566946328
27259500,0.537288666
27273000,0.486153722
27286500,0.514522135
27300000,0.505450666
27313500,0.519130409
27327000,0.536959827
27340500,0.566782355
27354000,0.537514567
27367500,0.499720842
27381000,0.494494408
27394500,0.505909443
27408000,0.523336887
27421500,0.528108537
27435000,0.544086337
27448500,0.520311773
27462000,0.486041814
27475500,0.481259465
27489000,0.497189879
27502500,0.516358495
27516000,0.55649662
27529500,0.550170898
27543000,0.524734318
27556500,0.49435997
27570000,0.494400471
27583500,0.4764148
27597000,0.52286762
27610500,0.519256175
27624000,0.535484254
27637500,0.56859535
27651000,0.514668584
27664500,0.499497801
27678000,0.485797644
27691500,0.492464751
27705000,0.526659548
27718500,0.564680815
27732000,0.572736323
27745500,0.51703614
27759000,0.490341812
27772500,0.497640878
27786000,0.509674251
27799500,0.546425223
27813000,0.525346339
27826500,0.579060912
27840000,0.536664426
27853500,0.473657906
27867000,0.486127496
27880500,0.484994441
27894000,0.534944773
27907500,0.544966817
27921000,0.569691956
27934500,0.536418915
27948000,0.481422424
27961500,0.489201695
27975000,0.504497111
27988500,0.544282496
28002000,0.559334517
28015500,0.570466459
28029000,0.551980734
28042500,0.484578103
28056000,0.483630806
28069500,0.486170471
28083000,0.522318363
28096500,0.53651911
28110000,0.570762992
28123500,0.527356148
28137000,0.492895871
28150500,0.514086187
28164000,0.527553678
28177500,0.52396667
28191000,0.534696043
28204500,0.577214181
28218000,0.543776214
28231500,0.497221678
28245000,0.504666388
28258500,0.517840445
28272000,0.542363524
28285500,0.541263103
28299000,0.594311357
28312500,0.544185162
28326000,0.491624445
28339500,0.497513175
28353000,0.493950725
28366500,0.50571537
28380000,0.584001303
28393500,0.558808446
28407000,0.519941092
28420500,0.501697838
28434000,0.508524597
28447500,0.497045875
28461000,0.4977521
28474500,0.522855222
28488000,0.567021549
28501500,0.595412374
28515000,0.52098906
28528500,0.491418749
28542000,0.49571678
28555500,0.508483231
28569000,0.514814079
28582500,0.54437542
28596000,0.602152467
28609500,0.544882596
28623000,0.490303934
28636500,0.484972984
28650000,0.518819571
28663500,0.51905793
28677000,0.5463323
28690500,0.575066507
28704000,0.522130072
28717500,0.495733261
28731000,0.484777123
28744500,0.52098006
28758000,0.523474216
28771500,0.567546308
28785000,0.58051914
28798500,0.531469285
28812000,0.497687668
28825500,0.499482393
28839000,0.506428599
28852500,0.517239213
28866000,0.53894943
28879500,0.592646956
28893000,0.534661531
28906500,0.495572388
28920000,0.495192736
28933500,0.516066968
28947000,0.527780771
28960500,0.542054415
28974000,0.579957247
28987500,0.557839513
29001000,0.487502575
29014500,0.510843277
29028000,0.508741617
29041500,0.561682403
29055000,0.53643465
29068500,0.574344277
29082000,0.544228733
29095500,0.484568655
29109000,0.491360068
29122500,0.511825323
29136000,0.519350708
29149500,0.570598185
29163000,0.560075641
29176500,0.534341037
29190000,0.480920613
29203500,0.49512133
29217000,0.503962576
29230500,0.511743188
29244000,0.5453071
29257500,0.58634758
29271000,0.585237205
29284500,0.507395566
29298000,0.511978507
29311500,0.510329902
29325000,0.521262884
29338500,0.541422486
29352000,0.5569157
29365500,0.583592117
29379000,0.522018135
29392500,0.504386604
29406000,0.512246966
29419500,0.502596915
29433000,0.512710392
29446500,0.550576627
29460000,0.583132267
29473500,0.523715675
29487000,0.508447111
29500500,0.48798126
29514000,0.533765495
29527500,0.523643076
29541000,0.57512176
29554500,0.567462325
29568000,0.529969931
29581500,0.492054105
29595000,0.503500819
29608500,0.506466031
29622000,0.525245428
29635500,0.553119719
29649000,0.572434545
29662500,0.543277085
29676000,0.484758854
29689500,0.469954878
29703000,0.497322917
29716500,0.518242478
29730000,0.535677016
29743500,0.574114978
29757000,0.54335624
29770500,0.493329197
29784000,0.49363023
29797500,0.488935858
29811000,0.525788784
29824500,0.521256804
29838000,0.570053399
29851500,0.549674392
29865000,0.49523443
29878500,0.51388675
29892000,0.492577046
29905500,0.504545331
29919000,0.541256666
29932500,0.554769576
29946000,0.538591206
29959500,0.495434701
29973000,0.506594837
29986500,0.486741602
30000000,1.868533492
30035000,2.134159327
30070000,2.141121864
30105000,2.138929129
30140000,2.105170488
30175000,2.079457521
30210000,2.113733768
30245000,2.105958462
30280000,2.087964773
30315000,2.157200098
30350000,2.138529539
30385000,2.118967772
30420000,2.143330097
30455000,2.126481771
30490000,2.158471823
30525000,2.094622135
30560000,2.054553747
30595000,2.130823612
30630000,2.092255592
30665000,2.084762335
30700000,2.150698423
30735000,2.126973629
30770000,2.13846159
30805000,2.174397469
30840000,2.139046192
30875000,2.145697117
30910000,2.11201787
30945000,2.10047102
30980000,2.179947853
31015000,2.140604258
31050000,2.105773926
31085000,2.146696806
31120000,2.124260664
31155000,2.140357494
31190000,2.166887283
31225000,2.137874126
31260000,2.148091555
31295000,2.119042397
31330000,2.107003689
31365000,2.174450636
31400000,2.148338079
31435000,2.116936922
31470000,2.174603462
31505000,2.13999939
31540000,2.14855957
31575000,2.20774579
31610000,2.175826073
31645000,2.18205595
31680000,2.122503281
31715000,2.122514963
31750000,2.214212418
31785000,2.163401604
31820000,2.140591621
31855000,2.197663307
31890000,2.170152187
31925000,2.183070183
31960000,2.139479399
31995000,2.107056141
32030000,2.174982786
32065000,2.135116816
32100000,2.153902292
32135000,2.197794676
32170000,2.175814867
32205000,2.204618692
32240000,2.244817972
32275000,2.192908287
32310000,2.202568531
32345000,2.153234243
32380000,2.141459227
32415000,2.19054985
32450000,2.138109922
32485000,2.166096449
32520000,2.239635944
32555000,2.200528383
32590000,2.162372828
32625000,2.222085238
32660000,2.184397221
32695000,2.198077202
32730000,2.159515858
32765000,2.140005589
32800000,2.194952965
32835000,2.156407118
32870000,2.157135248
32905000,2.213850498
32940000,2.204741478
32975000,2.210924387
33010000,2.272311449
33045000,2.22461462
33080000,2.229828358
33115000,2.180835724
33150000,2.165131569
33185000,2.230987549
33220000,2.201414824
33255000,2.168408632
33290000,2.208469629
33325000,2.173576832
33360000,2.187901258
33395000,2.229119301
33430000,2.206780434
33465000,2.191778183
33500000,2.161389351
33535000,2.158021212
33570000,2.237852335
33605000,2.193827868
33640000,2.188251257
33675000,2.258025169
33710000,2.229788542
33745000,2.217530727
33780000,2.26062274
33815000,2.223015785
33850000,2.194350958
33885000,2.1854496
33920000,2.155509949
33955000,2.210219622
33990000,2.195968628
34025000,2.180921555
34060000,2.231104136
34095000,2.183451891
34130000,2.186794519
34165000,2.231829166
34200000,2.207838774
34235000,2.209929943
34270000,2.164137363
34305000,2.158772707
34340000,2.201176882
34375000,2.176406622
34410000,2.163281679
34445000,2.224044085
34480000,2.198479176
34515000,2.18515873
34550000,2.231604338
34585000,2.193579435
34620000,2.187799931
34655000,2.146863222
34690000,2.147075653
34725000,2.201773882
34760000,2.146609068
34795000,2.15825057
34830000,2.212489843
34865000,2.180393219
34900000,2.189623833
34935000,2.200165033
34970000,2.177063465
35005000,2.181424618
35040000,2.160677195
35075000,2.155669212
35110000,2.200836182
35145000,2.169814348
35180000,2.160984278
35215000,2.203623533
35250000,2.180437326
35285000,2.167787313
35320000,2.133669853
35355000,2.121785641
35390000,2.179334402
35425000,2.135229349
35460000,2.118463516
35495000,2.171209097
35530000,2.130461931
35565000,2.122487307
35600000,2.186196566
35635000,2.15439868
35670000,2.16111207
35705000,2.126692057
35740000,2.10327673
35775000,2.157412767
35810000,2.134684324
35845000,2.112649918
35880000,2.150425434
35915000,2.144947052
35950000,2.151340485
35985000,2.207603455
36020000,2.157629967
36055000,2.140429258
36090000,2.110548258
36125000,2.110307932
36160000,2.151199341
36195000,2.112722874
36230000,2.11082077
36265000,2.152536631
36300000,2.110965252
36335000,2.113450766
36370000,2.188558817
36405000,2.149487019
36440000,2.162277937
36475000,2.137798548
36510000,2.102611065
36545000,2.143397331
36580000,2.131026268
36615000,2.123869419
36650000,2.150688171
36685000,2.129449844
36720000,2.120764732
36755000,2.178333044
36790000,2.162606955
36825000,2.172274351
36860000,2.123219013
36895000,2.116407394
36930000,2.135931969
36965000,2.123414755
37000000,2.125499487
37035000,2.165273905
37070000,2.1325109
37105000,2.123276949
37140000,2.164882183
37175000,2.145889044
37210000,2.154117823
37245000,2.110850334
37280000,2.104533672
37315000,2.170621157
37350000,2.148643732
37385000,2.135175705
37420000,2.175537586
37455000,2.153446674
37490000,2.161443472
37525000,2.206429958
37560000,2.182073832
37595000,2.178352356
37630000,2.147372723
37665000,2.135409355
37700000,2.150045395
37735000,2.131164312
37770000,2.13513422
37805000,2.155670881
37840000,2.14973402
37875000,2.15547204
37910000,2.18771863
37945000,2.165603638
37980000,2.155250072
38015000,2.143838882
38050000,2.122859001
38085000,2.13698411
38120000,2.111953974
38155000,2.124691248
38190000,2.185797453
38225000,2.169375181
38260000,2.159766436
38295000,2.20314765
38330000,2.168656826
38365000,2.193243027
38400000,2.169507742
38435000,2.161723137
38470000,2.202370167
38505000,2.171974182
38540000,2.142798185
38575000,2.214201927
38610000,2.182895184
38645000,2.170497179
38680000,2.140967607
38715000,2.137754679
38750000,2.204097509
38785000,2.171545029
38820000,2.147894859
38855000,2.201123714
38890000,2.190217495
38925000,2.17637372
38960000,2.21163702
38995000,2.21503973
39030000,2.230302095
39065000,2.179642677
39100000,2.173500776
39135000,2.198870182
39170000,2.19661355
39205000,2.197789907
39240000,2.235087872
39275000,2.20517993
39310000,2.232253075
39345000,2.26906538
39380000,2.224601984
39415000,2.204539299
39450000,2.18423295
39485000,2.192836523
39520000,2.247374773
39555000,2.222510338
39590000,2.17634201
39625000,2.243765593
39660000,2.21772933
39695000,2.214834929
39730000,2.27293396
39765000,2.251978159
39800000,2.219955683
39835000,2.197440147
39870000,2.192922115
39905000,2.26638484
39940000,2.234152555
39975000,2.207684755
40010000,2.246685028
40045000,2.203490496
40080000,2.192967415
40115000,2.26278019
40150000,2.235271215
40185000,2.223502398
40220000,2.202569723
40255000,2.181297302
40290000,2.209228754
40325000,2.187580347
40360000,2.200836182
40395000,2.254467964
40430000,2.235446453
40465000,2.198550701
40500000,2.201988935
40535000,2.20011425
40570000,2.208940268
40605000,2.205195665
40640000,2.182449102
40675000,2.219727516
40710000,2.186205387
40745000,2.19393158
40780000,2.243308067
40815000,2.21810317
40850000,2.194295645
40885000,2.225624561
40920000,2.196186304
40955000,2.197305679
40990000,2.16558814
41025000,2.16813159
41060000,2.201234579
41095000,2.18675828
41130000,2.14686203
41165000,2.199201822
41200000,2.198154688
41235000,2.225049496
41270000,2.283146143
41305000,2.2010777
41340000,2.192518234
41375000,2.1504879
41410000,2.14084053
41445000,2.211458683
41480000,2.187655449
41515000,2.183576584
41550000,2.236793756
41585000,2.197050333
41620000,2.182029009
41655000,2.236525297
41690000,2.240391731
41725000,2.205331564
41760000,2.172353506
41795000,2.13950491
41830000,2.207653999
41865000,2.190892935
41900000,2.193230867
41935000,2.254996538
41970000,2.224236727
42005000,2.193039894
42040000,2.148839474
42075000,2.163687468
42110000,2.212085724
42145000,2.186082125
42180000,2.16084075
42215000,2.206320524
42250000,2.173582315
42285000,2.182260275
42320000,2.249568939
42355000,2.241007805
42390000,2.216458082
42425000,2.172040939
42460000,2.148467779
42495000,2.185664177
42530000,2.166639566
42565000,2.157972097
42600000,2.24866724
42635000,2.211460114
42670000,2.167372465
42705000,2.214169264
42740000,2.186417818
42775000,2.218127489
42810000,2.190007687
42845000,2.155251503
42880000,2.215070724
42915000,2.159821033
42950000,2.163412094
42985000,2.217937946
43020000,2.190750122
43055000,2.161892891
43090000,2.226960897
43125000,2.187340975
43160000,2.18452549
43195000,2.166401386
43230000,2.139596939
43265000,2.202919722
43300000,2.175648689
43335000,2.141251564
43370000,2.211946964
43405000,2.19336009
43440000,2.187293768
43475000,2.229828119
43510000,2.199079514
43545000,2.17838335
43580000,2.124140739
43615000,2.119808197
43650000,2.209228277
43685000,2.16763401
43720000,2.148641109
43755000,2.219614744
43790000,2.164524794
43825000,2.154429436
43860000,2.218723536
43895000,2.177634001
43930000,2.186167717
43965000,2.160387278
44000000,2.123852015
44035000,2.149218082
44070000,2.133146763
44105000,2.132806778
44140000,2.206919432
44175000,2.189999104
44210000,2.162299395
44245000,2.194144964
44280000,2.164986372
44315000,2.178556204
44350000,2.129630566
44385000,2.096027851
44420000,2.16540432
44455000,2.137641668
44490000,2.132867575
44525000,2.204354763
44560000,2.174177885
44595000,2.16359663
44630000,2.233042002
44665000,2.185396433
44700000,2.177015543
44735000,2.147625685
44770000,2.131918907
44805000,2.18528223
44840000,2.136608601
44875000,2.135643721
44910000,2.181444645
44945000,2.154916763
44980000,2.1647439
45015000,2.229559183
45050000,2.192546129
45085000,2.163477898
45120000,2.115457773
45155000,2.107488155
45190000,2.187713623
45225000,2.161509752
45260000,2.153454781
45295000,2.186284542
45330000,2.139219046
45365000,2.123229504
45400000,2.177315235
45435000,2.167336464
45470000,2.164805412
45505000,2.1154387
45540000,2.112553835
45575000,2.159864902
45610000,2.119077921
45645000,2.127879381
45680000,2.176185846
45715000,2.135586739
45750000,2.129516602
45785000,2.124644995
45820000,2.118339777
45855000,2.161189556
45890000,2.127748489
45925000,2.118978739
45960000,2.172881603
45995000,2.14337182
46030000,2.136536121
46065000,2.206413984
46100000,2.170864582
46135000,2.147605181
46170000,2.106587648
46205000,2.097578049
46240000,2.148579121
46275000,2.118052959
46310000,2.103907824
46345000,2.154265404
46380000,2.126286745
46415000,2.114408493
46450000,2.166109085
46485000,2.157031536
46520000,2.157971859
46555000,2.115724564
46590000,2.100909472
46625000,2.150077105
46660000,2.126513004
46695000,2.133679867
46730000,2.178439856
46765000,2.140977144
46800000,2.142721415
46835000,2.179874659
46870000,2.132127047
46905000,2.129111528
46940000,2.114515305
46975000,2.106790304
47010000,2.161606312
47045000,2.136880159
47080000,2.099354744
47115000,2.166849375
47150000,2.147881508
47185000,2.137414455
47220000,2.18744421
47255000,2.152828455
47290000,2.133789063
47325000,2.099608421
47360000,2.100006342
47395000,2.158748388
47430000,2.145445585
47465000,2.129135847
47500000,2.181569815
47535000,2.142325401
47570000,2.135265589
47605000,2.199363708
47640000,2.164510012
47675000,2.160569906
47710000,2.120172262
47745000,2.094499588
47780000,2.140609503
47815000,2.130407333
47850000,2.117815256
47885000,2.15884757
47920000,2.139335871
47955000,2.137430429
47990000,2.180292606
48025000,2.148199081
48060000,2.142237663
48095000,2.114965916
48130000,2.094882965
48165000,2.171082735
48200000,2.151008606
48235000,2.136085987
48270000,2.180032492
48305000,2.150107622
48340000,2.141997337
48375000,2.173507214
48410000,2.150370121
48445000,2.14789176
48480000,2.102033854
48515000,2.106033564
48550000,2.157646894
48585000,2.149637461
48620000,2.127040625
48655000,2.160424709
48690000,2.14462018
48725000,2.136538744
48760000,2.181861877
48795000,2.164658308
48830000,2.149536371
48865000,2.120551586
48900000,2.106645584
48935000,2.141647816
48970000,2.122342825
49005000,2.12425971
49040000,2.153920412
49075000,2.097173929
49110000,2.111115456
49145000,2.100030661
49180000,2.087435484
49215000,2.141448021
49250000,2.12823081
49285000,2.10978961
49320000,2.153675079
49355000,2.115074873
49390000,2.127863884
49425000,2.17568326
49460000,2.148786306
49495000,2.13356781
49530000,2.112474203
49565000,2.095687628
49600000,2.160602331
49635000,2.126098394
49670000,2.104868174
49705000,2.164153576
49740000,2.125187874
49775000,2.137327909
49810000,2.178152561
49845000,2.143729687
49880000,2.146921635
49915000,2.095859289
49950000,2.09073329
49985000,2.141605377
50020000,2.133336306
50055000,2.130501509
50090000,2.164463758
50125000,2.124670744
50160000,2.126959562
50195000,2.166424274
50230000,2.134449005
50265000,2.138564348
50300000,2.110865355
50335000,2.099643707
50370000,2.142729521
50405000,2.12099719
50440000,2.123904943
50475000,2.150033236
50510000,2.131201744
50545000,2.127422094
50580000,2.164092064
50615000,2.143630743
50650000,2.148450136
50685000,2.116265774
50720000,2.113774061
50755000,2.151646137
50790000,2.128293037
50825000,2.126845121
50860000,2.168143272
50895000,2.124676943
50930000,2.132376909
50965000,2.164081097
51000000,2.127397537
51035000,2.148042202
51070000,2.101173162
51105000,2.103678703
51140000,2.129352808
51175000,2.116055727
51210000,2.109447479
51245000,2.161778212
51280000,2.139387131
51315000,2.142380476
51350000,2.167919397
51385000,2.133646011
51420000,2.141695023
51455000,2.133603096
51490000,2.086047173
51525000,2.127743006
51560000,2.128550529
51595000,2.124761343
51630000,2.153333426
51665000,2.122938156
51700000,2.134204388
51735000,2.167545319
51770000,2.12623167
51805000,2.143287659
51840000,2.104077101
51875000,2.095330954
51910000,2.145819902
51945000,2.126874447
51980000,2.121969461
52015000,2.158396959
52050000,2.129544497
52085000,2.13383913
52120000,2.156958818
52155000,2.136996984
52190000,2.15492034
52225000,2.134034872
52260000,2.115596056
52295000,2.149344206
52330000,2.112049103
52365000,2.104049206
52400000,2.158025026
52435000,2.125620842
52470000,2.120552301
52505000,2.111321211
52540000,2.098494291
52575000,2.123860359
52610000,2.108596563
52645000,2.092801571
52680000,2.158316374
52715000,2.134829044
52750000,2.153663397
52785000,2.187183142
52820000,2.166494846
52855000,2.123938799
52890000,2.10515666
52925000,2.103504181
52960000,2.13794446
52995000,2.138522625
53030000,2.120337009
53065000,2.155810118
53100000,2.13383317
53135000,2.150605679
53170000,2.213489056
53205000,2.168558359
53240000,2.161034584
53275000,2.114083767
53310000,2.102883577
53345000,2.138504505
53380000,2.116843224
53415000,2.111010313
53450000,2.148065805
53485000,2.113638878
53520000,2.125884771
53555000,2.209600687
53590000,2.158599854
53625000,2.151011229
53660000,2.110715389
53695000,2.09478569
53730000,2.139900684
53765000,2.119220495
53800000,2.101840019
53835000,2.143701553
53870000,2.13676405
53905000,2.129981995
53940000,2.186978817
53975000,2.135618925
54010000,2.134461403
54045000,2.109810114
54080000,2.104934692
54115000,2.149315834
54150000,2.121175051
54185000,2.092531204
54220000,2.144239187
54255000,2.124791622
54290000,2.124256849
54325000,2.18111062
54360000,2.153480291
54395000,2.15170598
54430000,2.132143021
54465000,2.099332809
54500000,2.159242153
54535000,2.131875038
54570000,2.119002819
54605000,2.15304184
54640000,2.141652346
54675000,2.145920753
54710000,2.17816186
54745000,2.147390604
54780000,2.135224581
54815000,2.101711273
54850000,2.087786436
54885000,2.167112827
54920000,2.127973318
54955000,2.092828989
54990000,2.154635191
55025000,2.131165981
55060000,2.142831802
55095000,2.171962261
55130000,2.166535139
55165000,2.175769806
55200000,2.12787199
55235000,2.10565114
55270000,2.156809092
55305000,2.110224247
55340000,2.118005991
55375000,2.175210476
55410000,2.136762619
55445000,2.117133856
55480000,2.171902895
55515000,2.156365156
55550000,2.157165527
55585000,2.123891592
55620000,2.114891291
55655000,2.154892445
55690000,2.108793259
55725000,2.102324963
55760000,2.146861553
55795000,2.120096922
55830000,2.146238089
55865000,2.109105349
55900000,2.097171783
55935000,2.138422012
55970000,2.113221645
56005000,2.115940332
56040000,2.175195932
56075000,2.14489007
56110000,2.162268639
56145000,2.19775033
56180000,2.141629219
56215000,2.150850296
56250000,2.112959862
56285000,2.107564449
56320000,2.163722515
56355000,2.124522924
56390000,2.115606546
56425000,2.182753325
56460000,2.130781651
56495000,2.127529621
56530000,2.201094866
56565000,2.159484386
56600000,2.15858984
56635000,2.129204273
56670000,2.106493235
56705000,2.17064929
56740000,2.120641947
56775000,2.116732121
56810000,2.177815437
56845000,2.117110729
56880000,2.133357286
56915000,2.199121237
56950000,2.16132617
56985000,2.151054859
57020000,2.111363888
57055000,2.098803043
57090000,2.194855213
57125000,2.163964748
57160000,2.136101961
57195000,2.191228628
57230000,2.148934126
57265000,2.13307333
57300000,2.216774702
57335000,2.189564466
57370000,2.168449163
57405000,2.13287425
57440000,2.122988939
57475000,2.189736366
57510000,2.160263538
57545000,2.130056381
57580000,2.205219746
57615000,2.190033674
57650000,2.171752453
57685000,2.194152355
57720000,2.164469004
57755000,2.148079395
57790000,2.109891891
57825000,2.097471714
57860000,2.200407743
57895000,2.162570953
57930000,2.121903181
57965000,2.197799683
58000000,2.149388313
58035000,2.151104927
58070000,2.222794294
58105000,2.180291176
58140000,2.161774397
58175000,2.135632515
58210000,2.114784241
58245000,2.161466122
58280000,2.139689684
58315000,2.12440753
58350000,2.204310179
58385000,2.165080309
58420000,2.150809288
58455000,2.213479042
58490000,2.197731733
58525000,2.173718452
58560000,2.125477314
58595000,2.153131723
58630000,2.197802544
58665000,2.141347647
58700000,2.142148733
58735000,2.190522432
58770000,2.159456015
58805000,2.131866455
58840000,2.185150385
58875000,2.163199425
58910000,2.163507223
58945000,2.13616538
58980000,2.13038063
59015000,2.176710606
59050000,2.133673668
59085000,2.135902166
59120000,2.219732523
59155000,2.176405907
59190000,2.168373585
59225000,2.220955849
59260000,2.188109159
59295000,2.186769962
59330000,2.145104885
59365000,2.149795771
59400000,2.200156689
59435000,2.159702063
59470000,2.16170311
59505000,2.20596838
59540000,2.162912846
59575000,2.179035425
59610000,2.155759096
59645000,2.14361167
59680000,2.183270693
59715000,2.131049871
59750000,2.123327494
59785000,2.183361769
59820000,2.159441948
59855000,2.161444902
59890000,2.205729961
59925000,2.163283825
59960000,2.167054653
59995000,2.13731122
60030000,2.133793831
60065000,2.16059947
60100000,2.1384902
60135000,2.14359045
60170000,2.191652298
60205000,2.162869692
60240000,2.166915417
60275000,2.188780069
60310000,2.163631678
60345000,2.149270058
60380000,2.112328768
60415000,2.112574816
60450000,2.15302372
60485000,2.135324717
60520000,2.136920929
60555000,2.169819117
60590000,2.14012146
60625000,2.159348249
60660000,2.224373579
60695000,2.171658516
60730000,2.184047937
60765000,2.141230345
60800000,2.110773563
60835000,2.159743786
60870000,2.137307167
60905000,2.143970251
60940000,2.2020154
60975000,2.167195082
61010000,2.156771421
61045000,2.209523916
61080000,2.179533243
61115000,2.192475796
61150000,2.134002447
61185000,2.114951372
61220000,2.167051792
61255000,2.132277966
61290000,2.138501883
61325000,2.18324852
61360000,2.162391424
61395000,2.167958498
61430000,2.206250429
61465000,2.159293652
61500000,2.180827618
61535000,2.129460812
61570000,2.11512804
61605000,2.182048559
61640000,2.167793274
61675000,2.152031422
61710000,2.190976143
61745000,2.165420294
61780000,2.1569345
61815000,2.199326038
61850000,2.160135031
61885000,2.182805061
61920000,2.17361331
61955000,2.157680511
61990000,2.214889288
62025000,2.171482563
62060000,2.210798979
62095000,2.232135534
62130000,2.224725723
62165000,2.201393366
62200000,2.251464367
62235000,2.22033906
62270000,2.21532774
62305000,2.176294088
62340000,2.202724218
62375000,2.254710197
62410000,2.220122576
62445000,2.203693628
62480000,2.236526012
62515000,2.215032578
62550000,2.22396493
62585000,2.269510269
62620000,2.232868671
62655000,2.222010374
62690000,2.192418337
62725000,2.184212208
62760000,2.206800461
62795000,2.172040224
62830000,2.194246292
62865000,2.212315083
62900000,2.205264568
62935000,2.185606003
62970000,2.162268877
63005000,2.140817642
63040000,2.201700211
63075000,2.15903163
63110000,2.154203176
63145000,2.230027676
63180000,2.199393988
63215000,2.171716928
63250000,2.196057558
63285000,2.147769213
63320000,2.165100336
63355000,2.159073591
63390000,2.109142542
63425000,2.162406206
63460000,2.139500618
63495000,2.102818251
63530000,2.178030729
63565000,2.161058187
63600000,2.171159267
63635000,2.208325148
63670000,2.198753834
63705000,2.178113699
63740000,2.14807725
63775000,2.115767479
63810000,2.183244944
63845000,2.188092709
63880000,2.160364389
63915000,2.206434011
63950000,2.177692175
63985000,2.167275667
64020000,2.183677912
64055000,2.174479246
64090000,2.194691896
64125000,2.153187037
64160000,2.14478302
64195000,2.196453333
64230000,2.163783789
64265000,2.11729908
64300000,2.18270421
64335000,2.162554026
64370000,2.144201517
64405000,2.174587965
64440000,2.153530598
64475000,2.166864872
64510000,2.141006231
64545000,2.128635406
64580000,2.178122044
64615000,2.164669514
64650000,2.132102489
64685000,2.193868637
64720000,2.162079334
64755000,2.141440153
64790000,2.17931819
64825000,2.153816223
64860000,2.163269281
64895000,2.151624203
64930000,2.131411076
64965000,2.177882671
65000000,2.164476395
65035000,2.152742147
65070000,2.194149971
65105000,2.190083981
65140000,2.192979574
65175000,2.254565716
65210000,2.211666822
65245000,2.201639175
65280000,2.167263746
65315000,2.128365993
65350000,2.17384243
65385000,2.134287119
65420000,2.128293753
65455000,2.175132036
65490000,2.143621445
65525000,2.122955322
65560000,2.170072556
65595000,2.163711548
65630000,2.245670319
65665000,2.257494926
65700000,2.242272854
65735000,2.246691227
65770000,2.192913294
65805000,2.132578611
65840000,2.186485052
65875000,2.178331375
65910000,2.156394005
65945000,2.179978609
65980000,2.157473564
66015000,2.163490295
66050000,2.100358486
66085000,2.129506111
66120000,2.191105843
66155000,2.171946764
66190000,2.207633495
66225000,2.258466005
66260000,2.221224308
66295000,2.174634457
66330000,2.122236252
66365000,2.092647076
66400000,2.151081324
66435000,2.118889332
66470000,2.116414785
66505000,2.175161362
66540000,2.151154757
66575000,2.125306368
66610000,2.205801725
66645000,2.225238323
66680000,2.331012011
66715000,2.323253155
66750000,2.226063251
66785000,2.186167479
66820000,2.120744467
66855000,2.100533962
66890000,2.173096895
66925000,2.119030952
66960000,2.120629549
66995000,2.175547361
67030000,2.146327496
67065000,2.141364574
67100000,2.128758669
67135000,2.179940939
67170000,2.303810358
67205000,2.266908407
67240000,2.219976664
67275000,2.230915308
67310000,2.162433386
67345000,2.128180265
67380000,2.188753366
67415000,2.157681227
67450000,2.16348815
67485000,2.127299786
67520000,2.117805481
67555000,2.150537491
67590000,2.136767387
67625000,2.157976151
67660000,2.243726492
67695000,2.245699406
67730000,2.238430738
67765000,2.275943518
67800000,2.225839615
67835000,2.178965569
67870000,2.140725374
67905000,2.130226612
67940000,2.184281826
67975000,2.142335176
68010000,2.137669802
68045000,2.209088087
68080000,2.173313618
68115000,2.175863981
68150000,2.212649584
68185000,2.171244621
68220000,2.192919493
68255000,2.140305519
68290000,2.122937441
68325000,2.184439659
68360000,2.168762445
68395000,2.166964531
68430000,2.223746777
68465000,2.18276453
68500000,2.146337032
68535000,2.236017704
68570000,2.198937178
68605000,2.170328856
68640000,2.139098406
68675000,2.136642933
68710000,2.19679451
68745000,2.173849106
68780000,2.135358572
68815000,2.193110466
68850000,2.163411617
68885000,2.163763762
68920000,2.208262444
68955000,2.193786144
68990000,2.190603495
69025000,2.161543846
69060000,2.129296064
69095000,2.183378458
69130000,2.13803339
69165000,2.151116133
69200000,2.26096797
69235000,2.237546682
69270000,2.201230526
69305000,2.22951746
69340000,2.18225193
69375000,2.194337368
69410000,2.160541534
69445000,2.142647743
69480000,2.201999903
69515000,2.185343981
69550000,2.173810482
69585000,2.224361658
69620000,2.18476367
69655000,2.1989429
69690000,2.177395344
69725000,2.17338419
69760000,2.240642071
69795000,2.198903561
69830000,2.163944006
69865000,2.22481513
69900000,2.166249514
69935000,2.166301727
69970000,2.216929197
70005000,2.17491293
70040000,2.16297102
70075000,2.136773109
70110000,2.143545151
70145000,2.182014227
70180000,2.155745983
70215000,2.168646812
70250000,2.251742125
70285000,2.225245476
70320000,2.189307928
70355000,2.247828007
70390000,2.208216667
70425000,2.222150564
70460000,2.172465801
70495000,2.117925644
70530000,2.183318615
70565000,2.168245792
70600000,2.165414572
70635000,2.247382879
70670000,2.200006008
70705000,2.185867071
70740000,2.2210567
70775000,2.211275339
70810000,2.210455179
70845000,2.180077076
70880000,2.146727562
70915000,2.215950012
70950000,2.176033974
70985000,2.155802011
71020000,2.219898701
71055000,2.171235085
71090000,2.176902771
71125000,2.234460115
71160000,2.208680153
71195000,2.191693544
71230000,2.186585188
71265000,2.170551062
71300000,2.221316576
71335000,2.170179605
71370000,2.162636757
71405000,2.236907959
71440000,2.19434166
71475000,2.209346771
71510000,2.260291338
71545000,2.190506935
71580000,2.194594145
71615000,2.179803848
71650000,2.162326813
71685000,2.219478607
71720000,2.180387497
71755000,2.175641298
71790000,2.213604689
71825000,2.191417456
71860000,2.183376789
71895000,2.23197031
71930000,2.218996525
71965000,2.222149372
72000000,2.183538198
72035000,2.15204978
72070000,2.236563444
72105000,2.199644566
72140000,2.147230864
72175000,2.24137044
72210000,2.211278915
72245000,2.20765996
72280000,2.26573205
72315000,2.200564146
72350000,2.21480298
72385000,2.163170576
72420000,2.157443523
72455000,2.211266994
72490000,2.193290949
72525000,2.176302195
72560000,2.223565102
72595000,2.206047773
72630000,2.211818457
72665000,2.250837564
72700000,2.230059385
72735000,2.252137423
72770000,2.208092213
72805000,2.171151638
72840000,2.210055113
72875000,2.185284853
72910000,2.189998627
72945000,2.234975576
72980000,2.192976952
73015000,2.204351425
73050000,2.222859383
73085000,2.185110331
73120000,2.197462082
73155000,2.168385506
73190000,2.135977983
73225000,2.18289566
73260000,2.153761625
73295000,2.161546469
73330000,2.212476969
73365000,2.183925629
73400000,2.181398153
73435000,2.134711504
73470000,2.12962842
73505000,2.182502985
73540000,2.174612999
73575000,2.143574476
73610000,2.184668064
73645000,2.149074078
73680000,2.167309523
73715000,2.172991037
73750000,2.172851801
73785000,2.195570469
73820000,2.16172576
73855000,2.11335969
73890000,2.190212488
73925000,2.168736935
73960000,2.159786224
73995000,2.199390173
74030000,2.180236578
74065000,2.178836823
74100000,2.203497887
74135000,2.169687986
74170000,2.185055494
74205000,2.155131817
74240000,2.141077757
74275000,2.175389528
74310000,2.166370869
74345000,2.154512882
74380000,2.230851412
74415000,2.181464195
74450000,2.162065744
74485000,2.186371803
74520000,2.16792345
74555000,2.188318014
74590000,2.150476217
74625000,2.144888878
74660000,2.204021931
74695000,2.142689705
74730000,2.133865833
74765000,2.193518877
74800000,2.173478127
74835000,2.16552186
74870000,2.187159777
74905000,2.176115274
74940000,2.211459637
74975000,2.1668818
75010000,2.125278711
75045000,2.171007156
75080000,2.167754412
75115000,2.166779995
75150000,2.18301177
75185000,2.161360264
75220000,2.160258055
75255000,2.200008869
75290000,2.184123516
75325000,2.190555811
75360000,2.15545702
75395000,2.127742529
75430000,2.181460142
75465000,2.137715816
75500000,2.164680481
75535000,2.186177969
75570000,2.169214964
75605000,2.152508259
75640000,2.203077316
75675000,2.167427778
75710000,2.196637392
75745000,2.157131672
75780000,2.147398949
75815000,2.178479671
75850000,2.158818722
75885000,2.148714781
75920000,2.191001892
75955000,2.180546761
75990000,2.180866003
76025000,2.206805468
76060000,2.177774906
76095000,2.173058271
76130000,2.131667614
76165000,2.139321566
76200000,2.16788435
76235000,2.173484564
76270000,2.147145748
76305000,2.203401327
76340000,2.189287663
76375000,2.181919813
76410000,2.205206871
76445000,2.163102388
76480000,2.199322939
76515000,2.161876678
76550000,2.148502827
76585000,2.196120977
76620000,2.162573338
76655000,2.167984962
76690000,2.211518288
76725000,2.169389963
76760000,2.168379784
76795000,2.134594917
76830000,2.116489649
76865000,2.169142246
76900000,2.148147821
76935000,2.127813339
76970000,2.18406105
77005000,2.162335634
77040000,2.144021511
77075000,2.218499422
77110000,2.18597126
77145000,2.151160002
77180000,2.129768133
77215000,2.101124525
77250000,2.173392534
77285000,2.169078112
77320000,2.149130583
77355000,2.17955184
77390000,2.16602397
77425000,2.158708572
77460000,2.187186241
77495000,2.154589415
77530000,2.151437521
77565000,2.128798485
77600000,2.13755846
77635000,2.173080206
77670000,2.147395849
77705000,2.131875277
77740000,2.181307077
77775000,2.165649891
77810000,2.154232264
77845000,2.193959475
77880000,2.175730228
77915000,2.161833525
77950000,2.13981986
77985000,2.117935896
78020000,2.165815115
78055000,2.137302399
78090000,2.150524378
78125000,2.193197966
78160000,2.157316685
78195000,2.150596619
78230000,2.191447258
78265000,2.178418159
78300000,2.177490711
78335000,2.14408946
78370000,2.122274399
78405000,2.180221081
78440000,2.1424191
78475000,2.12347579
78510000,2.188140392
78545000,2.160276651
78580000,2.166737795
78615000,2.221804619
78650000,2.172032595
78685000,2.168392658
78720000,2.133785725
78755000,2.124448299
78790000,2.166678429
78825000,2.139371634
78860000,2.134979725
78895000,2.209143162
78930000,2.178954601
78965000,2.154881477
79000000,2.21214056
79035000,2.190349817
79070000,2.173485994
79105000,2.136274338
79140000,2.117677689
79175000,2.156265974
79210000,2.1472857
79245000,2.150990009
79280000,2.179821968
79315000,2.153620005
79350000,2.1523211
79385000,2.202996016
79420000,2.178634167
79455000,2.176864862
79490000,2.137011766
79525000,2.134687424
79560000,2.178222179
79595000,2.137087822
79630000,2.132021189
79665000,2.200422525
79700000,2.144778728
79735000,2.147495031
79770000,2.184849501
79805000,2.163527489
79840000,2.175682068
79875000,2.142881632
79910000,2.124309063
79945000,2.188223839
79980000,2.164763689
80015000,2.15719533
80050000,2.198126316
80085000,2.156616926
80120000,2.169313431
80155000,2.147692204
80190000,2.125247002
80225000,2.172005177
80260000,2.158745527
80295000,2.141544342
80330000,2.190068722
80365000,2.15480423
80400000,2.172247171
80435000,2.217376471
80470000,2.182252407
80505000,2.186087608
80540000,2.151499271
80575000,2.125242472
80610000,2.180559397
80645000,2.156557083
80680000,2.140505075
80715000,2.204432487
80750000,2.157182217
80785000,2.157491684
80820000,2.216614962
80855000,2.172832727
80890000,2.173464537
80925000,2.146191597
80960000,2.129634142
80995000,2.203518152
81030000,2.159821987
81065000,2.148411989
81100000,2.200451851
81135000,2.171630144
81170000,2.17199254
81205000,2.243789673
81240000,2.227071047
81275000,2.240657091
81310000,2.218104839
81345000,2.195268869
81380000,2.236788988
81415000,2.194386721
81450000,2.147856712
81485000,2.203847408
81520000,2.17108202
81555000,2.172847748
81590000,2.225343466
81625000,2.185776949
81660000,2.174435139
81695000,2.145340919
81730000,2.140409708
81765000,2.200894833
81800000,2.175007582
81835000,2.173934937
81870000,2.219277143
81905000,2.182144403
81940000,2.176256657
81975000,2.255850792
82010000,2.206775427
82045000,2.201357841
82080000,2.186765432
82115000,2.182622194
82150000,2.244410992
82185000,2.220040083
82220000,2.192528963
82255000,2.244505644
82290000,2.229744911
82325000,2.209380627
82360000,2.275703907
82395000,2.240137339
82430000,2.23175478
82465000,2.196981907
82500000,2.16775012
82535000,2.222467422
82570000,2.181393385
82605000,2.166910172
82640000,2.216645241
82675000,2.180728674
82710000,2.192093372
82745000,2.225209236
82780000,2.227658987
82815000,2.236654997
82850000,2.200486183
82885000,2.162300587
82920000,2.223103046
82955000,2.175222874
82990000,2.162577629
83025000,2.230285883
83060000,2.200367928
83095000,2.191333294
83130000,2.248152018
83165000,2.218386173
83200000,2.224674463
83235000,2.165989161
83270000,2.154242516
83305000,2.216658592
83340000,2.181653738
83375000,2.164287329
83410000,2.218039274
83445000,2.202509642
83480000,2.1892488
83515000,2.154050112
83550000,2.128878355
83585000,2.20055747
83620000,2.161558867
83655000,2.167096615
83690000,2.218070745
83725000,2.179251432
83760000,2.153168917
83795000,2.221153259
83830000,2.174945831
83865000,2.190844536
83900000,2.164598942
83935000,2.140594244
83970000,2.199020863
84005000,2.191974401
84040000,2.155618668
84075000,2.208972216
84110000,2.15692234
84145000,2.152803421
84180000,2.243983269
84215000,2.220971107
84250000,2.202628851
84285000,2.169251919
84320000,2.140944719
84355000,2.171399355
84390000,2.155277252
84425000,2.15811348
84460000,2.223222971
84495000,2.17501235
84530000,2.197285891
84565000,2.246887922
84600000,2.204745293
84635000,2.183616161
84670000,2.161322832
84705000,2.162910938
84740000,2.211791754
84775000,2.184105635
84810000,2.188800573
84845000,2.248394966
84880000,2.183032751
84915000,2.172389269
84950000,2.228138685
84985000,2.215263605
85020000,2.215217352
85055000,2.174478531
85090000,2.162024736
85125000,2.203441143
85160000,2.170871496
85195000,2.168232679
85230000,2.231191397
85265000,2.185021639
85300000,2.182054043
85335000,2.258681536
85370000,2.238918304
85405000,2.215889931
85440000,2.176029205
85475000,2.163563251
85510000,2.223526478
85545000,2.205729246
85580000,2.165126562
85615000,2.209674358
85650000,2.186587811
85685000,2.187066555
85720000,2.269768476
85755000,2.197813988
85790000,2.201241016
85825000,2.169625044
85860000,2.170135021
85895000,2.210307598
85930000,2.171532631
85965000,2.182084799
86000000,2.220539331
86035000,2.208599329
86070000,2.198222637
86105000,2.225991726
86140000,2.185161829
86175000,2.212581396
86210000,2.179134607
86245000,2.166506529
86280000,2.21731782
86315000,2.17587781
86350000,2.186006308
86385000,2.225433588
86420000,2.193096638
86455000,2.2030828
86490000,2.246747017
86525000,2.233661175
86560000,2.236308575
86595000,2.184232235
86630000,2.185460091
86665000,2.205585718
86700000,2.176306486
86735000,2.183638573
86770000,2.22260046
86805000,2.196924686
86840000,2.213614464
86875000,2.230971098
86910000,2.174753428
86945000,2.186201811
86980000,2.170353889
87015000,2.152609587
87050000,2.197573185
87085000,2.170362949
87120000,2.173164368
87155000,2.212765932
87190000,2.183875561
87225000,2.189031124
87260000,2.162273169
87295000,2.1536479
87330000,2.190851688
87365000,2.163628101
87400000,2.149913549
87435000,2.19637084
87470000,2.153813124
87505000,2.142454863
87540000,2.20491457
87575000,2.185176611
87610000,2.169262171
87645000,2.133883238
87680000,2.128739834
87715000,2.19576478
87750000,2.164553404
87785000,2.165728092
87820000,2.197041512
87855000,2.174788237
87890000,2.159470558
87925000,2.213994741
87960000,2.210217237
87995000,2.21502924
88030000,2.179538012
88065000,2.16725111
88100000,2.206067562
88135000,2.148039103
88170000,2.154974222
88205000,2.17140317
88240000,2.142220736
88275000,2.156783819
88310000,2.211909294
88345000,2.188025475
88380000,2.181622505
88415000,2.142222404
88450000,2.116090059
88485000,2.179635286
88520000,2.172432423
88555000,2.179215431
88590000,2.217911005
88625000,2.156422377
88660000,2.145459414
88695000,2.195465803
88730000,2.189944267
88765000,2.188252211
88800000,2.149074793
88835000,2.157967091
88870000,2.214066029
88905000,2.173348904
88940000,2.165107489
88975000,2.210375071
89010000,2.175252199
89045000,2.166503906
89080000,2.221803427
89115000,2.207226753
89150000,2.185625315
89185000,2.158138275
89220000,2.166714191
89255000,2.245690346
89290000,2.218518972
89325000,2.209353447
89360000,2.239338636
89395000,2.21041441
89430000,2.167727947
89465000,2.180742979
89500000,2.159469843
89535000,2.18676424
89570000,2.176403999
89605000,2.151282787
89640000,2.201523304
89675000,2.177254915
89710000,2.164067507
89745000,2.216289997
89780000,2.176963568
89815000,2.180234909
89850000,2.196339369
89885000,2.190006018
89920000,2.178497553
89955000,2.134861946
89990000,2.131694078
90025000,2.190170765
90060000,2.162483215
90095000,2.164734602
90130000,2.209420681
90165000,2.192424536
90200000,2.173051834
90235000,2.208075762
90270000,2.17918849
90305000,2.17363286
90340000,2.131887913
90375000,2.142224789
90410000,2.556531429
90445000,2.945765257
90480000,3.42962265
90515000,3.698470831
90550000,3.504136801
90585000,3.038661718
90620000,2.635106564
90655000,2.331919909
90690000,2.276575565
90725000,2.211112976
90760000,2.192255974
90795000,2.21218133
90830000,2.210315943
90865000,2.204592705
90900000,2.250487566
90935000,2.21243453
90970000,2.217842817
91005000,2.201653719
91040000,2.188736916
91075000,2.224979877
91110000,2.206240416
91145000,2.195346117
91180000,2.249998569
91215000,2.21877861
91250000,2.222109795
91285000,2.2751894
91320000,2.250873089
91355000,2.248929501
91390000,2.194249392
91425000,2.211317301
91460000,2.310149908
91495000,2.299367189
91530000,2.263774872
91565000,2.297636032
91600000,2.253343582
91635000,2.241008759
91670000,2.277956963
91705000,2.273368359
91740000,2.239850044
91775000,2.188652277
91810000,2.195935249
91845000,2.2870543
91880000,2.23281908
91915000,2.24549675
91950000,2.307487726
91985000,2.255648375
92020000,2.262907505
92055000,2.336311102
92090000,2.302765131
92125000,2.327528477
92160000,2.243941545
92195000,2.22604537
92230000,2.276001692
92265000,2.251857281
92300000,2.235844135
92335000,2.291883469
92370000,2.251225948
92405000,2.335380793
92440000,2.551104546
92475000,2.69703269
92510000,2.800316811
92545000,2.71665287
92580000,2.517877579
92615000,2.387557268
92650000,2.25328207
92685000,2.244870424
92720000,2.285771847
92755000,2.225543737
92790000,2.22654891
92825000,2.266829729
92860000,2.23495698
92895000,2.252756596
92930000,2.203147411
92965000,2.221537352
93000000,2.244281769
93035000,2.220779896
93070000,2.20529151
93105000,2.26381135
93140000,2.245530128
93175000,2.207794666
93210000,2.301874638
93245000,2.29820776
93280000,2.307689667
93315000,2.242385149
93350000,2.20529747
93385000,2.232121944
93420000,2.207680941
93455000,2.213007927
93490000,2.28070879
93525000,2.23629427
93560000,2.234083891
93595000,2.283266783
93630000,2.258907795
93665000,2.247180223
93700000,2.218972445
93735000,2.195859194
93770000,2.25541091
93805000,2.219855785
93840000,2.197831392
93875000,2.239512205
93910000,2.211635113
93945000,2.201968193
93980000,2.161935568
94015000,2.156921387
94050000,2.216780663
94085000,2.185902834
94120000,2.208057404
94155000,2.256613493
94190000,2.232958078
94225000,2.194694281
94260000,2.253146648
94295000,2.2368536
94330000,2.244475126
94365000,2.196889877
94400000,2.165901184
94435000,2.25112009
94470000,2.191124678
94505000,2.218534231
94540000,2.286732435
94575000,2.256683111
94610000,2.2441113
94645000,2.273225546
94680000,2.246685982
94715000,2.235203743
94750000,2.201521158
94785000,2.194354773
94820000,2.266334772
94855000,2.236706257
94890000,2.208582163
94925000,2.297070742
94960000,2.24546051
94995000,2.244289637
95030000,2.289109468
95065000,2.258305073
95100000,2.265695572
95135000,2.222952127
95170000,2.21735239
95205000,2.255635977
95240000,2.221066236
95275000,2.226746559
95310000,2.294850588
95345000,2.238676786
95380000,2.233840466
95415000,2.279981613
95450000,2.2482903
95485000,2.225244045
95520000,2.175123453
95555000,2.183135271
95590000,2.273214102
95625000,2.222564459
95660000,2.195784807
95695000,2.235455036
95730000,2.230749607
95765000,2.21566081
95800000,2.290026188
95835000,2.262220383
95870000,2.254486799
95905000,2.209309101
95940000,2.184203386
95975000,2.263805389
96010000,2.220563412
96045000,2.212520361
96080000,2.293486595
96115000,2.248978853
96150000,2.266946077
96185000,2.295591116
96220000,2.256710768
96255000,2.248931646
96290000,2.21306777
96325000,2.192644596
96360000,2.260111332
96395000,2.216317415
96430000,2.215376139
96465000,2.277959347
96500000,2.245373249
96535000,2.272036791
96570000,2.311399937
96605000,2.263800859
96640000,2.289736986
96675000,2.260384798
96710000,2.235063791
96745000,2.297650814
96780000,2.257346392
96815000,2.245744467
96850000,2.364807606
96885000,2.334592819
96920000,2.317554474
96955000,2.372216225
96990000,2.318850517
97025000,2.296567678
97060000,2.224653006
97095000,2.212490559
97130000,2.254641533
97165000,2.225097179
97200000,2.213662863
97235000,2.266281366
97270000,2.258161783
97305000,2.244117498
97340000,2.228748322
97375000,2.20973587
97410000,2.263332367
97445000,2.280561447
97480000,2.25517869
97515000,2.326867104
97550000,2.235808849
97585000,2.255339622
97620000,2.295001984
97655000,2.283984184
97690000,2.279577255
97725000,2.244820118
97760000,2.194408894
97795000,2.258758068
97830000,2.282477617
97865000,2.263790131
97900000,2.362358332
97935000,2.382820606
97970000,2.323252678
98005000,2.346894026
98040000,2.336033821
98075000,2.327450037
98110000,2.249908209
98145000,2.31766963
98180000,2.392755508
98215000,2.412152529
98250000,2.370743275
98285000,2.383258581
98320000,2.34042716
98355000,2.28419137
98390000,2.367101908
98425000,2.339023829
98460000,2.39017868
98495000,2.367235661
98530000,2.298847914
98565000,2.365200758
98600000,2.317139149
98635000,2.342549324
98670000,2.38896513
98705000,2.38428998
98740000,2.399714708
98775000,2.463997126
98810000,2.427630663
98845000,2.338690281
98880000,2.317497253
98915000,2.306474924
98950000,2.328834295
98985000,2.344696283
99020000,2.307773113
99055000,2.394007921
99090000,2.28121376
99125000,2.277582884
99160000,2.303007603
99195000,2.279824495
99230000,2.267947912
99265000,2.240715265
99300000,2.224627733
99335000,2.267397642
99370000,2.266058683
99405000,2.28485322
99440000,2.427360296
99475000,2.494864702
99510000,2.565048218
99545000,2.621416092
99580000,2.505868196
99615000,2.400489807
99650000,2.312248468
99685000,2.252665281
99720000,2.290683746
99755000,2.263254881
99790000,2.232937574
99825000,2.251771688
99860000,2.26530838
99895000,2.266852856
99930000,2.307023048
99965000,2.260626793
