site,spectrum_id,org,true_label,label_source,cv_fold,total_power,mean_power,max_power,std_power,B1_power,B1_mean,B1_max,B1_std,B2_power,B2_mean,B2_max,B2_std,B3_power,B3_mean,B3_max,B3_std,B4_power,B4_mean,B4_max,B4_std,B1_frac,B2_frac,B3_frac,B4_frac,log_total,B1_log,B2_log,B3_log,B4_log,B2_B1_ratio,B3_B1_ratio,B4_B1_ratio,B4_B2_ratio,B3_B2_ratio,hi_lo_ratio,log_B2_B1,log_B4_B1,log_hi_lo,spectral_centroid,spectral_spread,spectral_skew,spectral_kurtosis,spectral_entropy,spectral_flatness,peak_freq_mhz,peak_to_mean,spectral_slope,rolloff_freq_mhz,crest_factor,amplitude_cv,band_gradient,band_range,LogReg_L1__all__pred,LogReg_L1__all__correct,LogReg_L1__all__prob_ON,LogReg_L2__all__pred,LogReg_L2__all__correct,LogReg_L2__all__prob_ON,LogReg_EN__all__pred,LogReg_EN__all__correct,LogReg_EN__all__prob_ON,LinearSVM__all__pred,LinearSVM__all__correct,LinearSVM__all__prob_ON,RBF_SVM__all__pred,RBF_SVM__all__correct,RBF_SVM__all__prob_ON,Ridge__all__pred,Ridge__all__correct,Ridge__all__decision,LogReg_L1__rfecv__pred,LogReg_L1__rfecv__correct,LogReg_L1__rfecv__prob_ON,LogReg_L2__rfecv__pred,LogReg_L2__rfecv__correct,LogReg_L2__rfecv__prob_ON,LogReg_EN__rfecv__pred,LogReg_EN__rfecv__correct,LogReg_EN__rfecv__prob_ON,LinearSVM__rfecv__pred,LinearSVM__rfecv__correct,LinearSVM__rfecv__prob_ON,RBF_SVM__rfecv__pred,RBF_SVM__rfecv__correct,RBF_SVM__rfecv__prob_ON,Ridge__rfecv__pred,Ridge__rfecv__correct,Ridge__rfecv__decision,LogReg_L1__si__pred,LogReg_L1__si__correct,LogReg_L1__si__prob_ON,LogReg_L2__si__pred,LogReg_L2__si__correct,LogReg_L2__si__prob_ON,LogReg_EN__si__pred,LogReg_EN__si__correct,LogReg_EN__si__prob_ON,LinearSVM__si__pred,LinearSVM__si__correct,LinearSVM__si__prob_ON,RBF_SVM__si__pred,RBF_SVM__si__correct,RBF_SVM__si__prob_ON,Ridge__si__pred,Ridge__si__correct,Ridge__si__decision,log_lr_B1_B2,log_lr_B1_B3,log_lr_B1_B4,log_lr_B2_B3,log_lr_B2_B4,log_lr_B3_B4,log_alr_B1,log_alr_B2,log_alr_B3,log_alr_B4,log_clr_B1,log_clr_B2,log_clr_B3,log_clr_B4,log_band_gradient_proper,log_band_range_proper,log_spectral_slope_norm,log_ilr_1,log_ilr_2,log_ilr_3
HARQCT1,HARQCT1_off_2025-01-30,HAR,OFF,cluster,2,3416785.7952193404,427.0982244024176,7828.6590816841,892.0571351450294,2203677.2344944165,1101.8386172472085,5457.5082375025,1224.3599346356011,836236.8985612188,418.11844928060935,7828.6590816841,931.8474031937362,28815.6602164532,14.407830108226602,259.4222414281,24.04941180153498,348056.0019472519,174.02800097362595,3311.8056819241,354.083873168847,0.6449562151592098,0.2447437295399832,0.0084335577187107,0.1018664975820963,15.04421113383889,14.605638446988426,13.636668419242104,10.26870897860709,12.760121544042068,0.3794734026703755,0.0130761709407281,0.1579432761290686,0.4162169865329799,0.0344587284607953,0.1239744432467769,0.3217018340764132,0.146645393606531,0.1168710138880709,2317.364327653001,1836.5408410768207,3.558162112957272,13.991084090053914,0.8689701381481716,0.172997869254474,1.70265,18.32987971943897,-0.0004225152083922,1.9146,4.281340878657745,1.0227172172598458,-0.6151723009821192,4.336929468381335,OFF,1,0.1474,OFF,1,0.0011,OFF,1,0.4808,OFF,1,0.6764,ON,0,0.6665,OFF,1,-0.4363,OFF,1,0.4276,OFF,1,0.382,OFF,1,0.3945,ON,0,0.6386,ON,0,0.6237,ON,0,0.1489,OFF,1,0.0323,OFF,1,0.003,OFF,1,0.4905,OFF,1,0.5696,ON,0,0.6828,OFF,1,-0.4751,0.968970769792131,4.336963717344338,1.8455193222562336,3.3679929475522066,0.8765485524641026,-2.491444395088104,0.4385728479646467,1.4075436177567777,4.775536565308984,2.2840921702208803,1.7878634523481747,0.8188926825560436,-2.549100264996163,-0.05765586990805893,-0.6151731074187445,4.336963717344338,-0.00043974934468272764,0.685165802091565,3.1455353865421625,0.06657526402355973
HARQCT1,HARQCT1_on_2025-01-11,HAR,ON,cluster,2,1704170210.182943,213021.2762728679,3452085.964441,601394.2839528781,1601927408.351766,800963.7041758831,3452085.964441,986489.3781900452,96711283.0378667,48355.64151893335,500176.39459225,105546.19398720255,3970707.7175203576,1985.3538587601788,43972.70599089,4979.963725480371,1560811.0757901515,780.4055378950759,6502.6370315449,910.5724493472476,0.9400043486148012,0.0567497791359025,0.0023299947938264,0.00091587745547,21.25634414955681,21.194473372051437,18.3872406448035,15.194455154997977,14.26071680518458,0.0603718261724315,0.002478706398816,0.0009743332111384,0.0161388725985468,0.0410573367738861,0.0032564422448103,0.0586196260232171,0.0009738588566298,0.0032511515196125,806.2753873230566,539.9285450707467,3.6410449181755697,13.005470649667892,0.795382669856663,0.0152491953598619,0.12747,16.20535762831069,-0.0012388547013811,0.164325,4.025587861207811,1.707877738979497,-2.3112521889556183,6.933756566866855,ON,1,1.0,ON,1,1.0,ON,1,0.5837,ON,1,0.6798,ON,1,0.6662,ON,1,1.5351,ON,1,1.0,ON,1,1.0,ON,1,1.0,ON,1,1.0,ON,1,0.6037,ON,1,0.9511,ON,1,0.7239,ON,1,0.7367,ON,1,0.5002,ON,1,0.6435,ON,1,0.6828,ON,1,0.2137,2.8072327369637406,6.000018468273453,6.933757206934935,3.192785731309712,4.126524469971194,0.9337387386614822,0.0618707775428291,2.8691035145065698,6.061889245816282,6.995627984477764,3.935252103043034,1.1280193660792932,-2.064766365230419,-2.998505103891901,-2.311252402311645,6.933757206934935,-0.0012434388202771187,1.9850133046759328,3.7529465990488475,3.4623754577969126
HARQCT2,HARQCT2_off_2025-01-30,HAR,OFF,cluster,2,2168619.775136527,271.0774718920659,4396.3079377156,519.1277776962362,1272567.8498800287,636.2839249400143,3612.6963746041,499.3517293456461,568036.5344262953,284.0182672131477,4396.3079377156,713.7625328811664,14731.410320565335,7.365705160282667,302.6841407524,15.076339188130284,313283.98050963774,156.64199025481886,2861.9086801761005,320.55515352718555,0.5868100367202053,0.2619345912727067,0.0067929890197731,0.1444623829873149,14.589601935950595,14.056548131939232,13.249942777256422,9.597805129509789,12.65486853614747,0.4463703326147997,0.0115761295729281,0.2461825359951741,0.5515208292464785,0.0259339134505103,0.178210697326816,0.3690571992554285,0.2200849072239598,0.1639969294453359,2237.081127610507,2193.621123964189,3.453508543791066,15.227379743075474,0.8766869516637331,0.1560928990504489,1.3098,16.217902236687685,-0.0004194644819503,8.13,4.027145668646301,1.0178192625255098,-0.4672265319305874,4.458743002429445,OFF,1,0.1864,OFF,1,0.1317,OFF,1,0.4833,OFF,1,0.6765,ON,0,0.6665,OFF,1,-0.2591,OFF,1,0.3379,OFF,1,0.2292,OFF,1,0.3744,OFF,1,0.5793,ON,0,0.6238,ON,0,0.0703,OFF,1,0.2193,OFF,1,0.2815,OFF,1,0.4919,OFF,1,0.6113,ON,0,0.6828,OFF,1,-0.2682,0.8066063293189973,4.4588100964763715,1.4016820019663871,3.652203767157374,0.5950756726473898,-3.0571280945099844,0.5330541287010888,1.3396604580200862,4.99186422517746,1.934736130667476,1.6667746069404394,0.8601682776214421,-2.792035489535932,0.2650926049740523,-0.46722733398879573,4.4588100964763715,-0.00044969480649242194,0.5703568052094525,3.3113075437571697,-0.30610257368389593
HARQCT2,HARQCT2_on_2025-04-12,HAR,ON,cluster,2,670354535.1379368,83794.3168922421,1022796.4595559998,206402.30510964943,588069712.0839479,294034.8560419739,1022796.4595559998,315772.4061191655,79608306.66713549,39804.15333356775,461168.93247364,103605.7114854962,230357.2049943998,115.1786024971999,2214.8196078969,229.4064642224656,2446159.181859032,1223.0795909295157,15632.45088804,2193.5054149796806,0.8772517843307237,0.1187555278502811,0.0003436348870929,0.0036490529319022,20.32331728880917,20.19235605850184,18.192629013046265,12.347390789414524,14.710030080353672,0.1353722271888934,0.0003917175128405,0.0041596415043899,0.0307274364230239,0.0028936327707306,0.0040086932798236,0.1269605506387719,0.0041510141119656,0.0040006798772942,913.8590986263767,715.837591878469,3.063591036898519,8.85329959977739,0.8141036395879455,0.0131372328693703,0.114645,12.206036130962143,-0.0010879769682706,0.26193,3.4937138020956624,1.645612648658494,-1.8274419927160548,7.844965269087313,ON,1,0.984,ON,1,1.0,ON,1,0.5149,ON,1,0.677,ON,1,0.6665,ON,1,0.6783,ON,1,0.9851,ON,1,0.9996,ON,1,0.7001,ON,1,0.9506,ON,1,0.6222,ON,1,0.9213,ON,1,0.9322,ON,1,0.9921,OFF,0,0.5,ON,1,0.6619,ON,1,0.6828,ON,1,0.4508,1.999727056316594,7.844969608461513,5.482326385251742,5.845242552144919,3.482599328935148,-2.362643223209771,0.13096123051606767,2.1306882868326618,7.975930838977581,5.61328761576781,3.8317557625074627,1.8320287061908687,-4.01321384595405,-1.6505706227442793,-1.8274421284172473,7.844969608461513,-0.001097164733776698,1.4140205620436768,5.589005710655164,1.9059147867157957
HARQCT3,HARQCT3_off_2025-04-30,HAR,OFF,cluster,1,2754505.2976389388,344.3131622048673,14510.73206025,907.8780665840516,2081967.6922095004,1040.9838461047502,14510.73206025,1474.3423290891162,391149.30818704446,195.57465409352224,11739.48413121,646.5586766155332,17647.8517403866,8.8239258701933,87.24008325759999,13.059737193668909,263740.44550200703,131.87022275100352,1249.5807873481,199.79523750661585,0.7558408742194422,0.1420034691972904,0.0064069042653552,0.0957487523179119,14.828748782201584,14.548824490680635,12.876847185012812,9.778426003043238,12.482724529130802,0.1878748213291182,0.0084765252632951,0.1266784525469673,0.6742705150719944,0.0451179418471639,0.113778805126147,0.1721658461371396,0.119273881612607,0.1077585626568952,1425.8547395412936,1929.9827438411517,6.1165468991384815,52.07824791670612,0.8433880485821915,0.1430583965902065,0.05241,42.14399463361745,-0.0004700535159855,1.16265,6.491840619822352,1.1459651253480403,-0.6886999871832783,4.770398487637399,OFF,1,0.1341,OFF,1,0.0803,OFF,1,0.4991,OFF,1,0.6781,OFF,1,0.7213,OFF,1,-0.4601,OFF,1,0.2869,OFF,1,0.2366,OFF,1,0.3923,OFF,1,0.5309,OFF,1,0.7281,OFF,1,-0.1105,OFF,1,0.1084,OFF,1,0.072,ON,0,0.5009,OFF,1,0.6785,OFF,1,0.773,OFF,1,-0.7331,1.6719793819183213,4.770454669837944,2.0661032728344573,3.098475287919623,0.394123890916136,-2.704351397003487,0.2799244087941517,1.951903790712473,5.050379078632096,2.346027681628609,2.12713433114768,0.4551549492293585,-2.6433203386902644,0.06103105831322253,-0.6887010909448191,4.770454669837944,-0.0004924966901480722,1.1822679589585374,3.2124772030344055,-0.07047259589213355
HARQCT3,HARQCT3_on_2025-07-04,HAR,ON,cluster,1,1466555618.169131,183319.45227114137,2843128.800964,522016.6887313549,1396461128.0282629,698230.5640141314,2843128.800964,851494.2530161364,67672687.82334386,33836.34391167193,662210.70842689,103511.40012125055,1097535.1927951074,548.7675963975537,4785.9443474704,749.0378619221677,1324267.124729385,662.1335623646924,4117.987829402499,766.4126435552557,0.9522046833597928,0.0461439627552805,0.0007483761128441,0.0009029777720824,21.106182372133187,21.05720710839589,18.03019324176724,13.908578400877566,14.096370506101394,0.0484601300137114,0.0007859403822752,0.0009483021747975,0.0195687088443464,0.0162182887675475,0.0016540853652204,0.0473225448988451,0.0009478528203502,0.0016527188726787,764.3208988819122,470.56206501321645,3.489404528626753,11.635070450619365,0.7882230398540766,0.0129945193819596,0.12504,15.509149551455272,-0.0011856369658981,0.15798,3.938165759772947,1.826428676048436,-2.3202788674314987,7.148628707518324,ON,1,1.0,ON,1,1.0,ON,1,0.522,ON,1,0.6818,OFF,0,0.7213,ON,1,0.8141,ON,1,0.9998,ON,1,1.0,ON,1,0.9433,ON,1,1.0,OFF,0,0.7235,ON,1,0.7775,ON,1,0.5901,ON,1,0.6303,ON,1,0.5002,ON,1,0.6785,OFF,0,0.773,ON,1,0.1837,3.027013880689566,7.148629617934327,6.960837356712771,4.1216157372447615,3.933823476023205,-0.18779226122155634,0.04897526377152417,3.07598914446109,7.1976048817058516,7.009812620484295,4.284120213834164,1.2571063331445984,-2.864509404100163,-2.6767171428786067,-2.320279118904257,7.148629617934327,-0.001187611755388858,2.1404220417813993,4.601058399360156,3.0908067259708982
HARQST1,HARQST1_off_2025-04-21,HAR,OFF,cluster,1,8239821.882104188,1029.9777352630235,64857.36917521,3734.996382595028,7013669.530583181,3506.834765291591,64857.36917521,6797.529062564169,23464.170667364797,11.732085333682395,277.68889600000006,24.709448473827976,19241.95423635397,9.620977118176985,71.60365006723599,11.294375266156989,1183446.2266172874,591.7231133086436,5794.837493868899,1090.3267663744364,0.8511918862974395,0.0028476550832155,0.0023352391000277,0.1436252195193172,15.924489406764367,15.76337173546567,10.06327250147566,9.86490025902067,13.983942115997555,0.0033454913387415,0.0027434931389975,0.1687342441009928,50.43631174285868,0.8200568649245565,0.170905972788288,0.0033399076326206,0.1559213205467827,0.1577777848829223,1555.4247397956278,2020.5195400293503,7.700030233457835,78.37293994025654,0.7798742034187608,0.0399931618529531,0.14448,62.96968075590604,-0.0003571097367808,0.289065,7.93534377046891,1.644965889590337,-0.5931432064893709,5.898471476445,OFF,1,0.0573,OFF,1,0.0376,ON,0,0.5456,OFF,1,0.6781,OFF,1,0.7212,OFF,1,-0.9953,OFF,1,0.0624,OFF,1,0.0497,OFF,1,0.3648,OFF,1,0.1974,OFF,1,0.7282,OFF,1,-0.6407,OFF,1,0.0905,OFF,1,0.152,ON,0,0.5484,OFF,1,0.6785,OFF,1,0.7728,OFF,1,-1.1319,5.700141708672559,5.898523302289231,1.7794303218788574,0.19838159361667174,-3.920711386793702,-4.1190929804103735,0.16111769251556396,5.861259401188123,6.059640994804795,1.9405480143944214,3.344523833210161,-2.355617875462398,-2.55399946907907,1.5650935113313036,-0.5931434406262858,5.898523302289231,-0.00036592534798162937,4.030608855926641,2.4890510008743423,-1.8072143201481288
HARQST1,HARQST1_on_2025-07-04,HAR,ON,cluster,1,16918393.945768997,2114.7992432211245,303000.81711601,9376.500421889312,12804524.553531814,6402.262276765907,303000.81711601,17868.902530285843,831554.1041014217,415.7770520507109,5697.5610071961,931.8571011312304,223114.4790968368,111.55723954841838,1806.5823652881,222.9180759625586,3059200.809038923,1529.6004045194616,16337.159925610002,2415.5456957357296,0.7568404302781948,0.049150889071795,0.0131876867161279,0.180820993933882,16.643912046281557,16.36530922527231,13.631052846136596,12.315444759891164,14.933664593182836,0.064942208562675,0.0174246593978593,0.2389156111380081,3.6788956893442553,0.2683102374170424,0.240708151554856,0.0629205334286311,0.2142364898657265,0.215682306570725,1788.5234321038686,2463.6063742697315,16.057360438442505,357.9661495510564,0.7979909697610936,0.1117138028652728,0.04053,143.27639755274575,-0.0003519002879537,35.775,11.969811926347438,1.3084559122302462,-0.4772148773631581,4.049864465381146,ON,1,0.9482,ON,1,0.9952,OFF,0,0.4979,ON,1,0.6788,OFF,0,0.7213,ON,1,0.7761,ON,1,0.6553,ON,1,0.99,ON,1,0.5101,ON,1,0.9529,OFF,0,0.7275,ON,1,0.0424,ON,1,0.6341,OFF,0,0.2328,OFF,0,0.4965,OFF,0,0.6785,OFF,0,0.773,ON,1,0.2406,2.7342575036051713,4.049868869277766,1.4316448808747904,1.315611365672595,-1.302612622730381,-2.618223988402976,0.2786028399993761,3.0128603436045474,4.328471709277142,1.7102477208741664,2.0539428134394324,-0.6803146901657389,-1.9959260558383338,0.622297932564642,-0.47721496029159677,4.049868869277766,-0.00035481676820905614,1.9334120223094176,2.190448133436131,-0.7185677577646863
HARQST2,HARQST2_off_2025-04-21,HAR,OFF,cluster,1,1035023.4150312856,129.37792687891073,2766.5369804944003,258.66875281029564,624019.7238514603,312.0098619257301,2103.3184578025,312.12912665795807,44874.342456487895,22.437171228243947,1584.2421904516,88.48717132414967,15437.539555830754,7.718769777915376,201.6615845776,15.800873586839696,350691.8091675067,175.34590458375334,2766.5369804944003,316.9055088185438,0.6029039679576698,0.0433558717655981,0.0149151597264725,0.3388250005502593,13.84993557380559,13.3439388581005,10.71164375710381,9.644622230752075,12.767665931690814,0.071911737307678,0.0247388647597951,0.5619883406929335,7.814973768133487,0.3440170643270293,0.5473652214373658,0.0694437246578842,0.4459595870445228,0.4365536273974845,2752.298957782565,2761.9020086536448,3.684584721034261,19.175458292587376,0.8684749295208446,0.1573130794164708,33.5,21.383376957968725,-0.0002652444755232,40.185,4.624216361461611,1.0667634043801977,-0.1920909754698948,3.6993166273484217,OFF,1,0.0,OFF,1,0.0,OFF,1,0.1638,OFF,1,0.6682,OFF,1,0.7217,OFF,1,-1.0168,OFF,1,0.1048,OFF,1,0.067,OFF,1,0.3545,OFF,1,0.2981,OFF,1,0.7282,OFF,1,-0.468,OFF,1,0.0,OFF,1,0.0,OFF,1,0.2082,OFF,1,0.6779,OFF,1,0.774,OFF,1,-0.9508,2.6323157826853176,3.6993797999002567,0.5762741754000285,1.067064017214939,-2.056041607285289,-3.123105624500228,0.5059973520560064,3.138313134741324,4.205377151956263,1.0822715274560348,1.7269924394964011,-0.9053233431889165,-1.9723873604038555,1.1507182640963727,-0.19209139180000948,3.6993797999002567,-0.00028543143656854303,1.8613283401611627,1.9458925399293283,-1.3287349990749198
HARQST2,HARQST2_on_2025-06-29,HAR,ON,cluster,1,7281417.56844678,910.1771960558476,267354.04255641,5619.313042846121,5469813.543668058,2734.906771834029,267354.04255641,10984.289861111716,169114.4984762614,84.5572492381307,3950.3563054596,176.75721678266726,434697.6004652879,217.34880023264395,4698.2346970689005,571.9690755708606,1207791.925837173,603.8959629185863,5504.3089324609,841.7809114326326,0.7512017395308974,0.0232254910375007,0.0596995840959598,0.165873185335642,15.800836259493584,15.514755269557964,12.03833718341456,12.98240819743015,14.004305223774017,0.0309177812234568,0.0794721057664609,0.2208104382708092,7.141859135156106,2.5704336670089583,0.2912769083106757,0.0304494552239085,0.1995149318643923,0.2556315801973522,1768.2746681934177,2370.449722843108,25.58411183375278,905.7197915401832,0.7695380910652307,0.1383596960873638,0.05511,293.7384541328105,-0.0002494504562702,31.575,17.138799670073034,1.3419630853177615,-0.5034833485946493,3.476418086143404,ON,1,0.9997,ON,1,1.0,ON,1,0.5081,ON,1,0.6817,OFF,0,0.7212,ON,1,1.4912,ON,1,0.6707,ON,1,0.9998,ON,1,0.5722,ON,1,0.9908,OFF,0,0.727,OFF,0,-0.2512,ON,1,1.0,ON,1,1.0,ON,1,0.5069,ON,1,0.6789,OFF,0,0.7729,ON,1,1.8021,3.476423816457917,2.532349189753379,1.5104506909192157,-0.9440746267045377,-1.9659731255387012,-1.0218984988341635,0.28608103542130614,3.762504851879223,2.8184302251746853,1.7965317263405218,1.8798059242826266,-1.5966178921752903,-0.6525432654707526,0.3693552333634109,-0.5034835636397386,3.476423816457917,-0.0002533410811178852,2.458202854895811,0.6484103751519286,-0.42649468681792463
HARQST3,HARQST3_off_2025-06-21,HAR,OFF,cluster,1,890466.9780453021,111.30837225566276,2881.8569733849,296.50643365710977,342337.0725820295,171.16853629101476,2218.1707384516,276.9197200324051,30667.51997523233,15.333759987616164,1004.8411825929,75.14431000278074,13474.499854187734,6.737249927093867,93.59595025,9.798634186786815,503987.88563385257,251.99394281692628,2881.8569733849,475.0948684969563,0.3844466791272896,0.0344398172322479,0.0151319478278308,0.5659815558126315,13.699502421542894,12.743554044105949,10.330991999511976,9.508628490019642,13.130309494496563,0.0895828188978694,0.0393603291414477,1.4721978015151038,16.433930295780318,0.4393736391019104,1.387281539723173,0.0857948880232521,0.9051075531884072,0.8701552874995845,3996.2916612156014,2992.9482678243376,4.66839660541096,25.59203285169617,0.8291919604647258,0.1227785155684805,30.84,25.890747613872303,-1.4463072788173032e-05,69.62,5.088295157850491,1.2550883173785297,0.1289184834635387,3.6216810044769225,OFF,1,0.0,OFF,1,0.0,OFF,1,0.1844,OFF,1,0.6696,OFF,1,0.7216,OFF,1,-0.8232,OFF,1,0.0652,OFF,1,0.0306,OFF,1,0.3401,OFF,1,0.1882,OFF,1,0.7283,OFF,1,-0.6252,OFF,1,0.0002,OFF,1,0.0,OFF,1,0.2305,OFF,1,0.6781,OFF,1,0.7738,OFF,1,-0.621,2.412591730757349,3.234996844496589,-0.3867563873112392,0.8224051137392401,-2.799348118068588,-3.621753231807828,0.9559501755246345,3.3685419062819832,4.190947020021223,0.5691937882133953,1.3152080469856742,-1.0973836837716746,-1.9197887975109147,1.7019644342969134,0.12891879577041307,3.621753231807828,-1.39437832725371e-05,1.7059599730531108,1.6564274131745074,-1.9652592485849845
HARQST3,HARQST3_on_2025-06-17,HAR,ON,cluster,1,3937622.097307111,492.2027621633889,92321.78402500002,2598.39057671956,2273267.6428592866,1136.6338214296434,92321.78402500002,4645.87458615314,50244.12170171625,25.122060850858123,893.1329492089,71.59152015581346,85020.53695218942,42.51026847609471,838.72214449,91.61840711596716,1529089.7957939184,764.5448978969592,16900.85801089,2121.088177972687,0.5773199120387772,0.0127600161874542,0.0215918477830398,0.3883282239907286,15.186087824435509,14.636729284526394,10.82466874064584,11.35065987928631,14.240183865616356,0.0221021584763762,0.0374001438938418,0.6726395814396833,30.43320778580262,1.692148933466044,0.6946856725084748,0.0218614461561388,0.5144029663030564,0.5274972796877561,3029.408556439128,3284.696062752411,15.035077686820436,343.18750165943527,0.7464546128385169,0.0823925848552849,0.046605,187.56860205171836,-5.544099022627575e-05,74.065,13.69556870122835,1.5853154019591618,-0.1321818063033456,3.812060543880556,ON,1,0.9008,ON,1,0.9979,ON,1,0.515,ON,1,0.6787,OFF,0,0.7212,ON,1,0.4805,OFF,0,0.1085,OFF,0,0.2087,OFF,0,0.3896,OFF,0,0.3757,OFF,0,0.728,OFF,0,-0.5679,ON,1,0.8217,ON,1,0.769,ON,1,0.5178,ON,1,0.6786,OFF,0,0.7729,ON,1,0.1543,3.8120800066129483,3.2860807271396837,0.39654563299833967,-0.5259992794732646,-3.4155343736146087,-2.889535094141344,0.5493587258440815,4.36143873245703,3.835439452983765,0.9459043588424212,1.8736765916877438,-1.9384034149252045,-1.4124041354519399,1.4771309586894041,-0.13218187766611322,3.8120800066129483,-5.6643368483004844e-05,2.695547623101675,1.1267985325508398,-1.7056439132553138
VAN1,VAN1_off_2025-09-15,VAN,OFF,cluster,3,9055208.717575788,1131.9010896969737,72645.61231225,5574.610038467046,8973751.853883456,4486.875926941728,72645.61231225,10454.352617972709,36580.6994380692,18.2903497190346,759.6583316100001,48.00884260122263,1512.942089637991,0.7564710448189955,7.702367798595999,1.007081294719259,43363.22216462421,21.681611082312106,238.5668682721,35.40228913495834,0.9910044189777506,0.0040397411676516,0.0001670797589349,0.0047887600956627,16.018850809448438,16.009814524898516,10.507303378986794,7.322472183356991,10.677390006018316,0.004076410851748,0.0001685963813433,0.0048322288013629,1.1854126036286523,0.041359025738642,0.0049805225266313,0.0040681247996342,0.0048205910595311,0.0049681607527172,539.8387924092768,509.0106561525237,8.299420781374119,78.9787451720871,0.7031007920631585,0.008667559303343,0.108165,64.18017702561968,-0.000655964278607,0.125985,8.011253149491896,2.464183048526176,-1.777474839626733,8.687342341541525,OFF,1,0.0083,OFF,1,0.0006,OFF,1,0.4992,OFF,1,0.4374,ON,0,0.6753,OFF,1,-1.249,OFF,1,0.0187,OFF,1,0.0041,OFF,1,0.3623,OFF,1,0.1398,ON,0,0.6705,OFF,1,-0.904,OFF,1,0.013,OFF,1,0.003,ON,0,0.5011,OFF,1,0.4662,ON,0,0.6633,OFF,1,-0.6548,5.50253837092208,8.688002975596198,5.3324474681951095,3.1854646046741184,-0.17009090272697058,-3.355555507401089,0.009036285552355139,5.511574656474435,8.697039261148554,5.341483753747465,4.880747203678348,-0.6217911672437317,-3.80725577191785,-0.45170026451676115,-1.7774824893983698,8.688002975596198,-0.0007162102323638613,3.890882195818181,4.847322841523456,0.5215785386235539
VAN1,VAN1_off_2025-09-17,VAN,OFF,cluster,3,10872089.768996855,1359.0112211246071,86746.33044529002,7136.188442918759,10813059.692852348,5406.529846426174,86746.33044529002,13485.315282553727,47067.78715864687,23.533893579323436,891.3132627168999,59.16825227502431,1226.0909012972356,0.6130454506486178,38.12180760979601,1.7703039448854716,10736.19808456335,5.368099042281675,45.155819556864,2.7686229093666173,0.994570494044959,0.0043292309168442,0.0001127741701318,0.0009875008680648,16.201709583655827,16.19626528486414,10.75936536730407,7.11240152615364,9.281469448045122,0.004352864822318,0.0001133898208392,0.0009928917798964,0.2281007613157546,0.0260494698239906,0.001101486976822,0.0043434185086678,0.0009923991888858,0.0011008807851426,513.0032686470786,340.1285289641987,8.684439574585888,83.81030393499604,0.6914263224815536,0.0061454169811025,0.1083,63.83047402176667,-0.0007671734629878,0.12072,7.98939760065958,2.6208626537381035,-2.3049319456063397,9.0838637587105,OFF,1,0.0105,OFF,1,0.0022,OFF,1,0.4983,OFF,1,0.4685,ON,0,0.6753,OFF,1,-1.1767,OFF,1,0.0179,OFF,1,0.0037,OFF,1,0.367,OFF,1,0.1348,ON,0,0.6705,OFF,1,-0.9162,OFF,1,0.0242,OFF,1,0.0083,ON,0,0.5003,OFF,1,0.5,ON,0,0.6633,OFF,1,-0.5149,5.436921070806749,9.084678934021335,6.914888882842552,3.6477578632145864,1.4779678120358035,-2.169790051178783,0.005444299293813515,5.442365370100562,9.090123233315149,6.920333182136366,5.359122221917659,-0.07779884888909017,-3.7255567121036766,-1.5557666609248937,-2.3049629609475173,9.084678934021335,-0.0008473754012850693,3.8444837579434776,5.197995555910749,1.7964446009624646
VAN1,VAN1_off_2025-09-20,VAN,OFF,cluster,3,10059835.00873757,1257.4793760921962,76568.70081025001,6281.143512849461,9925698.206232203,4962.849103116103,76568.70081025001,11810.637056354804,46094.28100666749,23.047140503333743,754.7019929856,51.701776395299774,2664.3318175694976,1.3321659087847488,38.237947811856,2.367449966915698,85378.18968112652,42.68909484056326,899.0198669956001,100.09975683943964,0.9866661031330176,0.0045820116300746,0.0002648484607605,0.0084870367761469,16.124061421184667,16.110637831046766,10.738465859464627,7.888083838256233,11.354857669532862,0.004643933358534,0.0002684276473262,0.0086017313751802,1.852251251449706,0.0578017871051357,0.0088291570057597,0.0046331835680408,0.0085649472713288,0.00879040791323,584.5990801420569,620.3934535808387,8.240872753282314,76.71411295547243,0.7008386523963628,0.0097837670087725,0.10776,60.890621560882,-0.0006374509013444,0.127875,7.803244297120488,2.4376730293360094,-1.5852600538379684,8.222553992790534,OFF,1,0.0092,OFF,1,0.0005,OFF,1,0.5,OFF,1,0.4391,ON,0,0.6753,OFF,1,-1.2138,OFF,1,0.0223,OFF,1,0.0052,OFF,1,0.3665,OFF,1,0.1506,ON,0,0.6705,OFF,1,-0.8538,OFF,1,0.0129,OFF,1,0.003,ON,0,0.5017,OFF,1,0.4656,ON,0,0.6633,OFF,1,-0.7198,5.372193565263563,8.222929150249639,4.755791773289889,2.850735584986076,-0.616401791973674,-3.4671373769597498,0.013423591481270591,5.385617156744834,8.23635274173091,4.76921536477116,4.587728622200773,-0.7844649430627904,-3.635200528048866,-0.1680631510891164,-1.5852639244299631,8.222929150249639,-0.0006930474810199879,3.798714499844601,4.520804697329946,0.1940626110443167
VAN1,VAN1_off_2025-09-23,VAN,OFF,cluster,3,12124704.00115108,1515.5880001438852,118733.92916841,8596.15870876363,12001043.136507688,6000.521568253844,118733.92916841,16392.346205063477,43240.93405725783,21.62046702862892,846.7459812100001,55.68358466602282,1328.810659937085,0.6644053299685424,27.855088395264,1.6469623267943132,79091.11992619769,39.545559963098846,2977.4003381136,208.3214356834212,0.9898009168197712,0.0035663496653734,0.0001095953072182,0.0065231382076369,16.310755664689875,16.300504215342645,10.674565999181578,7.192791850131957,11.278368527126904,0.0036030979611858,0.0001107245965889,0.0065903537739642,1.8290798209779529,0.0307303875107507,0.0066770204119202,0.0035966223538969,0.006568732335827,0.0066548278431807,550.1875354501866,544.1024618641111,9.233295184984414,93.7642073303858,0.679625085786416,0.0062880435400947,0.10749,78.3418245308949,-0.0007094637174825,0.11586,8.851091714048476,2.661663745832453,-1.6740452294052477,9.107712365210688,OFF,1,0.0044,OFF,1,0.0003,ON,0,0.5,OFF,1,0.4211,ON,0,0.6753,OFF,1,-1.4083,OFF,1,0.0163,OFF,1,0.0034,OFF,1,0.3674,OFF,1,0.1295,ON,0,0.6705,OFF,1,-0.9425,OFF,1,0.0072,OFF,1,0.0008,ON,0,0.5017,OFF,1,0.4307,ON,0,0.6633,OFF,1,-0.8275,5.625961258802512,9.108464551521188,5.022148248454181,3.4825032927186745,-0.6038130103483308,-4.086316303067005,0.010251450197078071,5.63621270899959,9.118716001718266,5.032399698651259,4.93914351469447,-0.6868177441080423,-4.169321036826717,-0.08300473375971151,-1.6740494161513941,9.108464551521188,-0.0007824681455017958,3.978155356792062,5.140241097696394,0.09584561076036634
VAN1,VAN1_off_2025-09-26,VAN,OFF,cluster,3,12924823.204485768,1615.602900560721,126856.00039225,9681.195774053807,12858425.59694616,6429.2127984730805,126856.00039225,18547.310823626103,42722.8735002894,21.3614367501447,889.4435381316001,53.69150794409149,1740.2073122202935,0.8701036561101467,19.074261373281004,1.6952537324167412,21934.526727097906,10.967263363548954,1011.76158724,43.79947882636754,0.9948627840792,0.003305489972618,0.000134640705307,0.0016970852428747,16.374660377065943,16.36950992068405,10.662513141346889,7.462334009198553,9.99586282640058,0.0033225586739353,0.0001353359553313,0.001705848555231,0.5134141252562496,0.0407324500812842,0.0018350873252524,0.0033170511718253,0.0017043952480975,0.0018334056095892,519.8993686032273,355.05091435776995,9.45413688598931,97.04788709260308,0.6671434454369527,0.0056177404362611,0.108165,78.51929477733341,-0.0007338766869787,0.1137,8.861111373690525,2.7945079638830634,-2.1245490314278226,8.907175911485496,OFF,1,0.0062,OFF,1,0.0006,OFF,1,0.4986,OFF,1,0.4403,ON,0,0.6753,OFF,1,-1.3249,OFF,1,0.0138,OFF,1,0.0027,OFF,1,0.3683,OFF,1,0.1202,ON,0,0.6704,OFF,1,-0.992,OFF,1,0.01,OFF,1,0.0014,ON,0,0.5005,OFF,1,0.4501,ON,0,0.6633,OFF,1,-0.7098,5.7070201079584955,8.907750312848407,6.373692605698848,3.2007302048899113,0.6666724977403522,-2.534057707149559,0.005150456781414903,5.71217056473991,8.912900769629822,6.378843062480263,5.247115756626437,-0.4599043513320584,-3.6606345562219698,-1.1265768490724106,-2.124564201899616,8.907750312848407,-0.0008039310740717785,4.035472618705435,4.943266471481659,1.3008588941495143
VAN1,VAN1_on_2025-09-16,VAN,ON,cluster,3,3935996255.961404,491999.5319951755,9094784.251536,1405644.9946333314,3926727947.184309,1963363.9735921544,9094784.251536,2239735.379012522,8846537.141979314,4423.268570989657,139442.04829636,19318.73462905236,11756.511402626033,5.878255701313016,50.051167849225,10.199866575407802,410015.1237136473,205.00756185682363,1375.4707882755995,282.67594576397823,0.9976452445138744,0.0022475979565733,2.986921388662346e-06,0.0001041706081637,22.09342986516071,22.09107233287851,15.995536770059196,9.37224758363596,12.923951764038083,0.002252902992254,2.993971459381628e-06,0.0001044164834509,0.046347527527801,0.0013289393594287,0.0001071690135191,0.0022503690114694,0.0001044110324294,0.0001071632713306,469.14916014991263,403.6611098815296,3.640425113419976,13.510905096203311,0.784360592651765,0.0005354461338004,0.05241,18.485351428393592,-0.0016262529505229,0.137865,4.29945943443921,2.0508837356881333,-3.055706856280142,12.718824749242552,ON,1,0.9539,ON,1,0.9779,ON,1,0.527,ON,1,0.6589,ON,1,0.6753,ON,1,0.7524,ON,1,0.9551,ON,1,0.9738,ON,1,0.8732,ON,1,0.8564,ON,1,0.6661,ON,1,0.3561,ON,1,0.8158,ON,1,0.9051,ON,1,0.501,ON,1,0.6883,ON,1,0.6633,ON,1,0.2475,6.095535675603227,12.718909804616933,9.167123007517214,6.6233741290137065,3.071587331913987,-3.5517867970997195,0.0023575322827973366,6.097893207886024,12.72126733689973,9.169480539800011,6.9953921219343425,0.8998564463311158,-5.723517682682591,-2.171730885582871,-3.0557076691724046,12.718909804616933,-0.0016456630345897578,4.310194611183565,7.8964543495713535,2.5076988227973898
VAN1,VAN1_on_2025-09-19,VAN,ON,cluster,3,3827684186.181246,478460.5232726557,9445818.294025002,1382431.975254382,3819003144.828712,1909501.572414356,9445818.294025002,2216668.7790304334,8420238.820521541,4210.119410260771,126873.45324899998,18331.395136372736,10503.151280651153,5.251575640325576,45.115455974416,8.973813309718507,250299.3807315776,125.1496903657888,1156.9970949156,205.52247306105903,0.9977320382428952,0.0021998259028057,2.743996309457756e-06,6.539185798954146e-05,22.0655258063974,22.063255268920457,15.946148868060112,9.259525818073431,12.430416998519698,0.0022048263646819,2.750233734390452e-06,6.554050134012232e-05,0.0297259241770585,0.0012473697604694,6.814049710998215e-05,0.0022023993018793,6.553835365530408e-05,6.813817565176523e-05,462.37455703820143,403.94744600496864,3.7388822012874248,14.376183515686732,0.7832820420099436,0.0004635153963803,0.054975,19.74210584692732,-0.00167606123537,0.13773,4.44320895827797,2.0609918929648066,-3.2109460901335862,12.803729450847024,ON,1,0.9525,ON,1,0.9698,ON,1,0.5264,ON,1,0.6482,ON,1,0.6753,ON,1,0.7137,ON,1,0.9491,ON,1,0.9682,ON,1,0.8665,ON,1,0.8456,ON,1,0.6662,ON,1,0.342,ON,1,0.8326,ON,1,0.9237,ON,1,0.501,ON,1,0.6923,ON,1,0.6633,ON,1,0.2648,6.117106519359966,12.803824655573797,9.632842265346566,6.68671813621383,3.5157357459866,-3.1709823902272305,0.002270537477532031,6.119377056837498,12.806095193051329,9.635112802824098,7.138443360070083,1.0213368407101164,-5.665381295503714,-2.4943989052764834,-3.2109474217821887,12.803824655573797,-0.0016975257517121572,4.325447501079871,7.956980774960067,2.8802837588553714
VAN1,VAN1_on_2025-09-22,VAN,ON,cluster,3,5275731369.508729,659466.4211885912,10759961.336644,1531206.5506554898,5248007759.230595,2624003.879615297,10759961.336644,2056413.8631321075,27647320.036170952,13823.660018085477,512510.08958361,59434.09565230928,2096.716974362658,1.0483584871813292,16.84609936,1.4934697647774868,74193.52498864429,37.09676249432214,231.66544671360003,48.81013481697746,0.9947450678708996,0.0052404715289257,3.974267883464852e-07,1.4063173386243342e-05,22.38638315513541,22.38111436728958,17.13503939285422,7.648604877264391,11.214445639218026,0.0052681553276179,3.995262717885264e-07,1.4137464804267309e-05,0.0026835702300105,7.583798254657054e-05,1.446080928657112e-05,0.005254327142098,1.4137364871253628e-05,1.4460704730076487e-05,672.2239203960373,458.6862963357603,2.68013497665658,6.902930863574021,0.8136556309757492,0.0002613660676319,0.043365,16.316162568597125,-0.0018480727907317,0.1866,4.0393269945119705,1.8818802023888868,-3.7222229093571855,14.73250949002519,ON,1,0.9922,ON,1,0.9882,ON,1,0.5348,ON,1,0.6637,ON,1,0.6753,ON,1,0.8104,ON,1,0.9928,ON,1,0.9962,ON,1,0.9326,ON,1,0.9375,ON,1,0.6647,ON,1,0.6306,ON,1,0.8986,ON,1,0.9356,ON,1,0.5011,ON,1,0.6977,ON,1,0.6633,ON,1,0.4187,5.246075010414682,14.732986312228832,11.166682206055297,9.48691130181415,5.920607195640615,-3.5663041061735337,0.005268787846826939,5.251343798261509,14.738255100075659,11.171950993902124,7.7864358821747,2.5403608717600186,-6.94655043005413,-3.3802463238805966,-3.722227402018433,14.732986312228832,-0.0018694623660969524,3.70953521447751,9.887731796142843,3.90317225003941
VAN1,VAN1_on_2025-09-23,VAN,ON,cluster,3,3875508931.428977,484438.6164286221,8076264.883129,1340247.5438663564,3866980352.976017,1933490.1764880088,8076264.883129,2094053.222555153,8222889.535820676,4111.444767910338,136682.30461248997,17800.529021222526,3137.285223442017,1.5686426117210086,33.735617048169004,2.948016770288852,302551.6319156081,151.27581595780404,1236.8487136996002,246.03256643784425,0.9977993655533094,0.0021217573436964,8.095156736705644e-07,7.806758732047388e-05,22.077942828528748,22.07573976912836,15.922432351912668,8.05143182254739,12.620010531122226,0.0021264368538858,8.113010507093915e-07,7.823976444120414e-05,0.0367938339190367,0.0003815307514195,7.888332508230147e-05,0.0021241791869966,7.823670387047208e-05,7.8880213956423e-05,468.82732568629024,408.3524051987226,3.3327789595711157,10.65364814642428,0.7876777009341669,0.0004737797906692,0.056055,16.67138954088514,-0.0017161974883386,0.138945,4.083061295263684,2.036410207728496,-3.1519097460020453,14.024307946580972,ON,1,0.9118,ON,1,0.9729,ON,1,0.5258,ON,1,0.6561,ON,1,0.6753,ON,1,0.6671,ON,1,0.9499,ON,1,0.9619,ON,1,0.8672,ON,1,0.8391,ON,1,0.6662,ON,1,0.3482,ON,1,0.8447,ON,1,0.9002,ON,1,0.501,ON,1,0.6894,ON,1,0.6633,ON,1,0.2746,6.153307538568839,14.024626642452656,9.45573254296305,7.871319103883817,3.3024250043942107,-4.568894099489606,0.002203059400951446,6.155510597969791,14.026829701853607,9.457935602364001,7.408416680996137,1.2551091424272975,-6.616209961456519,-2.047315861966913,-3.15191084765435,14.024626642452656,-0.0017415911549780872,4.35104548724833,8.938982419031358,2.3640367280455763
VAN1,VAN1_on_2025-09-26,VAN,ON,cluster,3,5222242817.768479,652780.35222106,9274662.157489,1527928.9437092722,5180857594.637857,2590428.797318929,9274662.157489,2079488.7436548693,41173682.388025135,20586.84119401257,712000.1276010001,87963.20868668018,4734.14535201866,2.3670726760093297,52.332506642641,4.85566295721823,206806.5972448438,103.4032986224219,1098.3769187329,193.0823831986546,0.9920752012928602,0.0078842910651211,9.06534896445434e-07,3.960110712224877e-05,22.376192805331968,22.368236438517872,17.53330985751249,8.46276770251305,12.23954415810237,0.0079472715927647,9.13776390402712e-07,3.991744483748922e-05,0.0050227860431785,0.0001149798870891,4.050928295422654e-05,0.0079158583531521,3.9916648157488925e-05,4.050846247538173e-05,652.1577723317915,542.6067467588367,3.123016352221351,10.09625157428954,0.8189021469205169,0.0004208277975686,0.05349,14.207937058663482,-0.0018383859971714,0.21549,3.769341727498313,1.8116323983146263,-3.3762307601385007,13.905468736004822,ON,1,0.9949,ON,1,0.999,ON,1,0.5355,ON,1,0.7175,ON,1,0.6753,ON,1,1.0422,ON,1,0.9946,ON,1,0.9975,ON,1,0.932,ON,1,0.9452,ON,1,0.6648,ON,1,0.7206,ON,1,0.9265,ON,1,0.9689,ON,1,0.501,ON,1,0.7105,ON,1,0.6633,ON,1,0.4078,4.834926605099724,13.905679944873786,10.128697115646474,9.070753339774061,5.29377051054675,-3.776982829227311,0.007956366815626836,4.842882971915351,13.913636311689412,10.136653482462101,7.217325916404995,2.382399311305271,-6.68835402846879,-2.9113711992414792,-3.3762323718821583,13.905679944873786,-0.0018566984450518907,3.418809389005268,9.380089609414485,3.361761891185982
AEP_Turk,AEP_Turk_S1,AEP,ON,cluster,2,54880462.538477786,6860.057817309723,95819.05999260645,16527.412866734732,53853366.576046206,26926.6832880231,95819.05999260645,23558.418975170545,522295.18167112034,261.1475908355601,4067.2882855001785,606.6437640198309,38838.65759530072,19.41932879765036,310.5926216421355,33.39264959744903,465962.1231651565,232.98106158257823,4535.45297799076,570.7124662455014,0.9812848522967264,0.0095169602716983,0.0007076955222101,0.008490491909365,17.82066798774707,17.80177549584249,13.16599010379288,10.567197106591449,13.051861775137736,0.0096984685429754,0.0007211927510688,0.0086524232892137,0.8921432544588783,0.0743615085074293,0.0092835795361847,0.0096517402823861,0.0086152056028603,0.009240751969711,893.1121319012138,735.4458664022183,3.1263943535602245,9.935547276425543,0.8170206062205815,0.0193599711736012,0.084675,13.967675279766368,-0.0009216100584363,0.231555,3.7373353180752784,1.6223535916337886,-1.5833045735682518,7.234578389251045,OFF,0,0.1945,OFF,0,0.0246,ON,1,0.5012,OFF,0,0.6765,ON,1,0.6665,OFF,0,-0.2166,OFF,0,0.3178,OFF,0,0.4058,OFF,0,0.4364,OFF,0,0.5786,ON,1,0.6236,OFF,0,-0.0508,OFF,0,0.2962,OFF,0,0.1451,ON,1,0.5007,OFF,0,0.6169,ON,1,0.6828,OFF,0,-0.0982,4.635787288104959,7.23460411789347,4.749915848230691,2.598816829788511,0.11412856012573158,-2.4846882696627794,0.018892492252099657,4.654679780357059,7.25349661014557,4.76880834048279,4.1550768135572795,-0.48071047454767957,-3.0795273043361906,-0.5948390346734111,-1.5833052827435636,7.23460411789347,-0.0009366686577771382,3.277996627557412,4.014477291302709,0.6868609535863816
AEP_Turk,AEP_Turk_S2,AEP,OFF,cluster,2,207406.41438886095,25.925801798607623,1127.4638357739573,86.54456297097276,187151.44352222196,93.57572176111096,1127.4638357739573,154.32097490362486,9394.17895446895,4.697089477234475,34.87090840156164,5.360954171836477,1283.732814847116,0.641866407423558,24.904347539384293,1.6510536036000605,9577.059097322966,4.788529548661483,13.67868648775783,0.4299438525168222,0.9023416371845492,0.0452935796713405,0.0061894557052622,0.0461753274388475,12.242440323361627,12.139678769737973,9.14795195950745,7.158306049520658,9.1672302509945,0.0501955997646543,0.0068593262797239,0.0511727770677581,1.019467389616583,0.1366519438188659,0.055258376021083,0.0489764323105915,0.0499064714073184,0.0537856431245279,789.9007445295454,1555.8165462463398,5.78403714206755,41.56099448365271,0.7903178804419689,0.1160724918431527,0.030945,43.48809901918483,-0.0002801869139556,0.143805,6.594550706275932,1.4149244097912683,-0.990816172914491,4.981372720217315,OFF,1,0.0049,OFF,1,0.0002,OFF,1,0.4991,OFF,1,0.6764,ON,0,0.6665,OFF,1,-1.1937,OFF,1,0.0167,OFF,1,0.0042,OFF,1,0.2905,OFF,1,0.2004,ON,0,0.6241,OFF,1,-0.8286,OFF,1,0.0105,OFF,1,0.0007,ON,0,0.5015,OFF,1,0.5593,ON,0,0.6827,OFF,1,-0.8412,2.991827910211496,4.982146052014607,2.9725475862281208,1.9903181418031108,-0.019280323983375425,-2.0095984657864863,0.10276207543564198,3.094589985647138,5.084908127450249,3.0753096616637627,2.7366303871135553,-0.25519752309794086,-2.2455156649010517,-0.23591719911456543,-0.9908491954093736,4.982146052014607,-0.0003300498773338836,2.1155418034537266,2.846496587446581,0.27241371683051274
Towantic_GT1,20250104_1230 GT1,Tow,ON,cluster,3,4783924367.076885,598065.3040476165,7238369.865478516,1071788.9054865288,4494521446.574271,2247260.723287136,7238369.865478516,913425.6680789205,289327020.20969194,144663.51010484598,2624795.522713661,345610.0503848898,56738.17596140874,28.383279620514628,1005.6012184799328,86.07567663655084,19162.11696020802,9.581058480104009,450.8481373647228,24.81404064345643,0.9395051220930052,0.0604790122103203,1.186017411811161e-05,4.005522556351914e-06,22.28852704412129,22.226125035926355,19.483068167623006,10.94622018519444,9.860742718889206,0.0643732650180626,1.2623852535992374e-05,4.263438763834e-06,6.622995994746728e-05,0.0001961039654031,1.586594839878827e-05,0.0623861423858654,4.263429675404786e-06,1.586582253596026e-05,1030.2496507789697,613.4554326934704,1.9427915659641368,3.8244974940273337,0.8543418997704855,0.0014467974056475,0.030945,12.102975739422282,-0.0022153953405677,0.268275,3.4789331323581303,1.4951363036745338,-4.12179410567905,12.365382317037149,ON,1,1.0,ON,1,1.0,ON,1,0.5536,ON,1,0.903,ON,1,0.6752,ON,1,0.9118,ON,1,0.9986,ON,1,0.9999,ON,1,0.9225,ON,1,0.9777,ON,1,0.6651,ON,1,1.1443,ON,1,0.9949,ON,1,0.9994,ON,1,0.5011,ON,1,0.7908,ON,1,0.6633,ON,1,0.8364,2.7430568715371493,11.279922475171661,12.365434501753809,8.536865603634512,9.62237763021666,1.0855120265821476,0.06240200820840158,2.805458879745551,11.342324483380063,12.42783650996221,6.597103462115655,3.8540465905785055,-4.682819013056006,-5.768331039638154,-4.121811500584603,12.365434501753809,-0.002239572196835088,1.9396341150442749,8.09016985565728,6.660694957019925
Towantic_GT1,20250105_0031 GT1,Tow,OFF,cluster,3,29721549.007337768,3715.658083177618,568365.3388403393,28331.116546241155,28945284.05989329,14472.642029946646,568365.3388403393,55267.97325508023,710266.7083252451,355.13335416262254,15418.931170273803,1130.7884215641743,47461.56113073799,23.74265189131465,1810.280394461719,112.73660276328108,18536.67798849479,9.268338994247395,413.0443291133597,22.363493227471096,0.9738820830888448,0.0238973651120906,0.0015968737402959,0.0006236780587686,17.207382930132805,17.180917883776107,13.473397231929727,10.76769649251896,9.827560587937237,0.0245382531695161,0.001639699269578,0.0006404040793014,0.0260981934971678,0.0668221677496076,0.0022254936229328,0.0242420263789825,0.0006401991081139,0.002223020880036,424.5160052891383,399.4844395396634,11.066542195994709,141.06246727042148,0.60877957892686,0.0072404811068652,0.07887,152.9649193001795,-0.0008319326435617,0.084135,12.367898742295788,3.1215780008762533,-2.4511190986129567,7.353357295838871,OFF,1,0.0353,OFF,1,0.0006,ON,0,0.5006,OFF,1,0.4275,ON,0,0.6753,OFF,1,-0.9573,OFF,1,0.0621,OFF,1,0.054,OFF,1,0.4347,OFF,1,0.2695,ON,0,0.67,OFF,1,-0.6324,OFF,1,0.0022,OFF,1,0.0,ON,0,0.5003,OFF,1,0.3489,ON,0,0.6633,OFF,1,-1.0,3.707522025219271,6.413242426169237,7.353411206934693,2.705720400949966,3.6458891817154218,0.9401687807654557,0.02646504725901977,3.733987072478291,6.439707473428257,7.379876254193713,4.368543914580801,0.6610218893615301,-2.044698511588436,-2.9848672923538917,-2.451137068978231,7.353411206934693,-0.0008873627072988726,2.621613965431029,3.722800984974931,3.4466278694716577
Towantic_GT2,20250105_0434 GT2,Tow,ON,cluster,3,2258494293.3145404,282347.08004932373,2150762.2428786904,501982.9514911245,2140616521.6079843,1070308.2608039922,2150762.2428786904,379783.7958918982,117827373.82468304,58913.68691234152,1376006.0364786536,182742.5681814084,35221.81980041915,17.61971976008962,418.4587571241573,39.3936220834113,15176.062072753455,7.588031036376728,36.97934789872511,2.110223258542019,0.9478069207190424,0.0521707644661616,1.5595266237634815e-05,6.71954855838101e-06,21.5379641867394,21.484359719165496,18.584731186095524,10.469449441321778,9.62754049287416,0.0550436627183338,1.645405398158904e-05,7.089575325408367e-06,0.0001287991201037,0.0002989273091397,2.2315312758087124e-05,0.0535821525345095,7.089550194487998e-06,2.231506377519946e-05,1080.9006087211417,567.8409227713116,1.6527950696094358,1.7406494240915773,0.8515874105331573,0.0021457075762515,0.16743,7.617441067578842,-0.0020495423789124,0.270705,2.759971207744019,1.5320081215342536,-3.952273075430445,11.856819226291336,ON,1,0.9985,ON,1,1.0,ON,1,0.5221,ON,1,0.8316,ON,1,0.6753,ON,1,1.1021,ON,1,0.9827,ON,1,0.9951,ON,1,0.7665,ON,1,0.8964,ON,1,0.6677,ON,1,0.9325,ON,1,0.9935,ON,1,0.9988,OFF,0,0.4998,ON,1,0.7827,ON,1,0.6633,ON,1,0.825,2.899628541089811,11.014938668465103,11.856885116899873,8.115310127375292,8.957256575810062,0.8419464484347703,0.053604467598283634,2.9532330086880947,11.068543136063386,11.910489584498157,6.442863081613698,3.543234540523887,-4.572075586851405,-5.414022035286175,-3.9522950389666245,11.856885116899873,-0.0020866799645960377,2.050347004326661,7.8098913670502155,6.251574158942079
Towantic_GT2,20250112_0855 GT2,Tow,OFF,cluster,3,20347735.53137724,2543.784914536472,300062.2918200642,14963.667992485922,18494134.76630413,9247.067383152063,300062.2918200642,28862.201665431603,1774445.0688929143,887.2225344464572,18204.80585956224,1440.0382091324095,64686.18175308738,32.35927051179959,2131.3372773730807,129.24647767945208,14469.51442710366,7.2347572135518305,49.76091933205316,2.355451047319133,0.908903830491862,0.0872060218276687,0.0031790359007437,0.0007111117797256,16.828480236707353,16.732964254192815,14.388998858323324,11.077318342670688,9.579868370279268,0.0959463684738479,0.003497659261732,0.0007823839617231,0.0081543884793926,0.0364543162744445,0.003905340029928,0.0916182534542964,0.0007820780589365,0.0038977339859141,655.2933675870722,729.8071190751247,10.95620752960787,144.1328737736201,0.6935007284705511,0.0182606991604152,0.07887,117.95898706110918,-0.0009492429311039,0.13314,10.86089255359089,2.160826602198964,-2.384365294637849,7.153095883913547,OFF,1,0.3341,OFF,1,0.0785,ON,0,0.5008,OFF,1,0.5321,ON,0,0.6753,OFF,1,-0.2728,OFF,1,0.2945,OFF,1,0.4788,OFF,1,0.4481,OFF,1,0.5102,ON,0,0.6699,OFF,1,-0.1375,OFF,1,0.0409,OFF,1,0.0135,ON,0,0.5003,OFF,1,0.4865,ON,0,0.6633,OFF,1,-0.52,2.3439659053546045,5.655661316583673,7.153164938273811,3.311695411229069,4.8091990329192065,1.4975036216901376,0.09551598744021561,2.43948189279482,5.751177304023889,7.248680925714027,3.7881980400530217,1.4442321346984173,-1.8674632765306516,-3.364966898220789,-2.384388312757937,7.153164938273811,-0.001008549539935607,1.6574341865463063,3.6609080541091727,3.8855290890039047
Towantic_GT2,20250103_0833 GT2,Tow,ON,cluster,3,9257653945.962343,1157351.4121718144,4354778.258548737,1642668.3595170584,1166508101.7815995,583254.0508907997,2362535.236078635,622158.3582617573,106275371.53137082,53137.68576568541,74641.66504417453,7888.153917024713,139296557.46757936,69683.12029393665,78427.48287683725,3197.680065613572,7845573915.181791,3922786.957590896,4354778.258548737,161227.85215632344,0.1260047209142402,0.0114797304102862,0.0150466368996577,0.8474689117758155,22.9487165000453,20.877280595635323,18.481544137555804,18.752115732540886,22.783215377393976,0.0911055580060328,0.1194132790460971,6.725691748903669,73.82306739681289,1.310713436804687,6.273549775018118,0.0871914556133644,2.0445513655583816,1.9842444495458509,6137.261611447656,2198.7225451971144,1.0222997181259603,-0.8273218105809552,0.8951647100073327,0.2116821358002193,79.07,3.7627104548797567,0.0003725931756508,87.68,1.9397707222450435,0.9536570402860428,0.6353115939195509,4.301671239838171,ON,1,1.0,ON,1,1.0,ON,1,1.0,ON,1,1.0,ON,1,0.6342,ON,1,1.0,ON,1,1.0,ON,1,1.0,ON,1,1.0,ON,1,1.0,ON,1,0.6463,ON,1,1.7519,ON,1,0.6509,ON,1,0.9348,OFF,0,0.0578,ON,1,0.681,ON,1,0.6639,OFF,0,-0.5828,2.395736466631778,2.125164869416107,-1.9059347824884512,-0.27057159721567103,-4.301671249120229,-4.031099651904558,2.071435905159216,4.467172371790994,4.196600774575323,0.165501122670765,0.6537416383898567,-1.7419948282419213,-1.4714232310262503,2.559676420878308,0.635311594162817,4.301671249120229,0.0003725932717782758,1.6940415014912293,0.7571345328816111,-2.9556597412648586
Towantic_STG,20240518_0825 STG,Tow,ON,manual,2,36912077.38367251,4614.586496271098,67515.28534628451,9668.252760990788,30190433.521245804,15095.2167606229,45850.96631243918,11061.99101293094,6705233.00498398,3352.61650249199,67515.28534628451,9876.607798931092,1114.174834369111,0.5573661002346729,3.5158570149076382,0.2776519851860647,15296.682608361783,7.648341304180891,37.41396849929538,1.7424641304456563,0.8179012307391855,0.1816541760922385,3.0184560537954145e-05,0.000414408608038,17.424049382921606,17.223035694466024,15.718398974161104,7.016766473726814,9.635456632403006,0.2220979370920629,3.6904896830481085e-05,0.0005066731684259,0.0022813051533018,0.0001661649689937,0.0004447909195803,0.2005690024578261,0.0005065448529169,0.0004446920294217,1464.962028266211,547.9996660936789,2.8177039279773304,8.735054986397767,0.8398613441280911,0.0087429275369695,0.3594,14.630841875179936,-0.0012643950738451,0.3432,3.825028349586076,1.5263795203458763,-2.5291930206876723,10.206269220739207,ON,1,0.7497,ON,1,0.9593,OFF,0,0.4964,ON,1,0.6767,ON,1,0.6665,ON,1,0.2218,ON,1,0.7064,ON,1,0.6007,OFF,0,0.4436,ON,1,0.6795,ON,1,0.6237,ON,1,0.4505,ON,1,0.9638,ON,1,0.9975,OFF,0,0.4984,ON,1,0.6632,ON,1,0.6828,ON,1,0.7646,1.5046368363190812,10.207166310289164,7.587644400454806,8.702529473970083,6.083007564135725,-2.619521909834358,0.20101369448725492,1.705650530806336,10.408180004776419,7.788658094942061,4.824861886765763,3.320225050446682,-5.382304423523401,-2.762782513689043,-2.529214800151602,10.207166310289164,-0.0013293149039233603,1.0639389101842958,7.719850977115556,3.1901864559815194
Towantic_STG,20240620_0516 STG,Tow,ON,manual,2,36396206.265843816,4550.094545048608,83711.0111448206,9514.696228152992,29902270.05773115,14951.135028865576,32764.21486158017,7955.303235182078,6477232.816343336,3238.6164081716684,83711.0111448206,12147.576614871385,1494.5683283923054,0.7476579931927491,5.125886807409245,0.6021043178060631,15208.823440929918,7.604411720464959,28.623953112924937,1.229894521683541,0.8215765632088164,0.1779645045704097,4.106384927801912e-05,0.0004178683714957,17.409975131184886,17.213444990584538,15.68380409699524,7.310261566355803,9.629696777094573,0.2166134144276597,4.998176812351538e-05,0.0005086176872714,0.0023480433500171,0.0002307417952649,0.0004591429362611,0.196071109004834,0.0005084883851372,0.0004590375623963,1408.18512479736,566.1794195903185,3.3357400876920007,17.04922860108624,0.8390294419117929,0.0082743789795642,0.3459,18.397642140406223,-0.0012434930107722,0.33105,4.28924726966773,1.5597672561945912,-2.527916071163322,9.903183424228736,ON,1,0.7471,ON,1,0.9579,OFF,0,0.4966,ON,1,0.6767,ON,1,0.6665,ON,1,0.2312,ON,1,0.6964,ON,1,0.5834,OFF,0,0.4431,ON,1,0.6709,ON,1,0.6237,ON,1,0.4356,ON,1,0.9611,ON,1,0.9976,OFF,0,0.4985,ON,1,0.6633,ON,1,0.6828,ON,1,0.7547,1.5296410145339259,9.90385225656215,7.5838139291919,8.374211242028224,6.054172914657974,-2.3200383273702503,0.196530146567234,1.7261711611011599,10.100382403129384,7.780344075759134,4.754326800071995,3.2246857855380693,-5.149525456490155,-2.8294871291199044,-2.5279379763973,9.90385225656215,-0.0013047749116737544,1.0816195341580093,7.461988176289454,3.267210311331916
Towantic_STG,20240621_1055 STG,Tow,ON,cluster,2,95764140.64716928,11970.51758089616,678527.5613734461,38594.20218386364,92057099.37651634,46028.54968825817,678527.5613734461,66187.18680613062,3689600.7677723295,1844.8003838861648,49322.56351003633,5333.712679552256,1757.9592114980496,0.8789796057490248,38.59454126841433,2.205542089463453,15682.543669117,7.8412718345584995,27.417034897083795,1.792457226619036,0.9612898811016216,0.0385279995501258,1.8357176283500784e-05,0.0001637621719689,18.377398868562448,18.337919598752357,15.121029088179792,7.472477556008241,9.660367267676332,0.0400794810260283,1.90964002060061e-05,0.0001703567000843,0.0042504717057995,0.0004764632604299,0.0001821525217509,0.0392971342966,0.0001703421910294,0.0001821359339946,776.1979327451064,570.2070747889829,7.513285971640793,75.79123075546518,0.7989939091568761,0.004492857292064,0.09723,56.68322666818582,-0.001409489760115,0.23898,7.528826380524569,1.7489592798133484,-2.892517443692008,10.865442042744114,ON,1,0.7093,ON,1,0.9106,OFF,0,0.4997,ON,1,0.6766,ON,1,0.6665,ON,1,0.1388,ON,1,0.5994,ON,1,0.5263,OFF,0,0.4546,ON,1,0.6331,ON,1,0.6237,ON,1,0.295,ON,1,0.7188,ON,1,0.9065,ON,1,0.5001,OFF,0,0.6314,ON,1,0.6828,ON,1,0.201,3.2168907707417365,10.866010711564225,8.677616083346255,7.649119940822488,5.460725312604518,-2.18839462821797,0.03947927023059705,3.2563700409723335,10.905489981794823,8.717095353576852,5.690129391413052,2.4732386206713155,-5.175881320151173,-2.987486691933203,-2.8925386944487514,10.866010711564225,-0.0014715929388745706,2.2746852783279015,7.558770436551946,3.4496524915761166
Towantic_STG,20241225_1644 STG,Tow,ON,manual,2,24257479.08753739,3032.184885942174,38819.75614679069,5948.386484522488,21163914.013635177,10581.957006817587,26041.545891948976,5831.676620137118,3067081.797976612,1533.5408989883058,38819.75614679069,5474.605470722185,2129.8359770373345,1.0649179885186673,21.29917795999268,1.590211962401163,24353.43994856153,12.176719974280768,148.01395501512252,17.799631715250538,0.8724696386323353,0.126438604230411,8.780120841705958e-05,0.0010039559288365,17.004235585002657,16.867808167388343,14.9362374391378,7.664269659186647,10.100469450639007,0.1449203486652068,0.0001006352594168,0.0011507058634272,0.0079402642487787,0.0006944177290744,0.0010929503736246,0.1353350701019464,0.0011500443088896,0.0010923535381997,1335.9574324125813,581.840475269476,2.378494549772733,6.173494604734252,0.84356148011352,0.0116973851498293,0.35535,12.802568974855625,-0.0011503749309547,0.29271,3.578067771131445,1.5265715031658602,-2.255779572249778,9.203538508201696,ON,1,0.5697,ON,1,0.5534,OFF,0,0.4961,ON,1,0.6766,ON,1,0.6665,ON,1,0.0315,ON,1,0.574,OFF,0,0.449,OFF,0,0.4271,ON,1,0.6295,ON,1,0.6238,ON,1,0.2979,ON,1,0.8821,ON,1,0.9704,OFF,0,0.4984,ON,1,0.6492,ON,1,0.6828,ON,1,0.546,1.9315710070430718,9.204007870485466,6.767379730617018,7.272436863442394,4.835808723573946,-2.436628139868448,0.13642742364015348,2.0679984306832253,9.34043529412562,6.903807154257171,4.475739652036388,2.5441686449933165,-4.728268218449077,-2.2916400785806292,-2.255793243539006,9.204007870485466,-0.0012050556094613835,1.3658269574234847,6.726480395548367,2.646158032508523
Towantic_STG,20250109_1622 STG,Tow,ON,cluster,2,133781801.05711804,16722.725132139756,606623.3521603383,41775.72497690016,127122540.0988836,63561.2700494418,606623.3521603383,62991.213680990906,6629090.110784147,3314.5450553920737,63382.29579364904,8973.755121634134,6026.220331567543,3.013110165783772,84.76893273067253,7.330852452194216,24144.627118737342,12.072313559368672,121.22464106273036,13.527461188551268,0.9502229682541704,0.0495515089377056,4.5045142791840966e-05,0.0001804776653322,18.711720687866684,18.660662069757603,15.70697826540184,8.704041210234374,10.091858570997369,0.0521472439555376,4.740481370872496e-05,0.000189931912153,0.0036422233994761,0.0009090569340373,0.0002255736801339,0.0508330702584312,0.000189913877371,0.0002255482422166,1089.8401221510142,605.9136677541602,4.607219505382454,30.47045593802312,0.8207544775043558,0.0055639677379002,0.04296,36.27538857255105,-0.0014263757747776,0.264495,6.022905326542596,1.6594050021513886,-2.8562678329200786,9.956620859523229,ON,1,0.7633,ON,1,0.5262,ON,1,0.5009,ON,1,0.6766,ON,1,0.6665,ON,1,0.1722,ON,1,0.7201,ON,1,0.7005,OFF,0,0.4736,ON,1,0.6966,ON,1,0.6236,ON,1,0.4318,ON,1,0.6356,ON,1,0.6768,ON,1,0.5004,OFF,0,0.6266,ON,1,0.6828,ON,1,0.2046,2.9536839473395897,9.956786779383192,8.568844907118091,7.003102832043602,5.6151609597785015,-1.3879418722651007,0.05105861850064741,3.004742565840237,10.00784539788384,8.619903525618739,5.369828908460217,2.4161449611206276,-4.586957870922975,-3.199015998657874,-2.8562816357060306,9.956786779383192,-0.0014722300690381432,2.0885699486456732,6.923845940320818,3.693905495934084
Towantic_STG,20250121_1828 STG,Tow,ON,manual,2,27891956.846912343,3486.494605864043,51921.74448039476,7157.442438548607,23387371.149346024,11693.685574673013,29919.24948202469,7235.104225699439,4479874.9976663925,2239.937498833196,51921.74448039476,7709.200528574951,2486.28475818534,1.2431423790926697,20.76653294429184,2.0058568308464637,22224.41514174035,11.112207570870174,161.71374532278514,16.44010012374653,0.8384987571044167,0.1606152993228339,8.913984672468661e-05,0.0007968037260247,17.14384895602519,16.967706782926175,15.315105924915771,7.818946935916138,10.008991739251089,0.1915510285041793,0.0001063088596964,0.0009502741885703,0.004960945373099,0.000554989761875,0.0008867291647536,0.1752558437517993,0.0009498229638891,0.0008863362527017,1416.2528502377745,567.3809263762398,2.706814597475316,8.715300881711679,0.8399805462541482,0.0117796909833546,0.3513,14.89224861930504,-0.0011864454576255,0.3189,3.8590476311202777,1.5289953664149791,-2.3195716812250287,9.148759847010036,ON,1,0.6462,ON,1,0.7388,OFF,0,0.4963,ON,1,0.6766,ON,1,0.6665,ON,1,0.1213,ON,1,0.64,ON,1,0.5198,OFF,0,0.4345,ON,1,0.6515,ON,1,0.6237,ON,1,0.3704,ON,1,0.9276,ON,1,0.9887,OFF,0,0.4985,ON,1,0.6552,ON,1,0.6828,ON,1,0.6405,1.6526010384727723,9.14916192993251,6.958759995464467,7.496560891459739,5.306158956991695,-2.190401934468044,0.17614218000450776,1.82874321847728,9.325304109937019,7.134902175468975,4.440130740967438,2.787529702494666,-4.7090311889650724,-2.5186292544970286,-2.3195866651548225,9.14916192993251,-0.0012415850736697414,1.168565400900028,6.795587885368696,2.9082625561454516
Har_CT1,20241020_1113,Har,ON,cluster,0,1796831935.3393595,224632.07092628573,3446192.4976759558,611444.9866345692,1674465866.281116,837232.933140558,3446192.4976759558,987268.924885398,118233746.99879491,59116.87349939746,754170.8641979136,133812.4031256147,3443225.0759431534,1722.4737748590062,47877.52789732092,4817.424038541741,689096.9835053915,344.5484917526958,3601.5148993261537,484.9210654069112,0.9318989902997618,0.0658012275235216,0.0019162755337453,0.0003835066429711,21.30929091579949,21.23876006616344,18.58817413824857,15.051919402652096,13.443138751068188,0.0706098281127608,0.0020563124906154,0.0004115324160269,0.0058282597058554,0.0291221851911554,0.0023050833663583,0.0682284189394548,0.0004114477597873,0.0023024307372674,838.9788844004985,541.4596854634303,3.54755548291396,12.369529959880186,0.8020118107862294,0.0114893523996273,0.12639,15.341498137222096,-0.0014180263463521,0.18336,3.916822454134937,1.684278312847281,-2.5985404383650845,7.795621315095254,ON,1,1.0,ON,1,1.0,ON,1,0.578,ON,1,0.7587,ON,1,0.7063,ON,1,0.9474,ON,1,1.0,ON,1,1.0,ON,1,0.9998,ON,1,1.0,ON,1,0.673,ON,1,0.8977,ON,1,0.6259,ON,1,0.8686,ON,1,0.5002,ON,1,0.7368,ON,1,0.7517,ON,1,0.1573,2.6505859357754815,6.186840953339491,7.795622765671537,3.5362550175640095,5.145036829896055,1.6087818123320456,0.07053084967672163,2.721116785452203,6.257371803016213,7.866153615348258,4.158262413696626,1.5076764779211445,-2.028578539642865,-3.6373603519749107,-2.5985409218905122,7.795622765671537,-0.0014260499996349343,1.8742472893045339,3.9694373081374286,4.200061956704771
Har_CT1,20241122_1450,Har,ON,cluster,0,1320206536.871084,165046.44791487485,2274977.138523102,426751.3072879138,1228054310.2954476,614027.1551477237,2274977.138523102,668810.1098552666,88610321.3439889,44305.16067199445,543800.9236786515,104953.81827515298,735063.9967300602,367.7158562931767,7743.93554700911,834.6789788383334,2806841.2349174186,1403.420617458709,16760.49781710282,2447.825028671313,0.9301986287736168,0.0671185294643345,0.0005567795463823,0.0021260622156664,21.001054029388992,20.92869689313265,18.29975891380029,13.507714205210442,14.84757064960256,0.072155050962421,0.0005985598442736,0.002285600246981,0.0316762335622406,0.0082954670018236,0.0026900587640432,0.0696706892814852,0.0022829922358944,0.0026864470316978,808.5192594927598,601.9949714328102,3.054718600336056,8.496330771901507,0.8041117973243467,0.0133736535682589,0.125985,13.783860042213412,-0.0011359493057859,0.173775,3.712662123356586,1.7045926467117647,-2.027042081176695,7.420982687922203,ON,1,0.9972,ON,1,1.0,ON,1,0.5243,ON,1,0.7185,ON,1,0.7065,ON,1,0.6215,ON,1,0.9986,ON,1,1.0,ON,1,0.905,ON,1,1.0,ON,1,0.6813,ON,1,0.7883,OFF,0,0.398,ON,1,0.6654,ON,1,0.5001,ON,1,0.6922,ON,1,0.7517,ON,1,0.0651,2.628937989803429,7.420984047532746,6.081126598988103,4.792046057729317,3.452188609184674,-1.3398574485446435,0.07235713631318319,2.7012951261166123,7.49334118384593,6.153483735301286,4.03276215908107,1.403824169277641,-3.3882218884516764,-2.048364439907033,-2.027042199662701,7.420984047532746,-0.0011404278724282966,1.8589398799089356,4.985948661856929,2.365247521557564
Har_CT1,20241124_1450,Har,ON,cluster,0,1953978827.3253455,244277.8881516872,3807683.833408728,681721.6557381474,1835858561.5831628,917929.2807915814,3807683.833408728,1113715.1732687177,115688439.62978244,57844.21981489123,476501.686252594,105348.90387044726,922652.791822796,461.55717449864727,6667.366884771967,805.7927915987366,1509173.320577605,754.5866602888025,6758.283242953534,879.6558650361533,0.9395488507396628,0.0592065983581509,0.0004721918062365,0.0007723590959495,21.393133555464978,21.330778090547227,18.566411279046417,13.735009353004948,14.22707325167283,0.0630159872065622,0.0005025729166342,0.000822053153853,0.0130451523540911,0.0079753240235186,0.0012461017392299,0.0611101389518541,0.0008217154532184,0.0012453259988251,808.8504204427579,516.3399740823074,3.6360656173155648,12.996735778553449,0.7976929682507615,0.01131864785182,0.1245,15.58750921837142,-0.0012841637582825,0.172695,3.94810197669274,1.72690744776644,-2.367901612958132,7.595768737542279,ON,1,0.9995,ON,1,1.0,ON,1,0.5264,ON,1,0.7222,ON,1,0.7065,ON,1,0.7401,ON,1,0.9997,ON,1,1.0,ON,1,0.9531,ON,1,1.0,ON,1,0.6805,ON,1,0.886,OFF,0,0.4682,ON,1,0.7042,ON,1,0.5001,ON,1,0.7017,ON,1,0.7517,ON,1,0.0627,2.764366819600017,7.595769820828316,7.103705500943892,4.831403001228299,4.339338681343875,-0.4920643198844239,0.06235546495067723,2.8267222845506943,7.658125285778993,7.1660609658945695,4.365960535343056,1.6015937157430393,-3.22980928548526,-2.737744965600836,-2.3679018336479642,7.595769820828316,-0.0012884638243625965,1.9547025238262616,5.073372059903595,3.1612755857243724
Har_CT1,20241207_1844,Har,ON,cluster,0,1457788578.3298914,182246.3530853721,2877664.119740069,519405.4531145878,1377735975.4385133,688867.9877192567,2877664.119740069,854523.6840519384,76311600.81989925,38155.800409949625,397457.29021316767,74919.14757909656,2311051.977079083,1156.1040405598214,28349.770661607385,3210.20516001195,1429950.0943999293,714.9750471999646,6913.958279312647,900.9008625895508,0.9450862737701716,0.0523475090656323,0.001585313543701,0.0009809036204949,21.10018645269998,21.0437073920792,18.150335540002125,14.653213812870485,14.173150801930936,0.0553891327368513,0.0016774273288055,0.0010378984942632,0.0187383055660789,0.0302844122289256,0.0025728195779573,0.0539095451170615,0.0010373602500174,0.0025695155435764,778.1850959879096,519.6480842632259,3.5580230818405165,12.237414700271314,0.7914168655832969,0.0152670655878653,0.12612,15.789968199758954,-0.0012320893887965,0.15717,3.973659295882269,1.7400417082209394,-2.290185530049422,6.870556590148265,ON,1,1.0,ON,1,1.0,ON,1,0.5515,ON,1,0.739,ON,1,0.7064,ON,1,0.6325,ON,1,1.0,ON,1,1.0,ON,1,0.9966,ON,1,1.0,ON,1,0.6765,ON,1,0.7658,OFF,0,0.3472,OFF,0,0.4655,ON,1,0.5001,ON,1,0.6724,ON,1,0.7517,OFF,0,-0.0589,2.8933718644554176,6.390494011186176,6.870557288747296,3.4971221467307583,3.9771854242918785,0.4800632775611202,0.05647906066063868,2.9498509251160563,6.446973071846815,6.927036349407935,4.038605791097222,1.1452339266418043,-2.351888220088954,-2.831951497650074,-2.2901857629157654,6.870557288747296,-0.0012372758324741137,2.04592286585079,4.0366023932324575,3.270055919000468
Har_CT1,20241220_1026,Har,OFF,cluster,0,5583842.57218301,698.0675799703725,28474.79098214209,1311.13679040023,3720767.6064945264,1860.3838032472631,28474.79098214209,1682.3030660431964,1221371.4029411436,610.6857014705718,10769.855839877911,1381.8002196351017,41865.8633014372,20.9434033523948,488.05288268625736,39.89492850750918,599837.6994459024,299.9188497229512,2757.3031286843034,398.68285796714025,0.6663453631429812,0.2187331371098535,0.0074976797358149,0.1074238200113501,15.535387909454416,15.129440819556528,14.015485704904108,10.642249941027476,13.304416063799048,0.3282579113000596,0.0112519425368974,0.1612134276805507,0.4911181791230433,0.0342777497496561,0.1298432847643603,0.28386824251417,0.1494655167257912,0.1220789370572112,2233.631799476145,1970.0874427591996,4.206053094681352,37.477060300919,0.882864169928034,0.1772101094548255,0.22494,40.790880137058565,-0.0004367542308057,1.9767,6.386773844184217,0.9693845547260068,-0.6083415852524935,4.487190878529052,OFF,1,0.3212,OFF,1,0.0131,OFF,1,0.4986,OFF,1,0.7003,ON,0,0.7065,OFF,1,-0.3069,ON,0,0.6734,ON,0,0.7572,OFF,1,0.4737,ON,0,0.786,ON,0,0.6838,ON,0,0.3972,OFF,1,0.1518,OFF,1,0.0021,ON,0,0.5006,OFF,1,0.4067,ON,0,0.7516,OFF,1,-0.4782,1.1139556646421482,4.4872144952907345,1.8250261541120043,3.3732588306485862,0.7110704894698561,-2.66218834117873,0.40594717957147,1.5199028442136182,4.893161674862204,2.2309733336834743,1.8565490785112218,0.7425934138690735,-2.6306654167795127,0.031522924399217445,-0.6083420513706681,4.4872144952907345,-0.0004520631778644821,0.7876856044096306,3.2090247975515234,-0.03639953777506483
Har_CT1,20250113_1114,Har,ON,cluster,0,2135836733.3920724,267012.96829504595,4313375.286323786,727059.5289927007,1998160387.3268592,999080.1936634296,4313375.286323786,1172908.0203855413,134376716.22519237,67188.35811259618,891945.7053297795,144713.5008167456,2347871.173734625,1174.522848291458,30031.35206680838,3654.291119339451,951758.6662859544,475.8793331429772,3459.7169726645225,545.0904015487215,0.9355398547497776,0.0629152566412598,0.0010992746482104,0.0004456139607517,21.482124319913336,21.41549278838882,18.716157736114816,14.669020017960378,13.766067830521989,0.0672502152867526,0.001175016374374,0.0004763174529544,0.0070827647305427,0.0174723065103032,0.0015472789826374,0.0650854483769284,0.0004762040498055,0.0015460831798471,850.7694943239762,530.6653941673219,3.716782897903936,13.892722826817412,0.8042019497879433,0.0106816000765897,0.129495,16.15417900436041,-0.0013974131011753,0.19443,4.019226169843415,1.6842273335728353,-2.549808319288944,7.649424957866833,ON,1,1.0,ON,1,1.0,ON,1,0.5599,ON,1,0.7454,ON,1,0.7064,ON,1,0.8799,ON,1,1.0,ON,1,1.0,ON,1,0.9979,ON,1,1.0,ON,1,0.6762,ON,1,0.9535,ON,1,0.6173,ON,1,0.8373,ON,1,0.5002,ON,1,0.729,ON,1,0.7517,ON,1,0.1582,2.6993350592153114,6.746473195845638,7.649426008052339,4.047138136630327,4.950090948837028,0.902952812206701,0.06663153155677293,2.7659665907720843,6.813104727402411,7.716057539609112,4.2738085657783245,1.574473506563013,-2.472664630067314,-3.375617442274015,-2.5498086693507798,7.649426008052339,-0.0014045787722321403,1.9087181250657377,4.40647337441469,3.8978272779561993
Har_CT1,20250115_1947,Har,ON,cluster,0,1645352230.118447,205694.7406073818,3300590.763984933,584952.3600830908,1557340764.4524446,778670.3822262223,3300590.763984933,958985.2682087969,85547127.90966666,42773.56395483333,512867.5354886651,99565.28629323658,1165573.9316191731,583.0785050621176,10004.13555931882,1251.6665114748491,1298763.8247167482,649.381912358374,6507.2276345277205,812.1128620821053,0.946509042832934,0.0519932002058356,0.0007084038969183,0.0007893530643121,21.221220320503303,21.1662455661296,18.264577997361368,13.968725026784888,14.076924235934277,0.0549315409076475,0.0007484385936747,0.0008339625176211,0.0151818518803829,0.0136249335319584,0.0015000036020672,0.0534758746876427,0.0008336149640983,0.0014988797204081,782.1879695279747,495.9576346540527,3.606824155306239,12.719815875771046,0.7914630962717883,0.0121769939078818,0.12504,16.046062987506854,-0.0012554312868491,0.1596,4.005753735253802,1.7765080188426643,-2.3631071100651067,7.197520539344708,ON,1,0.9997,ON,1,1.0,ON,1,0.5285,ON,1,0.7228,ON,1,0.7065,ON,1,0.6718,ON,1,0.9999,ON,1,1.0,ON,1,0.9656,ON,1,1.0,ON,1,0.6799,ON,1,0.7802,OFF,0,0.3561,OFF,0,0.478,ON,1,0.5,ON,1,0.6727,ON,1,0.7517,OFF,0,-0.037,2.901667579815573,7.197521396648659,7.089322099515837,4.295853816833086,4.1876545197002635,-0.10819929713282228,0.05497475440805033,2.9566423342236234,7.252496151056709,7.144296853923887,4.2971277689950185,1.3954601891794454,-2.9003936276536404,-2.792194330520818,-2.363107366505279,7.197521396648659,-0.00126049414272187,2.0517888224367495,4.692150782563659,3.224148296711882
Har_CT1,20250116_1516,Har,ON,cluster,0,1858422739.914226,232302.84248927824,3657511.973468676,647074.2932188368,1748224104.2444372,874112.0521222187,3657511.973468676,1053529.6996374996,107742918.32758054,53871.45916379027,541144.4998169541,117377.24828009652,1035882.0507911848,517.9410253955924,8580.220278769324,1030.6644137725812,1419835.291417173,709.9176457085865,8072.460124692938,954.7607444990782,0.9407031385792908,0.0579754627478101,0.0005573985017203,0.0007640001711788,21.342993976169875,21.28186631262356,18.495258570891718,13.850764810092842,14.166052135196916,0.0616299237986686,0.0005925339024191,0.0008121586288451,0.013177991773903,0.0096143864197337,0.0013231470776917,0.0598053910902491,0.0008118290064842,0.0013222724899842,809.6102230023847,510.7075747188418,3.622751912389858,12.919652184873152,0.7971082068560564,0.0119220723249996,0.12558,15.744585534451582,-0.0012824607439923,0.172965,3.967944749419409,1.7382488072515676,-2.3719380591422143,7.431101502530717,ON,1,0.9997,ON,1,1.0,ON,1,0.5284,ON,1,0.7231,ON,1,0.7065,ON,1,0.7517,ON,1,0.9998,ON,1,1.0,ON,1,0.9607,ON,1,1.0,ON,1,0.6802,ON,1,0.8587,OFF,0,0.4425,ON,1,0.6389,ON,1,0.5001,ON,1,0.6933,ON,1,0.7517,ON,1,0.0405,2.7866077504411884,7.431102467319116,7.115814881161434,4.644494716877928,4.3292071307202455,-0.31528758615768204,0.06112766358023336,2.8477354140214217,7.492230130899349,7.176942544741667,4.333381274730435,1.5467735242892466,-3.097721192588681,-2.782433606430999,-2.371938293720478,7.431102467319116,-0.0012868611653374593,1.9704292368439549,4.929841906778682,3.212877583350399
EMSA_GT2_NG,20250105_0434 NG,EMS,ON,cluster,1,2258494293.3145404,282347.08004932373,2150762.2428786904,501982.9514911245,2140616521.6079843,1070308.2608039922,2150762.2428786904,379783.7958918982,117827373.82468304,58913.68691234152,1376006.0364786536,182742.5681814084,35221.81980041915,17.61971976008962,418.4587571241573,39.3936220834113,15176.062072753455,7.588031036376728,36.97934789872511,2.110223258542019,0.9478069207190424,0.0521707644661616,1.5595266237634815e-05,6.71954855838101e-06,21.5379641867394,21.484359719165496,18.584731186095524,10.469449441321778,9.62754049287416,0.0550436627183338,1.645405398158904e-05,7.089575325408367e-06,0.0001287991201037,0.0002989273091397,2.2315312758087124e-05,0.0535821525345095,7.089550194487998e-06,2.231506377519946e-05,1080.9006087211417,567.8409227713116,1.6527950696094358,1.7406494240915773,0.8515874105331573,0.0021457075762515,0.16743,7.617441067578842,-0.0020495423789124,0.270705,2.759971207744019,1.5320081215342536,-3.952273075430445,11.856819226291336,ON,1,0.9947,ON,1,0.9981,ON,1,0.5237,ON,1,0.68,OFF,0,0.7213,ON,1,1.1313,ON,1,0.9902,ON,1,0.9964,ON,1,0.8088,ON,1,0.9784,OFF,0,0.7258,ON,1,0.9924,ON,1,0.9905,ON,1,0.9993,ON,1,0.5002,ON,1,0.6786,OFF,0,0.773,ON,1,1.0183,2.899628541089811,11.014938668465103,11.856885116899873,8.115310127375292,8.957256575810062,0.8419464484347703,0.053604467598283634,2.9532330086880947,11.068543136063386,11.910489584498157,6.442863081613698,3.543234540523887,-4.572075586851405,-5.414022035286175,-3.9522950389666245,11.856885116899873,-0.0020866799645960377,2.050347004326661,7.8098913670502155,6.251574158942079
EMSA_GT2_NG,20250112_0855 NG,EMS,OFF,cluster,1,20347735.53137724,2543.784914536472,300062.2918200642,14963.667992485922,18494134.76630413,9247.067383152063,300062.2918200642,28862.201665431603,1774445.0688929143,887.2225344464572,18204.80585956224,1440.0382091324095,64686.18175308738,32.35927051179959,2131.3372773730807,129.24647767945208,14469.51442710366,7.2347572135518305,49.76091933205316,2.355451047319133,0.908903830491862,0.0872060218276687,0.0031790359007437,0.0007111117797256,16.828480236707353,16.732964254192815,14.388998858323324,11.077318342670688,9.579868370279268,0.0959463684738479,0.003497659261732,0.0007823839617231,0.0081543884793926,0.0364543162744445,0.003905340029928,0.0916182534542964,0.0007820780589365,0.0038977339859141,655.2933675870722,729.8071190751247,10.95620752960787,144.1328737736201,0.6935007284705511,0.0182606991604152,0.07887,117.95898706110918,-0.0009492429311039,0.13314,10.86089255359089,2.160826602198964,-2.384365294637849,7.153095883913547,OFF,1,0.2032,OFF,1,0.0626,OFF,1,0.4988,OFF,1,0.678,OFF,1,0.7213,OFF,1,-0.2355,OFF,1,0.3391,OFF,1,0.4347,OFF,1,0.439,OFF,1,0.5336,OFF,1,0.7279,OFF,1,-0.1341,OFF,1,0.087,OFF,1,0.0179,OFF,1,0.4994,OFF,1,0.6785,OFF,1,0.773,OFF,1,-0.587,2.3439659053546045,5.655661316583673,7.153164938273811,3.311695411229069,4.8091990329192065,1.4975036216901376,0.09551598744021561,2.43948189279482,5.751177304023889,7.248680925714027,3.7881980400530217,1.4442321346984173,-1.8674632765306516,-3.364966898220789,-2.384388312757937,7.153164938273811,-0.001008549539935607,1.6574341865463063,3.6609080541091727,3.8855290890039047
EMSA_GT2_NG,20250103_0833 NG,EMS,ON,cluster,1,9257653945.962343,1157351.4121718144,4354778.258548737,1642668.3595170584,1166508101.7815995,583254.0508907997,2362535.236078635,622158.3582617573,106275371.53137082,53137.68576568541,74641.66504417453,7888.153917024713,139296557.46757936,69683.12029393665,78427.48287683725,3197.680065613572,7845573915.181791,3922786.957590896,4354778.258548737,161227.85215632344,0.1260047209142402,0.0114797304102862,0.0150466368996577,0.8474689117758155,22.9487165000453,20.877280595635323,18.481544137555804,18.752115732540886,22.783215377393976,0.0911055580060328,0.1194132790460971,6.725691748903669,73.82306739681289,1.310713436804687,6.273549775018118,0.0871914556133644,2.0445513655583816,1.9842444495458509,6137.261611447656,2198.7225451971144,1.0222997181259603,-0.8273218105809552,0.8951647100073327,0.2116821358002193,79.07,3.7627104548797567,0.0003725931756508,87.68,1.9397707222450435,0.9536570402860428,0.6353115939195509,4.301671239838171,ON,1,1.0,ON,1,1.0,ON,1,1.0,ON,1,0.9918,OFF,0,0.6964,ON,1,1.0003,ON,1,1.0,ON,1,1.0,ON,1,1.0,ON,1,1.0,OFF,0,0.7113,ON,1,1.611,ON,1,0.7909,ON,1,0.9594,OFF,0,0.0561,ON,1,0.6785,OFF,0,0.7737,OFF,0,-0.5865,2.395736466631778,2.125164869416107,-1.9059347824884512,-0.27057159721567103,-4.301671249120229,-4.031099651904558,2.071435905159216,4.467172371790994,4.196600774575323,0.165501122670765,0.6537416383898567,-1.7419948282419213,-1.4714232310262503,2.559676420878308,0.635311594162817,4.301671249120229,0.0003725932717782758,1.6940415014912293,0.7571345328816111,-2.9556597412648586
EMSA_GT1_ng,20250104_1230 ng,EMS,ON,cluster,2,4783924367.076885,598065.3040476165,7238369.865478516,1071788.9054865288,4494521446.574271,2247260.723287136,7238369.865478516,913425.6680789205,289327020.20969194,144663.51010484598,2624795.522713661,345610.0503848898,56738.17596140874,28.383279620514628,1005.6012184799328,86.07567663655084,19162.11696020802,9.581058480104009,450.8481373647228,24.81404064345643,0.9395051220930052,0.0604790122103203,1.186017411811161e-05,4.005522556351914e-06,22.28852704412129,22.226125035926355,19.483068167623006,10.94622018519444,9.860742718889206,0.0643732650180626,1.2623852535992374e-05,4.263438763834e-06,6.622995994746728e-05,0.0001961039654031,1.586594839878827e-05,0.0623861423858654,4.263429675404786e-06,1.586582253596026e-05,1030.2496507789697,613.4554326934704,1.9427915659641368,3.8244974940273337,0.8543418997704855,0.0014467974056475,0.030945,12.102975739422282,-0.0022153953405677,0.268275,3.4789331323581303,1.4951363036745338,-4.12179410567905,12.365382317037149,ON,1,0.9977,ON,1,0.9993,ON,1,0.5424,ON,1,0.6774,ON,1,0.6664,ON,1,1.0315,ON,1,0.9984,ON,1,0.9997,ON,1,0.9003,ON,1,0.9507,ON,1,0.6206,ON,1,1.1933,ON,1,0.9915,ON,1,0.9996,ON,1,0.5007,ON,1,0.681,ON,1,0.6828,ON,1,0.8359,2.7430568715371493,11.279922475171661,12.365434501753809,8.536865603634512,9.62237763021666,1.0855120265821476,0.06240200820840158,2.805458879745551,11.342324483380063,12.42783650996221,6.597103462115655,3.8540465905785055,-4.682819013056006,-5.768331039638154,-4.121811500584603,12.365434501753809,-0.002239572196835088,1.9396341150442749,8.09016985565728,6.660694957019925
EMSA_GT1_ng,20250105_0031 ng,EMS,OFF,cluster,2,29721549.007337768,3715.658083177618,568365.3388403393,28331.116546241155,28945284.05989329,14472.642029946646,568365.3388403393,55267.97325508023,710266.7083252451,355.13335416262254,15418.931170273803,1130.7884215641743,47461.56113073799,23.74265189131465,1810.280394461719,112.73660276328108,18536.67798849479,9.268338994247395,413.0443291133597,22.363493227471096,0.9738820830888448,0.0238973651120906,0.0015968737402959,0.0006236780587686,17.207382930132805,17.180917883776107,13.473397231929727,10.76769649251896,9.827560587937237,0.0245382531695161,0.001639699269578,0.0006404040793014,0.0260981934971678,0.0668221677496076,0.0022254936229328,0.0242420263789825,0.0006401991081139,0.002223020880036,424.5160052891383,399.4844395396634,11.066542195994709,141.06246727042148,0.60877957892686,0.0072404811068652,0.07887,152.9649193001795,-0.0008319326435617,0.084135,12.367898742295788,3.1215780008762533,-2.4511190986129567,7.353357295838871,OFF,1,0.0886,OFF,1,0.0003,ON,0,0.501,OFF,1,0.6763,ON,0,0.6665,OFF,1,-0.8398,OFF,1,0.1628,OFF,1,0.0654,OFF,1,0.4362,OFF,1,0.2558,ON,0,0.6236,OFF,1,-0.3689,OFF,1,0.0216,OFF,1,0.0003,ON,0,0.5004,OFF,1,0.5528,ON,0,0.6828,OFF,1,-1.0334,3.707522025219271,6.413242426169237,7.353411206934693,2.705720400949966,3.6458891817154218,0.9401687807654557,0.02646504725901977,3.733987072478291,6.439707473428257,7.379876254193713,4.368543914580801,0.6610218893615301,-2.044698511588436,-2.9848672923538917,-2.451137068978231,7.353411206934693,-0.0008873627072988726,2.621613965431029,3.722800984974931,3.4466278694716577
Decatur,20241028_1110,Dec,OFF,cluster,4,189444.8976294144,23.68357265025808,931.1044250785052,64.8018133252724,115554.51230202954,57.77725615101477,744.2411047019741,97.4312902955695,17464.18594154314,8.73209297077157,235.94289042153923,17.544206226773255,39884.45648965769,19.952204347002347,931.1044250785052,73.18660792105808,16541.742896183987,8.270871448091993,18.15311945189842,1.8302890529828095,0.6099637084344877,0.0921860982273904,0.2105332842887026,0.0873169090494185,12.151858762105215,11.657506319471906,9.767964803708344,10.593767037425971,9.713702788939004,0.1511337427979026,0.3451570665199547,0.1431509905282193,0.9471808735091362,2.283785606777026,0.4241975010317313,0.1407473200336166,0.1337884762878775,0.35360849791734,1963.3556583794923,2254.472734081486,5.629687270337205,41.10803906958622,0.8402325240998372,0.2250215346708887,5.052,39.31435678326292,-0.0001575531300485,5.7405,6.270116169722314,1.080992134962737,-0.647934510177634,1.943803530532902,OFF,1,0.0005,OFF,1,0.0,OFF,1,0.4004,OFF,1,0.3508,OFF,1,0.7259,OFF,1,-1.7745,OFF,1,0.027,OFF,1,0.0067,OFF,1,0.2828,OFF,1,0.13,OFF,1,0.7333,OFF,1,-0.9122,OFF,1,0.0055,OFF,1,0.0,OFF,1,0.2288,OFF,1,0.124,ON,0,0.7161,OFF,1,-1.1787,1.8895901202782532,1.0637557002686826,1.9438553279407582,-0.8258344200095706,0.05426520766250498,0.8800996276720756,0.49435581795433237,2.3839459382325856,1.558111518223015,2.4382111458950906,1.224300287121924,-0.6652898331563293,0.16054458685324136,-0.7195550408188343,-0.6479517759802528,1.9438553279407582,-0.00016633407388950202,1.336141987711857,0.0971309559307561,0.8308705930270127
Decatur,20241031_1752,Dec,ON,cluster,4,13763292.120964931,1720.6265934447972,102279.58620120678,7053.578373343887,123509.8281864267,61.75491409321335,888.7486506872847,100.05971275010714,77365.59740975994,38.68279870487997,455.7650187876752,49.03525937251519,2323628.320436327,1162.395357897112,20023.68368044868,2085.77011408555,11238788.37493242,5619.39418746621,102279.58620120678,13173.217967068,0.0089738579331823,0.0056211549337031,0.1688279446526358,0.8165770424804787,16.437515687487178,11.7240841088296,11.256310408416422,14.658640883559515,16.23488168977247,0.6263922357041685,18.81330704233683,90.99509358783584,145.26855283314,30.034387353068624,67.51655487498662,0.4863642094053123,4.521735245059913,4.2270753930761,6366.905560137512,1058.133776871673,8.938279259948388,95.73686020146005,0.777485825662155,0.0770325272092456,58.735,59.44322062140804,0.0006331493007811,63.565,7.709942971327667,1.4939270215642884,1.5035991936476245,4.97857128135605,ON,1,1.0,OFF,0,0.0,OFF,0,0.0004,OFF,0,0.054,OFF,0,0.722,OFF,0,-20.5437,ON,1,0.9997,ON,1,1.0,ON,1,0.9758,ON,1,1.0,OFF,0,0.7282,OFF,0,-0.9191,ON,1,1.0,ON,1,1.0,ON,1,1.0,ON,1,1.0,OFF,0,0.2919,ON,1,59.2466,0.4677785294825547,-2.934564440857473,-4.510805588454204,-3.402342970340028,-4.978584117936759,-1.5762411475967308,4.713439602489434,5.181218131971988,1.7788751616319605,0.20263401403522963,-1.744397874957281,-2.2121764044398358,1.190166565900192,2.766407713496923,1.503601862818068,4.978584117936759,0.0006456167366678609,0.3307693702905858,-2.5870316174491634,-3.1943724761514107
Decatur,20241031_1852,Dec,ON,cluster,4,13560069.5868968,1695.0086983621002,87633.30847192183,6769.694656016717,125540.34828158388,62.77017414079193,853.6491946262286,106.2392001042642,126571.9486054018,63.28597430270089,529.8434985116037,89.11900130253265,1735460.3989418675,867.7301994709337,13632.356492893829,1307.8821279963954,11572496.891067948,5786.248445533975,87633.30847192183,12603.012508377124,0.0092580902684226,0.0093341665980615,0.1279831484507171,0.8534245946827987,16.422640045986338,11.740390451670342,11.74857408975755,14.36678387199794,16.264141969651032,1.008217281032994,13.823925317105616,92.1814942317903,91.4301866921138,13.71125607253305,52.78583176735162,0.6972474036612074,4.53454914223121,3.985010082435799,6461.380787121567,1021.6998076920272,7.9535409791908735,73.8365002205728,0.7770742893119595,0.0804005925858764,58.49,51.7008016280963,0.0006234207876844,65.385,7.190326948605898,1.490601025995115,1.50791717266023,4.52375151798069,ON,1,0.2727,OFF,0,0.0,OFF,0,0.0009,OFF,0,0.0328,OFF,0,0.7238,OFF,0,-23.8549,ON,1,0.9952,ON,1,1.0,ON,1,0.9285,ON,1,1.0,OFF,0,0.7296,OFF,0,-0.8482,ON,1,1.0,ON,1,1.0,ON,1,1.0,ON,1,1.0,OFF,0,0.2919,ON,1,58.7105,-0.008183703008512566,-2.626400809646624,-4.523759397103753,-2.6182171066381112,-4.51557569409524,-1.8973585874571288,4.6822574861048984,4.674073783096386,2.0558566764582746,0.15849808900114581,-1.7895859774397227,-1.7814022744312101,0.8368148322069011,2.73417341966403,1.5079197990345843,4.523759397103753,0.0006363474084353506,-0.005786751892535986,-2.1411062984593907,-3.157151519708295
Decatur,20241102_1259,Dec,ON,cluster,4,14939918.030554025,1867.723219221656,110540.40080610756,7337.632425404556,128325.28924949924,64.16264462474962,857.7949944649336,105.41580554752538,68879.32228930952,34.439661144654764,490.9491127194488,44.20796777806836,2170136.960540756,1085.6112859133348,13115.072525922207,1564.019839151836,12572576.45847446,6286.28822923723,110540.40080610756,13642.932488175227,0.0085894239169892,0.0046104217003361,0.1452576216350418,0.8415425327476328,16.519547318012627,11.762331434130417,11.14012581808761,14.59030129978182,16.347028607953757,0.5367556363333236,16.911218148937962,97.9742693891925,182.5304901445476,31.50636342492104,74.75846180219358,0.429673464495229,4.594859911193719,4.327550145110372,6454.276269264507,1001.0811277461476,8.944904380226617,97.85895893155936,0.7858543554900673,0.07972400665951,58.77,59.18457278277431,0.0006819366822609,65.84,7.693151030787292,1.4555897360217944,1.5282323912744469,5.206902789866147,ON,1,1.0,OFF,0,0.0,OFF,0,0.0002,OFF,0,0.0988,OFF,0,0.7225,OFF,0,-21.8797,ON,1,0.9993,ON,1,1.0,ON,1,0.9673,ON,1,1.0,OFF,0,0.7286,OFF,0,-0.9092,ON,1,1.0,ON,1,1.0,ON,1,1.0,ON,1,1.0,OFF,0,0.2919,ON,1,64.8866,0.6222123414167005,-2.827977197516983,-4.584704886951036,-3.4501895389336834,-5.206917228367736,-1.7567276894340527,4.757223609613325,5.379435951030025,1.929246412096342,0.1725187226622893,-1.6976174357628278,-2.319829777179528,1.1303597617541552,2.887087451188208,1.528234962317012,5.206917228367736,0.0006931834879332536,0.43997056595370826,-2.5630508374030754,-3.333721434235004
Decatur,20241101_0053,Dec,ON,cluster,4,13282825.000167802,1660.5606951078637,92171.2774588503,6616.448772477067,128083.49017479156,64.04174508739578,825.757809126957,103.7431398750352,142690.51709555293,71.34525854777647,658.5528637776733,113.27560475828938,1937669.3526474524,969.319335991722,15008.197771329666,1496.628114320532,11074381.640250005,5537.190820125003,92171.2774588503,12338.760216271354,0.0096427898563124,0.0107424826491164,0.1458778048060539,0.8337369226885171,16.401982480591048,11.760445404635666,11.86844035597654,14.476996960291627,16.220145128797725,1.114043011317958,15.12817420877622,86.4622101181868,77.6111956532922,13.57952435855502,48.05502243004436,0.7486022331814476,4.471206815711077,3.892942574858025,6409.713175576229,1063.915093029687,8.504661700889525,86.08337956284963,0.7822222581663059,0.0860036206286597,58.665,55.50611774106676,0.0006131716743273,65.035,7.450242797439402,1.4525368510931926,1.4865665747206862,4.459699724162059,ON,1,0.4818,OFF,0,0.0,OFF,0,0.0012,OFF,0,0.0285,OFF,0,0.7234,OFF,0,-22.5717,ON,1,0.9985,ON,1,1.0,ON,1,0.9514,ON,1,1.0,OFF,0,0.7291,OFF,0,-0.8115,ON,1,1.0,ON,1,1.0,ON,1,1.0,ON,1,1.0,OFF,0,0.2919,ON,1,54.3407,-0.10799575056824118,-2.71655884694918,-4.459707441240578,-2.608563096380939,-4.351711690672337,-1.743148594291398,4.641544808047204,4.533549057478963,1.9249859610980238,0.18183736680662577,-1.8210655096895003,-1.7130697591212591,0.8954933372596798,2.638641931551078,1.4865691470801927,4.459707441240578,0.0006253603622578394,-0.07636452756613428,-2.1739719298761244,-3.046841258952099
Decatur,20241112_1127,Dec,ON,cluster,4,15070487.099758802,1884.0463932690088,93343.00446404517,6955.895730500224,124612.33506011569,62.30616753005784,908.3340238416567,103.23901765978812,87016.9247945048,43.5084623972524,514.9303874708712,52.14930185862248,2864859.7656191494,1433.1464560375937,14757.048294609644,2369.9365001803976,11993998.07428503,5996.999037142516,93343.00446404517,12808.617215687602,0.008268633537539,0.0057739955064821,0.1900973569503935,0.7958600140055851,16.52824895891419,11.732970902563322,11.373869408535764,14.868030308562306,16.299917005529085,0.6983010530364242,22.99017801258671,96.25048811100936,137.8352326569995,32.92301781925469,70.21173655307076,0.5296283707816386,4.577290001622303,4.265657644061959,6371.333528333874,1043.292391246275,8.284332621018319,82.58823844857208,0.7940803165804824,0.0814865987025285,58.77,49.54389912983022,0.0006934076801698,65.56,7.038742723640675,1.4231466471165897,1.5223153676552543,4.926047596993323,ON,1,1.0,OFF,0,0.0,OFF,0,0.0004,OFF,0,0.0248,OFF,0,0.7209,OFF,0,-21.7628,ON,1,1.0,ON,1,1.0,ON,1,0.9917,ON,1,1.0,OFF,0,0.727,OFF,0,-0.8696,ON,1,1.0,ON,1,1.0,ON,1,1.0,ON,1,1.0,OFF,0,0.2919,ON,1,62.8073,0.35910496112322576,-3.135067081797361,-4.566954044446273,-3.494172042920587,-4.926059005569499,-1.4318869626489121,4.7952860148515555,5.154390975974781,1.6602189330541943,0.2283319704052822,-1.8357290412801017,-2.1948340024033275,1.2993380405172594,2.7312250031661716,1.5223180148154245,4.926059005569499,0.0007063994245892089,0.25392555316796445,-2.706375539742258,-3.1537469815908508
Decatur,20241130_0741,Dec,ON,cluster,4,46626671.908403926,5829.062621378163,951994.6824655532,40316.37987631017,114180.78801317718,57.09039400658859,731.2410767201945,95.9639538739532,498161.9210589079,249.08096052945396,4550.802067432145,520.1876232383989,35389484.51012946,17703.594052090775,951994.6824655532,78608.56246321872,10624844.689202374,5312.4223446011865,82594.72199515346,10894.045437492105,0.0024488298937029,0.0106840548696575,0.7589965798899515,0.2278705353466878,17.657683315357584,11.645547088996071,13.11868245322536,17.38192531449711,16.1787057493001,4.36292242962147,309.94254922934454,93.0528232812962,21.328094822254897,71.04012373092161,75.14473270855892,1.6795090559061538,4.543856574236365,4.332635907002121,4769.577570047631,1154.0887713392565,13.89820655962425,229.2918403960668,0.6782650131189955,0.032949572490964,4.6875,163.31865761298977,0.0006678193679364,57.93,12.779618836748018,2.0764968511333195,1.5110528867680095,5.736378225501039,ON,1,1.0,OFF,0,0.0,ON,1,0.961,OFF,0,0.0,OFF,0,0.7194,OFF,0,-23.8214,ON,1,1.0,ON,1,1.0,ON,1,1.0,ON,1,1.0,OFF,0,0.7219,OFF,0,-1.1005,ON,1,1.0,ON,1,1.0,ON,1,1.0,ON,1,1.0,OFF,0,0.2919,ON,1,30.2752,-1.4731421148543067,-5.736386955246505,-4.53316732418746,-4.263244840392199,-3.060025209333153,1.2032196310590457,6.012144962917009,4.539002848062703,0.27575800767050396,1.4789776387295497,-2.9356740985720666,-1.46253198371776,2.800712856674439,1.597493225615393,1.5110557747291533,5.736386955246505,0.0006813410375716739,-1.0416687790649721,-4.082332585837591,-1.844626287675301
Decatur,20241116_1140,Dec,ON,cluster,4,16836181.672747094,2104.5227090933868,103384.93520452082,7531.538043822707,121954.80286523676,60.97740143261837,739.520184716097,94.78782419210978,98156.30565345768,49.07815282672885,474.20211010496496,55.8618946785217,3212470.650004048,1606.235325002024,21127.20535893948,2870.2552203097607,13403599.91422435,6701.799957112175,103384.93520452082,13742.693067552049,0.007243614094676,0.0058300811645638,0.1908075543758302,0.7961187503649299,16.639040858941264,11.711413986482766,11.49432663048992,14.982551183245208,16.411033953763177,0.8048580568091125,26.3414853249164,109.9062898648262,136.5536307102817,32.72811286636027,75.4894683688428,0.5904819498057267,4.7086856092928695,4.337153062974189,6385.143548503787,1028.2322869126351,7.866571228830085,76.62972385564463,0.7956602502605026,0.0816415984089654,58.63,49.125122175114655,0.000705226419647,65.98,7.008931600101604,1.424798746354006,1.56653998909347,4.916707323273258,ON,1,1.0,OFF,0,0.0,OFF,0,0.0003,OFF,0,0.0127,OFF,0,0.7202,OFF,0,-25.7175,ON,1,1.0,ON,1,1.0,ON,1,0.9958,ON,1,1.0,OFF,0,0.7262,OFF,0,-0.8592,ON,1,1.0,ON,1,1.0,ON,1,1.0,ON,1,1.0,OFF,0,0.2919,ON,1,72.1075,0.21708934404799862,-3.271145085201045,-4.699628092399035,-3.4882344292490437,-4.916717436447033,-1.4284830071979897,4.9276350127880555,5.144724356836054,1.6564899275870104,0.2280069203890207,-1.9384209583880203,-2.155510302436019,1.3327241268130248,2.7612071340110145,1.566542697466345,4.916717436447033,0.0007159028511978273,0.1535053472996793,-2.7595051313707053,-3.188367364219149
Decatur,20241117_0142,Dec,ON,cluster,4,11841339.28511472,1480.16741063934,90693.96566928273,6387.61361497913,125572.0964848954,62.7860482424477,782.3237424128602,103.31604401581689,93466.71909126354,46.73335954563177,508.9812013995979,56.43634030511426,1752152.8324823994,876.0764162411997,17835.888609851012,1608.9211287995226,9870147.637056164,4935.073818528082,90693.96566928273,12009.95158153532,0.0106045518552742,0.0078932557239329,0.1479691435482269,0.8335330488725659,16.287107380769836,11.740643310111125,11.445371405303334,14.376356350552244,16.105025470775114,0.7443271372136562,13.953361308092886,78.60144023449354,105.60066441738552,18.74627513941943,53.0604607174954,0.5563688865736626,4.377032186084814,3.990103063148194,6408.560326765835,1060.9732769792952,9.004007653530078,95.2239802412028,0.7692851534669132,0.0873796225497981,58.63,61.27277564508898,0.0005841815647943,63.81,7.827692868577216,1.5004029740325793,1.4547940535546635,4.659654065471781,ON,1,0.9123,OFF,0,0.0,OFF,0,0.0009,OFF,0,0.0599,OFF,0,0.724,OFF,0,-18.948,ON,1,0.9949,ON,1,1.0,ON,1,0.9294,ON,1,1.0,OFF,0,0.7295,OFF,0,-0.8928,ON,1,1.0,ON,1,1.0,ON,1,1.0,ON,1,1.0,OFF,0,0.2919,ON,1,49.7463,0.29527464022505434,-2.63572043323574,-4.364390022869314,-2.930995073460794,-4.659664663094368,-1.728669589633574,4.5464719497297335,4.841746589954788,1.9107515164939937,0.18208192686041968,-1.676208953969999,-1.9714835941950533,0.9595114792657409,2.688181068899315,1.4547966742897713,4.659664663094368,0.0005948752630321958,0.20879070041555406,-2.272602089107538,-3.104044127518951
Decatur,20241113_1831,Dec,ON,cluster,4,10326523.948200582,1290.8154935250727,79454.39304594044,5530.547639229243,123027.1357774175,61.51356788870875,992.8723013672424,103.11284101471624,86284.48108639968,43.14224054319984,450.9539271824906,55.90603154784013,1626264.1147047854,813.1320573523927,18628.84265457187,1536.6653022060325,8490948.216631979,4245.47410831599,79454.39304594044,10389.738687765708,0.0119137026548856,0.0083556171969595,0.1574841759785165,0.8222465041696383,16.150226380646554,11.720168354354008,11.365416625216923,14.30179660297306,15.954511356117068,0.7013451182168907,13.218743201774831,69.01687308989223,98.40643542876832,18.84770116491171,48.33564654880533,0.5314191842020092,4.248736257144205,3.898646873499538,6370.654943267199,1104.7592890639912,8.98205698492599,94.767011267023,0.7713753489878235,0.0870425411636122,58.735,61.55364065932709,0.0005729293745231,63.565,7.845612828771835,1.4884031775105844,1.411447667254354,4.589094730900145,ON,1,0.781,OFF,0,0.0,OFF,0,0.0012,OFF,0,0.0561,OFF,0,0.7245,OFF,0,-16.4071,ON,1,0.99,ON,1,1.0,ON,1,0.9106,ON,1,1.0,OFF,0,0.7298,OFF,0,-0.9,ON,1,1.0,ON,1,1.0,ON,1,1.0,ON,1,1.0,OFF,0,0.2919,ON,1,43.0223,0.3547551903845019,-2.581635761968009,-4.234351012245627,-2.936390952352511,-4.589106202630129,-1.652715250277618,4.430066057709578,4.7848212480940795,1.8484302957415686,0.1957150454639507,-1.6153078959572849,-1.9700630863417867,0.9663278660107242,2.619043116288342,1.411450337415209,4.589106202630129,0.0005870574953283731,0.25084980078200597,-2.252724972855279,-3.024210496416622
Prairie_State_2,Neutral_Ground 2/12/24 1305,Pra,ON,manual,4,100818540.11924112,12602.317514905142,157066.79061986506,28755.469899662367,93047035.87624767,46523.51793812384,157066.79061986506,41066.81278983116,7197684.430931542,3598.842215465771,51749.37690666411,8867.14975608414,510299.5795387799,255.14978976939,2821.590416289924,460.15095214849737,63520.23252314696,31.76011626157348,636.2804370001868,71.62699151177596,0.922915921676689,0.0713924683140484,0.0050615648563769,0.0006300451528857,18.428832836361725,18.348615696120422,15.789270064378218,13.142755202733918,11.059129499434704,0.0773553328501981,0.0054843184926113,0.0006826679853362,0.0088250927270671,0.0708977427998555,0.0057241898655966,0.0745092721258713,0.000682435073542,0.0057078689438715,1007.3052184871068,688.9174863426225,2.684281766561339,6.470118826314508,0.8233507189872564,0.0241645564531603,0.08508,12.463325926687386,-0.0011393835156603,0.27948,3.530343598952556,1.566794738380446,-2.429828732228574,7.289486196685722,ON,1,0.9655,ON,1,0.9999,ON,1,0.5099,ON,1,0.7299,OFF,0,0.7256,ON,1,0.5948,ON,1,0.9885,ON,1,1.0,ON,1,0.7139,ON,1,1.0,OFF,0,0.732,ON,1,0.6318,ON,1,0.7772,ON,1,0.8705,ON,1,0.6462,ON,1,0.6738,ON,1,0.8009,ON,1,0.4221,2.559345759928515,5.205862442270538,7.289501928829965,2.646516682342023,4.73015616890145,2.083639486559427,0.08021714106974187,2.639562900998257,5.28607958334028,7.369719069899707,3.7636775327572547,1.2043317728287395,-1.4421849095132835,-3.5258243960727107,-2.429833976276655,7.289501928829965,-0.0011526329622408911,1.809730742246491,3.2057203536972048,4.071271328375858
Prairie_State_2,Neutral_Ground 2/11 1404,Pra,ON,cluster,4,113915400.48487444,14239.425060609305,257259.0035068998,30735.037259257577,101642038.9455113,50821.01947275565,257259.0035068998,42785.19529579893,11150000.93979522,5575.00046989761,62581.15731038991,11992.451450934184,853021.5392944274,426.5107696472137,7957.814114356006,948.946754566747,270339.0602734706,135.1695301367353,5783.655183683208,515.5623773102282,0.8922589791448543,0.0978796623839785,0.0074882020838586,0.0023731563873083,18.550966638634083,18.436967786516988,16.22695022984305,13.65654124968208,12.507435927992113,0.1096987137947168,0.0083924087724343,0.002659717013532,0.0242456535863226,0.0765041674794708,0.0099595733946312,0.1040885494669523,0.0026561862254484,0.0099103037101434,1095.9300477063384,778.7945665466516,2.5455528688669333,6.057152504191411,0.8341343613959095,0.0279283392385378,0.074685,18.066670698563296,-0.0011796231770181,0.28866,4.250490642094527,1.4664630775921956,-1.976510619508292,5.929531858524875,ON,1,0.9907,ON,1,1.0,ON,1,0.5208,ON,1,0.7913,OFF,0,0.7255,ON,1,0.7362,ON,1,0.9986,ON,1,1.0,ON,1,0.8366,ON,1,1.0,OFF,0,0.7312,ON,1,0.75,ON,1,0.8357,ON,1,0.8954,ON,1,0.6364,ON,1,0.6653,ON,1,0.8006,ON,1,0.3931,2.210017636521574,4.780427699299112,5.929535547738089,2.5704100627775386,3.7195179112165153,1.1491078484389767,0.11399885317709746,2.3240164896986713,4.89442655247621,6.043534400915187,3.2299952208896947,1.019977584368121,-1.5504324784094177,-2.6995403268483944,-1.9765118492460296,5.929535547738089,-0.0011955081392100685,1.5627184573262716,3.000966949845,3.11716066878834
Middletown_GT,20231027_1106,Mid,ON,cluster,2,3573579566.605365,446753.289986919,6129681.384202004,785475.5183209392,3166456372.4526253,1583228.1862263123,6129681.384202004,787637.152795484,404892335.01233,202446.167506165,2491360.5097460896,312815.6488656559,2202351.9459481244,1101.7268363922583,23794.45589198172,3134.2552931225428,28507.19446164209,14.253597230821043,264.0537596472168,27.48775749490005,0.8860741207619238,0.1133016146599885,0.0006162873681416,7.977209946026698e-06,21.99683361039164,21.87587893629628,19.8191317527233,14.605036867684063,10.257946849899255,0.1278692290014766,0.0006955257508387,9.002869804127893e-06,7.040685139365235e-05,0.005439352033871,0.0006246545277829,0.1203302146189844,9.002829278538769e-06,0.0006244595123506,1072.8971800905113,737.3466460593004,2.2583188531302123,6.091259202070884,0.8674060154260594,0.0078900998020153,0.08562,13.720506421746732,-0.0020808923141524,0.28407,3.70412019536929,1.2944555001265805,-3.872644028799008,11.617932086397024,ON,1,1.0,ON,1,1.0,ON,1,0.5815,ON,1,0.6793,ON,1,0.6663,ON,1,1.1206,ON,1,1.0,ON,1,1.0,ON,1,0.9989,ON,1,1.0,ON,1,0.6113,ON,1,1.3168,ON,1,0.9962,ON,1,0.9999,ON,1,0.5004,ON,1,0.6909,ON,1,0.6828,ON,1,1.0007,2.0567471857269624,7.270842522356336,11.617967164330047,5.214095336629374,9.561219978603084,4.347124641973711,0.12095467413133676,2.177701859858299,7.391797196487673,11.738921838461383,5.236389218103337,3.1796420323763748,-2.034453304252999,-6.3815779462267095,-3.872655721443349,11.617967164330047,-0.002094210434075676,1.4543398822138827,5.096954537478478,7.368811490217141
Middletown_GT,20231027_1917,Mid,OFF,cluster,2,35109799.410829045,4389.273585551825,1102579.469205439,34652.895449714764,25008438.70773667,12504.219353868337,338499.8193317056,37059.96028961462,10086453.243124643,5043.226621562321,1102579.469205439,57658.60864579304,2530.174168261321,1.265719944102712,58.81850746623627,3.75687981546514,12377.285799474092,6.1886428997370455,9.52344581982834,0.3710156974388957,0.712292269605597,0.2872831349760899,7.206461474345337e-05,0.0003525308035698,17.373990863446856,17.03472391417183,16.126703917598984,7.836438572188343,9.42369907134234,0.4033219890693884,0.0001011728160174,0.0004949243710941,0.0012271197318948,0.0002508487480458,0.0004247757761616,0.3388422751949707,0.0004948019364232,0.0004246855844715,1510.9664866977769,559.8989659668158,19.013471947078788,461.5979536664996,0.6474277937394366,0.0055753080592293,0.6996,251.19862039012008,-0.0009823937274446,0.70095,15.84924668207822,2.705259331625301,-2.537008280943164,9.198285341983487,ON,0,0.8142,ON,0,0.9967,OFF,1,0.4928,ON,0,0.6767,ON,0,0.6665,ON,0,0.4092,ON,0,0.5768,OFF,1,0.2186,OFF,1,0.4478,OFF,1,0.4286,ON,0,0.6237,ON,0,0.2354,ON,0,0.9988,ON,0,1.0,OFF,1,0.4963,ON,0,0.6953,ON,0,0.6828,ON,0,0.6324,0.9080200557292137,9.198680453623162,7.611105592736804,8.290660397893948,6.70308553700759,-1.5875748608863578,0.3392669607794545,1.2472870165086682,9.537947414402616,7.950372553516258,4.429451525522296,3.5214314697930824,-4.7692289281008655,-3.1816540672145077,-2.5370351975789345,9.198680453623162,-0.0010619386974414502,0.6420671388595138,7.13999350397166,3.6738576643491263
Middletown_GT,20231104_1934,Mid,ON,cluster,2,791845584.3303491,98993.07217531557,2123693.190599814,257575.80605760368,714880384.5919313,357440.1922959657,2123693.190599814,379676.838374874,76925270.66452251,38462.635332261256,1396364.5758829117,176477.33688322754,27394.20737257072,13.703955664117416,2013.4195047343528,81.95647034670276,12534.86652251126,6.26743326125563,8.209472386444986,0.3432634267469279,0.9028027670274804,0.0971468076437869,3.459539071085122e-05,1.5829938021453755e-05,20.489876962752728,20.38762579378485,18.158345010716648,10.2181233636672,9.43634913644497,0.1076057929725305,3.8319987459451504e-05,1.753421522352499e-05,0.0001629486177198,0.0003561145399414,5.0427871574306335e-05,0.1022007425037103,1.753406150097017e-05,5.042660013193449e-05,1039.7272305025106,656.6538243603512,4.522115305150026,24.90050559630252,0.8127535556187531,0.002083548453774,0.07698,21.452947604644255,-0.0018037271667831,0.28245,4.631732678450976,1.7451688442861153,-3.650425552446626,10.95127665733988,ON,1,0.9797,ON,1,1.0,ON,1,0.512,ON,1,0.677,ON,1,0.6665,ON,1,0.9574,ON,1,0.9587,ON,1,0.9747,ON,1,0.6036,ON,1,0.8494,ON,1,0.6231,ON,1,0.8912,ON,1,0.9814,ON,1,0.9992,ON,1,0.5003,ON,1,0.6734,ON,1,0.6828,ON,1,0.6838,2.2292807946689948,10.169538932120236,10.951356430233933,7.9402581374512415,8.722075635564938,0.7818174981136963,0.10225116910384102,2.331531963772836,10.271790101224077,11.053607599337774,5.837544039255791,3.608263244586796,-4.331994892864445,-5.113812390978142,-3.650452143411311,10.951356430233933,-0.0018703348013185904,1.5763395670793818,7.393293694300032,5.904921921032948
Middletown_GT,20240330_1959,Mid,ON,cluster,2,845993378.8824097,105762.39265938364,2139200.4739847183,269282.98327587795,769526848.4921309,384763.42424606543,2139200.4739847183,392653.65194478014,76448837.48603317,38224.41874301658,1376213.1006011963,176276.19318058694,5087.079413015404,2.544812112563984,153.79064392167857,9.3648048607985,12605.824832752189,6.302912416376094,10.332418281542232,0.3458246537209849,0.909613322871044,0.0903657633668777,6.013143294023925e-06,1.4900618784280528e-05,20.556022092341784,20.461286402762017,18.152132297104675,8.534655712802127,9.44199359969135,0.0993452504429607,6.61065877426292e-06,1.6381267083082258e-05,0.0001648923024507,6.654227298021009e-05,2.091419947289626e-05,0.094714775716449,1.63811329115919e-05,2.091398077407573e-05,1038.5530707210828,648.4121322741299,4.366664779536903,23.534282056104395,0.813900694424219,0.0014644420651026,0.077925,20.22647578401696,-0.0017874378326487,0.28056,4.497385438674847,1.777594889001033,-3.673097601023555,11.92663068995989,ON,1,0.9779,ON,1,1.0,ON,1,0.5103,ON,1,0.677,ON,1,0.6665,ON,1,0.8942,ON,1,0.9541,ON,1,0.9602,ON,1,0.5969,ON,1,0.8296,ON,1,0.6231,ON,1,0.8824,ON,1,0.9796,ON,1,0.9993,ON,1,0.5003,ON,1,0.6715,ON,1,0.6828,ON,1,0.6717,2.3091541174384815,11.926827245789417,11.019372127031595,9.617673128350935,8.710218009593113,-0.9074551187578219,0.09473568969722379,2.4038898071357053,12.02156293548664,11.114107816728819,6.313838372564874,4.004684255126392,-5.612988873224543,-4.705533754466721,-3.673124042343865,11.926827245789417,-0.0018547593352474761,1.6328185352455877,8.795505446640856,5.433482359644463
Middletown_GT,20250731_1622,Mid,OFF,cluster,2,17719567.55801345,2215.222847607632,1223598.3930473924,32590.21717321482,3343213.079456449,1671.6065397282243,39365.93616614118,4284.147323930847,14347090.7482786,7173.545374139299,1223598.3930473924,64768.60708171621,16790.693950745663,8.399546748747206,904.3018124583796,62.00863361587401,12473.03632765903,6.236518163829516,8.486842018429343,0.3112712904161648,0.1886735140973868,0.8096749935519905,0.0009475792169178,0.000703913133705,16.690180155102894,15.02244320147825,16.479057814005266,9.728639635437856,9.431404669352071,4.291407818554871,0.0050223224041318,0.0037308529343523,0.0008693773913122,0.0011703204674271,0.0016542242893829,1.6660843387356032,0.0037239105644929,0.0016528575674186,2184.133384743914,558.1432209012013,24.95420309287266,705.1819188979713,0.5290840383288459,0.0103826286216925,0.90615,552.3590524397052,-0.0008015581856369,0.91425,23.5023201500912,2.9899828228695435,-1.8636795107087265,7.047653144653195,OFF,1,0.0133,OFF,1,0.0,OFF,1,0.4893,OFF,1,0.6761,ON,0,0.6665,OFF,1,-1.6808,ON,0,0.5692,OFF,1,0.1263,OFF,1,0.4351,OFF,1,0.3483,ON,0,0.6237,ON,0,0.2085,OFF,1,0.0,OFF,1,0.0,OFF,1,0.4961,OFF,1,0.3278,ON,0,0.6827,OFF,1,-2.8895,-1.4566148419398814,5.293862821953457,5.591118402739637,6.750477663893339,7.0477332446795184,0.29725558078617986,1.6677371963032641,0.21112235436338267,6.961600018256721,7.258855599042901,2.3570915956883027,3.813706437628184,-2.9367712262651544,-3.2340268070513343,-1.8637061342465457,7.0477332446795184,-0.0008775218010232096,-1.0299822323126613,4.917081413111648,3.7343324952351074
Middletown_GT,20250731_1926,Mid,ON,cluster,2,1049551404.6026214,131210.32686618596,2428854.5226889253,308942.4307513107,920882376.9747422,460441.1884873711,2428854.5226889253,460352.8893567119,121008763.52399012,60504.38176199506,1962808.866951242,151374.66463073442,7647795.257189693,3825.8105338617775,52843.6380674839,8332.81847196838,12468.846699202406,6.234423349601203,7.76326410130514,0.2939087347387754,0.8774056925047938,0.1152956996611387,0.0072867276663645,1.188016770262275e-05,20.77162867706652,20.64084287485289,18.61137353502036,15.849928093346715,9.431068745030144,0.1314052332302467,0.0083048556997192,1.3540107847611015e-05,0.0001030408570097,0.063200342144422,0.0073522691633811,0.1234604293627886,1.3540016181178202e-05,0.007325372983966,1158.5377903870858,805.8064221480066,4.236925079374404,22.59985166944704,0.8375347454039267,0.0089089630998325,0.07806,18.51115366221117,-0.0017806546022214,0.28839,4.302459025046138,1.4124653363593396,-3.736591376607582,11.209774129822746,ON,1,1.0,ON,1,1.0,ON,1,0.6156,ON,1,0.6825,ON,1,0.666,ON,1,2.8591,ON,1,1.0,ON,1,1.0,ON,1,1.0,ON,1,1.0,ON,1,0.5891,ON,1,1.0708,ON,1,0.9891,ON,1,0.9997,ON,1,0.5013,ON,1,0.6782,ON,1,0.6827,ON,1,0.8146,2.029469347010483,4.790914911176889,11.209854325400261,2.761445564166406,9.180384978389778,6.418939414223372,0.13078580234675385,2.160255149357237,4.921700713523643,11.340640127747015,4.507559645896908,2.478090298886425,-0.28335526527998134,-6.702294679503353,-3.736618108466754,11.209854325400261,-0.0018207901731905874,1.4350515374813473,3.0832382530257485,7.739143274798915
Middletown_GT,20250801_1554,Mid,ON,cluster,2,872166709.3629514,109034.46797886628,2916457.175910488,291035.1549752612,798689785.8142254,399344.8929071127,2561102.462418139,444801.51323635713,73388082.03924766,36694.04101962383,2916457.175910488,166254.07721069342,76306.97082930343,38.17257170050197,965.0070025517524,97.83876951385984,12534.538648895765,6.2672693244478825,8.806411252357066,0.3253687709205468,0.9157535792642268,0.0841445577449887,8.74912674493614e-05,1.437172333492441e-05,20.58649114520927,20.49848317654434,18.111272123989995,11.242532678779602,9.436322981260346,0.0918855898030948,9.554018617066962e-05,1.5693876235211143e-05,0.0001707980138,0.0010397733352466,0.0001018733679102,0.0879061005912361,1.569375308762394e-05,0.000101868179171,1019.1421953726798,650.2657162585195,4.770875622039124,28.022529364454684,0.810213713274776,0.0025947945626322,0.9102,26.748029590750797,-0.0017883432458001,0.270435,5.171849726232832,1.755032996307755,-3.687386731761331,11.062160195283994,ON,1,0.9812,ON,1,1.0,ON,1,0.503,ON,1,0.6769,ON,1,0.6665,ON,1,1.2129,ON,1,0.9677,ON,1,0.9911,ON,1,0.6397,ON,1,0.8816,ON,1,0.6228,ON,1,0.8804,ON,1,0.9616,ON,1,0.996,OFF,0,0.4948,ON,1,0.6607,ON,1,0.6828,ON,1,0.585,2.3872110649284863,9.25596360138943,11.062239970411452,6.868752536460944,8.675028905482966,1.8062763690220223,0.08800796877040895,2.4752190336988953,9.34397157015984,11.150247939181861,5.676353659182341,3.289142594253855,-3.579609942207089,-5.385886311229111,-3.687413323470484,11.062239970411452,-0.0018427706872389627,1.6880131321344924,6.582887797492479,6.219085823225695
Middletown_ST,20231108_1958,Mid,ON,cluster,1,464810013.3719388,58108.51523589683,1137322.2678222656,118406.24631284144,251774056.68016985,125887.02834008491,413415.1709800996,89012.93185279786,212922322.3786145,106461.16118930724,1137322.2678222656,185668.82942516645,99428.24641754218,49.73899270512365,4251.495266094804,339.1857410369382,14206.066736872424,7.103033368436212,10.278341793146469,0.2723694964717736,0.5416708965749011,0.4580846286722206,0.0002139115844261,3.056316845202041e-05,19.95713930882052,19.34404264678537,19.17643797818851,11.507201578920377,9.56149477732514,0.8456880950569509,0.000394910610444,5.6423870370879486e-05,6.671948050430991e-05,0.0004669695751333,0.0002445345353983,0.6128521592138396,5.642227860418115e-05,0.000244504641702,1748.658089515871,873.417667487081,3.720253314630992,19.092383057833707,0.8565051302595259,0.0067677560580914,1.23555,19.57238561689625,-0.0017798237105557,1.2558,4.424068898297137,1.3444913961799878,-3.260849289820077,9.782547869460233,ON,1,0.9932,ON,1,1.0,ON,1,0.5058,ON,1,0.6823,OFF,0,0.7213,ON,1,1.3142,ON,1,0.9712,ON,1,0.9965,ON,1,0.5922,ON,1,0.9861,OFF,0,0.7273,ON,1,1.0141,ON,1,0.9993,ON,1,1.0,OFF,0,0.4878,ON,1,0.6787,OFF,0,0.7731,ON,1,1.3232,0.16760466932159446,7.83685112134674,9.782618255472062,7.6692464520251455,9.615013586150468,1.9457671341253224,0.6130966638555435,0.780701333177138,8.449947785202284,10.395714919327606,4.4467685115350974,4.279163842213503,-3.3900826098116426,-5.335849743936965,-3.260872751824021,9.782618255472062,-0.0018397666375105082,0.11851439823582835,6.330337826094929,6.1613085720348035
Middletown_ST,20231118_1908,Mid,OFF,cluster,1,2051400.1423433311,256.4570749272823,161387.9579949975,3262.6754001044133,322202.755529881,161.1013777649405,2292.649024848419,289.2846198290447,1708644.9282981995,854.3224641490998,161387.9579949975,6480.589307699056,6407.81049904847,3.2055080035259977,273.66975195706254,18.012495450875797,14144.648016201858,7.072324008100929,11.126102626540389,0.3342595670277143,0.1570648011956488,0.8329164520513295,0.003123627792932,0.0068951189600895,14.534033601715649,12.68293940555367,14.351211759999854,8.76542896312333,9.557162295072446,5.303011532235134,0.0198875099267558,0.0438998356575078,0.0082782840260916,0.0037502294320604,0.010120137851254,1.8410275401715543,0.0429635420008434,0.0100692721469502,2282.8324909018697,991.5197846833804,37.42206991050935,1566.2159616621336,0.6499195340039222,0.0369125937998337,0.70095,629.2981312396848,-0.0004124241284058,1.69995,25.085815339192607,2.020173505387288,-1.0419257034937413,5.585782796876524,ON,0,0.7513,ON,0,1.0,OFF,1,0.48,ON,0,0.6794,OFF,1,0.7213,ON,0,0.9159,OFF,1,0.182,OFF,1,0.0447,OFF,1,0.3698,OFF,1,0.214,OFF,1,0.7282,OFF,1,-0.3105,ON,0,1.0,ON,0,1.0,OFF,1,0.4837,ON,0,0.6787,OFF,1,0.773,ON,0,2.8635,-1.6682748728182126,3.917663386169753,3.1258447024696494,5.585938258987966,4.794119575287862,-0.7918186837001038,1.8510968123211207,0.18282193950290804,5.768760198490874,4.97694151479077,1.3438083039552975,3.01208317677351,-2.5738550822144557,-1.782036398514352,-1.0419482341565498,5.585938258987966,-0.000452501626709755,-1.1796484754528833,3.879829124885195,2.057718388775944
Middletown_ST,20250806_1135,Mid,ON,cluster,1,449072517.2054238,56141.08228596372,1440014.648474753,102980.590864614,291198939.1927061,145599.46959635307,426851.5956245698,96005.9447054533,157826745.859192,78913.37292959601,1440014.648474753,135560.8072234812,32688.95644539702,16.352654549973497,1668.54816152087,119.54379560116168,14143.197080261887,7.071598540130944,8.58113134039337,0.2447646485319048,0.6484452466715972,0.3514504669342652,7.279215537129782e-05,3.149423876632429e-05,19.9226949431449,19.489517234832057,18.877008450486773,10.394823167364876,9.557059718622394,0.541989425843158,0.0001122564406862,4.8568848222700174e-05,8.961216936500678e-05,0.0002071192450141,0.0001042972709239,0.4330734176877668,4.856766879438017e-05,0.0001042918323417,1525.3691138566633,802.4616025210299,3.035227992483136,19.05422971564283,0.8609069349286431,0.0055539047993568,0.7023,25.64992675310037,-0.0017807329069111,1.06545,5.064575673546479,1.3816899179821789,-3.310819172069888,9.932457516209665,ON,1,0.9884,ON,1,1.0,ON,1,0.5079,ON,1,0.6812,OFF,0,0.7213,ON,1,1.1663,ON,1,0.9544,ON,1,0.9803,ON,1,0.5664,ON,1,0.966,OFF,0,0.7275,ON,1,0.9644,ON,1,0.9981,ON,1,1.0,OFF,0,0.4936,ON,1,0.6787,OFF,0,0.773,ON,1,1.214,0.6125087872472683,9.09472465493637,9.932528215647304,8.482215867689101,9.320019428400036,0.8378035607109346,0.43317770952010903,1.0456864967673773,9.527902364456478,10.365705925167413,4.909940414457736,4.297431627210468,-4.184784240478633,-5.022587801189568,-3.3108427385491015,9.932528215647304,-0.0018389451233766798,0.43310911699889176,7.1757559199468455,5.799584838090654
Van_GT1,20250728_0823,Van,OFF,cluster,2,10378846.263376787,1297.517972668682,88091.95370950643,7219.69052206257,9611882.07179488,4805.941035897439,88091.95370950643,13808.819178379226,755300.5620910764,377.6502810455382,9014.726817375107,1131.2928994012746,1219.4795697483278,0.6100448072778027,31.78361918963583,1.787275002786063,10444.149921084863,5.222074960542432,17.690956202386815,1.4891188311816796,0.9261031359248234,0.0727730754386699,0.0001174966406479,0.0010062919958587,16.155280375910518,16.078510710949157,13.534872368472412,7.106999150445331,9.253893027270603,0.0785798823216269,0.0001268720902565,0.0010865873970438,0.0138278063664563,0.0016145619783077,0.0011250529582365,0.0756452520889949,0.0010859974882444,0.0011244205604333,637.2115169865484,548.0918509728627,9.248593385175548,92.42502823593895,0.6976418531035036,0.0102099138365488,0.10803,67.89266550837496,-0.0009186802069276,0.116265,8.239700571501567,2.275925170064994,-2.2748725612261844,8.971511560503826,OFF,1,0.1511,OFF,1,0.1553,OFF,1,0.4983,OFF,1,0.6765,ON,0,0.6665,OFF,1,-0.4755,OFF,1,0.2136,OFF,1,0.0676,OFF,1,0.3952,OFF,1,0.347,ON,0,0.6239,OFF,1,-0.1618,OFF,1,0.4048,OFF,1,0.4993,OFF,1,0.5,OFF,1,0.6155,ON,0,0.6828,OFF,1,-0.2069,2.543639562414219,8.972331142369441,6.824713322438001,6.428691579955223,4.281073760023782,-2.1476178199314413,0.07676967264943357,2.6204092350636525,9.049100815018875,6.901482995087434,4.585171006805416,2.0415314443911967,-4.387160135564026,-2.239542315632585,-2.2749044408126666,8.972331142369441,-0.0010050300897169843,1.7986247834774767,6.287441197784154,2.5860007175840614
Van_GT1,20250728_1224,Van,ON,cluster,2,4939068650.486419,617460.7639062906,7377027.332798004,1240212.274913864,4888626900.284242,2444313.450142121,7377027.332798004,1299540.3285903456,50315411.02958252,25157.70551479126,930990.8325939776,111674.48604629638,2108.479196407814,1.0547669816947545,274.1010647598923,9.082234230085174,124230.69339770133,62.11534669885066,1160.2120665507537,148.32872634127455,0.9897871939485576,0.010187226497576,4.2689813517780577e-07,2.5152655731048927e-05,22.320442618284066,22.310177303718863,17.733821990316986,7.654196369656469,11.729903596264313,0.0102923401715637,4.313029485406668e-07,2.541218545241775e-05,0.0024690386276415,4.190523645266675e-05,2.55802081965402e-05,0.0102397346862581,2.541186256830313e-05,2.5579881028593847e-05,747.7069738634705,556.4633663544048,2.186314847836891,4.299073697547893,0.83432049943827,0.0003238520226245,0.05322,11.947362106262643,-0.0019553608390685,0.226155,3.4564956395545483,1.7336201109591374,-3.526757902484852,14.6559809340624,ON,1,0.9877,ON,1,0.9787,ON,1,0.5247,ON,1,0.6768,ON,1,0.6665,ON,1,1.1801,ON,1,0.9927,ON,1,0.9967,ON,1,0.8934,ON,1,0.8836,ON,1,0.6207,ON,1,0.8001,ON,1,0.9613,ON,1,0.9978,ON,1,0.5005,ON,1,0.6599,ON,1,0.6828,ON,1,0.5076,4.576355333071952,14.656455096912813,10.58028175675812,10.080099763840861,6.003926423686169,-4.076173340154693,0.010265314567284634,4.586620647639236,14.666720411480098,10.590547071325405,7.453273046685721,2.8769177136137696,-7.203182050227092,-3.127008710072399,-3.52676058558604,14.656455096912813,-0.0019841644587189544,3.2359718891343987,10.09865623386825,3.610758641037209
Van_GT1,20250728_1625,Van,ON,cluster,2,3576941907.084403,447173.6350899366,5735104.692678988,1011092.671772947,3550595985.497916,1775297.9927489578,5735104.692678988,1316448.413604309,25788022.225590777,12894.011112795388,509451.52183521166,59944.0124114553,3007.550387612598,1.504527457535067,18.73214181134267,2.172628436281084,554891.8105084131,277.44590525420654,4744.427746033529,679.0692493491177,0.9926345123094376,0.0072095166473113,8.408161121252537e-07,0.0001551302271388,21.997774056690076,21.99038130986341,17.06542072604784,8.009213642937171,13.22653023985668,0.0072630122748179,8.470550859339282e-07,0.0001562813152425,0.0215174240837183,0.0001166258645701,0.0001559953740121,0.0072367636207352,0.0001562691045899,0.000155983207999,638.2889879456336,512.1742650109237,2.6119921754598603,6.122026628008179,0.8192880692986161,0.0005653839948579,0.05997,12.825229938982268,-0.0017329715162943,0.199155,3.5812330193633635,1.8129335033425031,-2.921283690002244,13.98116766692624,ON,1,0.9701,ON,1,0.9913,ON,1,0.5183,ON,1,0.6768,ON,1,0.6665,ON,1,0.9456,ON,1,0.976,ON,1,0.9873,ON,1,0.8215,ON,1,0.8396,ON,1,0.6215,ON,1,0.6615,ON,1,0.9199,ON,1,0.9929,ON,1,0.5004,ON,1,0.6507,ON,1,0.6828,ON,1,0.3473,4.924960622311623,13.98150010788735,8.763852871876573,9.056539485575726,3.8388922495649496,-5.217647236010777,0.007392746828735142,4.932353369140358,13.988892854716084,8.771245618705308,6.917578400518886,1.9926177782072632,-7.063921707368463,-1.8462744713576864,-2.921284290625524,13.98150010788735,-0.0017589709352539408,3.482473053113268,9.40524027967009,2.1318941260725883
Van_GT1,20250729_0834,Van,OFF,cluster,2,9086401.942158276,1135.942235549228,72226.95617729425,5865.9315313979005,8391088.212597784,4195.544106298892,72226.95617729425,11133.289224528851,683483.6810427719,341.74184052138594,7911.022964834759,1053.8865042142588,1147.234744596998,0.5739043244607294,40.03786403447975,1.5552653768824685,10682.81377312526,5.341406886562631,44.63803239151298,2.3202923321415527,0.9234775509616808,0.0752204982119055,0.000126258419108,0.0011756924073059,16.022289671903266,15.942680892734408,13.434959522375255,7.045981037332319,9.276485143632906,0.0814535211316878,0.0001367206154351,0.0012731142257669,0.0156299470922424,0.0016785108063516,0.0013036481121507,0.0783059891875962,0.0012723045030245,0.0013027991007452,634.0770068854433,570.8228526862898,8.91024319095863,87.24640591848063,0.7121611772618945,0.0114207574229992,0.10749,63.58330020396341,-0.0009114588522588,0.120855,7.973913731887981,2.1825661188346013,-2.2220652497005,8.896699855402087,OFF,1,0.1553,OFF,1,0.2098,OFF,1,0.4983,OFF,1,0.6765,ON,0,0.6665,OFF,1,-0.4473,OFF,1,0.2113,OFF,1,0.07,OFF,1,0.392,OFF,1,0.3573,ON,0,0.6239,OFF,1,-0.1594,OFF,1,0.4539,ON,0,0.6102,OFF,1,0.5,OFF,1,0.6193,ON,0,0.6828,OFF,1,-0.1404,2.5077227142767526,8.897571017739615,6.666289233843042,6.389848303462863,4.158566519566289,-2.2312817838965735,0.0796087882883505,2.587331502565103,8.977179806027966,6.745898022131392,4.517895741464853,2.0101730271881006,-4.379675276274762,-2.1483934923781884,-2.2220964112810138,8.897571017739615,-0.0009975543670240825,1.7732277366006268,6.241062803485141,2.4807511222995746
Van_GT1,20250729_1236,Van,ON,cluster,2,3916026222.9496455,489564.47342788416,6455555.713584483,1121131.6611784166,3863983980.076288,1931991.990038144,6455555.713584483,1496379.689228477,52030893.17666786,26015.446588333933,911943.5143934228,115186.67098388208,1182.677060409343,0.5916343473783607,22.10346051167312,1.2523466051546657,10167.01962967977,5.083509814839885,13.618762720001598,1.2487907026073568,0.9867104457655654,0.0132866559656173,3.020094843794285e-07,2.5962593330189e-06,22.088343258208607,22.0749646076039,17.767348218909085,7.076381025207428,9.227002743402416,0.0134656078919976,3.060771127694977e-07,2.631227169186927e-06,0.00019540351912,2.273028557079752e-05,2.898277217384811e-06,0.0133757523351308,2.6312237075147915e-06,2.898273017387512e-06,661.0221036343211,486.7308661243603,2.4740806688443837,5.217149958146276,0.8144890415890378,0.0002363589970902,0.106005,13.18632389393636,-0.0020063245275576,0.17931,3.631297825011409,1.8690945338858629,-4.282653954733828,14.99858358239647,ON,1,0.9879,ON,1,0.9995,ON,1,0.5206,ON,1,0.6769,ON,1,0.6665,ON,1,1.1581,ON,1,0.9868,ON,1,0.9924,ON,1,0.8452,ON,1,0.8579,ON,1,0.6213,ON,1,0.7791,ON,1,0.9674,ON,1,0.9985,ON,1,0.5002,ON,1,0.6651,ON,1,0.6828,ON,1,0.5961,4.307616407655363,14.999428764226547,12.84806021634692,10.691812356571184,8.540443808691556,-2.1513685478796276,0.013378650608149911,4.320995058263513,15.012807414834697,12.86143886695507,8.038776347057208,3.731159939401845,-6.960652417169339,-4.809283869289711,-4.282686738782306,14.999428764226547,-0.002049570851379148,3.045944772603543,10.488405267460573,5.553282673087479
Van_GT1,20250729_1637,Van,ON,cluster,2,3991380567.106236,498984.9440062803,6924112.548173964,1215236.0616847628,3969902056.63214,1984951.0283160696,6924112.548173964,1720362.3789971226,21032931.93507497,10516.465967537484,446324.62969614565,49871.93581086455,4135.095690746228,2.0685821364413344,34.20893769190661,3.4031526200503697,441443.4433304663,220.72172166523316,6339.0666272128,769.9822256150509,0.9946187766079976,0.005269588199234,1.0360063695314791e-06,0.0001105991863989,22.10740301504572,22.10200726071956,16.861600002294864,8.32750755198113,12.997807454937032,0.0052980984505492,1.0416115137747828e-06,0.0001111975653386,0.0209882029140352,0.0001966010113811,0.0001116476565761,0.0052841129030768,0.0001111913833476,0.0001116414244403,573.5614362249131,472.3247335924849,2.8320036556768016,7.228851993277619,0.8080333294547563,0.0004547919496249,0.05133,13.8763957336693,-0.0017684912930189,0.175935,3.725103452746698,1.8952211113108224,-3.034733268594175,13.774499708738428,ON,1,0.9693,ON,1,0.9926,ON,1,0.5205,ON,1,0.6767,ON,1,0.6665,ON,1,0.9857,ON,1,0.9764,ON,1,0.9875,ON,1,0.8446,ON,1,0.8287,ON,1,0.6213,ON,1,0.6002,ON,1,0.9179,ON,1,0.992,ON,1,0.5005,ON,1,0.6512,ON,1,0.6828,ON,1,0.329,5.240407305717287,13.774741511621933,9.104202070823913,8.534334205904646,3.8637947651066256,-4.67053944079802,0.005395754327519597,5.245803060044807,13.780137265949453,9.109597825151432,7.029837722040783,1.789430416323496,-6.74490378958115,-2.0743643487831296,-3.034734023607971,13.774741511621933,-0.0017926418224264822,3.705527542052219,9.107642023509102,2.3952696303346057
Van_GT1,20251001_1626,Van,ON,cluster,2,3977494971.241574,497249.0275336384,8093274.870896339,1222547.713508977,3956587777.570298,1978293.8887851492,8093274.870896339,1746574.511056621,20689359.229803685,10344.679614901845,474502.26433807984,48690.931871613946,7461.189488422437,3.732460974698568,51.3704112341884,6.962507847310334,210373.2519828502,105.1866259914251,957.0726128749412,159.8633997104913,0.994743627880754,0.0052016053771013,1.8758513945005516e-06,5.289089075005977e-05,22.10391805412553,22.09864781868181,16.845130127532848,8.917604147243521,12.25664337584971,0.0052290914274897,1.8857636700794436e-06,5.3170374021636966e-05,0.010168185957146,0.0003606293170101,5.476974170488159e-05,0.0052154672031489,5.316896052740396e-05,5.476824189734084e-05,574.3850477189812,475.49539440425286,2.9577807906054385,8.337171308002299,0.8074535117315916,0.00053899389184,0.049035,16.276099947422896,-0.0017628458826923,0.17715,4.0343648753451,1.8960433646834505,-3.2806681476107005,13.18104367143829,ON,1,0.9679,ON,1,0.9805,ON,1,0.52,ON,1,0.6767,ON,1,0.6665,ON,1,0.9817,ON,1,0.9764,ON,1,0.9881,ON,1,0.8448,ON,1,0.8305,ON,1,0.6213,ON,1,0.597,ON,1,0.9031,ON,1,0.9873,ON,1,0.5005,ON,1,0.6503,ON,1,0.6828,ON,1,0.3456,5.253517739230244,13.181177689091673,9.842009196024074,7.927659949861429,4.588491456793831,-3.339168493067598,0.005270235445046012,5.25878797467529,13.186447924536719,9.84727943146912,7.069176156086497,1.8156584168562535,-6.112001533005175,-2.772833039937577,-3.280669732008025,13.181177689091673,-0.0017850412553358779,3.714798018493526,8.617646879781852,3.2017918040516973
Van_GT1,20251001_1726,Van,ON,cluster,2,4021407800.251708,502675.9750314634,8484429.725254118,1224255.363458258,3999038690.4588704,1999519.3452294352,8484429.725254118,1733462.7731523411,22224226.69318121,11112.113346590604,497020.4388532378,53320.07607850712,2639.696471269047,1.3198482356345234,57.62501967134108,4.155231408223495,142243.40318467232,71.12170159233617,615.9538023057539,103.99745593157527,0.994437492812483,0.0055264792324195,6.564110387172928e-07,3.537154405871721e-05,22.114897877588216,22.109319842047825,16.916693589297303,7.878797976221976,11.865302006291328,0.0055573922668477,6.600827537795474e-07,3.5569399096849086e-05,0.0064003758217742,0.0001187756275037,3.602925315774945e-05,0.0055420069376632,3.556876652077322e-05,3.602860411979742e-05,578.467451904882,478.2401847927061,2.913728904665008,8.048910679775778,0.808757547376102,0.0004285717483767,0.05511,16.878526419972747,-0.0018194759707295,0.180525,4.108348381036835,1.8909998140427169,-3.414672611918833,14.23052186582585,ON,1,0.9734,ON,1,0.9933,ON,1,0.5202,ON,1,0.6767,ON,1,0.6665,ON,1,0.9776,ON,1,0.9775,ON,1,0.9879,ON,1,0.8462,ON,1,0.8304,ON,1,0.6212,ON,1,0.6116,ON,1,0.9168,ON,1,0.9922,ON,1,0.5005,ON,1,0.6505,ON,1,0.6828,ON,1,0.3669,5.192626297496403,14.230900625271419,10.244024865684727,9.038274327775015,5.051398568188324,-3.9868757595866917,0.005578035541780935,5.198204333038184,14.2364786608132,10.249602901226508,7.416887947113137,2.224261649616734,-6.8140126781582815,-2.8271369185715898,-3.4146749552282425,14.230900625271419,-0.0018486844627720834,3.671741267127302,9.499600895085747,3.2644965219464717
Van_GT1,20251001_1826,Van,ON,cluster,2,4061093740.413675,507636.7175517093,7933093.080288172,1235090.7398861416,4037873800.0340095,2018936.9000170047,7933093.080288172,1747399.5659250226,22694702.28264346,11347.35114132173,527818.5679972172,54186.971921208205,12927.813566147788,6.463906783073894,60.77040447378954,11.87774220954154,512310.2834558977,256.15514172794883,3319.282703970108,430.91671778071657,0.9942823431656862,0.0055883226867675,3.1833329621273218e-06,0.0001261508145841,22.124718168716758,22.11898410350916,16.937642119658285,9.46721370933063,13.146687694779216,0.0056204585399504,3.201638834289199e-06,0.0001268762494388,0.0225740032662901,0.0005696401479579,0.0001293508770317,0.0056047226970855,0.0001268682013282,0.0001293425119283,579.7797454409099,484.1490852431294,2.9304292025888774,8.250221067871799,0.8091855955476288,0.0006342530639355,0.05484,15.627500545171031,-0.0016491542126682,0.1812,3.953163359281608,1.8774398568360795,-2.990765469576647,12.651770394178524,ON,1,0.9666,ON,1,0.9668,ON,1,0.5209,ON,1,0.6767,ON,1,0.6665,ON,1,0.9876,ON,1,0.9796,ON,1,0.9907,ON,1,0.8516,ON,1,0.8415,ON,1,0.6212,ON,1,0.6187,ON,1,0.8752,ON,1,0.9797,ON,1,0.5005,ON,1,0.6474,ON,1,0.6828,ON,1,0.3033,5.181342027666361,12.65184774353995,8.972298360422458,7.470505715873589,3.790956332756098,-3.6795493831174912,0.005734065209011874,5.1870760928753725,12.657581808748962,8.97803242563147,6.701372032907193,1.520030005240832,-5.950475710632757,-2.270926327515266,-2.9907661201408193,12.65184774353995,-0.0016673906277759449,3.66376208340974,8.214916399915177,2.6222398530014943
Van_GT1,20251001_1926,Van,ON,cluster,2,4060571303.994557,507571.4129993196,8047470.531134665,1226275.480485323,4037175082.0990376,2018587.5410495189,8047470.531134665,1722709.3117162534,23008002.193213675,11504.001096606838,464478.6883367449,54457.99538392245,10645.054203039988,5.322527101519994,47.952860523965,9.356017721581212,377574.64810228994,188.78732405114496,2010.8821984084932,297.86125477299635,0.9942381945435848,0.0056661982934715,2.621565638452894e-06,9.298559730520031e-05,22.124589516176453,22.118811047482687,16.951352678290004,9.272944605119328,12.841526219919304,0.0056990350245724,2.636758125809429e-06,9.352446708998772e-05,0.0164105794554227,0.0004626674716755,9.56163045472621e-05,0.0056828569615953,9.35200939496771e-05,9.561173359978354e-05,585.5425070097996,487.2134509190121,2.90926230442875,8.093080189617961,0.8102764318539804,0.0005946368233768,0.05052,15.854853770390436,-0.0016989870122681,0.184035,3.981815386276213,1.8727919870218608,-3.092428275854461,12.84586644236336,ON,1,0.9685,ON,1,0.9657,ON,1,0.5206,ON,1,0.6767,ON,1,0.6665,ON,1,0.9813,ON,1,0.9796,ON,1,0.9904,ON,1,0.851,ON,1,0.8408,ON,1,0.6212,ON,1,0.6224,ON,1,0.889,ON,1,0.9835,ON,1,0.5005,ON,1,0.6486,ON,1,0.6828,ON,1,0.323,5.1674584124081235,12.845960378042486,9.27728747579508,7.6785019656343625,4.109829063386956,-3.568672902247407,0.00577846869519405,5.173236881103318,12.85173884673768,9.283065944490273,6.822676566561423,1.6552181541532995,-6.023283811481063,-2.454610909233656,-3.09242915859836,12.845960378042486,-0.0017185824617477405,3.6539448849132556,8.379076664496004,2.834340538403687
Van_GT1,20251001_2027,Van,ON,cluster,2,4066960371.1639714,508370.0463954964,7603892.422119141,1218532.965333606,4042085912.969949,2021042.9564849744,7603892.422119141,1698515.8515997531,24472355.896958686,12236.177948479342,531383.7814474441,57707.72682686799,8644.820961942667,4.3224104809713335,34.45361266881832,7.304562678157217,393457.4761016984,196.7287380508492,1974.1883159673307,303.40364507027675,0.993883771681084,0.0060173578455485,2.1256221288107865e-06,9.6744851238639e-05,22.12616172007285,22.120026711013665,17.013054748596637,9.064831357396084,12.8827308167523,0.0060543878640564,2.138702924201536e-06,9.734020616414928e-05,0.0160776297042402,0.0003532484162269,9.888024970454474e-05,0.0060361336993275,9.733546891369536e-05,9.887536137489078e-05,591.2215478890222,490.2800964549545,2.8774864461191445,7.886862894583064,0.8114499999599855,0.0006224278706484,0.049845,14.957396636629417,-0.0017102557330317,0.18552,3.867479364731662,1.8626788319145209,-3.079098631420455,13.05519535361758,ON,1,0.9704,ON,1,0.977,ON,1,0.5206,ON,1,0.6767,ON,1,0.6665,ON,1,1.0061,ON,1,0.9804,ON,1,0.9906,ON,1,0.8511,ON,1,0.8427,ON,1,0.6212,ON,1,0.6366,ON,1,0.9001,ON,1,0.9871,ON,1,0.5005,ON,1,0.6499,ON,1,0.6828,ON,1,0.3353,5.1069720030320624,13.055311022875737,9.237298435581456,7.948339019843674,4.130326432549394,-3.8180125872942803,0.0061350090606993035,5.113107012092762,13.061446031936436,9.243433444642156,6.849895365372314,1.7429233623402514,-6.205415657503423,-2.3874030702091424,-3.079099478527152,13.055311022875737,-0.0017300238149981087,3.6111745346738173,8.574704223441444,2.7567356104987764
Van_GT1,20251001_2127,Van,ON,cluster,2,3950883458.471478,493860.4323089348,7016968.1796655655,1140592.764980923,3924106560.501896,1962053.280250948,7016968.1796655655,1525092.425673437,26447517.941482343,13223.758970741172,523982.3796995916,60539.24069261644,9343.646760394282,4.671823380197141,53.2111684346828,8.078385958475343,320036.3813386689,160.01819066933447,2010.3413369279008,232.2949031592576,0.9932225543347358,0.0066940769626534,2.364951246628055e-06,8.10037513641278e-05,22.097205051476823,22.09040453462685,17.0906729100346,9.142558919324433,12.676193084636711,0.0067397552879144,2.3810889475945373e-06,8.155649608499316e-05,0.0121008096883332,0.0003532901189846,8.337565353082002e-05,0.0067171446737263,8.155317053477858e-05,8.337217797420237e-05,621.320881758887,502.87413883961307,2.7088121013066804,6.7524502639811725,0.8165285439936792,0.000649975432289,0.05376,14.208403266605684,-0.0017344108463186,0.19416,3.769403569081141,1.8298144940176253,-3.1380704833300457,12.947845615302418,ON,1,0.9712,ON,1,0.9695,ON,1,0.5198,ON,1,0.6767,ON,1,0.6665,ON,1,1.0081,ON,1,0.9808,ON,1,0.991,ON,1,0.8456,ON,1,0.8482,ON,1,0.6213,ON,1,0.6601,ON,1,0.91,ON,1,0.9885,ON,1,0.5005,ON,1,0.6516,ON,1,0.6828,ON,1,0.3656,4.999731662148147,12.947952633914742,9.414214574375176,7.948220971766595,4.4144829122270295,-3.5337380595395658,0.00680051685169758,5.006532178999844,12.95475315076644,9.421015091226874,6.840474717609515,1.8407430554613686,-6.107477916305227,-2.573739856765661,-3.1380715247917252,12.947952633914742,-0.0017552701527229668,3.5353441624180433,8.530827151755505,2.971898798255446
Van_GT1,20251001_2227,Van,ON,cluster,2,4849130247.570982,606141.2809463728,5062122.077365875,1177774.9890293796,4807476700.647573,2403738.350323787,5062122.077365875,1109817.0150001307,41585586.82945155,20792.793414725777,732473.7480790764,90335.46008127854,1644.5219875469234,0.8222609937734616,22.09210940628168,1.306975751626103,66315.57196916941,33.157785984584706,856.0501736153528,93.23535484940246,0.9914100993793116,0.0085758857168834,3.391375161289377e-07,1.3675766288684055e-05,22.30206519562267,22.293438189164316,17.543264218797656,7.405812930522576,11.1021950992267,0.0086501899892411,3.420759142369642e-07,1.379425759052282e-05,0.0015946768345758,3.954547988684888e-05,1.401510022509446e-05,0.0086129914581326,1.3794162450626504e-05,1.401500201449492e-05,766.2322479069517,518.5972712072543,1.8092500614711704,1.9143780388383729,0.8358610075789258,0.0002614443344805,0.10317,8.351389744421212,-0.0019522683820417,0.220215,2.8898771157990555,1.738415008028299,-3.7304143633125375,14.887625258641735,ON,1,0.9843,ON,1,0.9614,ON,1,0.5218,ON,1,0.6768,ON,1,0.6665,ON,1,1.194,ON,1,0.9913,ON,1,0.996,ON,1,0.8889,ON,1,0.8771,ON,1,0.6207,ON,1,0.7633,ON,1,0.9686,ON,1,0.9985,ON,1,0.5002,ON,1,0.6645,ON,1,0.6828,ON,1,0.5826,4.750173994205436,14.88823315306265,11.191258169030442,10.138059158857214,6.441084174825006,-3.6969749840322086,0.008627006460148579,4.758801000665585,14.896860159522799,11.199885175490591,7.707416329074633,2.9572423348691963,-7.180816823988018,-3.4838418399558098,-3.7304193896768134,14.88823315306265,-0.0019794821682063302,3.3588802431186524,10.216941052990201,4.022794048225135
Van_GT1,20251001_2327,Van,ON,cluster,2,4848154848.230328,606019.3560287909,5231138.434057295,1179856.2315552486,4806475613.713406,2403237.806856703,5231138.434057295,1119367.5796428756,41567061.81691527,20783.53090845764,927957.4496418572,91175.80731581784,2222.4965548759624,1.1112482774379813,40.19155706501465,1.9232032940903252,109950.2034515171,54.97510172575855,1421.5230458986623,165.5304759064511,0.9914030727520728,0.0085737900537743,4.584211157544231e-07,2.267877303705576e-05,22.301864026051167,22.29322993205946,17.542818652415857,7.706836260534647,11.607791941366544,0.0086481374623684,4.623963031321607e-07,2.287543145705702e-05,0.0026451281049355,5.346773280885318e-05,2.313772949494976e-05,0.0086109565316721,2.2875169818364903e-05,2.313746182181556e-05,764.2266768605313,518.8270230988936,1.8220979015867045,1.979478467529522,0.8356767604664463,0.0003050030926358,0.074145,8.63196592982877,-0.0019294526040639,0.219675,2.938020750407756,1.7373111350841253,-3.561812663564305,14.586393671524814,ON,1,0.9836,ON,1,0.9603,ON,1,0.5224,ON,1,0.6768,ON,1,0.6665,ON,1,1.2114,ON,1,0.9913,ON,1,0.996,ON,1,0.889,ON,1,0.8775,ON,1,0.6207,ON,1,0.7634,ON,1,0.9646,ON,1,0.998,ON,1,0.5004,ON,1,0.6627,ON,1,0.6828,ON,1,0.5475,4.75041130349306,14.586843514576557,10.685447085469873,9.836432211083498,5.935035781976813,-3.9013964291066836,0.00863409399349635,4.759045397486556,14.595477608570054,10.69408117946337,7.505675475884873,2.755264172391813,-7.0811680386916835,-3.179771609585,-3.561815695156625,14.586843514576557,-0.001954543464941022,3.359048046125169,9.97076056252828,3.6716839895108584
Van_GT1,20251002_0028,Van,ON,cluster,2,4842453200.035642,605306.6500044552,5272478.156341612,1180721.9286282929,4801128374.197935,2400564.1870989674,5272478.156341612,1127310.77303311,41171359.661235936,20585.679830617966,815813.3718982339,89665.07280852024,2363.969372369628,1.181984686184814,23.546519867441248,1.7687360349524806,151102.20709824457,75.55110354912229,1994.2866232164813,237.794765501545,0.9914661383124151,0.0085021698631868,4.881759874008134e-07,3.120364841050656e-05,22.30068728898306,22.29211680539995,17.533253443023515,7.7685203504699265,11.925718373040512,0.0085753507201552,4.923778720589922e-07,3.147222805169989e-05,0.0036700805691512,5.741781160060445e-05,3.1692828801472426e-05,0.0085387912582939,3.147173281152147e-05,3.169232659438459e-05,764.2030494034516,517.0723176795155,1.8353022762453828,2.050215914173041,0.8355007159880873,0.0002912915969858,0.10857,8.710424966094134,-0.0019024661574752,0.21927,2.9513429089300853,1.7384899962001754,-3.455466144119812,14.523596454930022,ON,1,0.9829,ON,1,0.945,ON,1,0.522,ON,1,0.6768,ON,1,0.6665,ON,1,1.1775,ON,1,0.9912,ON,1,0.996,ON,1,0.8887,ON,1,0.8772,ON,1,0.6207,ON,1,0.7614,ON,1,0.9608,ON,1,0.9976,ON,1,0.5001,ON,1,0.6611,ON,1,0.6828,ON,1,0.5254,4.758863386456881,14.524019382599972,10.366405050166271,9.765155996143092,5.607541663709391,-4.157614332433701,0.008570483584890098,4.767433870041771,14.532589866184862,10.374975533751162,7.41232195480578,2.653458568348899,-7.1116974277941924,-2.9540830953604917,-3.455468350055424,14.524019382599972,-0.0019262910893890872,3.3650245713040383,9.916014325148808,3.4110813406298046
Van_GT1,20251002_0128,Van,ON,cluster,2,4887802390.147531,610975.2987684413,5369580.805993617,1191167.737311266,4844074737.838793,2422037.3689193963,5369580.805993617,1136950.859285314,43563022.88976381,21781.511444881904,897410.3394180574,96378.41201760166,2641.3300496695388,1.320665024834769,28.83862977294848,2.0404488276685044,161988.08892406998,80.99404446203499,2153.681307963576,253.93760215436595,0.991053719275378,0.0089125990399233,5.403921514899489e-07,3.314129254705418e-05,22.31000863065552,22.3010220916757,17.589719272576577,7.879416401454589,11.995284259625697,0.0089930534203936,5.452702925983302e-07,3.344046029239047e-05,0.0037184767763701,6.063238669991661e-05,3.368281919263993e-05,0.0089528567297288,3.3439901172662964e-05,3.368225193922331e-05,764.4756425016726,518.6300419151555,1.835341121109356,2.0497098945874983,0.8356083847442753,0.000313088166687,0.086295,8.7885399243099,-0.0019040620483741,0.21981,2.9645471701944044,1.7368994025152524,-3.435245944016669,14.421605690221114,ON,1,0.9836,ON,1,0.9487,ON,1,0.5228,ON,1,0.6768,ON,1,0.6665,ON,1,1.1956,ON,1,0.9918,ON,1,0.9963,ON,1,0.8909,ON,1,0.8795,ON,1,0.6207,ON,1,0.7722,ON,1,0.9609,ON,1,0.9976,ON,1,0.5003,ON,1,0.6612,ON,1,0.6828,ON,1,0.5229,4.711302841847935,14.42198421550384,10.30574400511791,9.710681373655905,5.594441163269975,-4.1162402103859295,0.00898653898166657,4.720289380829602,14.430970754485507,10.314730544099577,7.359757765617422,2.6484549237694868,-7.062226449886418,-2.9459862395004883,-3.4352480017059706,14.42198421550384,-0.001927437551877399,3.3313941876941278,9.852119471110559,3.4017318968090793
Van_GT1,20251002_0429,Van,ON,cluster,2,4926807337.915158,615850.9172393947,5142551.650955737,1195255.331756608,4881976416.848326,2440988.208424163,5142551.650955737,1123893.6395600613,44667521.78180733,22333.760890903668,901401.4331436752,97833.6537168539,2434.748045372575,1.2173740226862877,22.06165695122786,1.7942077152640443,160964.53698000294,80.48226849000147,2265.857908772537,259.9273503466726,0.9909006141316248,0.0090662205193331,4.94183733679927e-07,3.267116530846874e-05,22.317957016621133,22.308815978477067,17.614757235820278,7.798009193830562,11.988945565028512,0.0091494751239792,4.987217957403372e-07,3.2971182823516654e-05,0.0036036146748029,5.450824107202139e-05,3.3166449019006866e-05,0.0091078722469051,3.2970639286015615e-05,3.316589902449748e-05,768.4673159788948,520.7643528253421,1.813257704419255,1.9477400863526688,0.8361458838764649,0.0003103417330274,0.085755,8.35031905774805,-0.0019091178875822,0.220755,2.889691862075596,1.733349257198986,-3.439956804482852,14.510806784646505,ON,1,0.9841,ON,1,0.9528,ON,1,0.5229,ON,1,0.6768,ON,1,0.6665,ON,1,1.2058,ON,1,0.9921,ON,1,0.9964,ON,1,0.8925,ON,1,0.8807,ON,1,0.6207,ON,1,0.7776,ON,1,0.9634,ON,1,0.9979,ON,1,0.5003,ON,1,0.662,ON,1,0.6828,ON,1,0.5317,4.6940587648395855,14.511217420235363,10.319876625772967,9.817158655395778,5.625817860933381,-4.191340794462397,0.00914103814593048,4.703199802985516,14.520358458381294,10.329017663918897,7.38128820271198,2.6872294378723947,-7.129929217523383,-2.9385884230609864,-3.4399588752576555,14.511217420235363,-0.0019324356598158304,3.3192007839062208,9.932017942638357,3.393189634183556
Van_GT1,20251002_0830,Van,ON,cluster,2,5259401569.713647,657425.1962142058,5529172.204528391,1265807.4575704795,5207334158.959761,2603667.07947988,5529172.204528391,1159689.164259136,51966674.76055896,25983.33738027948,917687.6375748254,115192.273402488,2576.712031117309,1.2883560155586544,22.741105721180247,1.926125353710742,98159.28129629344,49.07964064814672,1490.8588153208257,135.93653430933475,0.9901001263996048,0.0098807200917705,4.899249462059237e-07,1.866358367871077e-05,22.383283087397448,22.373333884209146,17.7661132203546,7.85465747482291,11.494356945072347,0.0099795160391512,4.948236376733778e-07,1.885019825881544e-05,0.0018888890187522,4.9583931298080696e-05,1.9153875488836068e-05,0.0099300494981475,1.885002059606089e-05,1.9153692055705248e-05,788.4524132901545,521.3440788358217,1.7995052315819708,1.9228959537973167,0.8374403179956045,0.0002821742072926,0.103575,8.410344228314068,-0.00194156054216,0.22386,2.9000593491016686,1.724387304796563,-3.6263256463789326,14.518676409386234,ON,1,0.9866,ON,1,0.9293,ON,1,0.5243,ON,1,0.6768,ON,1,0.6665,ON,1,1.2477,ON,1,0.994,ON,1,0.9973,ON,1,0.9057,ON,1,0.8887,ON,1,0.6204,ON,1,0.8065,ON,1,0.9666,ON,1,0.9981,ON,1,0.5002,ON,1,0.6636,ON,1,0.6828,ON,1,0.5685,4.607220682905613,14.519064425391694,10.878987126416522,9.91184374248608,6.271766443510909,-3.6400772989751715,0.009949203190203093,4.617169886095816,14.529013628581897,10.888936329606725,7.501318058678457,2.8940973757728443,-7.0177463667132365,-3.377669067738065,-3.6263290421388406,14.519064425391694,-0.0019628344310809336,3.2577969873054755,9.973876494015729,3.9001962909840873
Van_GT1,20251002_1031,Van,ON,cluster,2,5249907137.397392,656238.3921746741,5549133.621519148,1266203.7374837396,5199546449.558079,2599773.224779039,5549133.621519148,1167914.9192475637,50237924.59252787,25118.962296263933,911449.4328779132,110480.02088604872,2495.378100668193,1.2476890503340965,30.31913459041812,2.062825384159811,120267.8686858588,60.1339343429294,2298.352829825657,221.23381083140384,0.990407318354153,0.0095692977566519,4.7531852190156274e-07,2.290857067340068e-05,22.381476225469203,22.37183723768329,17.732280789314117,7.822596200656482,11.6974850878071,0.009661982074763,4.799222633890077e-07,2.3130453752573096e-05,0.0023939657074079,4.96712020034222e-05,2.338443601436289e-05,0.0096156036251536,2.313018624775269e-05,2.3384162602701413e-05,783.8511032934929,518.8651446849847,1.7938660903563668,1.856325329016478,0.8370502219785356,0.0002672848827208,0.085755,8.45597223156994,-0.0019580276099254,0.222645,2.9079154443635136,1.7276140451085824,-3.5581173832920654,14.549241037026812,ON,1,0.9865,ON,1,0.9334,ON,1,0.5245,ON,1,0.6768,ON,1,0.6665,ON,1,1.2418,ON,1,0.9938,ON,1,0.9973,ON,1,0.9052,ON,1,0.8875,ON,1,0.6205,ON,1,0.7993,ON,1,0.9673,ON,1,0.9981,ON,1,0.5003,ON,1,0.6634,ON,1,0.6828,ON,1,0.5547,4.63955646808213,14.549641697432858,10.674360464422074,9.910085229350727,6.034803996339944,-3.875281233010784,0.009638987787756292,4.6491954558698865,14.559280685220614,10.68399945220983,7.465889657484265,2.826333189402135,-7.083752039948593,-3.208470806937809,-3.5581201548073573,14.549641697432858,-0.001980626934949349,3.2806618402787824,9.985641703072318,3.7048229681452005
Van_GT1,20251002_1131,Van,ON,cluster,2,5231974038.335479,653996.7547919349,5528295.049738944,1263422.052944261,5182305781.800312,2591152.890900156,5528295.049738944,1170140.321343948,49504110.03662867,24752.05501831433,953861.3649523295,108966.67353385464,2440.1961923206004,1.2200980961603003,24.36139278348128,1.956387523085977,161706.30234539462,80.85315117269731,2452.66872175796,272.41646648770325,0.9905067845957874,0.0094618416822989,4.664006691242937e-07,3.0907321244438075e-05,22.378054489188287,22.36851592599076,17.71756627533538,7.800243440911873,11.993543204380988,0.0095525258680183,4.70870746548824e-07,3.120354320142384e-05,0.0032665227639834,4.929279994156084e-05,3.137470625487153e-05,0.0095071889852812,3.1203056380996666e-05,3.1374214079069794e-05,782.2307136521684,519.8393104470848,1.802027377367855,1.898395588266629,0.8369420495783186,0.0002720575647399,0.10344,8.453092479790266,-0.0019180754991749,0.22278,2.9074202447854307,1.7273268310977017,-3.458324240536591,14.568272485078886,ON,1,0.9859,ON,1,0.935,ON,1,0.5243,ON,1,0.6768,ON,1,0.6665,ON,1,1.2341,ON,1,0.9937,ON,1,0.9972,ON,1,0.9045,ON,1,0.8869,ON,1,0.6205,ON,1,0.7967,ON,1,0.9634,ON,1,0.9978,ON,1,0.5002,ON,1,0.6617,ON,1,0.6828,ON,1,0.5344,4.650949670662758,14.56868220405418,10.374978905448556,9.917732533391423,5.724029234785798,-4.193703298605624,0.009538563199360084,4.660488233862118,14.57822076725354,10.384517468647916,7.398652695041372,2.7477030243786142,-7.1700295090128074,-2.9763262104071835,-3.458326301816186,14.56868220405418,-0.0019398218944691016,3.2887180510829763,9.99653695615131,3.4367654775494527
Van_GT2,20250403_1631,Van,ON,manual,3,232545705.80883175,29071.84720700485,927232.290072892,93899.60572832328,231492917.3686776,115746.4586843388,927232.290072892,158886.19485077154,928173.8324803272,464.08691624016353,12555.208313141542,1451.6931286733927,1083.1909082045672,0.5418663872959316,7.7526442983980814,0.6026132115407137,123531.41676564942,61.76570838282471,535.0175081192901,98.2462847758636,0.9954727676587602,0.0039913608778626,4.657969943745265e-06,0.0005312134934334,19.264597352095794,19.260059840822574,13.740975391093157,6.988589281073098,11.724258884539672,0.0040095128742194,4.679153559067482e-06,0.000533629357519,0.1330908203212404,0.0011670129778479,0.0005361587755648,0.0040014961989722,0.0005334870280052,0.0005360150938037,878.6079223375958,469.4792872904625,5.5131752206816,35.71187546088907,0.77972303274666,0.0018707731200503,0.20523,31.894508920281904,-0.0013223538189043,0.207255,5.647522370052607,1.981500228525832,-2.5119336520943016,12.27147055974948,OFF,0,0.0877,OFF,0,0.01,OFF,0,0.4995,OFF,0,0.4943,ON,1,0.6753,OFF,0,-0.5839,OFF,0,0.2418,OFF,0,0.1274,OFF,0,0.4607,OFF,0,0.3515,ON,1,0.67,OFF,0,-0.1098,OFF,0,0.2292,OFF,0,0.0637,OFF,0,0.4993,OFF,0,0.5629,ON,1,0.6633,OFF,0,-0.1635,5.519085522793446,12.272393327839508,7.535809047037056,6.753307805046061,2.0167235242436092,-4.736584280802452,0.004537511292774354,5.523623034086221,12.276930839132282,7.54034655832983,6.331821974417503,0.8127364516240565,-5.940571353422005,-1.2039870726195527,-2.511936349012352,12.272393327839508,-0.0013828746095999515,3.902582799115748,7.767209962376915,1.390244520955457
Van_GT2,20250405_1653,Van,ON,manual,3,284274268.6925967,35538.7259273155,908890.4902207887,97017.62382015731,282739919.94138247,141369.95997069124,908890.4902207887,150687.13553420885,1521840.954770274,760.920477385137,11660.35502113495,1919.983259189,659.3603819493087,0.32984511353142,3.6601719346470105,0.1485088468022244,11848.43606200359,5.924218031001795,49.28045329057227,3.203750367761438,0.9946025760323972,0.0053534249222392,2.319451510619541e-06,4.167959385313215e-05,19.465450068454423,19.46003802578716,14.23543197151938,6.492785719255086,9.380035555726511,0.0053824764295249,2.3320385111731114e-06,4.190577709882623e-05,0.0077855941679427,0.000433264974163,4.400098136492666e-05,0.0053680426730058,4.19048990762785e-05,4.400001335014175e-05,828.3354350340148,451.5461615561679,4.515332265036229,26.650634697194,0.7989526037901784,0.0008837780383701,0.205905,25.574650370969035,-0.0015181954106979,0.206445,5.057138555640134,1.9194032685195055,-3.3600008233535483,12.967252306532073,OFF,0,0.2234,OFF,0,0.2174,OFF,0,0.4997,OFF,0,0.5618,ON,1,0.6753,OFF,0,-0.2672,OFF,0,0.3268,OFF,0,0.1927,OFF,0,0.4747,OFF,0,0.3921,ON,1,0.67,OFF,0,-0.0,ON,1,0.5931,ON,1,0.5412,OFF,0,0.4993,OFF,0,0.6358,ON,1,0.6633,ON,1,0.1653,5.224606707829633,12.968767775387054,10.080086862286892,7.744161067557421,4.8554801544572594,-2.8886809131001616,0.005412042686355534,5.230018750515988,12.97417981807341,10.085498904973248,7.068365336375896,1.8437586285462633,-5.900402439011158,-3.011721525910996,-3.3600289540956307,12.968767775387054,-0.001588631006831937,3.694354832139057,8.456017790631721,3.4776364674178075
Van_GT2,20250407_1226,Van,ON,manual,3,188223379.76296824,23530.86382834957,926449.0178275704,68284.4971098198,187722536.6576689,93861.26832883444,926449.0178275704,109785.4393489372,487195.2852448644,243.5976426224322,3596.6403410915664,669.6068759270274,734.1210569842025,0.3672441505673849,4.633001338793349,0.2360131011057176,12913.698997577312,6.456849498788656,64.77107692271602,3.8406328219872954,0.9973391025815704,0.0025883887849553,3.9002649825366496e-06,6.86083684919465e-05,19.053140010996263,19.050475567111867,13.096422370646096,6.600035189030591,9.466121398837693,0.0025952945976503,3.9106708765764384e-06,6.879141539157168e-05,0.0265062068305122,0.0015068312014015,7.251389135765301e-05,0.0025919326362232,6.878904937066322e-05,7.251126235252527e-05,892.260297299604,500.5735957937283,5.295521917511024,38.20260139070852,0.7938122925275591,0.0011746533114347,0.152715,39.371653526437775,-0.0014162052903895,0.21792,6.274683539939414,1.9502336838958143,-3.194784722758058,12.450440378081275,OFF,0,0.1549,OFF,0,0.0576,OFF,0,0.4996,OFF,0,0.5208,ON,1,0.6753,OFF,0,-0.4876,OFF,0,0.1772,OFF,0,0.0849,OFF,0,0.4455,OFF,0,0.3132,ON,1,0.6701,OFF,0,-0.2096,OFF,0,0.2737,OFF,0,0.1335,OFF,0,0.4998,OFF,0,0.5749,ON,1,0.6633,OFF,0,-0.0358,5.954055243701669,12.451801618997898,9.584431597095465,6.49774637529623,3.630376353393796,-2.867370021902434,0.002664443898577673,5.956719687600247,12.454466062896476,9.587096040994043,6.997572114948758,1.043516871247089,-5.454229504049141,-2.586859482146707,-3.1948105323651546,12.451801618997898,-0.0014875827622725353,4.210152838380772,7.736120573733502,2.987048036746274
Van_GT2,20250407_1628,Van,ON,manual,3,201071462.9972864,25137.07500903693,879128.508312121,83237.54283949867,199701500.03048185,99850.7500152409,879128.508312121,142353.5587384135,1203203.3056989966,601.6016528494984,12519.100503249152,1602.5999402267764,1203.9106230690968,0.6022564397544257,4.6754912430643,0.7183678631016284,165555.7504825079,82.77787524125395,577.6406013710985,138.0690449146329,0.9931866862339236,0.0059839585775293,5.9874763187322334e-06,0.0008233677122284,19.11917094510823,19.11233431478485,14.000498810711036,7.094160671447006,12.017069318238953,0.0060250088532902,6.028550726385778e-06,0.0008290160587538,0.1375958241622277,0.0010005878618897,0.0008300435895048,0.0060069310636698,0.0008286726147416,0.0008296992938317,872.7677904232496,504.9523023900175,6.168071711940535,46.21890986187749,0.7801416599226433,0.0023449854951364,0.204285,34.97338127033737,-0.0012880306187555,0.20793,5.913829661927489,1.947292910561984,-2.365088332181964,12.01817364333784,OFF,0,0.0875,OFF,0,0.0072,OFF,0,0.4993,OFF,0,0.4872,ON,1,0.6753,OFF,0,-0.5924,OFF,0,0.2751,OFF,0,0.1495,OFF,0,0.4581,OFF,0,0.3674,ON,1,0.6701,OFF,0,-0.0588,OFF,0,0.203,OFF,0,0.0634,OFF,0,0.4993,OFF,0,0.558,ON,1,0.6633,OFF,0,-0.2034,5.111836330180729,12.019003919995267,7.09527103178152,6.907167589814537,1.9834347016007907,-4.923732888213746,0.00683663035750115,5.11867296053823,12.025840550352768,7.102107662139021,6.056527820489379,0.9446914903086494,-5.962476099505888,-1.0387432112921413,-2.3650903439271738,12.019003919995267,-0.0013454138230311224,3.6146141333865494,7.726577163905723,1.199437345316828
Van_GT2,20250617_1226,Van,ON,manual,3,223507963.2873964,27941.98815944448,1112259.8959344774,94719.36804650383,221885221.16864103,110942.61058432052,1112259.8959344774,163370.60892410474,1381995.3417255902,690.9976708627951,19768.81224990101,2536.7991332161214,981.9579459349542,0.4912245852601071,3.316329649896943,0.3670005064417665,239764.8190838217,119.88240954191085,885.4760958236293,177.1489355066624,0.9927396675497026,0.0061832040406925,4.393391320345528e-06,0.0010727350182844,19.22495760577852,19.21767078887867,14.139039636219122,6.890566337884057,12.387417972149066,0.0062284244730081,4.4255220819264255e-06,0.0010805803911635,0.1734917708074706,0.0007105363645496,0.0010782898662535,0.0062091080032559,0.0010799969844134,0.0010777089293104,897.1175025886246,487.22937311292776,5.837201758753594,39.774335585371816,0.7739261504350354,0.0018867027665382,0.153795,39.80603991339557,-0.0012210091400579,0.207255,6.309202795389295,1.9974667391309864,-2.2767509389098683,12.327104450994614,OFF,0,0.064,OFF,0,0.0032,ON,1,0.5003,OFF,0,0.4699,ON,1,0.6753,OFF,0,-0.7031,OFF,0,0.2829,OFF,0,0.1537,OFF,0,0.4635,OFF,0,0.3695,ON,1,0.67,OFF,0,-0.0518,OFF,0,0.1007,OFF,0,0.0129,OFF,0,0.4998,OFF,0,0.5187,ON,1,0.6633,OFF,0,-0.3073,5.0786318717438945,12.32812230184777,6.830256982967747,7.249490430103876,1.7516251112238521,-5.497865318880024,0.007286816932566609,5.085918688676461,12.335409118780337,6.837543799900313,6.059252789139851,0.9806209173959566,-6.268869512707919,-0.7710041938278955,-2.2767523276559154,12.32812230184777,-0.0012744624656943742,3.5911350356602365,7.9925269291828185,0.8902789577057307
Van_GT2,20250617_1629,Van,ON,manual,3,240715004.2960559,30093.137179154382,925586.3326206804,92636.36320843884,239517477.0550531,119758.73852752656,925586.3326206804,153618.42315568807,917326.1839715398,458.66309198576994,11653.873902797932,1604.9458214085944,1053.843195814628,0.5271851905025653,14.018746130608632,0.5941810634949746,279147.21383542253,139.57360691771126,986.5158404939904,214.7972099347581,0.995025124235588,0.0038108392397647,4.377970533646103e-06,0.0011596585541136,19.299124241051423,19.29413694941789,13.729219485825396,6.961147405304105,12.53949815213456,0.0038298924790389,4.399859286979704e-06,0.0011654565556869,0.3043052937032252,0.0011488205768322,0.0011653930847635,0.0038225771129331,0.0011647779384101,0.0011647145413711,863.5843622134208,493.3543814356549,5.2547727539993785,33.41733598629764,0.7859080890969965,0.0019365688562918,0.204555,30.75738920506547,-0.001234391734402,0.206985,5.545934475363923,1.9425194558857548,-2.2515462657611103,12.332989544113785,OFF,0,0.0742,OFF,0,0.0064,OFF,0,0.4998,OFF,0,0.4861,ON,1,0.6753,OFF,0,-0.6345,OFF,0,0.2508,OFF,0,0.1353,OFF,0,0.462,OFF,0,0.3571,ON,1,0.67,OFF,0,-0.0963,OFF,0,0.1804,OFF,0,0.0422,OFF,0,0.4995,OFF,0,0.5521,ON,1,0.6633,OFF,0,-0.1951,5.5649185495416145,12.333937997783224,6.75464237544103,6.769019448241609,1.1897238258994154,-5.579295622342194,0.004987291654305892,5.56990584119592,12.33892528943753,6.759629667095336,6.163374730691466,0.5984561811498512,-6.170563267091758,-0.5912676447495642,-2.2515474584803434,12.333937997783224,-0.0012880661152005488,3.9349916431316823,7.79874972014356,0.6827370677185527
Van_GT2,20250727_1245,Van,ON,cluster,3,1225240529.6496112,153174.21298282425,5468333.33046937,516580.1965776409,1214330520.23942,607165.26011971,5468333.33046937,889926.7829561322,10675944.531905487,5337.972265952744,163957.81999051943,21834.02283265696,1551.374936675777,0.776075506090934,121.0092527250972,3.159886325085812,232513.50334942705,116.25675167471351,663.2809780770913,182.23838297776985,0.9910956182511272,0.008713345888875,1.2661799043812502e-06,0.0001897696800936,20.92640301321936,20.91745875055081,16.183503687573857,7.347541254476362,12.356707882061531,0.0087916299178584,1.2775557484711028e-06,0.0001914746434138,0.021779197396027,0.0001453150053411,0.000191072361671,0.0087532085662082,0.0001914563144839,0.0001910541096722,532.3030860981958,479.97190322238737,6.131898594974462,44.590931134151326,0.7764609425765329,0.0006960719381479,0.04512,35.700090922501055,-0.0015922087821612,0.172155,5.974955307153588,2.016810347092231,-2.853583622829761,13.569917496074453,OFF,0,0.3416,OFF,0,0.0483,ON,1,0.5106,OFF,0,0.5192,ON,1,0.6753,OFF,0,-0.2092,ON,1,0.747,ON,1,0.6847,ON,1,0.6268,ON,1,0.6066,ON,1,0.6689,ON,1,0.3324,ON,1,0.5286,ON,1,0.5565,ON,1,0.5009,OFF,0,0.63,ON,1,0.6633,OFF,0,-0.0024,4.733955155821985,13.570561877095695,8.560755168482016,8.83660672127371,3.8268000126600317,-5.009806708613679,0.008944262675878889,4.7428994184978635,13.579506139771574,8.569699431157895,6.716318050349926,1.9823628945279417,-6.854243826745769,-1.84443711813209,-2.853585056160672,13.570561877095695,-0.001641592101700213,3.3474117925147446,9.147688274419862,2.1297725333137993
Van_GT2,20250718_1648,Van,ON,manual,3,226956763.13409853,28369.59539176232,839628.709510807,85561.18691730993,225431199.87656653,112715.59993828328,839628.709510807,140686.70423746758,1270135.7807687314,635.0678903843657,16307.66724095121,2045.701017031903,1175.9288238209567,0.5879644119104783,4.173465112430733,0.6636610114715604,254251.5479394695,127.12577396973477,971.9910602087076,207.3964603600104,0.9932781767043856,0.0055963777559616,5.181290072973738e-06,0.0011202642495797,19.240270090935045,19.23352557446473,14.054635154028098,7.070663632892195,12.44608333525477,0.005634250190143,5.216353479309093e-06,0.0011278454272464,0.2001766675570601,0.0009258292236349,0.001126713594442,0.0056184371710733,0.0011272098874081,0.001126079329059,875.0602426991907,504.3315694418515,5.328366430050854,34.75278083720133,0.7909109685816503,0.0022490890875182,0.204285,29.59607628928706,-0.0012399527887782,0.207795,5.440227595354079,1.8964332098683463,-2.26248074640332,12.162861941572531,OFF,0,0.0941,OFF,0,0.0101,OFF,0,0.4996,OFF,0,0.5,ON,1,0.6753,OFF,0,-0.5677,OFF,0,0.2996,OFF,0,0.1711,OFF,0,0.4633,OFF,0,0.3805,ON,1,0.67,OFF,0,-0.0277,OFF,0,0.2137,OFF,0,0.0631,OFF,0,0.4994,OFF,0,0.5617,ON,1,0.6633,OFF,0,-0.1602,5.178891203317777,12.163711967363549,6.787446167879011,6.984820764045772,1.6085549645612343,-5.376265799484537,0.006744516500134523,5.1856357198179115,12.170456483863683,6.794190684379146,6.032512334640085,0.8536211313223081,-6.1311996327234635,-0.7549338332389262,-2.2624820559596706,12.163711967363549,-0.001292942531682769,3.6620290888933593,7.817355752489181,0.8717225036817006
Van_GT2,20250728_0851,Van,OFF,cluster,3,191012669.4549113,23876.583681863915,1225084.9818707854,69115.48120137097,190985773.1800268,95492.88659001338,1225084.9818707854,110766.74718160302,13370.110330622942,6.685055165311471,88.96761035331656,13.4431598938504,784.4181595047392,0.3922090797523695,5.400964368658606,0.3258814068310898,12741.746394431611,6.370873197215806,45.45815964669691,4.828414030972209,0.9998591911470516,6.999593466117683e-05,4.106628956828969e-06,6.670628933040125e-05,19.067850321270942,19.067709502504236,9.500851713066892,6.666216263222094,9.45271747845508,7.000579209646132e-05,4.107207287975988e-06,6.671568348926669e-05,0.9530023371830278,0.0586695352580177,7.081793311174055e-05,7.000334180535351e-05,6.671345809703346e-05,7.081542564029737e-05,881.7850643360665,493.85193465178753,5.600602461346306,47.810554680536,0.7920900213390206,0.000798989547077,0.153795,51.30905652978009,-0.0013083608402042,0.221565,7.163034031031397,2.029983173771251,-3.2049973413497184,12.40149323928214,OFF,1,0.0857,OFF,1,0.0275,ON,0,0.5004,OFF,1,0.4911,ON,0,0.6753,OFF,1,-0.7879,OFF,1,0.0215,OFF,1,0.0075,OFF,1,0.406,OFF,1,0.152,ON,0,0.6703,OFF,1,-0.827,OFF,1,0.1399,OFF,1,0.0514,ON,0,0.5007,OFF,1,0.5437,ON,0,0.6633,OFF,1,-0.117,9.566932575102856,12.402767252391946,9.615070497910915,2.83583467728909,0.04813792280805984,-2.78769675448103,0.00014081876744498345,9.5670733938703,12.402908071159391,9.61521131667836,7.896192581351428,-1.6707399937514271,-4.506574671040517,-1.718877916559487,-3.205023499303639,12.402767252391946,-0.0013735618426182303,6.764842899009709,6.221133186851607,1.9847892556594458
Van_GT2,20250728_1654,Van,ON,manual,3,213600566.1825355,26700.070772816936,1483355.697156489,86693.5553886296,211568653.81750995,105784.32690875496,1483355.697156489,147367.86916037934,1862887.3000696336,931.443650034817,17864.02579499781,2481.924382342916,1225.579396579221,0.6127896982896107,6.081901926162573,0.6156520454194506,167799.48555935264,83.89974277967632,617.0773460311466,134.3299520673538,0.990487326876797,0.0087213593735405,5.737716048617046e-06,0.0007855760336138,19.179618320395736,19.170060112842723,14.437638690765102,7.11198459587098,12.030530966690154,0.0088051195980878,5.79282126376031e-06,0.0007931207318835,0.0900749527644481,0.0006578923998959,0.0007919404230081,0.0087665805943232,0.0007928063778386,0.0007916270036533,828.9829777046593,499.0337124350305,6.051069850771522,49.12291243553384,0.7823529683673042,0.0023775465726731,0.07725,55.55624589080387,-0.0012809516875906,0.206985,7.453606233947167,1.925182861455128,-2.379843048717523,12.058075516971744,OFF,0,0.1056,OFF,0,0.0038,ON,1,0.5012,OFF,0,0.4599,ON,1,0.6753,OFF,0,-0.6482,OFF,0,0.3397,OFF,0,0.199,OFF,0,0.4652,OFF,0,0.3966,ON,1,0.67,ON,1,0.0225,OFF,0,0.0762,OFF,0,0.0101,ON,1,0.5005,OFF,0,0.5,ON,1,0.6633,OFF,0,-0.3218,4.732421954152006,12.058891120156122,7.13953510090205,7.326469166004116,2.407113146750044,-4.919356019254072,0.00955820759797632,4.741980161749982,12.068449327754099,7.149093308500026,5.982712043802543,1.2502900896505373,-6.076179076353578,-1.1568230570995066,-2.379845033634017,12.058891120156122,-0.001333635703922745,3.3463276552169763,7.914040196850982,1.335784206842333
Van_GT2,20250814_1253,Van,OFF,cluster,3,219727629.03549483,27465.95362943685,974698.114429418,95504.1610736538,219704014.57847297,109852.00728923648,974698.114429418,165632.8163442487,11689.740712087689,5.844870356043844,107.27458773032504,11.66533355817597,817.4347074325594,0.4087173537162797,6.875761605436367,0.4263978454649062,11107.281602368106,5.553640801184053,37.1434367008078,2.755129338652839,0.9998925285039232,5.320105060706465e-05,3.720218121957303e-06,5.055022734794009e-05,19.20789929201223,19.207791814741164,9.366552415340523,6.707393622624499,9.315446199416847,5.32067688181107e-05,3.7206179823381777e-06,5.055566064042404e-05,0.9501734790347002,0.0699275311143017,5.427339091099904e-05,5.320535338819341e-05,5.055438274608233e-05,5.427191816380563e-05,862.1322015396556,429.95347850378056,5.726877570983993,38.22804413848181,0.7621860949023338,0.0006475578988707,0.205095,35.48750309491435,-0.0013006374365999,0.206445,5.957138834614454,2.2345793850998223,-3.2974485384414387,12.500398192116664,OFF,1,0.0496,OFF,1,0.0391,ON,0,0.5,OFF,1,0.518,ON,0,0.6753,OFF,1,-0.7963,OFF,1,0.0158,OFF,1,0.0051,OFF,1,0.4095,OFF,1,0.1334,ON,0,0.6702,OFF,1,-0.9209,OFF,1,0.2459,OFF,1,0.1183,ON,0,0.5003,OFF,1,0.5773,ON,0,0.6633,OFF,1,-0.0815,9.841324936287014,12.501620779191747,9.892435637749895,2.6602958429047323,0.051110701462880215,-2.609185141441852,0.00010747727155191455,9.841432413558566,12.501728256463299,9.892543115021446,8.058845338307165,-1.7824795979798491,-4.442775440884581,-1.8335902994427293,-3.2974785459166314,12.501620779191747,-0.0013673336990277644,6.958867598308816,6.189826541126515,2.117247705933493
Van_GT2,20250814_1659,Van,ON,cluster,3,694215859.9774705,86776.98249718381,1884546.123432055,238560.08187718943,664441495.6050409,332220.74780252046,1884546.123432055,379981.3762114287,29761654.11065651,14880.827055328256,555442.6859750748,52789.38173234241,818.8775522669159,0.4094387761334579,7.1658888617349135,0.4117939656959424,11891.384220900618,5.945692110450309,53.55164909861037,3.879726933058711,0.957110797823899,0.0428708933725921,1.1795719450913886e-06,1.7129231563920957e-05,20.358293508980957,20.31445739101529,17.20873138166013,6.709155002604225,9.383653492787165,0.0447919859122517,1.2324298793549074e-06,1.7896811532025553e-05,0.0003995538748178,2.751451748018534e-05,1.8309138727435694e-05,0.0438178090590913,1.789665138600478e-05,1.830897111720109e-05,1379.679069753524,457.7129254068552,3.537103757056372,13.00611747800821,0.7950167560477773,0.0006404172588727,0.20739,21.71711978453748,-0.0016795386446326,0.268275,4.660163064155885,1.9129343442857067,-3.643601299409376,13.605302388411069,ON,1,0.5825,ON,1,0.7736,ON,1,0.5052,ON,1,0.6371,ON,1,0.6753,ON,1,0.0209,ON,1,0.8027,ON,1,0.7344,ON,1,0.5655,ON,1,0.6184,ON,1,0.6695,ON,1,0.5158,ON,1,0.6955,OFF,0,0.2715,OFF,0,0.4992,OFF,0,0.6239,ON,1,0.6633,ON,1,0.1988,3.105726041450424,13.606522825666243,10.930887987686484,10.500796784215819,7.82516194623606,-2.675634837979759,0.043836118030206705,3.149562159480631,13.65035894369645,10.97472410571669,6.910784213700788,3.805058172250364,-6.695738611965455,-4.020103773985696,-3.643629329228828,13.606522825666243,-0.0017497303666712215,2.1960799444172476,9.841772018400313,4.642015992161744
Van_GT2,20250925_1228,Van,ON,manual,3,230319490.86782253,28789.93635847781,923410.7322955728,94541.26264749712,228344172.0781893,114172.08603909466,923410.7322955728,161323.09131460622,1824121.5042750577,912.0607521375288,20133.832824859768,2527.9725410889364,1044.258387287169,0.5221291936435845,5.19234707855594,0.3779687559564011,150153.02697087696,75.07651348543848,397.75386399299896,99.77640638689492,0.9914235708745692,0.0079199615169429,4.533955781825064e-06,0.0006519336527061,19.25497799806492,19.246364579766706,14.41660960979262,6.952019394396941,11.919416892704696,0.0079884740988722,4.573177312927394e-06,0.0006575732833656,0.0823152551071253,0.0005724719459966,0.0006568988412993,0.0079567351580813,0.0006573571767862,0.0006566831776964,886.34951263578,480.2743683879149,5.663208705788422,38.08243990215555,0.777989221574015,0.0021503047857144,0.204015,32.074080359113104,-0.0012906599045361,0.207255,5.663398304823298,1.966748473976656,-2.442315895687335,12.29434518536976,OFF,0,0.0892,OFF,0,0.0086,OFF,0,0.4995,OFF,0,0.4944,ON,1,0.6753,OFF,0,-0.5621,OFF,0,0.3282,OFF,0,0.1888,OFF,0,0.4678,OFF,0,0.3904,ON,1,0.67,ON,1,0.0058,OFF,0,0.2166,OFF,0,0.0574,OFF,0,0.4993,OFF,0,0.5601,ON,1,0.6633,OFF,0,-0.1768,4.829755513803672,12.295302340165593,7.326954342532872,7.465546826361921,2.4971988287292,-4.968347997632721,0.008613418335780665,4.838368932139453,12.303915758501374,7.335567760868653,6.113003049125535,1.2832475353218626,-6.182299291040058,-1.2139512934073373,-2.442318114177624,12.295302340165593,-0.0013459262888293375,3.415152875283695,8.067332890349109,1.4017502120636416
Van_GT2,20250925_1630,Van,ON,manual,3,217519905.0447961,27189.98813059952,787551.0578946806,64995.15077990546,215025523.66109443,107512.7618305472,787551.0578946806,91033.54359336816,2266340.077358526,1133.1700386792631,18162.96639016364,2687.561883848776,1023.0359031374028,0.5115179515687015,5.826067889462138,0.4006695964639916,227018.27044007424,113.50913522003712,977.2636956555688,200.88359684613297,0.9885326293095428,0.0104190008582975,4.703182924462561e-06,0.0010436666492352,19.197800926350165,19.18626729839928,14.633677228818849,6.931506866642428,12.332790184666928,0.0105398654018884,4.757741712327246e-06,0.0010557735964307,0.1001695520932451,0.0004514044089664,0.0010494700649155,0.0104847082480214,0.0010552166594523,0.0010489197561949,916.3018571697916,571.7871634851386,4.141357553453161,25.265202650812206,0.8205013252879905,0.0027017380617559,0.10263,28.96474445343249,-0.0013432265466668,0.242895,5.381890416331187,1.7223839174582256,-2.284492371244117,12.254760431756852,OFF,0,0.1856,OFF,0,0.0343,ON,1,0.5008,OFF,0,0.5156,ON,1,0.6753,OFF,0,-0.4314,OFF,0,0.4288,OFF,0,0.2851,OFF,0,0.4679,OFF,0,0.4395,ON,1,0.67,ON,1,0.1303,OFF,0,0.3027,OFF,0,0.1222,ON,1,0.5003,OFF,0,0.5786,ON,1,0.6633,OFF,0,-0.0537,4.55259050616977,12.255737432481805,6.853481514003846,7.7031469263120345,2.3008910078340765,-5.402255918477958,0.011533628004215757,4.564124134173985,12.26727106048602,6.865015142008062,5.915452363163855,1.3628618569940851,-6.340285069317949,-0.9380291508399914,-2.2844938380012825,12.255737432481805,-0.0014017279728155306,3.2191676188781413,8.14818041904352,1.0831427654903707
Van_GT2,20251001_1600,Van,ON,manual,3,271985372.04883593,33998.17150610449,1623209.7478724122,125667.83083296812,271400486.2546104,135700.2431273052,1623209.7478724122,222211.26876754896,573029.5432208398,286.5147716104199,5485.007546330104,794.5811650288474,650.8820846207582,0.325441042310379,3.747327932327394,0.1588539034595658,11205.368920086084,5.602684460043042,140.4254925315072,7.38450609143813,0.9978495689315214,0.0021068395660555,2.3930775383901527e-06,4.1198424884681374e-05,19.421258847258564,19.41910610070098,13.258694298326596,6.47986369376234,9.324237549240122,0.0021113799430825,2.398234776964033e-06,4.128721018419211e-05,0.0195546094483789,0.0011358613047438,4.359340272499188e-05,0.0021091541129486,4.128635789078884e-05,4.3592452560225154e-05,621.4961153046842,412.98064555503856,6.967872446199584,60.41694837829444,0.7591061515755508,0.0007264750000965,0.076575,47.74403081003796,-0.0014467350026675,0.199695,6.909705551612625,2.188127277823664,-3.364956183820286,12.93924240693864,OFF,0,0.093,OFF,0,0.0455,ON,1,0.5015,OFF,0,0.517,ON,1,0.6753,OFF,0,-0.5521,OFF,0,0.159,OFF,0,0.0723,OFF,0,0.4618,OFF,0,0.297,ON,1,0.67,OFF,0,-0.2608,OFF,0,0.2973,OFF,0,0.264,ON,1,0.5006,OFF,0,0.5927,ON,1,0.6633,OFF,0,-0.0586,6.160413543798986,12.940777600828422,10.09495778672843,6.780364057029437,3.9345442429294444,-2.8458198140999924,0.002152746565510455,6.162566290364497,12.942930347393933,10.097110533293941,7.299037232838961,1.1386236890399744,-5.641740367989462,-2.79592055388947,-3.3649859289094763,12.940777600828422,-0.0015207280516430788,4.356070191733714,8.051122367816143,3.228450968841787
Van_GT2,20251003_0810,Van,ON,cluster,3,2908805605.4569407,363600.7006821176,3126970.542617798,673113.0083278262,2867903573.4139285,1433951.7867069645,3126970.542617798,529840.1727251156,40886613.738868505,20443.30686943425,550350.2609827518,61482.53348425753,759.6435948631636,0.3798217974315818,3.9431356752756974,0.2094789982338037,14658.660548785096,7.329330274392548,129.86872696876526,7.737464424209471,0.985938547434631,0.0140561520034769,2.611530978344056e-07,5.039408794209329e-06,21.79100838935789,21.776847137923998,17.526313299450848,6.634164910263895,9.59285482024658,0.0142566208006071,2.648776625215784e-07,5.111280827107986e-06,0.0003585197992283,1.8579273884474232e-05,5.300589988149029e-06,0.0141559508628594,5.111267764556651e-06,5.300575940071559e-06,858.66065330265,533.2891541364371,1.536937278706514,0.7758523391225829,0.8415978876930057,0.0004242544165897,0.155685,8.600012422285152,-0.0020514996532455,0.23277,2.932577777703824,1.6651582325912686,-4.061330772559137,15.1426822276601,ON,1,0.9683,ON,1,0.9978,ON,1,0.518,ON,1,0.7129,ON,1,0.6753,ON,1,0.6894,ON,1,0.9737,ON,1,0.9797,ON,1,0.8079,ON,1,0.8553,ON,1,0.6672,ON,1,0.7272,ON,1,0.978,ON,1,0.9893,ON,1,0.5,ON,1,0.7403,ON,1,0.6633,ON,1,0.6641,4.250533862582344,15.143997768415593,12.18406053405894,10.893463905833249,7.933526671476596,-2.9599372343566532,0.01416125143879654,4.264695114021141,15.15815901985439,12.198221785497736,7.894648041264219,3.6441141786818747,-7.249349727151374,-4.289412492794721,-4.06135351135298,15.143997768415593,-0.0021006451304909995,3.0055813178950244,10.629749216530442,4.952986914760751
Van_GT2,20251017_1712,Van,ON,manual,3,228088266.42678443,28511.033303348053,868979.2247865349,91628.32459208043,225426873.52557817,112713.43676278908,868979.2247865349,155266.65513702648,2522953.2159831496,1261.4766079915748,34880.201768652536,4566.617273607775,1136.8583975776555,0.5684291987888278,16.911092982654964,0.6578378358876437,137302.8268255258,68.65141341276289,572.0153989044629,111.78397457223036,0.9883317412907756,0.0110613020805829,4.984291456056041e-06,0.0006019723371855,19.24524324983697,19.23350638283337,14.74094108080105,7.036903175993009,11.829951463367104,0.0111918919715526,5.0431360724552485e-06,0.0006090792312299,0.0544214716133636,0.0004506062143265,0.000607325248727,0.011129726153975,0.0006088938177588,0.0006071409013835,911.4765188771412,497.433565400624,5.700737182588719,38.253206302337794,0.7847811406454204,0.0018540929348773,0.20604,30.478699791090616,-0.0012973240037431,0.208335,5.520751741480016,1.9233915951795908,-2.467851639822089,12.196603206840363,OFF,0,0.1188,OFF,0,0.017,OFF,0,0.4995,OFF,0,0.509,ON,1,0.6753,OFF,0,-0.4876,OFF,0,0.3855,OFF,0,0.2368,OFF,0,0.4711,OFF,0,0.4158,ON,1,0.67,ON,1,0.0746,OFF,0,0.2648,OFF,0,0.0917,OFF,0,0.4992,OFF,0,0.5716,ON,1,0.6633,OFF,0,-0.1296,4.492565693957111,12.197482432791563,7.40356219817496,7.704916738834452,2.9109965042178487,-4.793920234616603,0.0117368670553617,4.504302561012473,12.209219299846925,7.415299065230322,6.023402581230908,1.5308368872737965,-6.174079851560656,-1.3801596169440522,-2.46785406605832,12.197482432791563,-0.0013493741253302045,3.176723667123121,8.125120437945725,1.593671052734599
Van_GT2,20251017_1812,Van,ON,manual,3,208436015.3895708,26054.50192369635,849172.036466185,81392.62353659274,206741097.32988843,103370.54866494422,849172.036466185,136092.88798821485,1606562.623430019,803.2813117150095,21148.182984275976,2643.647550092372,1032.8228586953912,0.5164114293476956,5.730929183359024,0.4255133342119407,87322.61339365854,43.66130669682927,363.35672770010206,66.44086802293175,0.9918684011661106,0.0077077016677147,4.955107478738864e-06,0.0004189420586958,19.155142676277716,19.14697783570484,14.289608060507357,6.941018723849845,11.377376190861977,0.0077708914394823,4.995730757138008e-06,0.0004223766562209,0.0543536941044787,0.0006428774351102,0.0004240769311839,0.0077408535762271,0.0004222874803108,0.0004239870359762,876.6119425656734,496.26549550605415,5.834447837652649,41.93197841403509,0.7888172032746354,0.0019546657780882,0.205635,32.59214238495448,-0.001341037466653,0.2082,5.7089528273505845,1.909331219006609,-2.5898672149476214,12.205959111854996,OFF,0,0.1249,OFF,0,0.0198,OFF,0,0.4992,OFF,0,0.5072,ON,1,0.6753,OFF,0,-0.4895,OFF,0,0.3231,OFF,0,0.1858,OFF,0,0.4626,OFF,0,0.3895,ON,1,0.6701,ON,1,0.0035,OFF,0,0.2883,OFF,0,0.1296,OFF,0,0.4992,OFF,0,0.5783,ON,1,0.6633,OFF,0,-0.102,4.857370392807269,12.206926858838797,7.769613091727681,7.349556466031528,2.912242698920412,-4.437313767111116,0.008164840612202795,4.865535233419472,12.215091699451,7.777777932339884,6.208477585843436,1.3511071930361673,-5.9984492729953605,-1.5611355058842449,-2.589871030575894,12.206926858838797,-0.0013978134706965405,3.4346795434887842,7.9839008848633535,1.802644009127503
Van_GT2,20251017_1912,Van,ON,manual,3,218404670.5485763,27300.58381857204,1147603.5008294731,79959.45831099701,216097255.65665728,108048.62782832864,1147603.5008294731,129859.14844160592,2148219.359356237,1074.1096796781185,30115.419607211137,4033.0856193442105,1179.2238084850117,0.5896119042425059,6.189671415819475,0.5441595328432225,158016.30875429272,79.00815437714637,661.4090701853602,131.3665821922517,0.9894351394312064,0.0098359588829326,5.399260947685345e-06,0.0007235024249133,19.201860191480694,19.191239126610128,14.58015031750376,7.073459367682607,11.970459855086844,0.0099409839927323,5.456912467035663e-06,0.0007312277440735,0.073556877730388,0.0005489308172131,0.0007294333710749,0.0098918974556063,0.0007309605273229,0.0007291674638533,951.4676646474272,524.6397195204281,5.626451886134464,41.307017878708784,0.7996822255285702,0.002373773947488,0.152175,42.03585932286098,-0.0013186205437497,0.220485,6.483506714950657,1.8278810877763931,-2.406926423841095,12.117779758927522,OFF,0,0.1494,OFF,0,0.0099,ON,1,0.5002,OFF,0,0.4845,ON,1,0.6753,OFF,0,-0.5375,OFF,0,0.3891,OFF,0,0.2447,OFF,0,0.4676,OFF,0,0.4202,ON,1,0.67,ON,1,0.0826,OFF,0,0.1497,OFF,0,0.0299,OFF,0,0.4997,OFF,0,0.5355,ON,1,0.6633,OFF,0,-0.2069,4.611089269980521,12.118627410380647,7.220785595336411,7.507538140400125,2.6096963253558894,-4.897841815044235,0.010621064919462242,4.6217103348999835,12.129248475300109,7.231406660255873,5.987625568924393,1.376536298943872,-6.131001841456253,-1.2331600264120173,-2.406928531778804,12.118627410380647,-0.0013727976257735031,3.2605324914597538,8.012348534467012,1.4239305464057288
Van_GT2,20251017_2013,Van,ON,manual,3,216173583.24701515,27021.69790587689,989368.982000962,73161.68046208513,213721402.110738,106860.701055369,989368.982000962,113566.40525941098,2281975.762568789,1140.9878812843945,28670.169153800467,3653.942365248929,1201.2707409910022,0.6006353704955011,5.645050499290448,0.5796082707015798,169004.1029673672,84.50205148368359,610.0651630640641,128.29643003576098,0.9886564255472644,0.0105562193506375,5.556972887007871e-06,0.000781798129211,19.191592273683344,19.180183870214485,14.640552626428908,7.091967331820983,12.037684188522528,0.0106773385352693,5.620732079834325e-06,0.0007907682679332,0.0740604285722331,0.0005264169588016,0.0007879755186429,0.0106207382930112,0.000790455775435,0.0007876652289237,946.741434634666,537.2873670979238,5.387670682074264,41.47925379510247,0.8090195734124658,0.0025401922313801,0.15663,36.61387176509669,-0.0013130421205069,0.233985,6.050939742308816,1.7778494667972349,-2.3808332272306525,12.088216538393503,OFF,0,0.1762,OFF,0,0.0175,ON,1,0.5,OFF,0,0.5,ON,1,0.6753,OFF,0,-0.4743,OFF,0,0.4126,OFF,0,0.268,OFF,0,0.4679,OFF,0,0.4315,ON,1,0.67,ON,1,0.1107,OFF,0,0.2151,OFF,0,0.0712,OFF,0,0.4997,OFF,0,0.5588,ON,1,0.6633,OFF,0,-0.1263,4.539631677323243,12.089048639226398,7.142505594011574,7.549416961903156,2.6028739166883312,-4.946543045214825,0.011408403521933508,4.551040080845176,12.100457042748332,7.1539139975335075,5.942796477640304,1.403164800317061,-6.146252161586095,-1.1997091163712703,-2.3808351980038576,12.089048639226398,-0.0013662105230497982,3.210004343124526,8.01737000899452,1.385304762572402
Van_GT3,20250409_0817,Van,OFF,cluster,4,163242616.58211854,20407.878057522008,986533.801640276,54157.98785862931,162523262.77981973,81261.63138990986,986533.801640276,82398.6143227109,705470.6867553564,352.7353433776782,26647.563423612155,1868.9306595356545,1467.0673525309617,0.7339006265787702,15.784212206870563,1.3362312458870014,12416.04819096217,6.208024095481085,45.92412201629509,3.8612267169409895,0.9955933455530164,0.0043216085451587,8.987036493579845e-06,7.605886533138438e-05,18.91074810354925,18.90633171120937,13.46662191730152,7.291702088592666,9.426825661456435,0.0043407366717163,9.026814546041195e-06,7.639551396271732e-05,0.0175996656190623,0.0020795582014559,8.505313524555369e-05,0.0043313428485543,7.639259597405373e-05,8.504951843272553e-05,943.0055365638418,553.9669032453745,4.980911827873044,41.573231457448045,0.8025323834126676,0.0019835677695821,0.15474,48.340831852268494,-0.0014335699603596,0.247755,6.952757140314988,1.9036719669671476,-3.159835349917645,11.614629622616706,ON,0,0.8691,ON,0,0.8236,ON,0,0.5002,ON,0,0.6365,OFF,1,0.7256,ON,0,0.3256,ON,0,0.6372,ON,0,0.8057,OFF,1,0.4588,ON,0,0.7367,OFF,1,0.7331,ON,0,0.2425,ON,0,0.8912,ON,0,0.8224,ON,0,0.7319,ON,0,0.6818,ON,0,0.7997,ON,0,0.5251,5.439711205247223,11.615311016221554,9.47958658128122,6.175599810974331,4.039875376033997,-2.135724434940334,0.004416392366987765,5.4441275976142105,11.619727408588542,9.484002973648208,6.633652200687498,1.1939409954402755,-4.981658815534056,-2.8459343805937216,-3.159862193760407,11.615311016221554,-0.0015157653047205603,3.846456680926759,7.263108930997752,3.286201961463592
Van_GT3,20250615_0814,Van,OFF,cluster,4,156074337.71504757,19511.731180778545,745756.2146246433,53961.97894528927,155409992.18619984,77704.99609309992,745756.2146246433,84430.84636834922,651915.8448944517,325.9579224472258,25120.42163360957,1422.8409203110896,1298.6971933637649,0.6496734333985816,9.64936406336534,1.0582345562954965,11130.986759893556,5.565493379946778,27.67053703701663,2.523189638048352,0.9957434031848296,0.0041769573040552,8.32101684605485e-06,7.131849426915995e-05,18.865842981934005,18.861577300047767,13.38767229426962,7.169886588135927,9.317577933271515,0.0041948129314193,8.356587469663862e-06,7.162336606102665e-05,0.0170742693969627,0.0019921239889054,7.964585407209496e-05,0.0041860392311176,7.162080123021084e-05,7.964268250945961e-05,916.1273835354392,533.6586709057634,4.680141240488506,30.52682440448794,0.7964320157780455,0.0021184144218396,0.205635,38.220914777633936,-0.0014508565208144,0.237225,6.182306590389983,1.9261417218432264,-3.1813331222587493,11.69169071191184,ON,0,0.8366,ON,0,0.8017,OFF,1,0.4992,ON,0,0.6378,OFF,1,0.7256,ON,0,0.2804,ON,0,0.613,ON,0,0.7753,OFF,1,0.4557,ON,0,0.7191,OFF,1,0.7331,ON,0,0.2148,ON,0,0.8945,ON,0,0.8561,ON,0,0.7201,ON,0,0.6916,ON,0,0.8005,ON,0,0.5009,5.473906533282696,11.69246041161145,9.544089195601057,6.218553878328754,4.070182662318361,-2.1483712160103927,0.004265681913629749,5.4781722151963255,11.69672609352508,9.548354877514686,6.677614035123799,1.2037075018411034,-5.01484637648765,-2.8664751604772576,-3.1813630652003524,11.69246041161145,-0.0015369820412370848,3.87063642926554,7.31214096434191,3.3099204110538394
Van_GT3,20250620_0812,Van,OFF,cluster,4,157625015.91342983,19705.59018795222,863098.1562197208,56483.12774795058,156835040.68448687,78417.52034224343,863098.1562197208,90327.76890035885,775687.5603690273,387.84378018451366,34307.64718542341,2064.6730575900165,1518.1834862826731,0.7594714788807769,17.31267709058011,1.7898374013964422,12769.485087673036,6.384742543836518,33.60779003961602,4.3664795468295,0.994988262336628,0.0049210942557179,9.631615118227704e-06,8.1011792536067e-05,18.87572945955105,18.870705121043272,13.561506378876375,7.325928289430225,9.454891934810444,0.0049458817173995,9.680129387264107e-06,8.141984745208812e-05,0.0164621501491935,0.0019572100467338,9.065162462645966e-05,0.0049336910237142,8.14165330362135e-05,9.064751601623552e-05,878.9000364116813,526.7148321816923,4.795787332619883,31.004568126557032,0.7912561282389109,0.0018676693823193,0.153255,43.79966029880217,-0.0014220513627352,0.226155,6.618131178719564,1.9642090599413216,-3.1386043954109426,11.544776831613047,ON,0,0.8377,ON,0,0.7931,ON,0,0.5002,ON,0,0.636,OFF,1,0.7256,ON,0,0.2734,ON,0,0.6205,ON,0,0.7741,OFF,1,0.4589,ON,0,0.7209,OFF,1,0.7331,ON,0,0.2202,ON,0,0.8557,ON,0,0.7511,ON,0,0.7041,ON,0,0.6718,ON,0,0.7997,ON,0,0.4459,5.309200024968792,11.545435290312142,9.41589148848381,6.23623526534335,4.106691463515018,-2.1295438018283317,0.0050243385397301665,5.314224363508522,11.550459628851872,9.42091582702354,6.567631700941185,1.2584316759723926,-4.977803589370957,-2.8482597875426254,-3.13863049616127,11.545435290312142,-0.0015046660252177003,3.7541713403312205,7.259336605937965,3.288887110119442
Van_GT3,20250622_0830,Van,ON,cluster,4,2009958615.5540853,251276.2364738199,3165139.3891129643,513479.9736404711,1996742145.771248,998371.072885624,3165139.3891129643,556567.1510918234,13203275.595935805,6601.637797967903,189597.5510506192,22066.85650162235,2056.9983424394413,1.02901367805875,21.95036827755962,2.06978934142756,11137.188559146634,5.568594279573317,28.56674426968766,2.6081134152761,0.993424506514432,0.0065689290783213,1.0234033310543502e-06,5.541003915683331e-06,21.421379970026383,21.41478276274853,16.39597558371822,7.629489110970659,9.318134893360474,0.0066124089301655,1.0301772548828122e-06,5.57767991361992e-06,0.0008435170862126,0.0001557945471555,6.5644503384630505e-06,0.006590642852354,5.577664358421152e-06,6.564428792553219e-06,785.2535886274244,536.3679866485468,2.295786677851883,5.195916039274165,0.8320937462600216,0.0004040550841616,0.048225,12.596254359463613,-0.0019155418130378,0.22035,3.5491202233030354,1.7466591835538532,-4.032215956462685,13.78529365177787,ON,1,0.9988,ON,1,1.0,ON,1,0.5256,ON,1,0.7652,OFF,0,0.7256,ON,1,0.9642,ON,1,0.9934,ON,1,1.0,ON,1,0.7797,ON,1,0.9957,OFF,0,0.732,ON,1,0.9713,ON,1,0.9953,ON,1,0.9992,ON,1,0.8509,ON,1,0.8123,ON,1,0.8017,ON,1,0.9904,5.018807254268271,13.785779678409593,12.096737654123668,8.766972424141322,7.077930399855397,-1.6890420242859259,0.006597207281149764,5.025404461549421,13.792376885690743,12.103334861404818,7.725331146700384,2.706523892432113,-6.06044853170921,-4.371406507423284,-4.03224588470789,13.785779678409593,-0.001971364485228352,3.548832642961332,9.207122491121705,5.047665447596231
Van_GT3,20250701_0850,Van,OFF,cluster,4,194366381.98578405,24298.835102610832,1139624.0122377872,102698.9430363542,193593497.3501572,96796.7486750786,1139624.0122377872,187541.69223052685,759854.8497707895,379.9274248853948,25799.964162681485,1677.8350057656437,1389.2288429424536,0.694961902422438,15.552170408145912,1.4422424789890422,11640.5570131574,5.820278506578699,31.41080302921182,3.0034262311805606,0.9960235683366098,0.0039093944230868,7.147474932388574e-06,5.9889765371095856e-05,19.08525550800915,19.08127114934075,13.540884022918403,7.237223647784247,9.36233647635678,0.0039250019250203,7.176009845153606e-06,6.012886368855037e-05,0.0153194482033686,0.0018282818664113,6.704173459635657e-05,0.0039173192015392,6.0127056020887774e-05,6.703948739970448e-05,926.7780072302752,460.9069803526612,7.292585333756526,61.83919637840734,0.7329185018984946,0.0014597309898349,0.2055,46.90035581645368,-0.0013977738896304,0.207795,6.848383445485051,2.3436055668840434,-3.2396448909946565,11.844047501556505,ON,0,0.6499,OFF,1,0.4732,OFF,1,0.4997,OFF,1,0.6209,OFF,1,0.7256,ON,0,0.0587,ON,0,0.5055,ON,0,0.6014,OFF,1,0.4675,ON,0,0.625,OFF,1,0.733,ON,0,0.06,ON,0,0.7394,ON,0,0.5686,ON,0,0.5918,OFF,1,0.657,ON,0,0.7981,ON,0,0.1586,5.540388437296841,11.844767061253012,9.71902057067075,6.304378623956172,4.17863213337391,-2.1257464905822623,0.003984358688938983,5.54437279598578,11.848751419941951,9.72300492935969,6.77604401730515,1.2356555800083093,-5.0687230439478625,-2.9429765533656003,-3.2396735235569167,11.844767061253012,-0.0014814889136723509,3.9176462344201353,7.409357699366245,3.3982566106087724
Van_GT3,20250701_1251,Van,OFF,cluster,4,188553618.62955615,23572.14884730044,1032245.830103174,97761.90844828516,188115489.68209296,94057.74484104649,1032245.830103174,177760.75032846697,426347.6491575733,213.17382457878665,23658.909460371597,1141.0787942525128,1130.123544612935,0.5653444445287317,14.57424824744345,0.9095466878777856,10651.174761020544,5.325587380510272,24.32536874251673,2.2633993701059407,0.9976763694558204,0.0022611480609937,5.993645483056168e-06,5.648883770269339e-05,19.0548929786711,19.052566644320557,12.9630127157767,7.030966704998293,9.27351935320372,0.0022664143706511,6.007604937386009e-06,5.662040259959725e-05,0.0249823700964257,0.0026507089855973,6.248638749040493e-05,0.0022638499275975,5.66187997251053e-05,6.248443529741735e-05,915.1478150648902,445.7442164730731,6.8413176974011005,54.36508245599577,0.7322613332581878,0.001299511836088,0.205095,43.7909092119697,-0.0013759476894525,0.20739,6.617470000832104,2.382378353004712,-3.2596824303722776,12.02159993932226,ON,0,0.5308,OFF,1,0.3183,OFF,1,0.4995,OFF,1,0.6126,OFF,1,0.7256,OFF,1,-0.0306,OFF,1,0.4156,OFF,1,0.486,OFF,1,0.4568,OFF,1,0.5569,OFF,1,0.7331,OFF,1,-0.0389,ON,0,0.6861,OFF,1,0.4375,ON,0,0.5876,OFF,1,0.6452,ON,0,0.7982,ON,0,0.136,6.089556268728945,12.022484401758579,9.77914116775126,5.932928133029634,3.6895848990223143,-2.2433432340073196,0.0023263343628947553,6.09188260309184,12.024810736121474,9.781467502114154,6.972795459559697,0.8832391908307518,-5.049688942198882,-2.8063457081915626,-3.259713722583753,12.022484401758579,-0.0014609020743546006,4.305966532035287,7.330266471900703,3.2404889001270996
Van_GT3,20250711_1633,Van,OFF,cluster,4,267382781.42765287,33427.026056713694,1172415.4997024685,109116.98632495728,264712621.37548116,132356.31068774057,1172415.4997024685,185904.16549278708,1913537.661149653,956.7688305748266,49418.017253652215,3005.1073654284937,11289.031159125703,5.647339249187446,58.68644630426411,10.414392560090016,745333.3598628833,372.6666799314417,3488.4063935821323,618.33414293506,0.9900137172711168,0.0071565478185715,4.222048667026914e-05,0.0027875144236411,19.40419183173204,19.394155351649683,14.464464788059598,9.33167541702703,13.521588201863851,0.007228736020242,4.2646365331831896e-05,0.0028156321220727,0.3895054563047887,0.0058995604781237,0.0028377650330928,0.0072027339409331,0.0028116756548468,0.0028337461791482,859.4650985836269,552.8746700957239,5.646262380092899,36.95023636276345,0.7818737815180885,0.004382718037023,0.100335,35.07387997105383,-0.0011969846585273,0.20712,5.9223204887118,1.8819117920924264,-1.957522383261944,10.062479934622653,ON,0,0.9427,ON,0,0.9996,ON,0,0.5024,ON,0,0.7134,OFF,1,0.7256,ON,0,0.6876,ON,0,0.8124,ON,0,0.9576,ON,0,0.5031,ON,0,0.8582,OFF,1,0.733,ON,0,0.451,ON,0,0.7279,ON,0,0.7935,ON,0,0.6135,ON,0,0.6708,ON,0,0.7975,ON,0,0.2333,4.929691082404542,10.062568508482649,5.872568487688776,5.132877426078107,0.9428774052842339,-4.190000020793873,0.010036480120081848,4.939727562524624,10.07260498860273,5.882604967808858,5.216207019643992,0.2865159372394501,-4.846361488838657,-0.6563614680447838,-1.9575228292295919,10.062568508482649,-0.0012343680353279858,3.4858179935231033,6.203514825620484,0.7579009405227077
Van_GT3,20250718_1616,Van,OFF,cluster,4,254275868.77020413,31784.48359627552,1021396.2000701576,109773.0686756138,252140318.98215112,126070.15949107557,1021396.2000701576,190638.35011596375,1396909.6452708894,698.4548226354447,22799.714343074946,1968.174259107816,10169.030650185745,5.084515325092871,45.46631958963394,7.92818751388914,728471.1121319341,364.2355560659671,3071.897134643281,600.0511873754001,0.991601445318498,0.0054936776030969,3.999211840025514e-05,0.0028648849600048,19.353930337058834,19.345496315832,14.149773674325798,9.227200502822306,13.49870462266562,0.0055402073373666,4.033083915827664e-05,0.0028891496412499,0.5214876385151934,0.0072796624209767,0.002913339972914,0.0055249168377248,0.0028849840698026,0.0029091044224201,846.1535267262226,546.8600326166439,5.630283214571254,35.622138643695045,0.7697434031947867,0.0042531805056337,0.10182,32.13505725132627,-0.0011641121410687,0.206715,5.668779167624219,1.9653556219016333,-1.948930564388793,10.118295813009691,ON,0,0.9027,ON,0,0.999,ON,0,0.5016,ON,0,0.7048,OFF,1,0.7256,ON,0,0.5807,ON,0,0.7577,ON,0,0.9296,OFF,1,0.4948,ON,0,0.8211,OFF,1,0.733,ON,0,0.3621,ON,0,0.6571,ON,0,0.7,ON,0,0.5787,ON,0,0.6594,ON,0,0.7968,ON,0,0.1455,5.195723353405809,10.118394141998733,5.84679306193742,4.922670788592924,0.6510697085316117,-4.271601080061313,0.008434021260146807,5.2041573746659555,10.12682816325888,5.855227083197567,5.290227639335491,0.0945042859296823,-4.828166502663242,-0.5565654226019294,-1.9489310206458068,10.118394141998733,-0.0011994350091571776,3.6739312163625564,6.140489044670006,0.6426663931217225
Van_GT3,20250730_1613,Van,OFF,cluster,4,257647689.96003973,32205.961245004968,981916.8482905962,106416.5153432288,254539200.02578804,127269.60001289402,981916.8482905962,182311.90248468705,2696291.016175253,1348.1455080876265,36742.58841347788,3106.6739431748674,9087.77109909392,4.54388554954696,54.123952711314814,7.971520674798749,403111.1469773643,201.55557348868217,1917.9337028423324,322.8108922901706,0.9879351142844176,0.0104650308201615,3.5272084529472794e-05,0.0015645828108914,19.36710367077341,19.35496541362873,14.807388059753796,9.114794985413248,12.906970082556882,0.0105928321292047,3.5702835155344164e-05,0.0015836898479154,0.149505800582697,0.00337047115633,0.0016024185325547,0.0105371211622186,0.0015824371335811,0.0016011360298659,876.1436250638319,518.8819852749056,5.717448508448056,37.713859025123824,0.7805609120207048,0.0043999902493558,0.20523,30.488667635805623,-0.0012670196735496,0.20739,5.521654429224247,1.8878442468357777,-2.149331777023948,10.240170428215478,ON,0,0.9424,ON,0,0.9982,ON,0,0.5009,ON,0,0.6971,OFF,1,0.7256,ON,0,0.6639,ON,0,0.8297,ON,0,0.9585,ON,0,0.5054,ON,0,0.8655,OFF,1,0.733,ON,0,0.4878,ON,0,0.7995,ON,0,0.8848,ON,0,0.6317,ON,0,0.6926,ON,0,0.7995,ON,0,0.2917,4.547577720826039,10.240280456215874,6.4479978078455,5.692702735389835,1.9004200870194605,-3.7922826483703744,0.012138257192084723,4.559715978018124,10.252418713407959,6.4601360650375845,5.308963996221852,0.7613862753958127,-4.931316459994022,-1.1390338116236478,-2.1493326026151665,10.240280456215874,-0.0013068722226450913,3.215623044368957,6.504613149962494,1.3152429555139964
Van_GT3,20250803_1606,Van,OFF,cluster,4,230857717.0611201,28857.21463264001,990959.247398749,94766.76574850344,227918830.50664192,113959.41525332096,990959.247398749,162045.35041318284,2389794.2459758567,1194.8971229879282,16898.17509809509,2600.068338405849,11010.691054002224,5.505345527001112,83.66126431021348,10.342214664607884,538081.6174483252,269.04080872416256,2853.8926527514705,458.6251279071949,0.9872697062420482,0.0103518057633011,4.76947064805597e-05,0.00233079328817,19.257312139588283,19.24450012137105,14.686718249097902,9.306712810475023,13.195767391384518,0.0104852865411057,4.830970319357314e-05,0.00236084757127,0.2251581358328938,0.004607380351902,0.0023841586874661,0.0104306971826534,0.002358065149032,0.0023813210904353,912.2729442067588,543.2730008896376,6.286968752826137,48.25541502777538,0.7843858236811149,0.005271225673124,0.20523,34.34008652650366,-0.001237155908939,0.207795,5.860041512349836,1.851548405932172,-2.016244243328844,9.937787310896026,ON,0,0.9452,ON,0,0.999,ON,0,0.5003,ON,0,0.7044,OFF,1,0.7256,ON,0,0.6969,ON,0,0.8196,ON,0,0.954,OFF,1,0.4986,ON,0,0.8597,OFF,1,0.733,ON,0,0.4749,ON,0,0.8022,ON,0,0.9074,ON,0,0.6321,ON,0,0.6969,ON,0,0.799,ON,0,0.3008,4.5577822863316,9.937878123205412,6.048734584051402,5.380095836873812,1.4909522977198026,-3.8891435391540092,0.0128120182730882,4.570594304604688,9.9506901414785,6.061546602324491,5.136098748397105,0.578316462065505,-4.801779374808307,-0.9126358356542976,-2.0162448613504673,9.937878123205412,-0.001275436426384807,3.222838761837001,6.253536682572312,1.053821090774216
Van_GT3,20250814_1247,Van,OFF,cluster,4,225571041.65199763,28196.380206499703,974508.9133130052,92680.24243373142,222951469.4436646,111475.73472183233,974508.9133130052,158434.20947494076,2267740.595855232,1133.870297927616,56305.360552825965,3001.0085365499576,14156.225104475116,7.078112552237558,76.7634206195371,11.376049306843402,337675.38737331296,168.83769368665648,1876.8752186828208,306.9426773648965,0.9883869303916484,0.0100533321087988,6.275728037074368e-05,0.0014969802191819,19.23414571231069,19.22246468441258,14.634295002530616,9.557980380845546,12.72984328202588,0.0101714539110863,6.349464813934338e-05,0.0015145690145748,0.1489038860927639,0.0062424358104901,0.0015621740810477,0.0101200727938,0.0015134232117106,0.0015609551564012,918.6475921608662,507.60338243156616,6.295157933469869,48.446715224817865,0.783988696721702,0.0050595602291952,0.205365,34.561490027303655,-0.0012748335541434,0.207795,5.878902110705928,1.864512721172818,-2.1642071341289,9.664484303567033,ON,0,0.9353,ON,0,0.9969,ON,0,0.5005,ON,0,0.6906,OFF,1,0.7256,ON,0,0.6644,ON,0,0.8128,ON,0,0.953,OFF,1,0.4982,ON,0,0.8564,OFF,1,0.733,ON,0,0.4586,ON,0,0.8193,ON,0,0.9139,ON,0,0.6432,ON,0,0.7006,ON,0,0.7993,ON,0,0.3258,4.588170118364124,9.664554936887665,6.4926243593210415,5.076384818523541,1.9044542409569178,-3.1719305775666236,0.011681027950203315,4.599851146314327,9.676235964837868,6.504305387271245,5.186337353643207,0.5981672352790834,-4.478217583244458,-1.3062870056778344,-2.1642081197736807,9.664554936887665,-0.0013131163920219525,3.2443262039327565,6.017963454977419,1.5083703087340141
Van_GT3,20250818_162850,Van,OFF,cluster,4,455082059.013356,56885.2573766695,916636.1941047944,129104.56384230246,448365346.6660128,224182.6733330064,916636.1941047944,171143.43870599463,6393143.871436331,3196.5719357181656,78921.24926680699,7578.353280575574,6561.180584732887,3.280590292366444,52.94408996436778,5.879282149299086,317007.2953220409,158.50364766102047,1250.934282905786,247.65443329623085,0.9852406566808952,0.0140483320421311,1.441757690680644e-05,0.0006965937000666,19.93598831233152,19.9211189662162,15.670736860439446,8.789078232912713,12.666683220725368,0.0142587823054901,1.4633558622496072e-05,0.0007070289835716,0.0495855093670479,0.0010262838936014,0.0007115171737076,0.0141580819828694,0.0007067791563296,0.0007112641653695,893.0403260689138,484.0977064728287,2.975255216415792,10.153888957723282,0.8232584601377481,0.0030135630048806,0.2055,16.11377422510767,-0.0014473618839166,0.208065,4.014196585257651,1.7001511941900629,-2.418145248496945,11.132040733303487,ON,0,0.991,ON,0,0.9999,ON,0,0.5042,ON,0,0.7263,OFF,1,0.7256,ON,0,0.9212,ON,0,0.939,ON,0,0.9952,ON,0,0.5558,ON,0,0.9468,OFF,1,0.7328,ON,0,0.7668,ON,0,0.9376,ON,0,0.9738,ON,0,0.7563,ON,0,0.7346,ON,0,0.8018,ON,0,0.6081,4.250382259963983,11.132193131054986,7.254438897757069,6.8818108710910035,3.004056637793086,-3.8777542332979174,0.014869346148238094,4.265251606112221,11.147062477203225,7.269308243905307,5.659253572194011,1.408871312230028,-5.4729395588609755,-1.5951853255630581,-2.4181462992523564,11.132193131054986,-0.0014908649960308068,3.0054741186555356,7.354186338285286,1.8419613542423452
Van_GT3,20250903_1651,Van,OFF,cluster,4,181066581.21734688,22633.32265216836,980067.7334198692,92218.00718389051,180736245.8638737,90368.12293193684,980067.7334198692,167028.79772396688,317624.8713514879,158.81243567574393,16995.277341977693,818.7792313591798,1460.97826696825,0.730489133484125,23.339858811170643,1.2299914442055753,11249.503854741832,5.624751927370917,23.79476092623031,2.668654856818229,0.9981756139026192,0.0017541882616661,8.068735031863972e-06,6.212910068279396e-05,19.0143753791415,19.01254932683504,12.668629463952785,7.28754577492444,9.328168193717817,0.0017573944276275,8.083482424818188e-06,6.22426553178195e-05,0.0354175786261321,0.0045996973119492,7.020276379673726e-05,0.0017558520168587,6.224071832412433e-05,7.02002996980386e-05,902.1966525341916,447.2244276364797,6.658882376718127,51.49826395368786,0.7346186982189054,0.001440528323054,0.204555,43.30198214737024,-0.001356549602086,0.207255,6.5804241616565164,2.369428801004138,-3.228127044372408,11.7250035519106,OFF,1,0.4775,OFF,1,0.2638,OFF,1,0.4993,OFF,1,0.6093,OFF,1,0.7256,OFF,1,-0.0487,OFF,1,0.3802,OFF,1,0.444,OFF,1,0.4505,OFF,1,0.5314,OFF,1,0.7331,OFF,1,-0.0767,ON,0,0.663,OFF,1,0.4063,ON,0,0.5856,OFF,1,0.6447,ON,0,0.7982,ON,0,0.1321,6.343923005712433,11.725687785111507,9.684470016442777,5.381764779399074,3.3405470107303437,-2.04121776866873,0.0018260523165558595,6.345749058028989,11.727513837428063,9.686296068759333,6.938520201816679,0.594597196104246,-4.787167583294828,-2.7459498146260977,-3.2281566721475925,11.725687785111507,-0.0014357394046615878,4.485830976664607,6.9840882636530734,3.170749729311161
Van_GT3,20250919_1653,Van,OFF,cluster,4,203085322.41535383,25385.665301919234,897455.5549681187,86514.40269055679,200593172.67815256,100296.58633907628,897455.5549681187,149829.59001017886,1820365.877153208,910.182938576604,30499.99811614398,2675.2466759073072,11086.625593414105,5.543312796707052,96.3988512017977,10.331728981489734,660697.2344546814,330.3486172273407,3552.263038466932,538.1296953335348,0.9877285580879926,0.0089635521440104,5.4590974185419126e-05,0.0032532987938114,19.129136761090457,19.116789403392417,14.4145486195917,9.31358495403184,13.40105248577993,0.0090749144292858,5.526920704924638e-05,0.0032937174562503,0.3629474946473697,0.0060903281766333,0.0033188682182172,0.0090339848287238,0.0032883050502772,0.0033133729304926,950.4623864179324,583.7727457279584,6.420737427037382,49.28736927680942,0.7809913031121795,0.0059742793868444,0.204285,35.35284753400829,-0.0011623864665676,0.209145,5.945826059847702,1.8452742570623333,-1.9052456392041623,9.803204449360576,ON,0,0.9235,ON,0,0.9988,OFF,1,0.4995,ON,0,0.704,OFF,1,0.7256,ON,0,0.6498,ON,0,0.7865,ON,0,0.9363,OFF,1,0.488,ON,0,0.8383,OFF,1,0.733,ON,0,0.4248,ON,0,0.7395,ON,0,0.8446,ON,0,0.6027,ON,0,0.6797,ON,0,0.7982,ON,0,0.2317,4.702241328155468,9.803294639078413,5.715738426178701,5.101053310922945,1.0134970980232332,-4.087556212899711,0.012347357759214361,4.714588685914682,9.815641996837627,5.728085783937916,5.055318598353145,0.35307727019767654,-4.747976040725268,-0.6604198278255566,-1.905246142059567,9.803294639078413,-0.0012016626551255279,3.3249867299143694,6.084674571066636,0.7625871307465028
Van_GT3,20250920_1615,Van,OFF,cluster,4,428542628.0867454,53567.82851084317,1448672.0013906956,126349.69660006968,420125751.4506253,210062.87572531265,1448672.0013906956,176387.38717511386,8019745.755018982,4009.872877509491,65356.02997497097,8937.659578535031,8578.03223471862,4.28901611735931,96.64046712547224,8.42953255535731,388552.8488663506,194.2764244331753,2230.047356797513,333.98311042635964,0.980359301305222,0.0187139976968536,2.0016753696162657e-05,0.000906684244228,19.875900775503677,19.85606463502401,15.89741740266322,9.057076392964044,12.870187046305354,0.0190889173713539,2.041777302414827e-05,0.0009248489232681,0.048449522059117,0.0010696139873697,0.0009275605692293,0.0189090098756608,0.0009244215140084,0.0009271306507543,927.8581337556556,515.8907545111178,3.767262467689792,18.853256409661945,0.8238112655688934,0.0038210699012326,0.10209,27.043694726162983,-0.0014409228795088,0.21387,5.200355249993954,1.6651730623538474,-2.328625862906218,10.798988242059965,ON,0,0.9932,ON,0,1.0,ON,0,0.5062,ON,0,0.7304,OFF,1,0.7256,ON,0,0.9895,ON,0,0.9455,ON,0,0.9957,ON,0,0.5553,ON,0,0.9509,OFF,1,0.7329,ON,0,0.8057,ON,0,0.9361,ON,0,0.967,ON,0,0.7506,ON,0,0.724,ON,0,0.8004,ON,0,0.5907,3.958647354672774,10.799104809737827,6.985880159987575,6.840457455065053,3.027232805314801,-3.8132246497502518,0.019836140526415136,3.978483495199189,10.818940950264242,7.00571630051399,5.435908081099544,1.4772607264267705,-5.3631967286382825,-1.5499720788880307,-2.3286267199958584,10.799104809737827,-0.00148254925030762,2.7991863888153063,7.2013211391366445,1.7897535939648166
Van_GT3,20250923_1622,Van,OFF,cluster,4,265861610.7700347,33232.70134625434,1330951.472063601,107296.42813678215,263800604.4201771,131900.30221008856,1330951.472063601,181828.87464816732,1559160.796435221,779.5803982176105,42487.59111026302,2733.159552752108,7721.425835032411,3.8607129175162056,40.22502859154429,6.749213911842805,494124.1275873597,247.06206379367984,2629.866761207581,418.7277562850464,0.9922478226777904,0.0058645578499254,2.904302660571518e-05,0.0018585764456786,19.39848647486197,19.39070409324173,14.259658924845564,8.951883820995556,13.110544058807625,0.0059103761337552,2.926993231120057e-05,0.0018730970259655,0.3169167213008311,0.0049522960381516,0.0018911893180668,0.0058929783785941,0.0018713449672407,0.0018894032710293,851.3911474919174,520.9376287450939,5.536608205839135,35.751975408218286,0.7823710223850311,0.0039936235472295,0.10398,40.04945183950893,-0.001248210320078,0.206985,6.3284636239347325,1.8978363440031047,-2.0933866781447037,10.438820272246176,ON,0,0.9285,ON,0,0.998,ON,0,0.5024,ON,0,0.6937,OFF,1,0.7256,ON,0,0.6389,ON,0,0.7892,ON,0,0.946,OFF,1,0.4978,ON,0,0.8424,OFF,1,0.733,ON,0,0.4159,ON,0,0.7384,ON,0,0.7226,ON,0,0.6312,ON,0,0.6612,ON,0,0.7978,ON,0,0.2532,5.131045805975891,10.438949769828882,6.2801620544243,5.307903963852992,1.1491162484484096,-4.158787715404582,0.007782381649626302,5.138828187625517,10.446732151478509,6.287944436073927,5.4625394075572675,0.33149360158137675,-4.976410362271615,-0.8176226468670329,-2.093387351474767,10.438949769828882,-0.001289400335053941,3.628197283984347,6.428626116960125,0.9441093105284315
Van_GT3,20251004_0812,Van,ON,cluster,4,2259536585.2592945,282442.0731574118,3221374.257713929,561184.6880767402,2240524326.7026777,1120262.1633513388,3221374.257713929,568032.5442201637,18999410.03253401,9499.705016267008,242137.24699525628,32689.217087964214,1295.4591771471182,0.6477295885735591,14.260264872399604,1.045298795982383,11553.064905323046,5.776532452661523,39.12677426443247,3.320430014593913,0.9915857708697224,0.0084085427766391,5.733295869597336e-07,5.113024051344257e-06,21.538425578877167,21.529975750289378,16.759918538362573,7.167392117515866,9.354792593888446,0.0084798945524037,5.781946492201723e-07,5.156411277321586e-06,0.000608074928934,6.818417913654925e-05,5.686385973105556e-06,0.0084441422217377,5.156397983078656e-06,5.686369805674128e-06,785.7609102378196,542.7224526232222,2.145539789877649,4.402074459092264,0.8353601381785769,0.0003649147829339,0.048495,11.405433410476975,-0.001946347250676,0.21846,3.3771931260253223,1.7257282045212523,-4.058394385466976,14.36258363277351,ON,1,0.9992,ON,1,1.0,ON,1,0.5287,ON,1,0.7775,OFF,0,0.7256,ON,1,0.9995,ON,1,0.9959,ON,1,1.0,ON,1,0.8077,ON,1,0.9974,OFF,0,0.7319,ON,1,1.0323,ON,1,0.9963,ON,1,0.9994,ON,1,0.8597,ON,1,0.8188,ON,1,0.8018,ON,1,1.0321,4.770057264113692,14.363355261609307,12.175269709326553,9.593297997495615,7.405212445212861,-2.188085552282754,0.008449828591544417,4.778507092705237,14.371805090200851,12.183719537918098,7.827170558762386,3.057113294648694,-6.536184702846921,-4.348099150564167,-4.058423236442184,14.363355261609307,-0.002002965533598421,3.3729398381029423,9.780262738265119,5.020752430082809
Van_GT3,20251004_1214,Van,ON,cluster,4,1843197337.883522,230399.66723544025,3384214.7511007786,517177.7190232984,1836658146.0518067,918329.0730259032,3384214.7511007786,662384.7269100503,6526631.292451471,3263.315646225736,94658.56495508924,11607.617532832131,1512.504350951676,0.7562521754758379,30.85954354018122,1.7418269535435085,11048.034912991472,5.524017456495736,43.59327650197906,3.023357516506265,0.9964522562520496,0.0035409292094278,8.205873130700323e-07,5.993951209628774e-06,21.334767584716715,21.331213532803584,15.691401639650971,7.322183003219237,9.31009836494088,0.0035535362454257,8.23508911662765e-07,6.0152919239440405e-06,0.0016927622257086,0.0002317434957143,6.814584960950535e-06,0.0035472373533189,6.015273832148127e-06,6.814561741771926e-06,711.3182292749218,508.5113659468734,2.7515530634170364,7.966250416474587,0.820408174058605,0.0003956151036905,0.04674,14.688453293825829,-0.0018945448634391,0.199965,3.832551799235037,1.819586128169564,-4.007038389287568,14.009030529584347,ON,1,0.9973,ON,1,1.0,ON,1,0.5236,ON,1,0.7531,OFF,0,0.7256,ON,1,0.8699,ON,1,0.9877,ON,1,1.0,ON,1,0.7537,ON,1,0.9925,OFF,0,0.7321,ON,1,0.8399,ON,1,0.9933,ON,1,0.9987,ON,1,0.8365,ON,1,0.806,ON,1,0.8014,ON,1,0.9232,5.639812045826535,14.00969146569593,12.021205677056269,8.369879419869395,6.381393631229734,-1.988485788639661,0.0035540519150600858,5.643366097741595,14.01324551761099,12.024759728971329,7.917677297144682,2.277865251318147,-6.092014168551248,-4.103528379911587,-4.007068559018756,14.00969146569593,-0.001956728732195776,3.9879493422215186,9.136421555346887,4.7383464295384465
Van_GT3,20251005_1623,Van,OFF,cluster,4,180460619.62731865,22557.57745341483,976057.2865937984,91931.00980173337,179841378.63409552,89920.68931704776,976057.2865937984,166575.46832666194,602908.6782741416,301.4543391370708,66393.08092937712,2722.401077376981,1913.7671513477796,0.9568835756738896,12.530887402556118,1.2553840097172977,14418.547797628136,7.209273898814067,46.414632726366335,6.528637331089231,0.9965685533248086,0.0033409431903716,1.0604901807940308e-05,7.989858301165565e-05,19.011023143665348,19.007585796093107,13.309522677216693,7.557351302236348,9.57634005095944,0.0033524469332545,1.0641417263829536e-05,8.017369477001156e-05,0.0239149780342822,0.003174223925293,9.05116764417303e-05,0.003346840010813,8.017048103111543e-05,9.050758050709557e-05,908.1965884309896,462.6545284315518,6.7806531905072776,53.42968923030877,0.7359883958154974,0.0014033531117681,0.2055,43.26959703937694,-0.0013167748998205,0.207525,6.577962985554078,2.357552948319085,-3.143748581711222,11.450234493856758,ON,0,0.5834,OFF,1,0.3866,OFF,1,0.4994,OFF,1,0.6171,OFF,1,0.7256,ON,0,0.0147,OFF,1,0.4604,ON,0,0.5353,OFF,1,0.4608,ON,0,0.5897,OFF,1,0.7331,ON,0,0.0126,ON,0,0.6368,OFF,1,0.4133,ON,0,0.578,OFF,1,0.6444,ON,0,0.7982,ON,0,0.1266,5.698064771940569,11.45075688143351,9.431315092280434,5.75269210949294,3.733250320339865,-2.019441789153075,0.003437347591322748,5.701502119531892,11.454194229024832,9.434752439871756,6.645034186413627,0.9469694144730578,-4.805722695019882,-2.786280905866807,-3.143771697426812,11.45075688143351,-0.001382411006449542,4.0291402398793545,7.023278640627994,3.2173200620802307
Van_GT4,20250616_0812,Van,OFF,cluster,0,701154.6574679464,87.65528909463013,3211.0260863104486,262.11217076525764,618328.2579949843,309.1641289974921,3211.0260863104486,453.1385118099793,38604.73548664487,19.30236774332243,195.08244387747615,28.772915951252227,864.6718685276624,0.4325522103690157,4.658103155874471,0.3092228515333848,43356.9921177895,21.67849605889475,665.2526390740095,54.02864565294358,0.8818714265236858,0.0550588020424148,0.0012332113312207,0.0618365601026783,13.460485191963356,13.334776374490152,10.56115613215177,6.763505932057442,10.677246327794762,0.062434046944197,0.0013984026402579,0.0701197002678002,1.123100354661556,0.0223980777903372,0.0673153341741641,0.0605625464255124,0.0677705116260582,0.0651464620922937,901.6764714466948,1678.6253283618898,4.795027197049261,28.671947956690857,0.7975398064538851,0.0677288146957413,0.03054,36.63242822506984,-0.0004199993525904,0.15258,6.052472901577428,1.5052900837241123,-0.8858433488984634,6.57127044243271,OFF,1,0.0314,OFF,1,0.391,OFF,1,0.4992,OFF,1,0.7011,ON,0,0.7065,OFF,1,-0.7242,OFF,1,0.0844,OFF,1,0.0214,OFF,1,0.3478,OFF,1,0.2934,ON,0,0.6841,OFF,1,-0.4474,OFF,1,0.0881,OFF,1,0.2891,ON,0,0.5007,OFF,1,0.6156,ON,0,0.7517,OFF,1,-0.4761,2.7736445282981244,6.572424665006763,2.657551493497369,3.798780136708639,-0.11609303480075539,-3.9148731715093943,0.1257090085179975,2.899353536816122,6.698133673524761,2.7832605020153665,3.0009051717005644,0.22726064340244,-3.571519493306199,0.3433536782031954,-0.8858504978324563,6.572424665006763,-0.0004809437288630974,1.9612628545605668,4.23402663035092,-0.396470677075725
Van_GT4,20250616_1212,Van,OFF,cluster,0,3902010.887351874,487.8123374611669,14233.462824240329,1087.6794390516793,1577128.9239656387,788.5644619828194,3396.1989972032607,521.3209456062895,67493.46519782976,33.74673259891488,325.80563980859006,57.57375034409062,7815.764535744182,3.909837186465324,57.342196425278416,6.066570470542539,2249572.7336526616,1124.7863668263308,14233.462824240329,1876.1822401791767,0.4041836297991387,0.0172970981235869,0.0020030094126796,0.5765162626645948,15.1770028466372,14.27111724934018,11.119800876429489,8.964026005692222,14.626251304522432,0.0427951476712993,0.004955691584228,1.4263721243503409,33.33023022340933,0.1158003150782025,1.3725877216929083,0.041904749893483,0.8863971888455046,0.8639812251884459,4175.784063993011,2840.753577656503,5.367993147185287,40.44147825430869,0.8635965527153577,0.0814496183950242,40.64,29.17815260334716,-0.0002027427869663,57.58,5.401680535082478,1.130055098344544,0.1183780183940837,5.66222529883021,OFF,1,0.0002,OFF,1,0.0,OFF,1,0.2348,OFF,1,0.6822,ON,0,0.7062,OFF,1,-0.8819,OFF,1,0.2191,OFF,1,0.1306,OFF,1,0.397,OFF,1,0.5,ON,0,0.684,OFF,1,-0.1177,OFF,1,0.4347,OFF,1,0.0,OFF,1,0.3875,OFF,1,0.3224,ON,0,0.7504,OFF,1,-0.1635,3.151330554986764,5.307218547936303,-0.3551342447168633,2.1558879929495394,-3.506464799703627,-5.6623527926531665,0.9058859750823061,4.05721653006907,6.213104523018609,0.5507517303654428,2.02585371455155,-1.1254768404352138,-3.281364833384753,2.3809879592684133,0.11837808157228775,5.6623527926531665,-0.00022216902818974202,2.228327205191507,3.0468004868663194,-2.7493280784417524
Van_GT4,20250616_1613,Van,OFF,cluster,0,1977840.4908098527,247.2609689723532,3499.136064008868,492.777336107837,1864232.4285112007,932.1162142556004,3499.136064008868,580.0846971047936,77646.83711539654,38.82341855769827,458.0443160143332,74.02871603111538,1088.4694471245298,0.5445069770507903,28.24141515968313,0.9901339921298596,34872.7557361314,17.436377868065698,983.4431783307956,55.55421210742834,0.9425595426797364,0.0392583919058118,0.0005503322700602,0.0176317331443913,14.49751665186164,14.438360496275047,11.259938973911968,6.9934461109667065,10.459489840670177,0.0416508349108402,0.0005838700316962,0.0187062274010341,0.449120106255653,0.0140182071485134,0.0185187749927561,0.0408067959191636,0.0185334176815187,0.0183493904792344,1083.678396421957,969.1453741010736,2.592533003752467,7.128460016773266,0.8497471562986205,0.0484383583422227,0.16581,14.151590841653212,-0.0007687471235279,0.25788,3.761860024174071,1.3345187122692912,-1.3262902185349574,7.444914385308342,OFF,1,0.1962,ON,0,0.5159,OFF,1,0.4987,OFF,1,0.7016,ON,0,0.7065,OFF,1,-0.437,OFF,1,0.168,OFF,1,0.074,OFF,1,0.3804,OFF,1,0.4228,ON,0,0.684,OFF,1,-0.2216,OFF,1,0.403,OFF,1,0.322,ON,0,0.5004,OFF,1,0.6309,ON,0,0.7517,ON,0,0.0452,3.1784338646911454,7.44583214836839,3.9788987944605267,4.267398283677244,0.8004649297693813,-3.466933353907863,0.0591561863984289,3.2375900510895743,7.504988334766819,4.038054980858956,3.650791201880015,0.4723573371888694,-3.795040946488375,-0.3281075925805119,-1.3262995981535088,7.44583214836839,-0.0008389290311636001,2.2474921392760745,4.781906299691927,0.37886601379903667
Van_GT4,20250619_0826,Van,OFF,cluster,0,693623.5300716838,86.71378048152067,3039.5988320169417,268.9032853867148,630226.9470390894,315.1134735195447,3039.5988320169417,466.8830459819801,38342.814764597104,19.17140738229855,169.61874271470242,27.41038812650963,845.8816248500335,0.4231523886193264,16.086110268770653,0.6844224609099882,24207.88664314731,12.103943321573656,401.1800682879984,27.03345466072596,0.9086008760025158,0.0552789994892971,0.0012195111442695,0.0349006133639173,13.449686070131753,13.35383685362336,10.554348509944145,6.741560926738615,10.094475061396222,0.0608396942477264,0.0013421857456631,0.0384113798320455,0.6313539261824803,0.0220610205594242,0.0374736784391341,0.0590607589120196,0.0376920259138461,0.03678860262174,723.5838244601789,1367.541087034853,4.979650638070126,30.70169826999652,0.790603254226074,0.0641612196362019,0.033645,35.05323854103209,-0.000455589805755,0.14124,5.920577551246133,1.5491866204899036,-1.086453930742379,6.612275926884744,OFF,1,0.0278,OFF,1,0.3004,OFF,1,0.4988,OFF,1,0.701,ON,0,0.7065,OFF,1,-0.7401,OFF,1,0.0782,OFF,1,0.019,OFF,1,0.3445,OFF,1,0.2802,ON,0,0.6841,OFF,1,-0.4751,OFF,1,0.0773,OFF,1,0.2598,ON,0,0.5003,OFF,1,0.6078,ON,0,0.7517,OFF,1,-0.4166,2.7995128371161133,6.613455840423581,3.2594015134969396,3.8139430033074673,0.4598886763808263,-3.354054326926641,0.09584936153390444,2.8953621986500178,6.709305201957485,3.355250875030844,3.1680925477591586,0.3685797106430453,-3.445363292664422,-0.09130896573778102,-1.0864671711656466,6.613455840423581,-0.0005232954424430035,1.9795545111435946,4.256967751938063,0.10543451189626889
Van_GT4,20250619_1227,Van,OFF,cluster,0,4654181.709546501,581.8454443738593,18268.84530857578,1688.4769379054108,1297161.1935711494,648.5805967855747,15586.34100429254,558.3853077725735,62046.82169461248,31.02341084730624,277.09521843237235,49.34276040595549,16241.986349865176,8.12505570278398,72.66672446800749,12.346565915669236,3278731.707930874,1639.365853965437,18268.84530857578,3054.965198497981,0.2787087558078053,0.0133314136762954,0.0034897619739577,0.7044700685419415,15.353276880678523,14.075689508349166,11.035660684369676,9.69541648534874,15.002967536167116,0.0478327766834796,0.0125211781159885,2.527620872546946,52.84286315285547,0.261769836165737,2.424186480120233,0.0467240089338027,1.2606236699400404,1.2308639194483966,4857.243806829997,2617.8845787980463,6.10533000971613,43.463567346062185,0.8296717842273234,0.071377168226369,44.245,31.3981066367758,-0.0001747970431331,57.79,5.603401345300984,1.271249854943049,0.3090926759393166,5.307551050818375,OFF,1,0.0001,OFF,1,0.0,OFF,1,0.2278,OFF,1,0.6809,ON,0,0.7061,OFF,1,-1.1057,OFF,1,0.1744,OFF,1,0.099,OFF,1,0.3868,OFF,1,0.4514,ON,0,0.684,OFF,1,-0.2211,OFF,1,0.4565,OFF,1,0.0001,OFF,1,0.3928,OFF,1,0.4174,ON,0,0.7498,OFF,1,-0.3828,3.0400441697966833,4.380333819015284,-0.9272784937359297,1.340289649218601,-3.967322663532613,-5.307612312751214,1.277587928382756,4.317632098179439,5.65792174739804,0.3503094346468263,1.6232748737690095,-1.4167692960276739,-2.757058945246275,2.550553367504939,0.3090928312453099,5.307612312751214,-0.00018689514779383735,2.149635847569863,2.335434751293939,-2.945125346622967
Van_GT4,20250619_1628,Van,OFF,cluster,0,2012703.043589719,251.61933286532303,4278.131235549459,493.31352356788193,1869100.9024212111,934.5504512106056,4278.131235549459,582.1388504764847,83330.89306357264,41.66544653178632,611.0094351978623,83.93330340192969,2604.8746445020747,1.3030888666843796,26.20623051939788,2.592145095272312,57666.37346043326,28.833186730216628,1054.089926900575,68.10277464047103,0.928652097175553,0.0414024777917309,0.0012942170742963,0.0286512079584196,14.514989671254543,14.44096860738116,11.330586624789788,7.8655236538808815,10.962446841276,0.0445834106417594,0.0013936511619711,0.0308524667585907,0.6920167460073651,0.0312594111103978,0.0308698353736547,0.0436181558311179,0.0303860975680767,0.030402946214518,1092.2717285694089,1147.4362541655682,2.6184235178988,7.665383707697771,0.8543278176886262,0.0584359841523415,0.16365,17.002394795465058,-0.0007146649380661,0.25599,4.123396026973087,1.2816960642115718,-1.1595072553683867,6.575444953500279,OFF,1,0.1961,OFF,1,0.3129,OFF,1,0.4989,OFF,1,0.7012,ON,0,0.7065,OFF,1,-0.4027,OFF,1,0.1887,OFF,1,0.091,OFF,1,0.3863,OFF,1,0.4492,ON,0,0.684,OFF,1,-0.1791,OFF,1,0.3727,OFF,1,0.2598,ON,0,0.5006,OFF,1,0.6234,ON,0,0.7517,OFF,1,-0.0108,3.1103934478543245,6.5758282404475095,3.4785385720669844,3.465434792593185,0.3681451242126599,-3.097289668380525,0.07402110204567336,3.184414549899998,6.649849342493183,3.5525596741126577,3.2911900650922057,0.1807966172378812,-3.284638175355304,-0.18734850697477867,-1.1595128573556615,6.5758282404475095,-0.0007705272693695401,2.199380299135999,4.099328467336847,0.2163314218683269
Van_GT4,20250726_1219,Van,OFF,cluster,0,759565.7940386598,94.95759395407671,3037.0108382372564,266.20394418746446,579056.534741028,289.528267370514,3037.0108382372564,438.76678581592313,46645.19280716183,23.32259640358092,202.9564857605228,32.74960231486743,2387.818211564636,1.1945063589617988,13.90686066339208,1.6491898554676658,131476.24827890538,65.7381241394527,2063.715788736532,192.8755090687038,0.7623520428192894,0.0614103388715628,0.0031436621163104,0.1730939561928371,13.540503541902414,13.269157120773832,10.750346591094296,7.778554050485201,11.786589098740354,0.0805537801726777,0.0041236357217321,0.2270525249101602,2.8186451885755752,0.0511910888949487,0.2139422996557832,0.0774736691390847,0.2046149724002983,0.19387316239391,1616.6167153591682,2440.438420312744,4.907557593412119,30.826489205794,0.8138586915084289,0.0825090413796276,0.0327,31.98281160854616,-0.0003835141132478,38.47,5.655334791851268,1.3900707358789632,-0.4941893406778265,5.490603070288633,OFF,1,0.198,ON,0,0.9212,OFF,1,0.4963,ON,0,0.7026,ON,0,0.7065,OFF,1,-0.083,OFF,1,0.1116,OFF,1,0.0326,OFF,1,0.3591,OFF,1,0.3436,ON,0,0.6841,OFF,1,-0.3515,OFF,1,0.3933,ON,0,0.8716,ON,0,0.501,ON,0,0.7217,ON,0,0.7516,ON,0,0.0948,2.518830240940545,5.491020048023866,1.482573900995483,2.9721898070833204,-1.0362563399450622,-4.0084461470283825,0.2713468315334051,2.7901770724739503,5.762366879557271,1.7539207325288881,2.373106047489973,-0.14572419345057241,-3.117914000533893,0.8905321464944898,-0.4941913003318277,5.491020048023866,-0.00043037371986799107,1.781081944026805,3.4550909551844264,-1.0282979490012183
Van_GT4,20250726_1621,Van,OFF,cluster,0,4902272.264724723,612.7840330905904,35300.65075124148,2471.7791723744963,1155995.4079673835,577.9977039836918,2807.109944811222,371.5913878735571,70285.4660411649,35.14273302058245,404.2633139254176,56.85609297925407,22751.78330508332,11.37589165254166,120.31387406620432,18.49677939724096,3653239.607411091,1826.6198037055456,35300.65075124148,4703.95000094463,0.2358080795074519,0.0143373240500977,0.0046410688914196,0.7452135275510308,15.405209587074348,13.96047322091498,11.160334542069563,10.032442759976378,15.111125169310831,0.0608008176820432,0.0196815516292306,3.160254428546144,51.97716986353167,0.3237053773170447,2.9976748953906878,0.0590241112655697,1.42557623311114,1.3857129159610837,5116.67837464395,2457.877302282017,7.990609038602362,73.935827677894,0.7795869122017766,0.053536621014349,39.065,57.60700156170205,-0.0002678300026013,68.115,7.589927638735829,1.4901223686196623,0.3835506494652835,5.078682409334453,OFF,1,0.0002,OFF,1,0.0,OFF,1,0.2595,OFF,1,0.6829,ON,0,0.7061,OFF,1,-0.8893,OFF,1,0.1322,OFF,1,0.065,OFF,1,0.3728,OFF,1,0.3893,ON,0,0.684,OFF,1,-0.3422,ON,0,0.6149,OFF,1,0.0158,OFF,1,0.4118,OFF,1,0.5527,ON,0,0.7499,OFF,1,-0.334,2.800152041381766,3.928073547516389,-1.150652539721202,1.1279215061346228,-3.950804581102968,-5.078726087237591,1.4447370272273137,4.24488906860908,5.372810574743703,0.2940844875061117,1.394393262294237,-1.4057587790875292,-2.533680285222152,2.545045802015439,0.383550846573734,5.078726087237591,-0.00029027055485150477,1.980006496814401,2.0641013372467736,-2.938765757787082
Van_GT4,20250731_0815,Van,OFF,cluster,0,713772.1756512288,89.22152195640359,2669.6676894342672,250.5602251092108,600076.4855772428,300.0382427886214,2669.6676894342672,422.63091570482914,46809.9634743992,23.4049817371996,180.1260185531728,31.14056222770894,1318.4902916661931,0.6592451458330967,16.595668435507832,0.801191112054371,65567.2363079206,32.7836181539603,1509.1732949321304,108.30705233822056,0.840711512787322,0.0655810986631566,0.0018472144707283,0.0918601740787928,13.478320509689627,13.30481406848883,10.753872716744103,7.185000798331009,11.090846655045072,0.0780066618162723,0.0021972037287808,0.1092647985443705,1.4007111187424706,0.0281668729000209,0.1033963946803031,0.0751136522601709,0.10369745222406,0.0983930543869283,1142.2330272602285,2010.548624656056,4.525436214187758,25.16847978820046,0.8108635856493026,0.0802695946150493,0.033645,29.92179051524987,-0.0004218027100904,0.462,5.470081399270933,1.4075293215064992,-0.7379891378145853,6.11981327015782,OFF,1,0.0437,ON,0,0.5697,OFF,1,0.4995,OFF,1,0.7013,ON,0,0.7065,OFF,1,-0.6726,OFF,1,0.1084,OFF,1,0.0307,OFF,1,0.3576,OFF,1,0.3374,ON,0,0.6841,OFF,1,-0.3611,OFF,1,0.116,OFF,1,0.4708,ON,0,0.5011,OFF,1,0.6487,ON,0,0.7517,OFF,1,-0.521,2.5509610480369975,6.120569759435248,2.213980998394364,3.56960871139825,-0.3369800496426336,-3.906588761040884,0.17350670664736434,2.724467754684362,6.294076466082612,2.3874877050417282,2.7213779514666516,0.1704169034296541,-3.399191807968596,0.5073969530722877,-0.7379936661314547,6.120569759435248,-0.00047614807415443956,1.8038018556097033,3.9559987950075066,-0.5858915348845635
Van_GT4,20250731_1218,Van,ON,cluster,0,127138601.0837422,15892.325135467776,287926.3023596406,40853.21782429874,126813474.99734396,63406.73749867198,287926.3023596406,60543.82102713162,86495.0902518993,43.24754512594965,1023.7325614093606,76.90451362369272,3229.0174781632995,1.6145087390816495,20.481991537904836,2.393602041205051,235401.978668192,117.700989334096,5600.307919085026,464.0559664627404,0.997442742930732,0.0006803212361517,2.539761685781368e-05,0.0018515382162584,18.66078840431804,18.658227871901914,11.36785449249844,8.08024282739813,12.369054127373932,0.0006820654528527,2.546273160822148e-05,0.0018562852147464,2.7215646342458317,0.0373318007845545,0.0018804653459069,0.0006818329519263,0.0018545644465092,0.0018786994843627,597.4837486833859,481.1434565186032,2.973975825014828,9.275974939565224,0.7902431982146724,0.0021682375665682,0.05025,18.1173176300715,-0.0010743619607016,0.169995,4.256444247261189,2.086691727947576,-2.096391248175994,10.577985044503784,OFF,0,0.054,OFF,0,0.0307,ON,1,0.5024,OFF,0,0.6995,ON,1,0.7065,OFF,0,-0.5287,OFF,0,0.0842,OFF,0,0.0639,OFF,0,0.3793,OFF,0,0.3125,ON,1,0.684,OFF,0,-0.5672,OFF,0,0.1358,OFF,0,0.1136,ON,1,0.502,OFF,0,0.5711,ON,1,0.7517,OFF,0,-0.142,7.290384932800912,10.578294680400782,6.289177984686015,3.287909747599871,-1.0012069481148966,-4.2891166957147675,0.0025605324362878434,7.292945465237199,10.58085521283707,6.291738517122303,6.039464399471926,-1.2509205333289852,-4.538830280928856,-0.2497135852140886,-2.096392661562005,10.578294680400782,-0.0011181150439301074,5.155080623443758,5.6608542529537145,0.2883444112873207
Van_GT4,20250731_1620,Van,OFF,cluster,0,5057864.805108876,632.2331006386095,21281.376497895457,2073.4888984220224,1124623.15558339,562.3115777916951,3145.362385046916,396.2798254274103,69768.20487230708,34.88410243615354,408.1238730229816,56.57446847868136,36690.806116936896,18.34540305846845,202.82129731236728,30.167058947406478,3826782.6385362414,1913.3913192681207,21281.376497895457,3828.359582658691,0.2223513674085207,0.0137940035095116,0.0072542085505876,0.7566004205313801,15.43645517464397,13.932959453876316,11.152948000455948,10.510308742546494,15.157535227282144,0.0620369628047123,0.0326249783625264,3.4027243877507787,54.84995128490612,0.5258958028741627,3.234679664106001,0.0601887271149297,1.4822235283462355,1.4433076851265132,5270.53674662342,2476.8791909904803,5.785367502423902,36.68808790747524,0.8065151671684375,0.0680581151312469,44.28,33.660649017579246,-0.0001089150952931,69.095,5.801779814618686,1.351804444749449,0.4081919244686093,4.647226484735649,OFF,1,0.0001,OFF,1,0.0,OFF,1,0.2315,OFF,1,0.6818,ON,0,0.706,OFF,1,-1.0047,OFF,1,0.1737,OFF,1,0.1281,OFF,1,0.3906,OFF,1,0.4652,ON,0,0.6839,OFF,1,-0.2581,ON,0,0.5706,OFF,1,0.0104,OFF,1,0.3985,OFF,1,0.5433,ON,0,0.7496,OFF,1,-0.3069,2.7800248973078805,3.422677076556189,-1.2245764012760851,0.6426521792483086,-4.004601298583966,-4.647253477832274,1.503496412242134,4.283521309550014,4.926173488798323,0.2789200109660488,1.2445313931469961,-1.5354935041608844,-2.178145683409193,2.4691077944230813,0.40819213375869506,4.647253477832274,-0.00012414395045309975,1.9657744567538378,1.659663718854914,-2.851080099536739
Van_GT4,20250804_0825,Van,OFF,cluster,0,707368.7292949476,88.42109116186845,3427.499837433046,278.143778984006,631686.8488711662,315.8434244355832,3427.499837433046,487.6855470910362,54330.78432947872,27.16539216473936,185.35035283482648,37.18472541181212,702.8601318634121,0.351430065931706,12.33685767512361,0.335583087812123,20648.23596243916,10.32411798121958,506.3651054953552,30.120709350058068,0.8930092930469015,0.0768068789012366,0.0009936262415274,0.0291902018103341,13.46930876334083,13.356150641101287,10.902864681440995,6.5565796600889055,9.935433598307064,0.0860090477211653,0.0011126717820995,0.0326874558166046,0.3800467123176763,0.0129366829602185,0.0311232467810732,0.082509552711998,0.0321645846442065,0.030648738900136,730.1087962630903,1329.9333978612294,5.781502190848209,44.25718340739276,0.7951963800483676,0.0659919668552485,0.033375,38.763374127046255,-0.0005009479962077,0.15042,6.226023941992645,1.5083232869259933,-1.1402390142647416,6.799570981012383,OFF,1,0.044,ON,0,0.6214,OFF,1,0.4985,OFF,1,0.7017,ON,0,0.7065,OFF,1,-0.6396,OFF,1,0.098,OFF,1,0.0248,OFF,1,0.3517,OFF,1,0.3096,ON,0,0.6841,OFF,1,-0.402,OFF,1,0.1256,ON,0,0.5598,ON,0,0.5001,OFF,1,0.6489,ON,0,0.7517,OFF,1,-0.2736,2.453302782200751,6.800991144966329,3.4207638888471923,4.347688362765578,0.9674611066464411,-3.380227256119137,0.11315829161230262,2.5664610738130538,6.914149436578632,3.533922180459495,3.1687644540035684,0.7154616718028173,-3.632226690962761,-0.25199943484362386,-1.1402546296157308,6.800991144966329,-0.0005742840326326495,1.7347470335979749,4.551429349961053,0.29098388308519957
Van_GT4,20250804_1226,Van,OFF,cluster,0,1174611.5590826285,146.82644488532856,3364.654054005223,303.1412832052848,1071945.3174927502,535.9726587463751,3364.654054005223,400.16296213317537,80931.73226124966,40.46586613062483,434.77779548993567,65.39153257238509,808.6174671152687,0.4043087335576343,9.219414155091954,0.3118274471228847,20925.891861513417,10.462945930756709,342.88176863692934,19.753734428292177,0.9125955803890944,0.0689008478040666,0.0006884126593703,0.0178151591474687,13.97644891423426,13.884986542393271,11.301373622716229,6.696561873294621,9.94879030281266,0.0754998701337407,0.0007543458177566,0.0195214172962096,0.2585622632381765,0.0099913525203567,0.0188524087050284,0.0727855489759805,0.0193333184588066,0.018676904402985,957.2654010204674,1072.1280502557454,3.575048172243972,19.493738888161623,0.8528413002492146,0.0670320724362605,0.030405,22.91585862908229,-0.0007072939599439,0.256935,4.78705114122668,1.2647123339325048,-1.312065413193538,7.188424669098652,OFF,1,0.2112,ON,0,0.7888,OFF,1,0.4993,ON,0,0.7024,ON,0,0.7065,OFF,1,-0.3732,OFF,1,0.1809,OFF,1,0.0722,OFF,1,0.3809,OFF,1,0.4318,ON,0,0.684,OFF,1,-0.1849,OFF,1,0.429,ON,0,0.5696,ON,0,0.5006,OFF,1,0.6557,ON,0,0.7517,ON,0,0.1293,2.583624342810605,7.189659650860751,3.9362430932442525,4.606035308050146,1.3526187504336473,-3.2534165576164984,0.09146245337904801,2.675086796189653,7.281122104239799,4.0277055466233005,3.4273817717289017,0.8437574289182965,-3.762277879131849,-0.5088613215153508,-1.3120810310814175,7.189659650860751,-0.0007810188203499272,1.8268982928400164,4.81557230180858,0.5875824419141514
Van_GT4,20250804_1627,Van,OFF,cluster,0,2651563.7462628465,331.4454682828558,16270.965166306356,1134.4745972914593,1096193.5856085247,548.0967928042623,3151.1997086113697,397.2060412725316,79116.15568239424,39.55807784119712,424.2148071906741,65.6660815498234,977.5005795366588,0.4887502897683294,18.41655149078747,0.7798418540077954,1475276.504392391,737.6382521961955,16270.965166306356,2139.9495774321194,0.41341400415265,0.0298375461626754,0.0003686506051058,0.5563797990795687,14.790660493991284,13.907355272345068,11.278685016236777,6.886021379106429,14.204356668631329,0.0721735254803581,0.0008917225865658,1.3458174940624943,18.64696902483646,0.0123552588102031,1.2560552789677435,0.0696879203328647,0.8526339526878676,0.8136178364241555,4360.156266528647,3119.1437895054023,8.337073486148771,81.58852130502684,0.816353116993638,0.0551763616636159,68.955,49.09092663296212,-0.0003520575340708,70.67,7.0064917492592285,1.3358315442857995,0.0990004654287535,7.318335289524899,OFF,1,0.0,OFF,1,0.0,OFF,1,0.1079,OFF,1,0.6668,ON,0,0.7061,OFF,1,-1.5655,OFF,1,0.161,OFF,1,0.0598,OFF,1,0.3752,OFF,1,0.4062,ON,0,0.684,OFF,1,-0.2316,OFF,1,0.2235,OFF,1,0.0,OFF,1,0.2904,OFF,1,0.1565,ON,0,0.7495,OFF,1,-0.3253,2.628681983424661,7.022355475362031,-0.29700163069466967,4.39367349193737,-2.9256836141193308,-7.3193571060567,0.8833057567575544,3.5119877401822155,7.905661232119585,0.5863041260628847,2.3385089570230058,-0.2901730264016553,-4.683846518339025,2.6355105877176754,0.0990005435648899,7.3193571060567,-0.00040933764913679533,1.8587588560624817,4.660574309785919,-3.0432254945418187
Van_GT4,20250815_0847,Van,OFF,cluster,0,677654.1774917577,84.7067721864697,3586.061796206108,269.17935316805085,615535.3367000702,307.7676683500351,3586.061796206108,471.1977444578689,44227.1417482304,22.1135708741152,185.8322291991144,29.571838704215292,714.2198504751866,0.3571099252375933,5.3448050843237525,0.2038290401989744,17177.479192981864,8.588739596490932,332.9138120694552,18.583714868060305,0.90833253471319,0.065265061763407,0.0010539591936388,0.025348444329764,13.426393849777636,13.330249258932437,10.697116556600417,6.572589978612822,9.751412669674773,0.071851507315995,0.0011603230682141,0.0279065687520779,0.388392252214236,0.0161489036421309,0.0271183943129192,0.0693875337591459,0.0275242764746119,0.0267572060088306,678.4948906600224,1247.2076981450978,5.721329327677414,43.798897827256106,0.7911631203967864,0.0657883678371731,0.032025,42.33500703235011,-0.0004906448209062,0.1434,6.5065357166068125,1.5335239493713944,-1.1929455297525553,6.757659280319615,OFF,1,0.0356,OFF,1,0.3919,OFF,1,0.4985,OFF,1,0.7013,ON,0,0.7065,OFF,1,-0.6854,OFF,1,0.0854,OFF,1,0.0209,OFF,1,0.3471,OFF,1,0.2909,ON,0,0.6841,OFF,1,-0.4464,OFF,1,0.0986,OFF,1,0.317,ON,0,0.5001,OFF,1,0.614,ON,0,0.7517,OFF,1,-0.318,2.6331536880256294,6.759056805556874,3.578893178722053,4.125903117531244,0.9457394906964236,-3.180163626834821,0.09614473976812477,2.729298427793754,6.855201545324999,3.675037918490178,3.2427759180761395,0.6096222300505101,-3.5162808874807343,-0.3361172606459135,-1.192964392907351,6.759056805556874,-0.0005633302569659966,1.8619208287092894,4.443766280368386,0.3881147818263971
Van_GT4,20250815_1248,Van,OFF,cluster,0,5268475.239416312,658.559404927039,34203.88250042708,2543.483613476347,1063464.80226291,531.7324011314549,3356.680529995414,391.3479683871244,65163.9786642937,32.581989332146854,336.90152700933686,51.9387107262761,14910.98114746883,7.455490573734415,71.06771898928946,13.526544781075875,4124935.47734164,2062.46773867082,34203.88250042708,4787.313861454705,0.2018543798605248,0.0123686599448673,0.0028302270523949,0.7829467331422129,15.47725174007823,13.877043757264245,11.08467746655425,9.609920272672214,15.232561178200015,0.0612751625870195,0.0140211327311691,3.878770099922869,63.30085365917932,0.2288224484274839,3.6680319768953855,0.0594711686916816,1.5848931593961546,1.5407375646355057,5297.526712101824,2389.926536247261,9.169174619018952,96.67358867368718,0.8011176705071341,0.0649293828716639,40.535,51.93742925015441,-8.59589829769943e-05,67.065,7.206762744100678,1.3552783869174607,0.4518391403119247,5.622640905527803,OFF,1,0.0002,OFF,1,0.0,OFF,1,0.2587,OFF,1,0.6846,ON,0,0.706,OFF,1,-0.8127,OFF,1,0.1524,OFF,1,0.0724,OFF,1,0.378,OFF,1,0.4147,ON,0,0.684,OFF,1,-0.2708,ON,0,0.8332,ON,0,0.9638,OFF,1,0.4171,ON,0,0.7484,ON,0,0.7495,OFF,1,-0.0836,2.792380696171607,4.267189606689104,-1.3555181188299361,1.4748089105174973,-4.147898815001543,-5.6227077255190405,1.6002087333279373,4.3925894294995445,5.867398340017042,0.24469061449800122,1.4260130460076947,-1.3663676501639124,-2.8411765606814097,2.781531164837631,0.45183937294331206,5.6227077255190405,-0.00010026034886947211,1.974511325917356,2.3441610784956306,-3.2118355335566777
Van_GT4,20250815_1649,Van,OFF,cluster,0,4175923.5068639554,521.9904383579944,20956.030317731434,1883.4308681635507,1112771.8458832572,556.3859229416286,3098.441988399485,404.97158355429633,66592.12153570872,33.29606076785436,383.8811806753256,53.63264744030408,35839.84065078845,17.919920325394227,243.74635057504287,34.72625915466426,2960719.698794201,1480.3598493971006,20956.030317731434,3550.85887130978,0.2664732349752568,0.01594668135713,0.0085824945289056,0.7089975891387075,15.244846330522956,13.922365517679031,11.106356570950094,10.486843322471946,14.900943275986329,0.059843463673177,0.0322077169577457,2.660670927059161,44.46051019957538,0.5381994119384204,2.540826769534437,0.0581212214388124,1.2976464440175683,1.264360250592903,4935.561423908276,2599.812480973169,7.239548959769371,59.68299573395917,0.7998208349044654,0.0677048690128172,39.8,40.1463873239671,-0.0002083629471458,68.57,6.336117685430359,1.371541695180715,0.3261925861024324,4.414099953514382,OFF,1,0.0002,OFF,1,0.0,OFF,1,0.2493,OFF,1,0.683,ON,0,0.7061,OFF,1,-0.8999,OFF,1,0.1646,OFF,1,0.1168,OFF,1,0.3879,OFF,1,0.4532,ON,0,0.684,OFF,1,-0.2769,ON,0,0.4957,OFF,1,0.0007,OFF,1,0.4035,OFF,1,0.4824,ON,0,0.75,OFF,1,-0.3419,2.8160230647512066,3.4355491980711914,-0.9785783192080473,0.6195261333199849,-3.794601383959254,-4.414127517279239,1.3224814720323739,4.13850453678358,4.758030670103565,0.3439031528243266,1.3182484859035881,-1.4977745788476184,-2.1173007121676033,2.2968268051116354,0.3261927730693491,4.414127517279239,-0.0002284239439024296,1.9912290050633026,1.6554775717426304,-2.652147148426302
Van_GT4,20250903_0814,Van,OFF,cluster,0,709389.6071103733,88.67370088879666,3264.478650265388,274.12060703935254,640027.8440099496,320.0139220049748,3264.478650265388,475.281507622844,44828.73944430048,22.41436972215024,168.0398959387676,29.25432343086449,704.450116756952,0.3522250583784759,6.368367344847684,0.20543445911924,23828.57353936624,11.91428676968312,861.9171267233469,47.10384338913462,0.9022233164889996,0.0631933975279195,0.0009930369851716,0.0335902489979089,13.472161580622744,13.369268523085834,10.71062702504918,6.558836062566208,10.078682673976555,0.0700418581219312,0.0011006554220239,0.0372305263940338,0.531546812027619,0.0157142521845057,0.0358221330549949,0.0676977674487803,0.036554205789992,0.0351954428571692,740.9194195602915,1404.5508111113838,5.118159850180797,32.90438036310698,0.7934056229619103,0.0650306105739643,0.032295,36.814507768832186,-0.0004925972390635,0.147315,6.067496004785814,1.5267166832442032,-1.0968619497030925,6.8104324605196265,OFF,1,0.0346,OFF,1,0.4748,OFF,1,0.4987,OFF,1,0.7014,ON,0,0.7065,OFF,1,-0.6892,OFF,1,0.0873,OFF,1,0.0218,OFF,1,0.3481,OFF,1,0.2947,ON,0,0.6841,OFF,1,-0.4395,OFF,1,0.1014,OFF,1,0.3823,ON,0,0.5002,OFF,1,0.6279,ON,0,0.7517,OFF,1,-0.3609,2.658662242475483,6.811849438413617,3.2906262522210437,4.153187195938134,0.6319640097455608,-3.5212231861925734,0.1028932103061031,2.761555452781586,6.91474264871972,3.3935194625271468,3.1902844832775354,0.5316222408020526,-3.6215649551360816,-0.10034176894350821,-1.0968754174070146,6.811849438413617,-0.0005652708271647414,1.879958100539047,4.476457460847732,0.11586469462099538
Van_GT4,20251021_1825,Van,OFF,cluster,0,2059507.34613764,257.438418267205,10699.261164736528,723.5777983175756,1161188.6691275972,580.5943345637986,2978.76131857351,383.78184274695377,68865.1560007634,34.432578000381696,256.01165784756085,49.53502809612332,6076.992928431497,3.0384964642157484,31.609009657182696,4.890098590835429,823376.528080848,411.688264040424,10699.261164736528,1304.5380407686275,0.56381865852786,0.0334376840800843,0.0029507022346039,0.3997929551574518,14.537977845356805,13.964955614372055,11.139920131687902,8.712429810006416,13.621170096326436,0.0593057423238917,0.0052334242401727,0.7090807462828095,11.956359004832056,0.0882448146676076,0.674322947552355,0.0576137334721283,0.5359556506959654,0.5154088731454741,3135.463248594774,2818.5513264436872,8.412981681863675,94.96227711682178,0.8391012636026194,0.0752492927657442,40.115,41.560468079116326,-0.0004719021891161,42.355,6.446740888124357,1.2527368019641163,-0.1145951726818731,5.252525804365639,OFF,1,0.0001,OFF,1,0.0,OFF,1,0.2262,OFF,1,0.6813,ON,0,0.7064,OFF,1,-1.0399,OFF,1,0.1777,OFF,1,0.0816,OFF,1,0.3833,OFF,1,0.4401,ON,0,0.684,OFF,1,-0.1978,OFF,1,0.2916,OFF,1,0.0,OFF,1,0.3735,OFF,1,0.361,ON,0,0.7509,OFF,1,-0.3531,2.8250491425243,5.252689484712334,0.34378587136993666,2.4276403421880346,-2.481263271154363,-4.908903613342398,0.5730226066179789,3.3980717491422787,5.825712091330313,0.9168084779879155,2.1053811246516414,-0.7196680178726584,-3.147308360060693,1.7615952532817047,-0.11459529045664556,5.252689484712334,-0.0005073974037286258,1.9976114058641739,3.1354815220306924,-2.03411498737072
Van_GT4,20251021_2227,Van,OFF,cluster,0,6043773.40407009,755.4716755087612,29413.47471367661,2701.8488088103422,1539353.1319202457,769.6765659601228,3253.764936990352,466.7998839890793,81043.1977791401,40.52159888957005,358.929491057992,61.23314780010961,35675.178484467295,17.837589242233648,165.03379758316805,29.999565424248985,4387701.895886237,2193.8509479431186,29413.47471367661,5084.584739298827,0.2547006694333694,0.0134093706631295,0.0059027988144695,0.7259871610890316,15.614539276077569,14.246873491562209,11.302749936435198,10.482238475701807,15.294316389763669,0.0526475674090396,0.0231754350218143,2.850354350083405,54.14028587309098,0.4401995412526727,2.7298118326326954,0.0513084833107859,1.3481651830470682,1.3163577853678676,5040.70563400007,2552.736243678397,7.189751329509259,58.57136470578364,0.8020634567057716,0.0668107350693605,40.08,38.93392124048151,-0.000162249060728,68.71,6.239705220617667,1.356964674870722,0.34914763273382,4.812077914061861,OFF,1,0.0002,OFF,1,0.0,OFF,1,0.2541,OFF,1,0.6837,ON,0,0.7061,OFF,1,-0.8434,OFF,1,0.1875,OFF,1,0.1473,OFF,1,0.3946,OFF,1,0.4804,ON,0,0.6839,OFF,1,-0.2339,ON,0,0.5697,OFF,1,0.003,OFF,1,0.4089,OFF,1,0.5207,ON,0,0.7498,OFF,1,-0.2921,2.9441352445260716,3.764662396537915,-1.0474433199150557,0.8205271520118433,-3.9915785644411272,-4.812105716452971,1.3676662686791392,4.311801513205211,5.132328665217054,0.3202229487640835,1.4153385802872336,-1.528796664238838,-2.3493238162506813,2.4627819002022893,0.34914777330501856,4.812105716452971,-0.00017743507908072218,2.0818179961346996,1.87189579464821,-2.8437755860742593
GAPAC_TG3,TG3_20250722_0724,GAP,ON,cluster,4,683579375.7034944,85458.10422596504,1454603.5375392586,218997.13387521007,663686124.095057,331843.0620475285,1454603.5375392586,329874.7402915994,19757717.323049966,9878.858661524982,696810.9251444377,44597.46130339644,42777.143204413376,21.3992712378256,482.3053952127375,36.08363661826748,92757.14218310392,46.37857109155197,563.5275488470361,77.80075046242945,0.9708984028548776,0.0289033256784797,6.257816535261904e-05,0.0001356933012902,20.342853340089853,20.31331989251125,16.799054774135605,10.663782578338049,11.43775076295743,0.0297696706406055,6.445387608900276e-05,0.0001397605567083,0.0046947296930342,0.0021650852932543,0.0001983107860132,0.0293351564974231,0.0001397507911115,0.0001982911250285,765.7113654195723,465.8622665693196,3.264368658356117,10.911099125992925,0.8047882567727384,0.0053578879855804,0.131655,17.021247437142414,-0.0015934072210562,0.174315,4.12568145124303,1.7884901653743452,-2.958523043184606,9.649537314173202,ON,1,0.9937,ON,1,1.0,ON,1,0.512,ON,1,0.7322,OFF,0,0.7256,ON,1,0.9371,ON,1,0.976,ON,1,0.9996,ON,1,0.6274,ON,1,0.9787,OFF,0,0.7326,ON,1,0.9171,ON,1,0.9601,ON,1,0.9892,ON,1,0.7359,ON,1,0.7529,ON,1,0.801,ON,1,0.5877,3.5142651674820407,9.649560689363378,8.875579908829952,6.135295521881337,5.361314741347911,-0.7739807805334262,0.029533447622451803,3.5437986151044925,9.67909413698583,8.905113356452404,5.509851441418842,1.9955862739368015,-4.139709247944536,-3.3657284674111096,-2.9585266362766505,9.649560689363378,-0.0016121025269795353,2.484960730814229,6.4441405634585465,3.8864084733579816
GAPAC_TG3,TG3__20250722_1628,GAP,ON,cluster,4,736023516.35271,92014.4413492574,1348289.2231422812,236606.16663693383,710413359.7291636,355206.67986458185,1348289.2231422812,357364.0639201325,25475147.07004985,12737.573535024923,940812.3799696564,61001.66017621864,45188.413278626365,22.605509394010188,461.05710985664336,38.74289789253722,89821.14021791557,44.910570108957785,525.2561972552357,74.2178309370857,0.9652047033083196,0.0346118656592514,6.139533897307109e-05,0.0001220356934558,20.416772629107545,20.381357556798097,17.053213949423192,10.718618118887235,11.405586774212622,0.0358596114799444,6.360861977012065e-05,0.0001264350381194,0.0035258340205427,0.0017738234505327,0.0001834646855456,0.035231624500467,0.0001264270458836,0.0001834478579583,744.6009915808784,466.5115791159605,3.08831294881945,9.08869100527804,0.8021559686176911,0.0051182820823809,0.13719,14.653017541285772,-0.001607847524164,0.170265,3.827926010423416,1.8099597355027988,-2.9919235941951583,9.662739437910862,ON,1,0.994,ON,1,1.0,ON,1,0.5135,ON,1,0.7375,OFF,0,0.7256,ON,1,0.9345,ON,1,0.9797,ON,1,0.9997,ON,1,0.6398,ON,1,0.9817,OFF,0,0.7326,ON,1,0.9473,ON,1,0.9627,ON,1,0.9914,ON,1,0.7322,ON,1,0.7578,ON,1,0.8011,ON,1,0.5876,3.3281436452212176,9.662761565824946,8.975781914352405,6.334617920603728,5.647638269131187,-0.6869796514725408,0.03541507235842545,3.363558717579643,9.698176638183371,9.01119698671083,5.491671781349641,2.1635281361284235,-4.1710897844753045,-3.4841101330027637,-2.991927304784135,9.662761565824946,-0.001626702831067148,2.3533529402988385,6.530902827236177,4.023103846350897
GAPAC_TG3,TG3_20250813_2013,GAP,ON,manual,4,265959479.7544387,33249.09110569305,832442.7306700088,88947.49454662456,258414252.98462373,129207.12649231186,832442.7306700088,138976.2283114744,7431519.9797768975,3715.7599898884487,50313.4074208329,6437.388003979954,32426.24325817348,16.221232245209343,280.1726132689509,25.140957928640653,81280.54677993219,40.6402733899661,294.3762483624196,62.02743938781865,0.9716301642010222,0.0279423015364537,0.0001219217426959,0.0003056125198281,19.398854527152054,19.37007449083052,15.82124110365489,10.38675418977306,11.30567429289615,0.028758165983279,0.0001254816361081,0.0003145358502526,0.0109372708411074,0.0043633393096445,0.0004277171262502,0.0283524107499632,0.0003144863942223,0.0004276256813542,656.7448150576548,552.8737572757097,4.1391445758466645,19.641737445426266,0.8092397766192041,0.0102677455208538,0.07941,25.036555977539848,-0.0014878156629714,0.20037,5.003654262387887,1.6684937615887403,-2.6881333993114573,8.98332030105746,ON,1,0.9825,ON,1,0.9991,ON,1,0.5046,ON,1,0.7018,OFF,0,0.7256,ON,1,0.8117,ON,1,0.9277,ON,1,0.9931,ON,1,0.5341,ON,1,0.9386,OFF,0,0.7329,ON,1,0.7308,ON,1,0.9452,ON,1,0.9903,ON,1,0.7111,ON,1,0.7484,ON,1,0.8,ON,1,0.5537,3.5488335178678394,8.98335113593065,8.064412497055773,5.434517618062811,4.515578979187934,-0.9189386388748773,0.028780036431317768,3.577613554299157,9.012131172361968,8.093192533487091,5.149149287713566,1.6003157698457269,-3.8342018482170843,-2.915263209342207,-2.688137499018591,8.98335113593065,-0.0015083212616936173,2.50940424578646,5.886070270950177,3.366255997344671
GAPAC_TG3,TG3_20250914_0134,GAP,ON,manual,4,295576839.39416313,36951.72388975661,842126.2630124725,99374.25765883704,283439293.3733686,141719.6466866843,842126.2630124725,157143.19405837436,11991754.705155004,5995.877352577502,96523.40418425296,11944.335176023904,43037.80385252133,21.529666759640484,850.7568264847068,42.720955958755525,102753.51178698357,51.37675589349178,419.7892079540906,85.36546646315189,0.958936072103374,0.0405706845290524,0.0001456061440427,0.0003476372235307,19.50443939618197,19.462508529008684,16.29972994707233,10.669857402918836,11.540098041730056,0.042308017926641,0.000151841346132,0.0003625238779142,0.0085686802568437,0.0035889496500471,0.000493486776653,0.0414375022660678,0.0003624581820102,0.0004933650520983,669.3954226560396,576.0774345716266,4.121468392309347,19.29362287683529,0.8083040455690544,0.0104237110940488,0.07779,22.78990462055049,-0.0014879751159328,0.188085,4.773877315194311,1.673026898663102,-2.6408034957595423,8.792651126089847,ON,1,0.9879,ON,1,0.9997,ON,1,0.5063,ON,1,0.7141,OFF,0,0.7256,ON,1,0.8591,ON,1,0.9478,ON,1,0.9966,ON,1,0.5522,ON,1,0.9541,OFF,0,0.7328,ON,1,0.8036,ON,1,0.95,ON,1,0.9933,ON,1,0.7027,ON,1,0.755,ON,1,0.7999,ON,1,0.5554,3.1627786617988924,8.792674357678164,7.922420215730657,5.629895695879272,4.759641553931765,-0.8702541419475072,0.041930867318164644,3.204709529117057,8.834605224996329,7.964351083048822,4.969468308801929,1.8066896470030365,-3.8232060488762354,-2.952951906928728,-2.640806738576886,8.792674357678164,-0.0015068091844442147,2.2364222391501114,5.887989568460127,3.409775156738639
GAPAC_TG4,TG4_20250103_1659,GAP,ON,cluster,0,269605268.1524873,33704.871628014414,638938.9167312533,107762.5763946494,266914951.906158,133457.47595307897,638938.9167312533,182094.53147504397,2588274.8071359145,1294.137403567957,76825.85543614719,4217.276742564174,54728.34446180778,27.37786116148463,1006.7764095310268,99.48328739093616,47313.09473154379,23.656547365771893,347.4168692767271,53.65321162735938,0.9900212771628496,0.0096002382478372,0.0002029943436819,0.0001754902456311,19.41246948114559,19.40244063718221,14.766502500460874,10.910155306390507,10.764563515958788,0.0096970019425734,0.0002050403848528,0.0001772590647082,0.0182797802617722,0.0211447193748128,0.0003786278941361,0.0096502877680832,0.0001772433561765,0.0003785562326831,414.0783859802788,399.3943671585212,3.5124852194015697,11.552118711462306,0.7566122133060301,0.0037319558515129,0.09615,18.95687139185499,-0.0013954838067869,0.10641,4.35394894226315,2.170617364306828,-2.8792923737411407,8.637877121223422,OFF,0,0.2019,OFF,0,0.0396,ON,1,0.502,OFF,0,0.7007,ON,1,0.7065,OFF,0,-0.1923,OFF,0,0.3986,ON,1,0.5916,OFF,0,0.4678,OFF,0,0.61,ON,1,0.6838,OFF,0,-0.1226,OFF,0,0.131,OFF,0,0.185,OFF,0,0.5,OFF,0,0.6248,ON,1,0.7517,OFF,0,-0.2854,4.635938519332484,8.492303598945675,8.637898253051274,3.856365079613191,4.00195973371879,0.14559465410559902,0.010028844000768089,4.645967363333252,8.502332442946443,8.647927097052042,5.441535092832359,0.8055965734998747,-3.0507685061133163,-3.1963631602189153,-2.879299417683758,8.637898253051274,-0.0014273516607656452,3.278103564183922,5.041322877526308,3.690842261960387
GAPAC_TG4,TG4_20250107_0822,GAP,ON,manual,0,191748412.6807607,23971.548028598663,427756.4767876603,77067.04933487858,190185959.3189631,95092.97965948156,427756.4767876603,130390.7845572756,1488079.9668411417,744.0399834205708,51834.60772998724,2759.3149674385154,32456.909067788954,16.23657282030463,494.2162137649175,49.02969706179186,41916.48588867153,20.958242944335765,275.57679377392924,43.03098288394196,0.9918515447405613,0.0077605855821014,0.0001692682020884,0.000218601475249,19.071694725326108,19.063512889993365,14.212997906094522,10.387699423337272,10.643458343166628,0.0078243418818602,0.000170658807748,0.0002203973733853,0.0281681675868687,0.0218112667269258,0.0003880201785989,0.0077938904573497,0.0002203730894522,0.0003879449182371,396.6792727941192,389.1355043727222,3.4983989972446907,11.165874076170994,0.755265504079592,0.0042445096205338,0.05079,17.844340977784757,-0.0013308427613346,0.10614,4.224256263268338,2.1826959614089505,-2.8066848489422456,8.675813466656093,OFF,0,0.1273,OFF,0,0.0171,ON,1,0.5012,OFF,0,0.7001,ON,1,0.7065,OFF,0,-0.2978,OFF,0,0.2851,OFF,0,0.3329,OFF,0,0.434,OFF,0,0.5113,ON,1,0.6839,OFF,0,-0.2216,OFF,0,0.1051,OFF,0,0.1576,ON,1,0.5001,OFF,0,0.6146,ON,1,0.7517,OFF,0,-0.313,4.850515650647502,8.675844271004538,8.420078398245888,3.825328620357036,3.569562747598386,-0.2557658727586496,0.00818183537558781,4.85869748602309,8.684026106380125,8.428260233621476,5.4866095799744805,0.6360939293269787,-3.189234691030057,-2.9334688182714075,-2.806692799415296,8.675844271004538,-0.0013643892683780638,3.4298325088243273,5.10358246169155,3.387278023776739
GAPAC_TG4,TG4_20250718_1746,GAP,ON,manual,0,170262241.34049636,21285.440847668004,521321.2816724218,71940.77108476701,160903071.48509052,80451.53574254527,521321.2816724218,126381.978943426,9224795.11326334,4612.39755663167,44478.30540670455,6724.349574964543,90203.54794219923,45.12433613916921,1229.3609834370582,121.67353194954592,44171.19420027288,22.085597100136443,291.39693632882336,35.49237659627173,0.9450308548641208,0.0541799229273346,0.0005297918506887,0.0002594303578556,18.95285040842917,18.89631270739925,16.037405646103352,11.40983512542486,10.695850779613776,0.0573313798681466,0.0005606079928098,0.000274520515939,0.0047883116814983,0.0097783795558229,0.0007898455722113,0.0557481675632013,0.0002744828420769,0.0007895338083501,535.8494116130533,585.2522207560366,4.46041797952125,21.29187567037169,0.7605212147886868,0.0086291836077879,0.09642,24.491918462169625,-0.0013675142548231,0.109785,4.948931042370278,1.9694519037098444,-2.7334873092618253,8.200461927785476,OFF,0,0.4447,OFF,0,0.4829,ON,1,0.5019,ON,1,0.7028,ON,1,0.7065,ON,1,0.0017,ON,1,0.6523,ON,1,0.8963,ON,1,0.5003,ON,1,0.7738,ON,1,0.6837,ON,1,0.1534,OFF,0,0.2904,ON,1,0.7333,OFF,0,0.4998,ON,1,0.7051,ON,1,0.7517,OFF,0,-0.1273,2.85890716348446,7.486488661736457,8.200484560502975,4.627581498251997,5.341577397018515,0.7139958987665178,0.05653770137155334,2.9154448648560134,7.543026363108011,8.257022261874528,4.636470096430973,1.7775629329465126,-2.8500185653054846,-3.5640144640720024,-2.7334948535009915,8.200484560502975,-0.0014023284970979702,2.0215526420826593,4.945548433374582,4.11536942045538
GAPAC_TG4,TG4_20250723_0432,GAP,ON,manual,0,184552730.40225133,23069.091300281416,605010.4203248061,80238.26889465889,171564002.66132417,85782.00133066208,605010.4203248061,142799.9136464987,12672824.637784343,6336.412318892171,59680.47853806638,9528.861763126904,269614.0437134431,134.80702185672155,2534.984057828842,338.5107531905872,46289.05942938653,23.144529714693263,344.43718953640564,36.86569951474031,0.92962050622271,0.0686677710492965,0.0014609052010544,0.0002508175269392,19.03344578766807,18.960466954140166,16.35497054541075,12.504750456587567,10.742682517873844,0.0738664547410977,0.0015715070733437,0.0002698063621234,0.0036526236851231,0.0212749762913597,0.0017146577466293,0.0712656445388571,0.0002697699709324,0.0017131893992711,594.9303302241389,649.4189732841858,4.892899569175572,25.693271660591613,0.7622782304398527,0.0095339006096538,0.095475,26.226018721310584,-0.00138080332333,0.11262,5.121134515053883,1.9125924691208087,-2.73926147875544,8.21778443626632,ON,1,0.7403,ON,1,0.9952,ON,1,0.5045,ON,1,0.7056,ON,1,0.7065,ON,1,0.0999,ON,1,0.8601,ON,1,0.9992,ON,1,0.6052,ON,1,0.9463,ON,1,0.6831,ON,1,0.2348,OFF,0,0.3814,ON,1,0.8798,OFF,0,0.4999,ON,1,0.7343,ON,1,0.7517,OFF,0,-0.0649,2.6054964818096877,6.455720200722601,8.217806033581203,3.850223718912913,5.612309551771515,1.7620858328586024,0.07297883393812654,2.6784753157478143,6.528699034660727,8.29078486751933,4.319755679028372,1.7142591972186842,-2.1359645216942287,-3.898050354552831,-2.739268677860401,8.217806033581203,-0.0014151780666567736,1.8423642306453223,4.207383986807642,4.501080843031586
GAPAC_TG4,TG4_20250804_0016,GAP,ON,manual,0,206590515.63163704,25823.81445395463,496178.7924903967,81989.90073825736,195218550.24062783,97609.27512031392,496178.7924903967,141131.7636361182,11167197.142313112,5583.598571156556,62683.25486034248,8937.763327696483,161185.44113256954,80.59272056628477,1617.735339113642,198.48898010327773,43582.80756347506,21.79140378173753,228.83786771731684,31.83236053383833,0.9449540780890152,0.0540547425818176,0.0007802170425866,0.0002109622865804,19.14624921152289,19.08963026452091,16.228491301828598,11.990316993436211,10.682440974197378,0.0572035655860997,0.0008256666230432,0.0002232513637139,0.0039027525893971,0.0144338314331189,0.0009921627403664,0.0556272764117191,0.0002232264468366,0.00099167087223,490.4045016146239,616.8319518534366,3.5880848007899075,12.22664116932913,0.7632064689172814,0.007621693487272,0.09372,19.214000835357243,-0.0013805621211823,0.107355,4.383377788342389,1.9935273694269693,-2.802396430107844,8.407189290323531,OFF,0,0.5504,ON,1,0.849,ON,1,0.5031,ON,1,0.7038,ON,1,0.7065,ON,1,0.0473,ON,1,0.7478,ON,1,0.9841,ON,1,0.545,ON,1,0.8648,ON,1,0.6834,ON,1,0.1726,OFF,0,0.2853,ON,1,0.7939,OFF,0,0.4999,ON,1,0.7179,ON,1,0.7517,OFF,0,-0.1013,2.8611390471178275,7.099319469977253,8.407212229765301,4.2381804228594255,5.546073182647474,1.3078927597880483,0.056618947283951115,2.9177579944017786,7.155938417261204,8.463831177049252,4.591917686715096,1.7307786395972684,-2.507401783262157,-3.8152945430502054,-2.802404076588434,8.407212229765301,-0.001416643267698216,2.023130822134633,4.6285149493848055,4.405522662935493
GAPAC_TG4,TG4_20250807_1616,GAP,ON,manual,0,150875102.03310436,18859.38775413805,425624.5176376253,62751.83944552783,145318429.8527265,72659.21492636325,425624.5176376253,108952.78293729578,5352953.65192036,2676.47682596018,28251.097321096808,4074.712483622136,159241.02641665694,79.62051320832848,1410.0583075895556,185.0295596644196,44477.5020408686,22.238751020434297,284.66855876432965,33.72811573767649,0.9631703832806114,0.0354793705507873,0.0010554493370398,0.0002947968315614,18.83196292028549,18.79443796738344,15.493159237813456,11.978180502583754,10.70276125121863,0.0368360273183882,0.0010958075075407,0.0003060692445269,0.0083089645330487,0.0297482542856502,0.0013520717983666,0.0361737945831319,0.0003060224148909,0.0013511585723647,404.1184804995476,531.4701911171762,3.780244422998992,14.111360148951247,0.7514746543985652,0.0081024978594906,0.048495,22.568310444979023,-0.0012900691734574,0.103575,4.750611586411404,2.1010414982502503,-2.697225572054936,8.091676716164807,OFF,0,0.3282,OFF,0,0.3617,ON,1,0.5026,OFF,0,0.7022,ON,1,0.7065,OFF,0,-0.1463,ON,1,0.6084,ON,1,0.9634,ON,1,0.5156,ON,1,0.8106,ON,1,0.6835,OFF,0,-0.0065,OFF,0,0.1325,OFF,0,0.343,ON,1,0.5,OFF,0,0.65,ON,1,0.7517,OFF,0,-0.2793,3.301278909501278,6.816263737687235,8.091699192307651,3.5149848281859573,4.790420282806373,1.2754354546204159,0.03752495315549709,3.338803862656775,6.853788690842732,8.129224145463148,4.55231045987404,1.2510315503727618,-2.2639532778131954,-3.5393887324336113,-2.69723306410255,8.091699192307651,-0.0013270213881905817,2.3343567034964843,4.217714565374967,4.086934074874546
GAPAC_TG4,TG4_20250813_2015,GAP,ON,manual,0,152688580.87203798,19086.072609004743,394887.58790105954,59807.00446700738,140977777.47056335,70488.88873528168,394887.58790105954,103324.87619703542,11474460.748556191,5737.230374278096,66162.23892426491,9323.284983388912,196813.16595311335,98.40658297655668,1809.6808879114687,244.7297741697126,39529.48696531126,19.764743482655632,335.429114042563,30.08540683966052,0.9233026901252755,0.0751494360810941,0.0012889841848622,0.000258889608768,18.843910992488283,18.764112836422782,16.255634406366838,12.19001524247882,10.584827475094473,0.0813919821579824,0.0013960580843616,0.0002803951635112,0.0034449973581792,0.0171522802043539,0.0015502734212319,0.0782490836216383,0.0002803558601342,0.0015490729878981,567.5167421053543,696.8928066984927,3.844611755916068,15.067216406066835,0.7712981226439937,0.0096589816330039,0.097365,20.689829489318345,-0.0013482112589203,0.112485,4.548607423078903,1.896205999523684,-2.726428453776105,8.179285361328315,ON,1,0.6539,ON,1,0.9686,ON,1,0.5032,ON,1,0.7047,ON,1,0.7065,ON,1,0.1038,ON,1,0.7995,ON,1,0.9944,ON,1,0.5616,ON,1,0.9038,ON,1,0.6834,ON,1,0.2237,OFF,0,0.3937,ON,1,0.9149,OFF,0,0.4999,ON,1,0.7474,ON,1,0.7517,ON,1,0.0057,2.5084785101126954,6.574102667798638,8.17931065148594,4.065624157685942,5.6708321413732445,1.6052079836873023,0.07979815660953804,2.5882766667222334,6.653900824408176,8.259108808095478,4.315472957349318,1.8069944472366224,-2.25862971044932,-3.863837694136622,-2.726436883828647,8.17931065148594,-0.0013854073767501915,1.7737621649614146,4.343650287506584,4.461575465629603
GAPAC_TG4,TG4_20250820_1621,GAP,ON,manual,0,139998627.92426094,17499.828490532618,336526.3204500675,56314.65953443541,133160814.27571076,66580.40713785538,336526.3204500675,97172.07469608316,6483997.8590140855,3241.9989295070427,33703.365049073705,4929.289210513301,307393.99533218105,153.6969976660905,2505.4175130678923,377.9891908951958,46421.79420389612,23.21089710194806,308.5400986927598,36.06667318026568,0.9511579952608576,0.0463147243308835,0.0021956929142082,0.0003315874940503,18.75714318712749,18.707068093179476,15.684847985868238,12.635888829317084,10.745545871982724,0.0486929874549194,0.0023084418415744,0.0003486145264009,0.0071594400882401,0.0474080963652375,0.0025336837375292,0.0475446149424917,0.0003485537744758,0.0025304793723123,472.6169002587032,598.3088519789412,3.629102611411,12.460468636721572,0.7601983137950706,0.0092434099755218,0.096555,19.23026392127933,-0.0012902032485584,0.107085,4.385232482007126,2.004986768371274,-2.653840740398916,7.9615222211967485,ON,1,0.602,ON,1,0.9856,ON,1,0.5043,ON,1,0.7045,ON,1,0.7065,OFF,0,-0.0613,ON,1,0.8094,ON,1,0.9994,ON,1,0.6011,ON,1,0.9447,ON,1,0.6831,ON,1,0.0761,OFF,0,0.1995,ON,1,0.608,ON,1,0.5,ON,1,0.6887,ON,1,0.7517,OFF,0,-0.1891,3.0222202540273404,6.071182509501359,7.961543755060999,3.0489622554740183,4.939323501033659,1.8903612455596406,0.05007509431480628,3.0722953483421467,6.121257603816165,8.011618849375806,4.263736629647424,1.2415163756200833,-1.807445879853935,-3.6978071254135756,-2.6538479183536663,7.961543755060999,-0.00132595323125019,2.137032435862063,3.723283509084148,4.269859878537688
GAPAC_TG4,TG4_20250914_0136,GAP,ON,manual,0,142510740.39152804,17813.842548941004,364388.9307236821,57428.25956390689,135445855.73449013,67722.92786724506,364388.9307236821,99162.38288366814,6826323.533647668,3413.1617668238337,39264.21829687897,5483.683696243114,172003.32170592714,86.00166085296357,1645.4309111489565,213.80345317025024,66557.80168432335,33.27890084216168,430.55070599049577,64.16929151731041,0.950425598536446,0.0479004144873103,0.0012069498848533,0.0004670370913902,18.774927933018347,18.72408253713488,15.736296951070113,12.055274881677184,11.10584107179221,0.0503989102998398,0.0012699046476778,0.0004913978454593,0.0097501680598997,0.0251970655738889,0.0016767939074064,0.0491700065914404,0.0004912771490764,0.0016753896580411,493.67357553731006,592.9964187787008,3.729239059930758,13.81073139733046,0.7602902000368622,0.0094557455014857,0.09831,20.455380680646144,-0.0012847144976287,0.107355,4.5227625054401885,2.0048496691718887,-2.539413821780889,7.618241465342667,OFF,0,0.4254,ON,1,0.6284,ON,1,0.5026,ON,1,0.7028,ON,1,0.7065,OFF,0,-0.0813,ON,1,0.6877,ON,1,0.9812,ON,1,0.5316,ON,1,0.8515,ON,1,0.6835,ON,1,0.0838,OFF,0,0.1873,ON,1,0.5043,OFF,0,0.4999,ON,1,0.6757,ON,1,0.7517,OFF,0,-0.2143,2.9877857251734667,6.668813461898976,7.618256482381458,3.6810277367255093,4.630470757207991,0.949443020482482,0.05084539624948192,3.0386311214229487,6.719658858148458,7.66910187863094,4.318713917363475,1.330928192190008,-2.3500995445355013,-3.2995425650179833,-2.539418827460486,7.618256482381458,-0.0013193079204010174,2.1126835470025247,4.225304975910905,3.8099835762315215
GAPAC_TG4,TG4_20251003_0028,GAP,ON,manual,0,213651751.0128028,26706.46887660035,530145.9283824116,84700.0593285813,200599940.1357506,100299.9700678753,530145.9283824116,146096.06648024466,12818057.419979392,6409.028709989697,71197.15057567134,10200.473016038328,171388.57135960562,85.6942856798028,2319.787205469096,246.3882359938181,62364.8857131961,31.182442856598048,354.8115110548679,56.232523769896375,0.938910817181788,0.0599950965026787,0.000802186598271,0.0002918997172621,19.17985792040825,19.116823140051142,16.366365548687615,12.051694439418473,11.040773701546607,0.0638986103949236,0.0008543799726142,0.0003108918460842,0.0048653929117202,0.0133708693715516,0.0010952846514819,0.0619400953967639,0.0003108435292282,0.001094685264874,512.8486509276795,641.5595767446475,3.6702368443461415,13.146907543348622,0.7646170047738545,0.0080325586512696,0.09615,19.85084328564726,-0.0013710419743482,0.108435,4.455428518742394,1.977374386317026,-2.692016479501512,8.076049438504535,ON,1,0.5827,ON,1,0.9208,ON,1,0.5039,ON,1,0.7042,ON,1,0.7065,ON,1,0.0644,ON,1,0.7763,ON,1,0.9892,ON,1,0.5546,ON,1,0.8809,ON,1,0.6834,ON,1,0.2027,OFF,0,0.2923,ON,1,0.7936,OFF,0,0.4999,ON,1,0.7187,ON,1,0.7517,OFF,0,-0.0996,2.7504576643934193,7.0651345303253645,8.076065468055127,4.314676865931945,5.325607803661708,1.0109309377297624,0.06303478066163848,2.813492445055058,7.128169310987003,8.139100248716765,4.472914415693477,1.722456751300058,-2.5922201146318873,-3.6031510523616497,-2.6920218226850423,8.076065468055127,-0.0014055494622385468,1.9448672658591002,4.645788548323234,4.160560460023765
GAPAC_TG5,TG5_20250813_2113,GAP,ON,cluster,0,5392877466.664566,674109.6833330707,23413222.76816392,2972033.0962607325,5352931644.892044,2676465.822446022,23413222.76816392,5475644.959622758,39514872.94222382,19757.43647111191,340420.04185751453,55414.33101140909,42283.0068385323,21.14150341926615,134.98676652491213,30.49679868213464,388665.8234600012,194.33291173000055,2291.488589069937,442.319829325658,0.9925928556657476,0.0073272335940284,7.84052801123328e-06,7.207021221277378e-05,22.40834493241749,22.40091021896771,17.492187714491457,10.652164204617144,12.870477760637764,0.0073819124852696,7.899037320769869e-06,7.260803037357664e-05,0.0098359375728798,0.0010700529620923,7.99171264607391e-05,0.0073547995179084,7.260539453812705e-05,7.991393325731486e-05,403.9948959878238,234.5747930732343,5.506794367349224,31.62964820223823,0.6983005163608372,0.0006739365938219,0.077115,34.73206712059005,-0.001621886843755,0.09966,5.893391818009523,2.7994005869833827,-3.1768108194433147,11.748746014350564,ON,1,0.9525,ON,1,1.0,ON,1,0.5333,ON,1,0.7099,ON,1,0.7065,ON,1,1.355,ON,1,0.9854,ON,1,0.9872,ON,1,0.9373,ON,1,0.8718,ON,1,0.6817,ON,1,0.4796,OFF,0,0.0201,OFF,0,0.006,OFF,0,0.4995,OFF,0,0.4608,ON,1,0.7517,OFF,0,-0.7787,4.908722529596364,11.748769664046998,9.530435031044203,6.840047134450634,4.621712501447838,-2.2183346330027955,0.007434713451164754,4.916157243047529,11.756204377498163,9.537869744495367,6.5469818061718925,1.6382592765755284,-5.201787857875106,-2.98345322487231,-3.1768116770147343,11.748769664046998,-0.0016331724380651044,3.4709909876407727,7.588852679732596,3.4449950449893705
GAPAC_TG5,TG5_20250904_0333,GAP,ON,cluster,0,5147964603.29759,643495.5754121988,22222265.561074257,2769985.845802019,5085952791.62863,2542976.395814315,22222265.561074257,5086345.531318527,61745994.24954354,30872.99712477177,1261817.5346274525,95076.5569278494,54139.9191897852,27.0699595948926,711.288090165941,41.474116102052754,211677.5002273754,105.8387501136877,1185.375800352791,212.5047309990192,0.9879541107121758,0.0119942538474315,1.0516762130630277e-05,4.1118678262042215e-05,22.361867251034585,22.34974822207641,17.93853967711083,10.899345541040148,12.26282389423003,0.0121404969293415,1.0644990507756648e-05,4.162002851772278e-05,0.003428198100947,0.0008768167044323,5.163810674905551e-05,0.0120673921869956,4.16191624283669e-05,5.163677354791698e-05,423.4752770426675,272.68937404235646,5.442704792856021,30.99983713037875,0.7051520820421914,0.0007913025471565,0.077655,34.53367266253465,-0.0016523081071404,0.10155,5.876535770547648,2.706215848546132,-3.362308109282127,11.450402681036262,ON,1,0.9684,ON,1,1.0,ON,1,0.5335,ON,1,0.7113,ON,1,0.7065,ON,1,1.3968,ON,1,0.9884,ON,1,0.9927,ON,1,0.9331,ON,1,0.8978,ON,1,0.6818,ON,1,0.5682,OFF,0,0.0345,OFF,0,0.0163,OFF,0,0.4996,OFF,0,0.5,ON,1,0.7517,OFF,0,-0.6715,4.411208560964344,11.450421151328324,10.086929051806257,7.039212590363981,5.675720490841913,-1.3634920995220678,0.012119028960544398,4.423327589924888,11.462540180288869,10.099048080766801,6.487139691024732,2.075931130060388,-4.963281460303593,-3.599789360781525,-3.3623096839354187,11.450421151328324,-0.0016633061055892615,3.1191954866860394,7.548361366348841,4.156678712946327
GAPAC_TG5,TG5_20250914_0133,GAP,ON,manual,0,4192335217.110096,524041.902138762,17752825.14479065,2225305.3741846937,4121544617.666416,2060772.308833208,17752825.14479065,4079607.182117189,70527826.35635878,35263.91317817939,2085087.7024281172,123267.26558621928,50458.54488618123,25.22927244309061,778.9964122811798,40.81546319397339,212314.542434658,106.157271217329,1341.7089107470963,221.68564442284216,0.9831142798040664,0.0168230407884643,1.2035904161538838e-05,5.064350330768942e-05,22.156523746920247,22.13949383749092,18.071517904177902,10.828927202855548,12.265828854783935,0.0171119890475166,1.224262978250868e-05,5.151334320744746e-05,0.0030103656018247,0.0007154416560525,6.268333642361348e-05,0.0169672280615232,5.151201644074719e-05,6.268137190537548e-05,426.09139460804175,313.03079083867794,5.466519607725196,31.452820640658835,0.7097542644971536,0.0008934469544742,0.072255,33.87672831568695,-0.0016387344972186,0.102225,5.820371836547696,2.6395823501660223,-3.291221660902327,11.31056663463537,ON,1,0.9432,ON,1,1.0,ON,1,0.5288,ON,1,0.7106,ON,1,0.7065,ON,1,1.2068,ON,1,0.978,ON,1,0.9866,ON,1,0.8924,ON,1,0.8771,ON,1,0.6822,ON,1,0.5182,OFF,0,0.0464,OFF,0,0.0349,OFF,0,0.4996,OFF,0,0.5348,ON,1,0.7517,OFF,0,-0.6082,4.0679759472491845,11.310586452445225,9.873669692446219,7.2426105051960405,5.8056937451970345,-1.436916759999006,0.01702990943342897,4.0850058566826135,11.327616361878654,9.890699601879648,6.313058023035158,2.245082075785973,-4.9975284294100675,-3.5606116694110614,-3.2912232308154064,11.310586452445225,-0.0016528842712478654,2.876493378003668,7.574310940596392,4.1114402116283975
Harq_ST1,20250220_1443,Har,OFF,cluster,3,8306342.960449005,1038.4226728902368,80002.64127333555,3704.847926240228,7300518.800992917,3650.2594004964585,80002.64127333555,6699.106392140622,22279.095122263527,11.139547561131764,394.7576615102335,24.369155224031925,18085.17100607523,9.0471090575664,69.35151879699788,10.79481312527056,965459.8933277492,482.7299466638746,4305.863606218249,879.2681825734295,0.8789089056104039,0.0026821785746563,0.0021772723678986,0.1162316434470412,15.93253011339765,15.803456109199088,10.01144896343352,9.802902892418572,13.780360875967991,0.0030517139575382,0.0024772446313833,0.1322453814099223,43.33478931644891,0.8117551860170004,0.1343127419719545,0.0030470669303636,0.1242027243201631,0.1260269538548228,1384.51102175849,1858.5113628137208,7.95309918954219,90.79843487608872,0.7808374040790306,0.0381685555020707,0.146235,77.04246388482339,-0.000390113173393,0.179715,8.777383658263586,1.6579014155273355,-0.6743650777436988,6.000553216780515,OFF,1,0.0566,OFF,1,0.0151,ON,0,0.5441,OFF,1,0.5114,ON,0,0.6752,OFF,1,-1.061,OFF,1,0.0405,OFF,1,0.0198,OFF,1,0.3632,OFF,1,0.2261,ON,0,0.6704,OFF,1,-0.6911,OFF,1,0.014,OFF,1,0.0146,ON,0,0.5428,OFF,1,0.5122,ON,0,0.6632,OFF,1,-1.3869,5.79205189290807,6.000608372195369,2.02309613202981,0.20855647928729937,-3.76895576087826,-3.9775122401655594,0.12907402078520214,5.921125913693272,6.1296823929805715,2.152170152815012,3.4539390992833123,-2.3381127936247577,-2.546669272912057,1.4308429672535024,-0.67436537734327,6.000608372195369,-0.0003989589539872568,4.095599170459676,2.5348809358261053,-1.6521951446237853
Harq_ST1,20250307_1027,Har,ON,cluster,3,22219805.40834472,2777.8229039060784,430692.1810925044,11460.246665490286,17243281.803709466,8621.640901854733,430692.1810925044,21625.02279472104,2081462.8066701728,1040.7314033350865,17721.83498644177,2874.528983555498,211741.17654818489,105.92355004911698,1069.2708399295807,165.61443055417462,2683319.6214168943,1341.6598107084471,10233.312382204693,1727.9082715336936,0.7760320797964188,0.0936760141872562,0.0095293893288851,0.1207625166874398,16.916494629642067,16.66293322292122,14.548581957366148,12.263124665188002,14.802565623355251,0.1207115229203223,0.012279633248389,0.1556153667244183,1.2891508860099474,0.1017271007051126,0.149811076748199,0.1139637719185185,0.1446329871369844,0.13959764779102,1460.4798183863736,2082.2369156926834,16.920922532698516,450.3765203230445,0.8044422994846493,0.1008182570448254,0.042555,155.04666639722225,-0.0004441541230648,0.66585,12.451773624533956,1.3148992964935666,-0.6201225331886567,4.39980855773322,OFF,0,0.3373,OFF,0,0.0286,ON,1,0.504,OFF,0,0.5421,ON,1,0.6753,OFF,0,-0.2737,ON,1,0.7381,ON,1,0.9987,ON,1,0.5311,ON,1,0.9065,ON,1,0.669,ON,1,0.2015,OFF,0,0.0056,OFF,0,0.1168,ON,1,0.502,OFF,0,0.4427,ON,1,0.6633,OFF,0,-0.8832,2.1143516879927162,4.399813222475439,1.860367914245014,2.2854615344827227,-0.2539837737477022,-2.539445308230425,0.2535614197095519,2.367913107702268,4.653374642184991,2.113929333954566,2.0936332061782927,-0.020718481814423484,-2.306180016297146,0.23326529193327872,-0.6201226380816713,4.399813222475439,-0.0004475707527657262,1.495072416392873,2.7292519908093866,-0.2693515581805497
Harq_ST1,20250525_1140,Har,OFF,cluster,3,6540591.449809711,817.6761407438069,37370.27720466349,2612.1557822262275,5559368.015087209,2779.6840075436044,37370.27720466349,4619.012812161184,27747.65564507235,13.873827822536176,251.45952227996892,28.37405190600752,11452.831446433926,5.729280363398662,97.10272743545738,8.65792114629659,942022.9476309954,471.0114738154977,3661.123358365381,824.1254646829411,0.8499794028946648,0.0042423771394373,0.001751039112337,0.1440271808535606,15.693538307986396,15.53099517329158,10.230942672778454,9.346079577150917,13.755785975348948,0.0049911528738095,0.002060095934529,0.1694478482220157,33.94964099478212,0.4127495163021118,0.1706561731077048,0.0049787383616541,0.1565317128216376,0.1575644233183201,1531.730052478572,2043.4048074425768,6.228191715968739,52.02950124410746,0.7922815526073053,0.0404718914338035,0.144345,45.70303001707338,-0.0003561163027987,0.3027,6.760401616528364,1.6127275090419777,-0.5917363993142105,6.184915596140664,OFF,1,0.034,OFF,1,0.0008,ON,0,0.5338,OFF,1,0.4593,ON,0,0.6752,OFF,1,-1.1088,OFF,1,0.0467,OFF,1,0.0188,OFF,1,0.3589,OFF,1,0.2278,ON,0,0.6705,OFF,1,-0.6454,OFF,1,0.0092,OFF,1,0.0057,ON,0,0.5329,OFF,1,0.4808,ON,0,0.6632,OFF,1,-1.3351,5.300088359067846,6.185002727105092,1.7752100796107886,0.8849143680372453,-3.5248782794570577,-4.409792647494303,0.16254316168000216,5.462631520747848,6.347545888785094,1.9377532412907907,3.3150752914459307,-1.9850130676219155,-2.869927435659161,1.5398652118351421,-0.5917366932035962,6.185002727105092,-0.00037078185934414574,3.7477284195847553,2.8862815678130995,-1.7780831891375202
Harq_ST1,20250511_1129,Har,ON,cluster,3,17859268.97561318,2232.687707915137,165942.60520497337,8309.06241096846,14135197.88901106,7067.59894450553,165942.60520497337,15465.957633559678,1474629.7057504507,737.3148528752254,9927.753946644312,1811.9547424861007,78889.61936241708,39.46454195218463,653.3089900349878,78.44873101577782,2170551.76148925,1085.275880744625,7374.047838000173,1380.3957461563025,0.7914768464662615,0.0825694325878655,0.0044172927497839,0.1215364281960889,16.69803325775154,16.464178619687246,14.203918147425766,11.275817607020633,14.59049242187566,0.1043232445225792,0.0055810764010415,0.1535565174631562,1.4719300398083106,0.0534979181924292,0.1441041784219584,0.0992326989507312,0.1428497939317342,0.1346219538655953,1434.1787479438822,2066.966517893004,9.680252469569233,121.8213486723713,0.8039594925114556,0.0763246106012633,0.0408,74.32414511742066,-0.0004426650415904,0.6699,8.62114523234062,1.3598922005773184,-0.624562065937195,5.188361012666613,OFF,0,0.14,OFF,0,0.0049,ON,1,0.5026,OFF,0,0.5125,ON,1,0.6753,OFF,0,-0.5629,ON,1,0.5224,ON,1,0.8344,OFF,0,0.4502,ON,1,0.662,ON,1,0.6699,ON,1,0.1227,OFF,0,0.0013,OFF,0,0.0003,ON,1,0.5016,OFF,0,0.3436,ON,1,0.6633,OFF,0,-1.205,2.260261079652217,5.18837361777986,1.8736865877784492,2.9281125381276425,-0.3865744918737679,-3.3146870300014104,0.23385465281634055,2.4941157324685577,5.4222282705962,2.1075412405947898,2.330580321302632,0.07031924165041481,-2.8577932964772277,0.4568937335241827,-0.6245621959261497,5.18837361777986,-0.0004460872680402557,1.59824593667411,3.313541597722849,-0.52757544008248
Harq_ST1,20250629_1937,Har,ON,cluster,3,17286094.361616418,2161.0319241925763,382216.3838184215,12213.810891357603,14340119.81396189,7170.059906980945,382216.3838184215,23673.32414856693,883949.3435160941,441.9746717580471,8027.57458098518,1001.5959745522772,216996.57208839236,108.55256232535883,2267.0470735990093,234.6952304963328,1845028.632050043,922.5143160250216,5933.302187013032,1166.0111882452093,0.8295754676547392,0.0511364409463651,0.0125532446803154,0.1067348467185802,16.665412999976045,16.478571818062733,13.69215616754894,12.28764144392725,14.428005896059522,0.0616416986038985,0.0151321310354118,0.1286620095219532,2.0872560691192628,0.2454853026136061,0.1354450760048895,0.0598164822809435,0.1210328687986031,0.1270247115168123,1240.7583707759754,1999.534232379265,16.452213103554605,335.10314684406825,0.762570785498142,0.0928806504173938,0.05241,176.86753237632564,-0.0004271645566632,0.5808,13.299155325642786,1.4362285540272233,-0.6835219740010702,4.190930374135483,OFF,0,0.1492,OFF,0,0.0003,ON,1,0.5055,OFF,0,0.4238,ON,1,0.6753,OFF,0,-0.6281,ON,1,0.5944,ON,1,0.9976,ON,1,0.5218,ON,1,0.885,ON,1,0.669,ON,1,0.0116,OFF,0,0.0003,OFF,0,0.0,ON,1,0.5034,OFF,0,0.2647,ON,1,0.6632,OFF,0,-1.4723,2.786416712065275,4.19093491275817,2.0505663942656494,1.4045182006928947,-0.7358503177996258,-2.1403685184925205,0.1868411937977683,2.9732579058630435,4.377776106555938,2.2374075880634177,2.256979504772273,-0.529437207293002,-1.9339554079858967,0.2064131105066238,-0.6835221314218831,4.19093491275817,-0.00043204460271285605,1.9702941523128799,2.284334167937097,-0.23834532983053494
Harq_ST1,20250817_1151,Har,ON,cluster,3,16242059.232684392,2030.5112179877976,213557.0053098062,8833.337713987066,12170701.37692063,6085.350688460315,213557.0053098062,16829.28218841597,1622094.9711686987,811.0474855843494,10755.803472362692,1971.511220455037,126063.44355446786,63.063253403935896,785.5424754670967,112.05177870230816,2323199.441040595,1161.5997205202975,9914.956667600723,1547.7479681125317,0.7493324093061522,0.0998700317447745,0.0077615431484689,0.1430360158006042,16.603114746270048,16.314542177096246,14.299229680321847,11.744548511965666,14.65845629345445,0.1332786764651504,0.0103579440206718,0.1908845981091854,1.4322215914184897,0.0777164381833716,0.1775755128099295,0.1251149151426671,0.1746963907240394,0.1634576746270967,1606.7262533792646,2241.530256587399,13.222856386488877,226.49915542075496,0.7973310523743701,0.1054371549085636,0.04269,105.1740090958114,-0.0004028498873621,5.511,10.255438025523326,1.3135821145610378,-0.552028627880599,4.56999366513058,OFF,0,0.1594,OFF,0,0.0106,ON,1,0.5019,OFF,0,0.5238,ON,1,0.6753,OFF,0,-0.4703,ON,1,0.6083,ON,1,0.9678,OFF,0,0.4756,ON,1,0.7777,ON,1,0.6696,ON,1,0.1518,OFF,0,0.0013,OFF,0,0.0006,ON,1,0.5009,OFF,0,0.339,ON,1,0.6633,OFF,0,-1.1957,2.015313031096394,4.570001515448343,1.6560862319180494,2.5546884843519493,-0.35922679917834444,-2.9139152835302937,0.2885725897697853,2.303885620866179,4.858574105218128,1.9446588216878347,2.0603501946156975,0.04503716351930365,-2.5096513208326456,0.4042639626976481,-0.5520287439726831,4.570001515448343,-0.00040638711349958145,1.4250415105018757,2.90864251250345,-0.4668038153743028
Harq_ST1,20250927_1933,Har,ON,cluster,3,23902738.515435614,2988.215841409628,695389.6578955799,15800.727354235529,17328189.806014173,8664.094903007086,695389.6578955799,30516.124918249086,3667650.926306519,1833.8254631532595,21350.68285869644,4396.88058533546,98740.01641498329,49.39470556027178,619.799984828569,77.0029051593704,2808157.766699935,1404.078883349967,9733.456097906688,1806.842911174415,0.7249457962661554,0.1534406161845459,0.0041309081112701,0.1174826794380283,16.989503634409704,16.667845259589694,15.115062213173733,11.500255705612243,14.84803958337702,0.2116580535742608,0.0056982303125919,0.1620571910936209,0.7656556807403435,0.0269218686289733,0.1384511256384196,0.1919897138251978,0.1501918750271867,0.1296686768680186,1554.521866466985,2046.3555155486636,24.39371554342981,801.9224946895512,0.7932331255674007,0.083241713617225,0.045795,232.71065237627587,-0.0004572912077191,0.76035,15.254856681576271,1.345791945872955,-0.6066018920708908,5.167589553977448,OFF,0,0.371,OFF,0,0.0277,ON,1,0.5007,OFF,0,0.5397,ON,1,0.6753,ON,1,0.0796,ON,1,0.6833,ON,1,0.9514,OFF,0,0.4744,ON,1,0.7554,ON,1,0.6697,ON,1,0.2823,OFF,0,0.3264,ON,1,0.9999,ON,1,0.5002,ON,1,0.6854,ON,1,0.6633,OFF,0,-0.099,1.5527832613605774,5.167599623822911,1.8198059746085296,3.6148163624623333,0.2670227132479521,-3.347793649214381,0.32165839069323,1.8744416520538074,5.489258014516141,2.1414643653017595,2.1350472149480044,0.582263953587427,-3.0325524088749063,0.31524124033947487,-0.6066019915361766,5.167599623822911,-0.000460706361059502,1.0979835738210275,3.5854063125434523,-0.3640092299393336
Harq_ST1,20251011_19121,Har,ON,cluster,3,17391511.642063037,2173.93895525788,244765.0610421933,7538.865271527669,11649029.67282728,5824.51483641364,244765.0610421933,13904.200506271252,3056046.109916375,1528.0230549581877,20196.96536675468,3478.914180245421,119237.56161484876,59.61878080742438,889.8824924847722,111.83772459983118,2567198.2977045327,1283.5991488522664,10756.96980051702,1699.6613412497718,0.6698112224272091,0.1757205568333137,0.0068560780723891,0.1476121426670881,16.671492865990007,16.270733530465176,14.93263284469828,11.688881484777694,14.75832609521298,0.2623434050515552,0.010235836371245,0.2203787242204903,0.8400391242048181,0.0390169380062372,0.1826876582623069,0.2329698388715977,0.1991612402607652,0.167789524997951,1790.015830331729,2178.232826471101,12.756685241431912,259.17884699796593,0.8243822987761805,0.1045141234985377,0.087375,112.59058606507524,-0.0004224921557819,17.58,10.610871126566256,1.2390504932079818,-0.5041358117507316,4.581852045687482,ON,1,0.5978,ON,1,0.7999,OFF,0,0.4976,ON,1,0.6431,ON,1,0.6753,ON,1,0.0812,ON,1,0.7076,ON,1,0.9759,OFF,0,0.4784,ON,1,0.7991,ON,1,0.6696,ON,1,0.282,OFF,0,0.0516,OFF,0,0.1649,OFF,0,0.4974,OFF,0,0.5,ON,1,0.6633,OFF,0,-0.3779,1.3381009271429765,4.581860346427259,1.5124077389377693,3.2437594192842827,0.1743068117947928,-3.06945260748949,0.4007593638695752,1.7388602910125517,4.982619710296834,1.9131671028073445,1.8580922531270012,0.5199913259840248,-2.723768093300258,0.34568451418923196,-0.5041359129792564,4.581860346427259,-0.0004258600854349655,0.9461802394948051,3.194795891171954,-0.39916209464367564
Harq_ST1,20251020_1923,Har,ON,cluster,3,21968365.371235818,2746.045671404477,248887.0446571149,9827.068366198106,16326659.741633212,8163.329870816606,248887.0446571149,18172.789750427823,2906334.989001798,1453.167494500899,21791.19894538098,3560.3031545599106,223937.78045100463,111.9688902255023,2202.694904722506,221.1483079987426,2511432.860149802,1255.7164300749012,11355.533885979094,1769.8006785367966,0.7431895576086172,0.1322963697975997,0.0101936478507507,0.1143204247430323,16.90511408434699,16.608309957914845,14.88240373549362,12.319127991925486,14.736364407025471,0.1780116101513664,0.0137160805697411,0.1538240460628611,0.8641236711021768,0.0770516066793252,0.1422228144348039,0.1638279409969272,0.143081683378263,0.1329762011647154,1422.6992315958073,2024.8779231207384,10.10460347868724,145.61772334570944,0.810905925110969,0.1031341761724271,0.04242,90.63470693472168,-0.0004614678009907,0.72795,9.52022620184936,1.2985960645140933,-0.6239818502964578,4.289181965989359,OFF,0,0.3828,OFF,0,0.4032,ON,1,0.5056,ON,1,0.614,ON,1,0.6753,OFF,0,-0.3634,ON,1,0.7891,ON,1,0.9993,ON,1,0.5409,ON,1,0.9242,ON,1,0.6689,ON,1,0.2608,OFF,0,0.0013,OFF,0,0.0004,ON,1,0.5019,OFF,0,0.3412,ON,1,0.6633,OFF,0,-1.1356,1.7259065052476128,4.289186370255962,1.8719458878188533,2.563279865008349,0.1460393825712405,-2.4172404824371085,0.2968041421616583,2.022710647409271,4.58599051241762,2.1687500299805116,1.9717596908306074,0.24585318558299463,-2.3174266794253544,0.09981380301175413,-0.6239819626062845,4.289186370255962,-0.0004648097414997726,1.2204001935545628,2.7975076260079974,-0.11525505207535355
Harq_ST1,20251118_1033,Har,OFF,cluster,3,5698380.259518933,712.2975324398666,39620.04721164704,2383.947136278931,4907250.089118131,2453.625044559066,39620.04721164704,4252.061225613906,27850.856456409863,13.925428228204932,311.261168606874,30.688045369097768,10012.983776750065,5.006491888375033,76.3897131325948,6.759419783914716,753266.3301676405,376.6331650838202,4015.446863308549,720.366155559265,0.8611657814377608,0.0048875040253563,0.0017571631447416,0.1321895513921411,15.555692702914026,15.406224483340695,10.23465490225086,9.211737772831665,13.53217546392024,0.0056754508025102,0.0020404470110361,0.1535007013067993,27.04643325132754,0.3595215749311745,0.1546633640044774,0.0056594061102204,0.1428014066131071,0.1438088417547298,1467.62451651628,1980.9614649046807,6.471149653949726,55.257597638030056,0.7862526663954185,0.0427089785700043,0.14826,55.62288988413176,-0.0003682772732337,0.209415,7.458075481229909,1.626912753714548,-0.6246830064734853,6.194486710509031,OFF,1,0.0256,OFF,1,0.0004,ON,0,0.5263,OFF,1,0.4353,ON,0,0.6752,OFF,1,-1.1638,OFF,1,0.0455,OFF,1,0.0172,OFF,1,0.3568,OFF,1,0.2236,ON,0,0.6705,OFF,1,-0.6533,OFF,1,0.0032,OFF,1,0.0007,ON,0,0.526,OFF,1,0.4181,ON,0,0.6632,OFF,1,-1.398,5.171605282203691,6.194586372072807,1.8740501431911802,1.0229810898691163,-3.297555139012511,-4.320536228881627,0.14946824786497892,5.32107353006867,6.344054619937786,2.023518391056159,3.310060449366919,-1.8615448328367723,-2.8845259227058886,1.4360103061757385,-0.6246833810637268,6.194586372072807,-0.0003835131616061442,3.656877164666399,2.946559577645394,-1.6581618736592791
Millenium_GT1_step,GT1 EMI Gen 20250429_1019,Mil,ON,manual,3,34115009.06222686,4264.909246434162,107873.83752538264,9699.762082259414,30002431.35114327,15001.215675571637,65252.63509266917,13365.603639055023,4092357.482894914,2046.1787414474568,107873.83752538264,6417.196216958017,5163.803348956648,2.5831932711138808,131.482356507855,6.067550866831872,15056.424839719411,7.528212419859707,97.50087769955373,4.082013449104571,0.8794496081304825,0.1199576841803068,0.0001513645603768,0.0004413431288338,17.345248023181842,17.2167890147112,15.224632008007037,8.54962230705479,9.619626493354325,0.1364008614834755,0.0001721128294077,0.000501840156336,0.0036791567947443,0.001261816293063,0.0005930591999586,0.1278661290788084,0.0005017142766773,0.0005928834098505,1049.082338906247,757.2412757111936,3.690057091592095,17.29361565524186,0.8359352481857335,0.0170772486807851,0.9696,25.29334888323171,-0.0012916571398015,0.28758,5.029249335950132,1.4815401095304306,-2.5323875071189583,8.66716670765641,ON,1,0.6933,ON,1,0.7677,OFF,0,0.4874,ON,1,0.6208,ON,1,0.6754,ON,1,0.194,ON,1,0.5529,OFF,0,0.4007,OFF,0,0.4316,OFF,0,0.5062,ON,1,0.6702,ON,1,0.2636,ON,1,0.8325,ON,1,0.9426,OFF,0,0.4914,ON,1,0.6886,ON,1,0.6633,ON,1,0.3946,1.99215721773143,8.667360311286167,7.597228902650139,6.675203093554737,5.605071684918709,-1.070131408636028,0.12845901248866198,2.120616230220092,8.795819323774829,7.725687915138801,4.564186607916934,2.572029390185504,-4.103173703369233,-3.033042294733205,-2.532409634216713,8.667360311286167,-0.001342115832358762,1.4086678778476196,6.263575281359723,3.502255570655471
Millenium_GT1_step,GT1 EMI Gen 20250429_1526,Mil,ON,cluster,3,90519158.05085212,11316.309295018393,280957.5188133158,31379.797795550647,84671842.22589572,42335.92111294786,280957.5188133158,51044.5045202794,5821507.693485149,2910.7538467425748,70276.73498869315,6640.895569004526,10832.452856840497,5.418935896368432,161.72800765182274,12.161789403782416,14975.678614412132,7.487839307206066,93.03664884341651,3.787793211427257,0.9354024501457306,0.0643124374866006,0.0001196702785365,0.0001654420891321,18.321072088483763,18.25429367490904,15.57707001179918,9.29039411252798,9.614249511153098,0.068753762058866,0.000127934536111,0.0001768672822124,0.0025724742460048,0.0018607641571892,0.0002851936799139,0.0664932613177168,0.0001768516430386,0.0002851530199269,857.5325367303628,724.7857643138534,4.174159621307921,19.036599784095067,0.8054641963824446,0.0097033855675634,0.276645,24.82766346241481,-0.0014286841101039,0.276915,4.982736543543955,1.6733705704654158,-2.8800147212519795,8.963899562381057,ON,1,0.6869,ON,1,0.8758,OFF,0,0.4977,ON,1,0.6407,ON,1,0.6753,ON,1,0.2347,ON,1,0.5691,OFF,0,0.4729,OFF,0,0.4573,OFF,0,0.5179,ON,1,0.6701,ON,1,0.2773,ON,1,0.8298,ON,1,0.9492,OFF,0,0.4984,ON,1,0.6902,ON,1,0.6633,ON,1,0.275,2.6772238230763428,8.96399186150516,8.640110924653547,6.286768038428818,5.962887101577204,-0.323880936851614,0.06677841433764442,2.744002237413987,9.030770275842805,8.706889338991191,5.070331652308761,2.3931078292324184,-3.8936602091963994,-3.5697792723447854,-2.8800369748845154,8.96399186150516,-0.0014784744312878872,1.893083120051456,6.226096657422882,4.122026047671616
Millenium_GT1_step,GT1 EMI Gen 20250503_2347,Mil,ON,cluster,3,180564587.41623637,22573.39510141722,336924.200634066,46788.41567122228,173328963.86723435,86664.48193361718,336924.200634066,56725.51903731881,7177249.286771901,3588.6246433859505,103552.9145052433,7218.546957489961,9690.942468160709,4.8478951816711895,95.37033738919126,8.723761665766888,48683.31976192075,24.34165988096037,711.7791620885,58.264488000579846,0.95992778178413,0.0397489307813549,5.367022740633637e-05,0.0002696172071088,19.01159910229199,18.97070187786501,15.786426899257105,9.179050145905665,10.793112281083976,0.0414082512618574,5.591069289252586e-05,0.0002808723866786,0.0067830052735719,0.0013502307194513,0.0003233919830797,0.0405738849550055,0.0002808329494141,0.0003233397031633,845.8500399143012,640.66048474561,2.5116638094485206,6.364017341768603,0.8378441923994221,0.008051024321853,0.030945,14.92572114741001,-0.0015401004610981,0.25896,3.863382086642507,1.545898670832336,-2.725863198927012,9.791651731959346,ON,1,0.7623,ON,1,0.9441,ON,1,0.5019,ON,1,0.6511,ON,1,0.6753,ON,1,0.3041,ON,1,0.6558,ON,1,0.5945,OFF,0,0.4782,OFF,0,0.5578,ON,1,0.67,ON,1,0.3784,ON,1,0.9059,ON,1,0.9707,ON,1,0.501,ON,1,0.7106,ON,1,0.6633,ON,1,0.4003,3.184275112167665,9.791754910004359,8.177610131717067,6.607479797836694,4.993335019549402,-1.614144778287292,0.04089722465817047,3.2251723368258354,9.83265213466253,8.218507356375238,5.288410038472271,2.1041349263046065,-4.503344871532088,-2.8892000932447957,-2.725870043905689,9.791754910004359,-0.0015793621026395544,2.2516225249773103,6.694959534391759,3.336160903155148
Millenium_GT1_step,GT1 EMI Gen 20250506_1006,Mil,ON,cluster,3,213866889.6886845,26736.703298997934,880346.048160553,69214.16506261821,206790318.59561187,103395.15929780592,880346.048160553,105753.93097834272,7051371.438865335,3525.685719432667,205237.45173075143,11496.58592851567,10339.070990450442,5.172121556003223,113.88816288238104,11.910144747430104,14860.583216860465,7.430291608430231,89.72301390141729,3.655093262496964,0.9669113292694644,0.0329708420463292,4.8343486013662605e-05,6.948519819263413e-05,19.18086437333242,19.14721588903681,15.76873282802176,9.243782013653014,9.606534854780952,0.0340991371682858,4.9997848355120185e-05,7.186305102571535e-05,0.0021074741765765,0.0014662496622235,0.0001178425694411,0.0335306488290668,7.186046900036473e-05,0.000117835626551,890.8461562847094,680.4597559998789,4.334628711955237,24.450410496494523,0.813734703564731,0.0058248643690056,0.060915,32.9264995132569,-0.0015948778648314,0.2757,5.738161684129923,1.6801422243834625,-3.1802270114186197,9.903433875383795,ON,1,0.7517,ON,1,0.8399,ON,1,0.5018,ON,1,0.6239,ON,1,0.6753,ON,1,0.2324,ON,1,0.6217,ON,1,0.5547,OFF,0,0.4846,OFF,0,0.5407,ON,1,0.6699,ON,1,0.3307,ON,1,0.7351,ON,1,0.8568,ON,1,0.5006,ON,1,0.6604,ON,1,0.6633,ON,1,0.1899,3.3784831979956085,9.903530586359654,9.54074831926599,6.525047388364046,6.162265121270382,-0.3627822670936638,0.033648484455614636,3.412131682451223,9.937179070815269,9.574396803721605,5.705690525905315,2.327207327909706,-4.1978400604543396,-3.8350577933606758,-3.1802494397553303,9.903530586359654,-0.001645379920966276,2.388948379427508,6.706938872933224,4.428343298709118
Millenium_GT1_step,GT1 EMI Gen 20250506_1310,Mil,ON,cluster,3,292678709.2465041,36589.41233235456,2605310.061711445,144756.9743948045,286601070.081542,143300.535040771,2605310.061711445,261894.8509839779,6052567.626560351,3026.2838132801758,58029.71204146766,5404.192771695002,10252.071059189017,5.128599829509263,129.97864812985063,11.73916693367804,14819.467342637448,7.409733671318723,88.663846655626,3.555155440224636,0.9792344336196886,0.0206799040563714,3.502841421428563e-05,5.063390972575316e-05,19.49458601326855,19.47360181055144,15.615993306277836,9.23533255522142,9.603764432943796,0.0211184404330321,3.577122393950631e-05,5.17076483295092e-05,0.0024484596054082,0.0016938383330404,8.566966260242816e-05,0.0208985367963984,5.170631153514278e-05,8.566599316645436e-05,970.2366520088254,531.7576201805656,9.676068496421683,117.3816786234402,0.7746827230467386,0.0043812581781106,0.20631,71.20393293137606,-0.0016154947414041,0.209955,8.43824228920347,1.8485670528801423,-3.2899457925358817,10.23826925533002,ON,1,0.5887,OFF,0,0.0619,ON,1,0.5007,OFF,0,0.5136,ON,1,0.6753,OFF,0,-0.1085,ON,1,0.5643,OFF,0,0.4864,OFF,0,0.4965,OFF,0,0.5131,ON,1,0.6699,ON,1,0.2526,OFF,0,0.3842,OFF,0,0.3949,OFF,0,0.4991,OFF,0,0.5913,ON,1,0.6633,OFF,0,-0.1103,3.857608666003557,10.238366788350952,9.869904850650451,6.380758122347395,6.012296184646894,-0.3684619377005003,0.020984202789563255,3.8785928687931204,10.259350991140515,9.890889053440015,5.991470076251241,2.1338614102476843,-4.24689671209971,-3.87843477439921,-3.2899682835501505,10.238366788350952,-0.0016655301795857036,2.727741246895107,6.784729333798,4.4784307220675785
Millenium_GT1,GT1 Gen 4/13/2025  8:10:02 AM,Mil,ON,manual,4,23562703.36492064,2945.706133881815,223697.24453510344,8740.762582605843,19211763.34976913,9605.881674884567,58260.100656906376,12668.222441122043,4330326.126822324,2165.1630634111616,223697.24453510344,9100.826539006512,5372.859773520555,2.687773773647101,154.61166098539616,6.140684247507684,15241.02855566151,7.620514277830756,98.71060047564332,4.60622727734482,0.8153463145646931,0.183778833003906,0.0002280239109371,0.0006468285204639,16.975175696447174,16.771033375908218,15.281153646044702,8.589301695333052,9.631811927709514,0.2253997224504712,0.0002796651028696,0.0007933175252152,0.0035196029373524,0.0012407517623763,0.000875618468347,0.2032670948123058,0.0007930030151939,0.0008752353381302,994.7989246028014,825.6241428941156,6.968211297680404,91.29649389100088,0.8079202289582629,0.0201826454772306,0.97095,75.94010887987336,-0.0011883530845852,0.49035,8.714362218751072,1.5806262991176545,-2.379740482732901,8.181731680575165,ON,1,0.7455,ON,1,0.6412,OFF,0,0.4813,ON,1,0.6465,OFF,0,0.7256,ON,1,0.1927,ON,1,0.6831,ON,1,0.6738,OFF,0,0.4322,ON,1,0.75,OFF,0,0.7331,ON,1,0.3287,ON,1,0.8254,ON,1,0.9188,ON,1,0.6,ON,1,0.6724,ON,1,0.8017,ON,1,0.5167,1.4898799087415373,8.18191773182686,7.139287006364546,6.6920378230853235,5.649407097623008,-1.042630725462315,0.20414233015044303,1.6940222388919803,8.386060061977304,7.343429336514989,4.202771161733235,2.7128912529916978,-3.9791465700936257,-2.9365158446313107,-2.3797623354548487,8.18191773182686,-0.0012389876319655825,1.0535041866247357,6.0722669277283785,3.3907964267549766
Millenium_GT1,GT1 Gen 4/13/2025  4:22:04 PM,Mil,ON,cluster,4,114894366.45309728,14363.591255544105,214542.8297806121,31463.028718515998,110216065.74815738,55108.03287407869,214542.8297806121,41482.47754095687,4657890.063669227,2328.945031834613,55694.465952946106,4607.197303514609,4642.221852009636,2.322272062035836,133.11191251070795,5.3373715742161965,15768.41941867094,7.88420970933547,105.37391292022312,4.895244428796934,0.9592817224258796,0.0405406305588594,4.040425997652988e-05,0.0001372427552843,18.55952372032147,18.51795324031862,15.35407334222062,8.443163768917948,9.66582786372268,0.0422614437564158,4.211928470225951e-05,0.0001430682479149,0.0033853137800865,0.0009966361997714,0.0001776785793301,0.04139281757593,0.0001430580146292,0.0001776627963608,795.5107963440489,587.2717764623912,2.623118131652366,6.360555098386131,0.8305416111717351,0.0078308174154249,0.03027,14.93657303133022,-0.0015103427020728,0.210495,3.864786285333951,1.583096316282145,-2.9507084588653125,10.07478947140067,ON,1,0.9694,ON,1,0.9955,ON,1,0.5024,ON,1,0.6854,OFF,0,0.7256,ON,1,0.6041,ON,1,0.8534,ON,1,0.9457,OFF,0,0.4765,ON,1,0.8755,OFF,0,0.7331,ON,1,0.5929,ON,1,0.9675,ON,1,0.9942,ON,1,0.7634,ON,1,0.7625,ON,1,0.8005,ON,1,0.7272,3.163880103714371,10.075004853220177,8.852188783409106,6.911124749505806,5.688308679694735,-1.2228160698110706,0.04157048037228961,3.2054505840866607,10.116575333592467,8.893759263781396,5.522768435085913,2.358888331371542,-4.552236418134264,-3.3294203483231932,-2.9507295944697023,10.075004853220177,-0.0015648882962785412,2.2372010761976293,6.9345583719105,3.844483468699627
Millenium_ST1,ST1 GEN 4/13/2025  8:53:48 AM,Mil,ON,manual,0,11631120.679620264,1454.0718439330246,97711.8189684758,5727.331713364933,7988991.494613852,3994.495747306926,97711.8189684758,10373.146934787026,3628192.1391091775,1814.096069554589,43519.05546898488,3577.7079015710947,764.8136241250097,0.3825981111180639,1.7684625477437663,0.096346292988953,13172.232273108548,6.586116136554274,7.332828547205509,0.2919121476322452,0.6868634342872865,0.3119383109373457,6.575579818934349e-05,0.0011324989771784,16.269194966930993,15.893575213998703,15.104245324497322,6.640938829594017,9.4859421915885,0.4541489550408004,9.573343827447413e-05,0.0016487978841869,0.0036305222458089,0.0002107974425832,0.0011996923124099,0.3744208188716242,0.0016474401092149,0.0011989732566274,1544.2852731641103,674.6938332202544,9.274143488452516,105.58592296013954,0.78395888886159,0.0195770795946496,0.207525,67.1987559460437,-0.001048958298789,0.69015,8.197484732873608,1.6308708493304864,-2.135877674136735,9.252636384404688,OFF,0,0.4125,ON,1,0.9872,OFF,0,0.4959,ON,1,0.7049,ON,1,0.7065,OFF,0,-0.0473,OFF,0,0.4753,OFF,0,0.2647,OFF,0,0.4184,OFF,0,0.5843,ON,1,0.684,ON,1,0.1532,ON,1,0.8029,ON,1,0.9933,OFF,0,0.4983,ON,1,0.7809,ON,1,0.7517,ON,1,0.5197,0.7893300399484691,9.253942913276827,6.40770881163292,8.464612873328358,5.618378771684451,-2.8462341016439066,0.3756197921282922,1.1649498320767613,9.62956270540512,6.783328603761213,4.112745441214555,3.323415401266086,-5.141197472062272,-2.2949633704183654,-2.1359029372109735,9.253942913276827,-0.0011296577248644689,0.558140623841811,7.233570109370153,2.6499954393827485
Millenium_ST1,ST1 GEN 4/13/2025  4:03:30 PM,Mil,ON,cluster,0,11982384.974688075,1497.9853700072606,138154.6829701066,6339.910474977373,8519333.773612814,4259.666886806407,138154.6829701066,11714.956903230694,3449221.810229673,1724.6109051148364,35137.27253547148,3372.414239628096,753.7208586815319,0.3770489538176748,1.2670032257779127,0.0712353950130381,13075.669986909235,6.537834993454618,7.375142552900854,0.2935757347384148,0.7109881539951597,0.2878577025789027,6.290240718135103e-05,0.0010912410187563,16.298948293983837,15.957848817542777,15.05365949123271,6.626347957283783,9.478585004441335,0.404869899676034,8.847180762138531e-05,0.0015348230664946,0.0037909043564915,0.0002185191037717,0.0011554770121349,0.3399447004028912,0.0015336464293712,0.0011548099623631,1511.727466694579,651.5549513889188,9.749272174572813,118.03310563171318,0.772972262795084,0.0177460948678521,0.203475,92.22699082129738,-0.0010431359790684,0.6402,9.603488471426774,1.6882504694930542,-2.159754604367147,9.331500860258997,OFF,0,0.3785,ON,1,0.9303,OFF,0,0.4958,ON,1,0.7042,ON,1,0.7065,OFF,0,-0.0697,OFF,0,0.4443,OFF,0,0.2345,OFF,0,0.4137,OFF,0,0.5624,ON,1,0.684,ON,1,0.1122,ON,1,0.7437,ON,1,0.9428,OFF,0,0.4982,ON,1,0.7168,ON,1,0.7517,ON,1,0.4482,0.9041894988504318,9.332826614650951,6.479340170713778,8.42863711580052,5.575150671863346,-2.8534864439371725,0.3410995103652894,1.2452890092157212,9.67392612501624,6.820439681079067,4.17908907105379,3.274899572203358,-5.153737543597161,-2.300251099659988,-2.159780056904593,9.332826614650951,-0.0011237965537372894,0.6393585261148064,7.251087204092719,2.656101183184852
Mosaic_Riverview,20251005_1001,Mos,ON,manual,0,19088415040.11666,2386350.173786306,22514654.29840088,4023881.313273928,18179747029.341854,9089873.514670927,22514654.29840088,1921282.9820288308,907540440.0742,453770.2200371,6748551.140671015,1005569.53829293,752472.8598120107,376.4246422271189,8609.63172361278,1221.5034427615071,375097.840792778,187.548920396389,10126.685021757672,877.6012031651192,0.9523968852906264,0.0475440437651262,3.942039494796168e-05,1.96505492993768e-05,23.672347445627857,23.623574010876265,20.62624868627753,13.53112153721045,12.83494484567005,0.0499204108071164,4.139072224698892e-05,2.063273158792448e-05,0.0004133125359814,0.0008291342474507,5.9074433829925696e-05,0.0487143620652074,2.0632518736045897e-05,5.907268900427559e-05,1012.3296400774376,623.6496164603846,1.3636750818294583,0.5469202006066012,0.8581587187263349,0.0013259955538263,0.03918,9.43476550328654,-0.0022615756977722,0.26463,3.0716063392442265,1.4859574225371976,-3.596209721735405,10.788629165206215,ON,1,1.0,ON,1,1.0,ON,1,0.63,ON,1,0.765,ON,1,0.7063,ON,1,1.217,ON,1,1.0,ON,1,1.0,ON,1,1.0,ON,1,1.0,ON,1,0.6737,ON,1,3.1458,ON,1,0.9891,ON,1,0.9987,ON,1,0.5011,ON,1,0.8618,ON,1,0.7517,ON,1,0.8251,2.9973253256456047,10.092453802561511,10.788631831118746,7.095128476915907,7.791306505473141,0.6961780285572345,0.04877343475421014,3.046098760399815,10.141227237315722,10.837405265872956,5.9696027398314655,2.9722774141858608,-4.122851062730046,-4.81902909128728,-3.5962106103729155,10.788631831118746,-0.002243216234988509,2.119429063186184,7.016801082803641,5.564535486174699
Mosaic_Riverview,20251005_1002,Mos,ON,cluster,0,23658464604.850136,2957677.785329433,51164046.86551118,6740395.063457763,22749796594.075333,11374898.297037669,51164046.86551118,9278504.85618928,907540440.0742,453770.2200371,6748551.140671015,1005569.53829293,752472.8598120107,376.4246422271189,8609.63172361278,1221.5034427615071,375097.840792778,187.548920396389,10126.685021757672,877.6012031651192,0.9615922661951392,0.0383600734549844,3.180565063625257e-05,1.5854699240113857e-05,23.886986799301766,23.84782204142759,20.62624868627753,13.53112153721045,12.83494484567005,0.0398922441491432,3.307602583171997e-05,1.648796459527307e-05,0.0004133125359814,0.0008291342474507,4.766262149358283e-05,0.0391170963901953,1.6487828670278908e-05,4.766148566692985e-05,830.0070640411468,664.6155337854515,3.609619827917904,15.628752488915794,0.8308338976168737,0.0010644941527038,0.05889,17.29872236904684,-0.0022610812520587,0.25491,4.159173279516595,1.6212098157827313,-3.670959065252514,11.01287719575754,ON,1,1.0,ON,1,1.0,ON,1,0.6583,ON,1,0.7758,ON,1,0.7062,ON,1,3.3272,ON,1,1.0,ON,1,1.0,ON,1,1.0,ON,1,1.0,ON,1,0.6718,ON,1,3.5641,ON,1,0.9817,ON,1,0.9992,ON,1,0.5007,ON,1,0.8656,ON,1,0.7517,ON,1,0.666,3.22157335620798,10.316701833123886,11.012879861681121,7.095128476915907,7.791306505473141,0.6961780285572345,0.03916475787586293,3.2607381140838427,10.35586659099975,11.052044619556984,6.137788762753246,2.916215406545266,-4.1789130703706405,-4.875091098927875,-3.670959953893707,11.012879861681121,-0.0022348674805381446,2.2779963662645675,7.108349957920621,5.629270316579915
Mosaic_Riverview,20251005_1101,Mos,ON,manual,0,18633207686.310665,2329442.141056465,12660726.083511353,3865456.671610689,17754334192.27565,8877167.096137825,12660726.083511353,1200242.748161044,877175896.0633827,438587.94803169137,6779820.464277327,1012422.1956214878,1300764.838995897,650.7077733846409,8656.969898538722,1506.8949346953982,396833.1326365637,198.41656631828187,9504.823318608163,846.6091325441396,0.9528329470249666,0.047075946923933,6.98089594070019e-05,2.129709169334847e-05,23.64821118533848,23.59989550296363,20.592218097002576,14.078463755896324,12.891273670442772,0.0494062963197467,7.326463639294447e-05,2.2351338458482625e-05,0.0004523985832459,0.0014829008011204,9.111435216917508e-05,0.0482245721759995,2.2351088671039227e-05,9.111020150871072e-05,1033.8376445982583,614.7976380330148,1.1920938879484917,-0.4360684657964011,0.8590571482007351,0.001734143508012,0.127605,5.435089311885364,-0.0022076375718465,0.265845,2.3313278001783986,1.480303219735334,-3.5695406108402854,10.708621832520857,ON,1,1.0,ON,1,1.0,ON,1,0.6265,ON,1,0.7668,ON,1,0.7063,ON,1,1.4072,ON,1,1.0,ON,1,1.0,ON,1,1.0,ON,1,1.0,ON,1,0.6725,ON,1,3.0982,ON,1,0.9873,ON,1,0.9989,ON,1,0.5008,ON,1,0.8652,ON,1,0.7517,ON,1,0.8178,3.007677407044749,9.521432515789154,10.708624352412233,6.513755108744405,7.700946945367484,1.1871918366230787,0.048315682377506164,3.0559930894222553,9.56974819816666,10.75694003478974,5.8094335688115315,2.8017561617667823,-3.711998946977623,-4.899190783600702,-3.5695414508040777,10.708624352412233,-0.002192478388795787,2.1267490901429142,6.54633793498312,5.657098235446394
NC2,20250225_1344,NC2,ON,cluster,4,808191631.4167024,404095.8157083512,3192111.766834318,737041.5833237754,714557469.8105053,1429114.9396210106,3192111.766834318,828237.2877013008,93419119.1733828,186838.2383467656,1375813.5925079733,250673.70974876077,185291.07017851103,370.58214035702207,13728.829925386468,1547.6400335073922,29751.362635904214,59.50272527180843,664.8852994898334,88.14641741558559,0.884143614006417,0.1155903074740154,0.0002292662568823,3.6812262685462594e-05,20.51030975719784,20.38717398710368,18.35260659502539,12.129688616854292,10.30066382415338,0.1307370269296277,0.0002593088421952,4.163606692656084e-05,0.000318471881336,0.001983438420508,0.0002661493361891,0.1228696563315592,4.16352001695851e-05,0.0002661139247375,322.657204000313,173.6589952584765,1.9445095295585029,2.642585409498164,0.8334415927241329,0.0076248505550598,0.25572,7.899393269486775,-0.0076069855055956,0.28272,2.8105859299235614,1.3572955445710866,-3.3621700543167665,10.0865101629503,ON,1,1.0,ON,1,1.0,ON,1,0.5738,ON,1,0.9079,OFF,0,0.7254,ON,1,2.1627,ON,1,0.9974,ON,1,1.0,ON,1,0.7189,ON,1,1.0,OFF,0,0.7323,ON,1,1.3407,ON,1,1.0,ON,1,1.0,ON,1,0.9934,ON,1,0.997,ON,1,0.8046,ON,1,2.2801,2.0345674013832706,8.257490765749514,10.086543772891817,6.222923364366244,8.051976371508546,1.8290530071423028,0.1231357702562974,2.157703171639568,8.380626536005812,10.209679543148114,5.0946504850061505,3.06008308362288,-3.1628402807433638,-4.9918932878856666,-3.362181257630606,10.086543772891817,-0.00764766280439956,1.438656406299203,5.911604313828525,5.76414186705335
NC2,20250226_0205,NC2,ON,cluster,4,1055106085.4031986,527553.0427015993,8492569.893107474,1015489.411012358,984559918.7542592,1969119.8375085187,8492569.893107474,1144454.4875263209,70380079.84777856,140760.15969555711,781630.6083853394,176352.85559379376,134354.10515256313,268.7082103051263,11346.262630527432,991.8269643473026,31732.69600804238,63.46539201608476,621.805849313736,79.32696939023688,0.93313831886205,0.0667042687189918,0.0001273370583406,3.0075360617331704e-05,20.776907154651457,20.707705317324187,18.069420838589345,11.808241612224288,10.365134360870904,0.0714837954573945,0.0001364610752411,3.2230334999004416e-05,0.0004508761012586,0.0019089791521002,0.0001574372015287,0.0690444125855878,3.22298156129173e-05,0.0001574248095931,216.26382235739297,174.08975210320193,2.594757180155741,8.445628765555153,0.825740495312325,0.0057120039162593,0.05646,16.098039828596228,-0.0077681507703048,0.24276,4.012236262808036,1.4292855419943726,-3.4475236521510944,10.342570956453285,ON,1,1.0,ON,1,1.0,ON,1,0.5754,ON,1,0.899,OFF,0,0.7254,ON,1,2.2988,ON,1,0.997,ON,1,1.0,ON,1,0.7308,ON,1,1.0,OFF,0,0.7322,ON,1,1.3004,ON,1,1.0,ON,1,1.0,ON,1,0.9939,ON,1,0.9971,ON,1,0.8029,ON,1,2.2304,2.6382844919277275,8.899471147074346,10.342602468179015,6.261186655146618,7.7043179762512874,1.4431313211046692,0.06920183739518038,2.707486329322908,8.968672984469526,10.411804305574195,5.470089526795272,2.8318050348675445,-3.4293816202790737,-4.872512941383743,-3.4475341560596715,10.342602468179015,-0.007809766212187804,1.8655488549414014,6.189312630064335,5.62629331667568
NC2,20250225_1029,NC2,ON,cluster,4,835734538.5184531,417867.26925922657,3343181.4594272524,772232.4992995695,732939264.0812374,1465878.528162475,3343181.4594272524,894463.235932926,102643271.64934054,205286.5432986811,1843671.6915518197,304658.2427784348,121023.99760267336,242.04799520534672,9481.04669541493,854.6607124534021,30978.790272531925,61.95758054506385,606.8620920708781,91.56327869532096,0.8770000883062152,0.1228180324236703,0.0001448115304857,3.706773962872172e-05,20.54382158416242,20.412573398411517,18.446770162499718,11.703752394999372,10.341090344178156,0.1400433524024763,0.0001651214548512,4.226651755567329e-05,0.0003018102382625,0.0011790738511933,0.000181912356201,0.1310662901065667,4.226562435158848e-05,0.0001818958121547,326.1226374697212,170.87063938305786,2.0245257855580108,3.0882464843142063,0.8308331919774529,0.0065112656184927,0.21414,8.000582255111462,-0.0076163493264609,0.28488,2.8285300520074004,1.3893839889298294,-3.357161018077786,10.071483054233358,ON,1,1.0,ON,1,1.0,ON,1,0.5702,ON,1,0.9039,OFF,0,0.7255,ON,1,2.1283,ON,1,0.9964,ON,1,1.0,ON,1,0.6964,ON,1,0.9967,OFF,0,0.7324,ON,1,1.3402,ON,1,1.0,ON,1,1.0,ON,1,0.9933,ON,1,0.997,ON,1,0.8042,ON,1,2.2794,1.965803244289912,8.708829264837702,10.071515332498095,6.74302602054779,8.105712088208183,1.362686067660393,0.13124818591872156,2.0970514302086336,8.840077450756423,10.202763518416816,5.186536960406425,3.220733716116513,-3.522292304431277,-4.88497837209167,-3.357171777499365,10.071515332498095,-0.007659835449160695,1.3900328045159123,6.308193504753635,5.6406871562252485
NC2,20250225_2304,NC2,ON,manual,4,660214612.9425538,330107.30647127685,3387080.786880493,590410.1248289197,589356291.1499326,1178712.582299865,3387080.786880493,627433.4605925757,70693436.20120308,141386.87240240615,880227.3942962289,164901.20855397684,133180.05960306906,266.3601192061381,11340.816741448129,979.7998342624348,31705.53181478391,63.41106362956782,713.1098552050535,82.18885314688951,0.8926738057541501,0.107076448802193,0.0002017223748039,4.802306885252577e-05,20.30807551276781,20.194541469002925,18.07386330054976,11.79946483180558,10.364277989579348,0.1199502529501606,0.0002259754610292,5.379688363540002e-05,0.0004484932904455,0.001883909833213,0.0002498078320243,0.1132842673117535,5.3795436634951423e-05,0.0002497766352432,283.9503453527028,184.69302320600383,1.8842642511105097,2.497154877780681,0.8353569065080869,0.0079666985832604,0.06402,10.26054473948824,-0.0074330310359747,0.273,3.2032085070261456,1.3651667558637783,-3.2767544931411923,9.830263479423577,ON,1,1.0,ON,1,1.0,ON,1,0.5602,ON,1,0.8867,OFF,0,0.7255,ON,1,2.1324,ON,1,0.9952,ON,1,1.0,ON,1,0.6752,ON,1,0.9958,OFF,0,0.7324,ON,1,1.279,ON,1,1.0,ON,1,1.0,ON,1,0.9928,ON,1,0.9965,ON,1,0.8031,ON,1,2.2231,2.120678180901983,8.395084144103956,9.830295017466812,6.274405963201973,7.7096168365648285,1.4352108733628555,0.11353404394699851,2.2342122248489815,8.508618188050955,9.94382906141381,5.0865143356181886,2.9658361547162055,-3.3085698084857675,-4.743780681848623,-3.2767650058222704,9.830295017466812,-0.007477042528007034,1.4995459224301442,5.988794258284196,5.4776461072836975
NC2,20250226_0105,NC2,ON,cluster,4,1084533522.688032,542266.761344016,9951278.429234564,1034904.7236564816,963756653.185812,1927513.306371624,9951278.429234564,1213079.873983569,120561164.7780063,241122.3295560126,3021410.7884020954,464016.93901787605,177586.16495101518,355.1723299020304,11463.566596278048,1393.9021139878694,38118.55926250618,76.23711852501236,659.9360462223558,103.38192445339207,0.8886370342865265,0.1111640740059318,0.0001637442838197,3.514742372188624e-05,20.80441579940677,20.68634938729093,18.60766778192725,12.087216837508686,10.548482795857286,0.1250950272348076,0.0001842645281503,3.955205822600625e-05,0.0003161761030817,0.0014729964269838,0.0001989312733222,0.1178675007422699,3.95512760639753e-05,0.0001989114891202,240.37324511089483,203.4402853742788,2.7237283606622427,10.85949625965213,0.8288506611891377,0.0064506946558502,0.08238,18.351260188933903,-0.0077656925586532,0.26652,4.283837087113482,1.3949027315753983,-3.3792888638112166,10.13786659143365,ON,1,1.0,ON,1,1.0,ON,1,0.597,ON,1,0.9137,OFF,0,0.7254,ON,1,2.4472,ON,1,0.9982,ON,1,1.0,ON,1,0.7513,ON,1,1.0,OFF,0,0.7321,ON,1,1.3858,ON,1,1.0,ON,1,1.0,ON,1,0.9937,ON,1,0.9972,ON,1,0.8027,ON,1,2.2845,2.0786816126206205,8.599138179798079,10.137892823992027,6.520456567177458,8.059211211371407,1.5387546441939488,0.11806641223138925,2.1967480248520097,8.717204592029468,10.255959236223417,5.203928154102682,3.1252465414820616,-3.3952100256953965,-4.933964669889345,-3.3792976079973425,10.137892823992027,-0.0078067482308436355,1.469849864211829,6.172548707959167,5.697251660665433
NC2,20250225_1237,NC2,ON,cluster,4,845346566.1675973,422673.28308379865,3416540.231049076,780864.0258721834,742052086.7760329,1484104.173552066,3416540.231049076,911409.1511833176,103084713.46155378,206169.4269231076,1892392.8386006504,279043.6656262924,180435.4105219188,360.8708210438376,12885.235921294428,1464.552520274709,29330.519488735605,58.66103897747121,597.8760358153522,84.93725035800796,0.8778081280203777,0.1219437300477735,0.0002134454882095,3.4696443639330494e-05,20.555257239897458,20.424929997826883,18.451061678650916,12.103133698406705,10.286417967269047,0.1389184334881694,0.0002431573385984,3.952622735173056e-05,0.0002845283117527,0.0017503604992723,0.0002482035215502,0.1300790695110886,3.9525446210989854e-05,0.000248172724152,327.0810439460033,174.93618230359624,2.051664892512624,3.208510660797309,0.8327401687116105,0.007507501586955,0.21252,8.083170542794198,-0.0076445332697591,0.28434,2.8430917225428574,1.3570127631500588,-3.3795040101859453,10.138512030557836,ON,1,1.0,ON,1,1.0,ON,1,0.5777,ON,1,0.9107,OFF,0,0.7254,ON,1,2.1561,ON,1,0.9975,ON,1,1.0,ON,1,0.722,ON,1,1.0,OFF,0,0.7323,ON,1,1.3578,ON,1,1.0,ON,1,1.0,ON,1,0.9935,ON,1,0.9971,ON,1,0.8042,ON,1,2.2981,1.9738683275291145,8.321801840206595,10.13854612280865,6.34793351267748,8.164677795279536,1.8167442826020554,0.13032724223524284,2.1041955697643573,8.452129082441838,10.268873365043893,5.108554072636089,3.1346857451069745,-3.213247767570506,-5.029992050172561,-3.37951537426955,10.13854612280865,-0.007686347532828071,1.395735679565186,5.988894379372219,5.808134528377613
OPPD_NC1,20251022_0829,OPP,OFF,cluster,1,39974.36922886405,19.987184614432024,696.9918039516815,69.94061019038327,36144.33946444195,72.28867892888391,696.9918039516815,126.06328934859796,225.57282027723105,0.451145640554462,1.4375438300800312,0.1058689887363993,189.1689681570124,0.3783379363140248,0.738824664194059,0.0356566836023119,3415.287975987856,6.830575951975712,7.527017231156208,0.2899453843776874,0.9041878624151832,0.0056429363271691,0.0047322564885006,0.0854369447691445,10.59601877415391,10.495303297130286,5.423066395580021,5.247912983051648,8.13630985345941,0.0062408892682325,0.0052337093706714,0.094490258405559,15.14051186064848,0.8386159604065156,0.0991054615647279,0.0062214955662756,0.0902887374437374,0.0944966322048624,226.105262969852,482.74340540655896,5.738922939466304,37.59643817181013,0.7387287701124602,0.0926020974339676,0.0327,34.87193506207581,-0.0005561217662037,0.13692,5.905246401352805,1.5228087887731727,-0.786331147890292,5.247390314078638,OFF,1,0.0007,OFF,1,0.0344,ON,0,0.5137,OFF,1,0.6776,OFF,1,0.7213,OFF,1,-1.769,OFF,1,0.0027,OFF,1,0.0005,OFF,1,0.2587,OFF,1,0.0125,OFF,1,0.7285,OFF,1,-1.5709,OFF,1,0.123,ON,0,0.919,ON,0,0.5168,ON,0,0.6786,OFF,1,0.773,OFF,1,-0.7233,5.0766325957917084,5.252635003580762,2.3592585354238977,0.17600240778905363,-2.7173740603678107,-2.8933764681568643,0.10071812777378852,5.177350723565497,5.353353131354551,2.4599766631976863,3.1721315336990923,-1.9045010620926162,-2.08050346988167,0.8128729982751945,-0.7864195118079659,5.252635003580762,-0.0005108659256133741,3.5897213340769825,2.216231942739898,-0.9386248887423232
OPPD_NC1,20251022_1233,OPP,ON,cluster,1,4096152.306397119,2048.0761531985595,947385.9364324956,25587.84622150927,1964480.1400343375,3928.960280068676,45281.12029474322,8721.777966391588,304247.8129336171,608.4956258672341,3278.4745660061017,602.5811808640219,1816850.8835780227,3633.701767156045,947385.9364324956,50301.94434111683,10573.469851140802,21.146939702281603,172.30730904941538,24.692782297934365,0.4795915759690706,0.0742764892942241,0.4435506171830028,0.0025813175537022,15.225558873320669,14.49073871754482,12.6256011092271,14.412615827037468,9.266197870377985,0.154874466141533,0.9248507259255574,0.0053823246342162,0.0347528212254168,5.971615263405243,0.8054841264849396,0.1439916507435137,0.0053678916903463,0.5908287699409478,582.9817129827744,483.392039400236,31.167778042023137,1058.824918561686,0.5602330658825228,0.0369959017490498,6.78,462.57358885453567,-0.0032541180033364,6.834,21.507524005624493,2.07783453504268,-1.741513615722278,5.224540847166834,ON,1,1.0,ON,1,1.0,ON,1,0.5991,ON,1,0.7397,OFF,0,0.72,ON,1,12.0445,ON,1,0.9991,ON,1,1.0,ON,1,0.9352,ON,1,1.0,OFF,0,0.7228,OFF,0,-0.4818,ON,1,1.0,ON,1,1.0,ON,1,0.5049,ON,1,0.6792,OFF,0,0.7721,ON,1,3.2651,1.8651403860662956,0.0781229318697072,5.22463490998684,-1.7870174541965884,3.359494523920544,5.1465119781171325,0.7348204206847271,2.5999608067510227,0.8129433525544343,5.959455330671567,1.7919745569807102,-0.07316582908558544,1.713851625111003,-3.4326603530061295,-1.7415449699956131,5.22463490998684,-0.0033828491685634755,1.318853414852373,-0.6976532673230098,3.9636947576892885
OPPD_NC1,20251022_2002,OPP,ON,cluster,1,2474650.357550152,1237.3251787750758,325427.0739417672,9206.554930784534,1498548.1887749073,2997.0963775498144,30114.93238105462,6272.264845621347,339348.5386349509,678.6970772699018,2833.142082056744,609.0597700808239,626404.2170692412,1252.8084341384824,325427.0739417672,17159.26822387693,10349.413071052091,20.69882614210418,161.15505101301915,24.274619774102707,0.6055595628703023,0.1371298929562309,0.2531283723205921,0.0041821718528745,14.72161007842613,14.220007990542062,12.734785942575805,13.347752752278646,9.244781708143702,0.2264515356774402,0.4180073899264601,0.0069062931366298,0.0304978860750445,1.845902208941705,0.346457785491202,0.2041250696082924,0.006882553931451,0.2974772814904215,442.0537480611917,454.02686636944486,26.875453136990924,863.7442128777285,0.6755832982739385,0.0613026835316497,6.78,263.0085280119381,-0.0032276982263849,6.78,16.217537667921846,1.63380461595726,-1.658408760799453,4.97522628239836,ON,1,1.0,ON,1,1.0,OFF,0,0.4854,ON,1,0.7001,OFF,0,0.721,ON,1,5.4221,ON,1,0.8169,ON,1,1.0,ON,1,0.6419,ON,1,1.0,OFF,0,0.7264,OFF,0,-0.3238,ON,1,1.0,ON,1,1.0,OFF,0,0.4625,ON,1,0.6788,OFF,0,0.7728,ON,1,2.9779,1.4852243274723662,0.8722561673630853,4.975322234255094,-0.6129681601092809,3.4900979067827276,4.1030660668920085,0.5016023510989758,1.986826678571342,1.373858518462061,5.47692458535407,1.8332006822726363,0.3479763548002701,0.960944514909551,-3.1421215519824575,-1.658440744751698,4.975322234255094,-0.0033558954687469404,1.0502121935389397,0.10585388569914736,3.628209447727194
OPPD_NC1,20251023_0122,OPP,ON,cluster,1,4156232.895250976,2078.116447625488,1036174.387236178,27754.231871252545,1847648.9460460185,3695.297892092037,47641.80142617226,8145.426758354749,325473.1384734897,650.9462769469793,2842.414641761221,599.842714226118,1972500.982904126,3945.001965808252,1036174.387236178,54791.54081907595,10609.827827342497,21.21965565468499,183.07676407048712,25.23679425509052,0.4445489443474623,0.0783096488277603,0.4745886557892265,0.0025527510355508,15.24011990855196,14.429425090105669,12.69303828577996,14.49481333697625,9.269630251876574,0.1761552913879167,1.067573462547755,0.0057423396636259,0.0325981673236425,6.060410982452639,0.9125630008813036,0.1622508912584645,0.0057259152774927,0.648444227813273,615.8822522956876,480.3682434963917,31.70498744604,1088.0277167788531,0.5473428959570047,0.0366808746871697,6.78,498.6122834550917,-0.0032541962398088,6.834,22.329627929119823,2.094239242747013,-1.719931612743031,5.225183085099676,ON,1,1.0,ON,1,1.0,ON,1,0.6194,ON,1,0.7446,OFF,0,0.7198,ON,1,13.0128,ON,1,0.9996,ON,1,1.0,ON,1,0.95,ON,1,1.0,OFF,0,0.7223,OFF,0,-0.4805,ON,1,1.0,ON,1,1.0,ON,1,0.5157,ON,1,0.6792,OFF,0,0.7719,ON,1,3.3404,1.736389335542949,-0.06538828112832284,5.159888544795761,-1.8017776166712718,3.423499209252812,5.225276825924084,0.8106951190720384,2.5470844546149873,0.7453068379437155,5.970583663867799,1.7077223998025968,-0.028666935740352173,1.7731106809309196,-3.452166144993164,-1.7199628482652536,5.225276825924084,-0.0033849856036935193,1.2278126739424227,-0.7622672857891085,3.9862181061982302
OPPD_NC1,20251023_0850,OPP,ON,cluster,1,4941023.260604671,2470.511630302336,1173481.3403930664,31309.87858039816,1547828.5576008982,3095.6571152017964,38474.23347759619,6835.093566220339,1146326.2184732454,2292.652436946491,28881.05138579593,3767.459165910303,2236185.048486419,4472.370096972838,1173481.3403930664,62047.50507567569,10683.43604410888,21.36687208821776,195.75625182414024,25.69042803634266,0.3132607308170167,0.2320017854627465,0.4525752927163431,0.0021621910038936,15.41308320787547,14.25236422216084,13.952073666454584,14.620282315737752,9.276543386211417,0.7406028354001211,1.4447239892969892,0.0069022088988079,0.0093197170857074,1.950740559229964,0.8339789920324385,0.5542315103505322,0.006878497698877,0.606487919042625,675.1625246471546,429.025208407477,32.049726913851266,1104.531347719792,0.5912092213488873,0.0426900148320197,6.78,474.9952706150227,-0.0034767659047571,6.834,21.79438621785736,1.8244598721974177,-1.658606945316475,5.343738929526337,ON,1,1.0,ON,1,1.0,ON,1,0.6569,ON,1,0.7503,OFF,0,0.7194,ON,1,14.7161,ON,1,1.0,ON,1,1.0,ON,1,0.9703,ON,1,1.0,OFF,0,0.7214,OFF,0,-0.2055,ON,1,1.0,ON,1,1.0,ON,1,0.5386,ON,1,0.6786,OFF,0,0.7715,ON,1,3.7918,0.3002907819917251,-0.3679182924530071,4.975913788347006,-0.6682090744447322,4.675623006355281,5.343832080800013,1.1607194293936,1.4610102113853252,0.792801136940593,6.136633217740606,1.2270715694714305,0.9267807874797054,1.5949898619244376,-3.7488422188755752,-1.658637929449002,5.343832080800013,-0.003601410421577088,0.21233764827416002,-0.4229972262388266,4.328790128434493
OPPD_NC1,20251023_0955,OPP,ON,cluster,1,22889446.8590026,11444.7234295013,745991.5227594376,30947.86340089109,16342418.718513343,32684.83743702669,140899.58611883316,33935.8289263731,3788992.5679027326,7577.985135805466,170576.96566917002,21591.31882846844,1532466.0980451126,3064.9321960902253,745991.5227594376,39741.15724083054,1225569.4745414068,2451.1389490828137,18750.01511818264,4086.112186567459,0.7139717625848064,0.1655344749588167,0.0669507702604172,0.0535429921959595,16.946186570143833,16.609274722020874,15.1476109924281,14.24238947709718,14.018916987062587,0.2318501705999111,0.0937722943244001,0.0749931509925735,0.3234552331728261,0.4044521256194895,0.1370016007992148,0.2085172429428525,0.0723142903896311,0.1283946226822845,390.05546664855046,415.40064545089336,9.904135897290928,184.136748627869,0.8148458857629122,0.1076899986175577,6.78,65.18213632288163,-0.0029437315237297,0.7968,8.073545461738624,1.1847704474141327,-0.863452578319429,2.590357734958287,ON,1,1.0,ON,1,1.0,ON,1,0.5133,ON,1,0.7239,OFF,0,0.7208,ON,1,8.4376,ON,1,0.9997,ON,1,1.0,ON,1,0.9213,ON,1,1.0,OFF,0,0.7235,ON,1,0.3292,ON,1,0.9998,ON,1,0.9993,OFF,0,0.4407,ON,1,0.6786,OFF,0,0.7732,ON,1,0.605,1.4616639323246847,2.3668858362760155,2.590358489714717,0.9052219039513307,1.1286945573900322,0.22347265343870149,0.3369118656251544,1.7985757979498391,2.70379770190117,2.9272703553398713,1.604727064578853,0.14306313225416822,-0.7621587716971625,-0.985631425135864,-0.8634528299049057,2.590358489714717,-0.0029558079222762896,1.0335524783625796,1.3358323911613887,1.1381091372478904
OPPD_NC1,20251023_1414,OPP,ON,cluster,1,24323437.90686526,12161.71895343263,580195.6488392092,30110.230304487144,14671091.66729644,29342.183334592883,145375.83376155142,32023.84425692381,5065981.30971719,10131.96261943438,238202.62079453468,33118.16232426984,1417105.595683882,2834.211191367764,580195.6488392092,30218.807128156768,3169259.334167746,6338.518668335491,59398.53159369528,13068.586964183609,0.6031668600249779,0.2082757104121092,0.058260908721456,0.1302965208414566,17.006951007486308,16.501389630460395,15.438058617575006,14.164127742155303,14.969008785556955,0.3453036368799673,0.096591693912095,0.2160206892601029,0.6255963337425035,0.2797297323157144,0.2323731049276055,0.2966197399026935,0.1955837975933991,0.2089416641718357,497.2883545983972,511.2102041671179,6.4809125089373785,78.23053624985953,0.8214696169416487,0.1336259278716785,6.78,47.706714080532585,-0.0023634307704622,6.834,6.907004711193301,1.141582266054032,-0.5107936149678132,2.3372618883050915,ON,1,1.0,ON,1,1.0,ON,1,0.5034,ON,1,0.7143,OFF,0,0.721,ON,1,6.4235,ON,1,0.9996,ON,1,1.0,ON,1,0.9062,ON,1,1.0,OFF,0,0.7239,ON,1,0.3814,ON,1,0.9926,ON,1,0.8679,OFF,0,0.4401,ON,1,0.6785,OFF,0,0.7731,ON,1,0.303,1.0633311421192388,2.3372625258073043,1.5323810922732726,1.2739313836880655,0.4690499501540337,-0.8048814335340317,0.5055614040745553,1.5688925461937941,2.8428239298818596,2.037942496347828,1.233243690049953,0.1699125479307142,-1.1040188357573513,-0.2991374022233195,-0.5107936974244242,2.3372625258073043,-0.002371226574493543,0.7518886612393504,1.4742637400849987,0.34541411939663774
OPPD_NC1,20251023_1623,OPP,ON,cluster,1,24683214.401003137,12341.607200501569,972953.942590952,36306.161159932926,14060589.672357006,28121.17934471401,141183.49867884908,30352.60380045167,5439789.817794071,10879.57963558814,321348.16520753875,35916.19220364677,2037985.5915923484,4075.9711831846967,972953.942590952,51296.25822000354,3144849.3192597106,6289.698638519421,55982.86268665106,8597.15463196911,0.5696417591294584,0.2203841740147505,0.082565647993947,0.1274084188618441,17.021634032186398,16.458886454300565,15.50925116548142,14.52747291354412,14.961276853743929,0.3868820543485642,0.1449431097188523,0.2236641131376042,0.578119637816158,0.3746441792522073,0.2657812333072519,0.3270581011981855,0.2018497290595594,0.2356895072950242,530.4297071161825,532.3245711161295,13.03564697333597,281.9526093641189,0.8226717986351635,0.1630953391341461,6.78,78.83527054332136,-0.0019515346277465,6.834,8.878922825612355,1.0778806480287753,-0.4992032001855453,1.931413540756445,ON,1,1.0,ON,1,1.0,ON,1,0.5473,ON,1,0.7377,OFF,0,0.7205,ON,1,10.9576,ON,1,1.0,ON,1,1.0,ON,1,0.9669,ON,1,1.0,OFF,0,0.7219,ON,1,0.4148,ON,1,0.998,ON,1,0.9996,OFF,0,0.4432,ON,1,0.6786,OFF,0,0.7731,ON,1,0.9385,0.9496354015289903,1.9314139603161582,1.4976098474160757,0.9817785587871679,0.5479744458870854,-0.4338041129000825,0.5627476084932397,1.51238301002223,2.494161568809398,2.0603574559093154,1.0946648023153074,0.1450294007863171,-0.8367491580008508,-0.40294504510076834,-0.4992032824720252,1.9314139603161582,-0.0019568484238177927,0.671493632075959,1.1893058657160476,0.46528086051511053
OPPD_NC1,20251023_1833,OPP,ON,cluster,1,22629641.129826386,11314.820564913192,950938.8778335192,32432.89251850708,13830166.697714388,27660.333395428777,145819.19265389442,30549.2738805746,2664111.850425309,5328.223700850618,126497.90221641306,16776.069860370524,2022159.8959184964,4044.319791836993,950938.8778335192,49989.407872256175,4113202.6857681903,8226.40537153638,80288.12526559923,11336.705555654898,0.611152718612312,0.1177266504201849,0.0893589025259991,0.1817617284415038,16.93477120351324,16.44236282921561,14.795381671015964,14.519677248056809,15.229712768419672,0.1926304945308717,0.146213703718592,0.2974080338776865,1.5439301788736832,0.7590371611443086,0.3719691384973179,0.1761613671693949,0.2603684540681395,0.3162470352440844,582.0059609151233,604.273680351836,15.641441458821228,394.3072576474996,0.8320766348987555,0.1721573284223878,6.78,84.04365516695283,-0.0016417009914031,34.9,9.167532665161088,1.046077930666713,-0.4042166869319796,1.922685581158804,ON,1,1.0,ON,1,1.0,ON,1,0.5427,ON,1,0.7367,OFF,0,0.7205,ON,1,11.3977,ON,1,1.0,ON,1,1.0,ON,1,0.9648,ON,1,1.0,OFF,0,0.722,ON,1,0.3197,ON,1,0.9995,ON,1,0.9999,OFF,0,0.439,ON,1,0.6786,OFF,0,0.7731,ON,1,1.9381,1.6469814612534854,1.9226860033737125,1.2126502316097554,0.2757045421202271,-0.43433122964373005,-0.7100357717639572,0.49240840241350625,2.1393898636669917,2.415094405787219,1.7050586340232616,1.195579424059238,-0.45140203719424754,-0.7271065793144746,-0.017070807550517486,-0.40421674386991846,1.9226860033737125,-0.001646181337370336,1.1645917597408688,0.8974891819698201,0.01971167066915062
OPPD_NC1,20251024_0206,OPP,ON,cluster,1,20723100.92907928,10361.550464539638,795549.7819313444,30364.823539928137,14542862.786035417,29085.72557207083,141458.67516929284,32248.178989740183,3121058.0225322107,6242.116045064421,166660.08896255493,20842.71872776188,1639477.432790334,3278.954865580668,795549.7819313444,41459.5248873746,1419702.6877213144,2839.4053754426286,22070.90254792036,4530.293355234294,0.7017705909846935,0.150607673688094,0.0791135186959288,0.0685082166312834,16.846759671152476,16.492610969825357,14.953682932491018,14.30988872043212,14.165958737183908,0.2146109791759123,0.1127341608671785,0.0976219543984466,0.4548786589263762,0.5252954033387851,0.1731880568116941,0.1944238437751715,0.0931459799746164,0.159724878058853,407.756597909661,450.7136786804147,11.738918119193604,249.02932032485123,0.8056648250653186,0.1103686014557709,6.78,76.77902883877745,-0.0025648362866244,2.8758,8.76236434066898,1.2101401134255427,-0.7755507442138162,2.3266522326414485,ON,1,1.0,ON,1,1.0,ON,1,0.5197,ON,1,0.7267,OFF,0,0.7208,ON,1,9.0875,ON,1,0.9998,ON,1,1.0,ON,1,0.9329,ON,1,1.0,OFF,0,0.7232,ON,1,0.2853,ON,1,0.9996,ON,1,0.9998,OFF,0,0.4417,ON,1,0.6786,OFF,0,0.7731,ON,1,0.7815,1.5389282889762033,2.1827227905812503,2.326652868251779,0.643794501605047,0.7877245792755758,0.1439300776705288,0.3541487218340471,1.8930770108102504,2.5368715124152974,2.680801590085826,1.5120759869523077,-0.026852302023895547,-0.6706468036289426,-0.8145768812994714,-0.7755509560839263,2.326652868251779,-0.002574986893584322,1.0881866288948843,1.1539208525016038,0.9405923633877922
OPPD_NC1,20251024_0625,OPP,ON,cluster,1,27834000.06958753,13917.000034793764,928973.7139827348,51841.68205988168,14339455.931693953,28678.911863387904,155374.402172599,31748.737328401705,10079091.996543825,20158.18399308765,680839.6256817915,83023.40668375352,1844500.7803113544,3689.001560622709,928973.7139827348,48395.52102247493,1570951.3610383917,3141.9027220767834,29193.21802212298,5446.4729787469405,0.5151776926005608,0.3621143914401515,0.0662679016921727,0.0564400142671147,17.141768891389308,16.47852552154652,16.125973836057405,14.427719761218375,14.26719259280496,0.7028922188230091,0.1286311551217502,0.1095544606797855,0.1558623893478622,0.1830026733503038,0.1398712221294679,0.5323281106718509,0.1039585479720407,0.1309152929812725,450.9912557226692,400.4482373575342,9.292166179466031,109.92175622336296,0.763992043866308,0.0861834240649786,6.78,66.75100320904,-0.0027243056542565,0.543,8.170128714342713,1.3596880424687108,-0.7371109762471862,2.211332928741559,ON,1,1.0,ON,1,1.0,ON,1,0.5377,ON,1,0.7342,OFF,0,0.7206,ON,1,10.3,ON,1,1.0,ON,1,1.0,ON,1,0.9545,ON,1,1.0,OFF,0,0.7225,ON,1,0.4045,ON,1,0.9993,ON,1,0.9975,OFF,0,0.4423,ON,1,0.6786,OFF,0,0.7731,ON,1,0.3556,0.3525517149667472,2.050806232742463,2.211333495560652,1.698254517775716,1.8587817805939046,0.16052726281818863,0.6632434036531549,1.0157951186199021,2.714049636395618,2.8745768992138068,1.1536728608174673,0.8011211458507201,-0.8971333719249959,-1.0576606347431845,-0.7371111651868839,2.211333495560652,-0.002734548755575619,0.2492917083719338,1.5305476422442124,1.221281304360496
OPPD_NC1,20251024_0939,OPP,ON,cluster,1,21792032.708030924,10896.016354015464,849703.1774256229,31633.95338795756,13969863.66495147,27939.72732990294,132229.33279801998,29670.59977131325,3769821.595313029,7539.643190626057,167539.04603237752,24269.137222017584,1772091.04833239,3544.18209666478,849703.1774256229,45555.28578979093,2280256.3994340333,4560.512798868067,46026.7801862231,7890.947676891323,0.6410537214274287,0.1729908194348365,0.0813182997692238,0.1046371593685108,16.897055034737765,16.452413043638007,15.142538501370836,14.387671354809523,14.639798889047132,0.269853857254938,0.1268509908781861,0.1632268183944221,0.6048711701021721,0.4700729208340093,0.2284340104298882,0.2389018208214832,0.1511978832349345,0.2057401959725776,467.3282193278852,497.1955932935916,12.90028952156321,286.74020352935605,0.8132344839580201,0.1215073411547296,6.78,77.98292052971063,-0.0023327544722202,6.78,8.830793878783602,1.1680535524288875,-0.6042047181969584,2.064741688828484,ON,1,1.0,ON,1,1.0,ON,1,0.5306,ON,1,0.7306,OFF,0,0.7207,ON,1,9.7292,ON,1,0.9999,ON,1,1.0,ON,1,0.9467,ON,1,1.0,OFF,0,0.7228,ON,1,0.3267,ON,1,0.9997,ON,1,1.0,OFF,0,0.442,ON,1,0.6786,OFF,0,0.7731,ON,1,1.0409,1.3098747359490215,2.0647421815507574,1.812614521555295,0.7548674456017359,0.5027397856062734,-0.2521276599954625,0.4446420167940879,1.7545167527431094,2.5093841983448453,2.257256538349383,1.2968078597637689,-0.013066876185252596,-0.7679343217869885,-0.515806661791526,-0.6042048405184316,2.0647421815507574,-0.002340550365802902,0.9262213082944916,1.151100810060455,0.5956022300702806
OPPD_NC1,20251024_1712,OPP,ON,cluster,1,30050688.725169025,15025.344362584512,921283.855242148,52862.411634064745,14502530.972584892,29005.061945169786,153876.48649174348,31048.547539387688,10688565.964997193,21377.131929994383,646032.998643402,85984.70885870357,1852298.4256795328,3704.5968513590656,921283.855242148,48135.91988528756,3007293.3619074104,6014.586723814821,39148.99647899065,7626.153920873214,0.482602282603868,0.3556845589380771,0.0616391338854119,0.1000740245726429,17.218396171266743,16.489833810945672,16.184685220226367,14.431938358052747,14.916551349400155,0.7370138347024922,0.1277224250843476,0.2073633469628226,0.2813561119195393,0.1732971880180417,0.1929090979891719,0.5521674519379534,0.1884389299232344,0.176394944059454,511.59460363722087,484.0974653342816,9.119229870879552,104.30692188627852,0.7824744138017898,0.126809156882081,6.78,61.31532382953463,-0.0018233748348998,6.78,7.830410195477309,1.2334424374484425,-0.5244274871818385,2.0578954528929234,ON,1,1.0,ON,1,1.0,ON,1,0.5388,ON,1,0.7341,OFF,0,0.7206,ON,1,10.0821,ON,1,1.0,ON,1,1.0,ON,1,0.9556,ON,1,1.0,OFF,0,0.7225,ON,1,0.4595,ON,1,0.9761,ON,1,0.8905,OFF,0,0.4412,ON,1,0.6786,OFF,0,0.7731,ON,1,0.3469,0.3051486153237448,2.0578959238091095,1.573282725116906,1.7527473084853646,1.268134109793161,-0.48461319869220354,0.728562395997443,1.0337110113211878,2.7864583198065525,2.301845121114349,0.9840818160624387,0.6789332007386939,-1.0738141077466707,-0.5892009090544672,-0.5244275750389686,2.0578959238091095,-0.0018265397902098265,0.21577265516510521,1.5556885851519082,0.6803506068987372
OPPD_NC1,20251024_1817,OPP,ON,cluster,1,23329658.08171667,11664.829040858336,873807.0848691612,30564.125460308303,15130235.11004903,30260.47022009806,177892.34346375708,29279.34069811668,2087152.9184990807,4174.305836998162,88982.37292799726,12239.569471042225,1824077.680982283,3648.155361964566,873807.0848691612,46292.04604698115,4288192.372186277,8576.384744372554,47716.08799669519,10531.444680774504,0.6485407997430753,0.0894635022591596,0.0781870730635269,0.1838086249342381,16.96523603101972,16.532205691065712,14.551311934417525,14.416585585189509,15.271376076841506,0.137945835165028,0.1205584492055028,0.2834187533105755,2.0545654964601057,0.8739549770474628,0.355005651439897,0.1292247380555964,0.2495274184377243,0.3038056251273184,561.7219457127119,621.220311680658,14.649203990402276,358.20998712155,0.84209545111628,0.1775853077977436,6.78,74.90954919343217,-0.001504650126038,35.18,8.65503028263299,1.0172682688506771,-0.4202765380747356,2.1156201058762054,ON,1,1.0,ON,1,1.0,ON,1,0.5308,ON,1,0.7321,OFF,0,0.7207,ON,1,10.3003,ON,1,0.9999,ON,1,1.0,ON,1,0.9505,ON,1,1.0,OFF,0,0.7226,ON,1,0.2983,ON,1,0.9989,ON,1,0.9999,OFF,0,0.4378,ON,1,0.6786,OFF,0,0.7731,ON,1,1.7853,1.98089416967683,2.1156205880054983,1.2608297813298481,0.13472641832866827,-0.7200643883469819,-0.8547908066756502,0.43303036318293664,2.4139245328597667,2.548650951188435,1.6938601445127848,1.3393361347530437,-0.6415580349237864,-0.7762844532524547,0.07850635342319556,-0.420276593776616,2.1156205880054983,-0.0015076689861928288,1.400703700191382,0.9187003182863954,-0.0906513285639557
OPPD_NC1,20251024_1922,OPP,ON,cluster,1,29752693.91384454,14876.34695692227,973102.4116106668,60934.84920962601,11932908.9022128,23865.8178044256,105313.48076225816,24975.42321675988,12531188.54361074,25062.37708722148,816090.1399884373,105436.9245328018,2023782.8462018955,4047.565692403791,973102.4116106668,51715.61773018217,3264813.6218191097,6529.62724363822,43232.81958480948,8093.542253717566,0.4010698640186047,0.4211782832135317,0.0680201548156346,0.1097316979522289,17.208430271192622,16.294810679018486,16.343731258009463,14.520479508331668,14.998713541689993,1.0501369486937042,0.1695967733254413,0.2735974646729616,0.2605350330861852,0.1614996725297535,0.2161778696202687,0.7179065951598442,0.2418455454283632,0.195713047205698,554.0809047764309,479.4919952873783,9.853647672042882,111.1995438490662,0.7614327960008251,0.1283822694543124,6.78,65.41272628478563,-0.0016171956630943,6.78,8.087813442746983,1.2757806201482935,-0.4320323791094977,1.8232517496777945,ON,1,1.0,ON,1,1.0,ON,1,0.5498,ON,1,0.7377,OFF,0,0.7205,ON,1,10.4903,ON,1,1.0,ON,1,1.0,ON,1,0.9667,ON,1,1.0,OFF,0,0.722,ON,1,0.4576,ON,1,0.9644,ON,1,0.9425,OFF,0,0.444,ON,1,0.6786,OFF,0,0.7731,ON,1,0.2813,-0.048920582991947015,1.7743315810089975,1.2960973598227863,1.8232521640009445,1.3450179428147333,-0.4782342211862112,0.9136196423655925,0.8646990593736454,2.68795122337459,2.2097170021883787,0.7553770894599587,0.8042976724519058,-1.0189544915490387,-0.5407202703628275,-0.4320324532742621,1.8232521640009445,-0.0016204219467275392,-0.034592075973205016,1.4687074137008909,0.6243699873005304
OPPD_NC1,20251025_0046,OPP,ON,cluster,1,21976668.10251532,10988.334051257658,842170.1698228901,32291.79166447618,14782705.122516692,29565.410245033385,142109.62286049002,32227.090183202607,3821095.50500293,7642.19101000586,151940.142025,25071.111477399103,1746266.09121122,3492.53218242244,842170.1698228901,44708.51755827383,1626601.3837844748,3253.2027675689496,36118.66041081001,5719.963825603004,0.672654519491276,0.1738705561361046,0.0794600019923562,0.074014922380263,16.905491953259315,16.50896855026445,15.156047982588229,14.37299097688478,14.302003970215075,0.258484186306501,0.1181289944389966,0.1100340817396649,0.4256898006486236,0.4570066591961365,0.1812999151370289,0.2299079700049511,0.1043907191228447,0.1666154551337068,428.4368335955702,451.4155545140392,11.88266069913356,251.1397632621084,0.8050875386531603,0.1063227121177556,6.78,76.64220671617575,-0.0025533196243392,6.78,8.754553484674716,1.2227664839205123,-0.7356548600164577,2.206964580049373,ON,1,1.0,ON,1,1.0,ON,1,0.5265,ON,1,0.7298,OFF,0,0.7207,ON,1,9.6769,ON,1,0.9999,ON,1,1.0,ON,1,0.9444,ON,1,1.0,OFF,0,0.7229,ON,1,0.3119,ON,1,0.9997,ON,1,0.9997,OFF,0,0.4412,ON,1,0.6786,OFF,0,0.7731,ON,1,0.942,1.352920761734623,2.1359780783833013,2.2069651271813377,0.7830573166486783,0.8540443654467147,0.07098704879803641,0.3965234251386818,1.7494441868733048,2.532501503521983,2.6034885523200195,1.423965991824815,0.07104523009019204,-0.7120120865584862,-0.7829991353565227,-0.7356550423937792,2.2069651271813377,-0.0025617969407797656,0.9566594450306214,1.1916912098253127,0.9041295231466646
OPPD_NC1,20251025_0505,OPP,ON,cluster,1,29186192.83023425,14593.096415117125,1162692.5601205826,52809.81650968647,12319519.774959214,24639.039549918427,111705.11034035684,26324.935919414267,9766392.9066117,19532.785813223403,515881.8350227028,78731.01027855375,2465257.614331568,4930.515228663136,1162692.5601205826,62341.12823116667,4635022.534331761,9270.045068663523,56708.0866590424,11423.419966455933,0.4221009518650651,0.3346237367586568,0.0844665705003423,0.1588087408759356,17.189206341393636,16.326695617176668,16.094457857278524,14.717807274491916,15.349151834494933,0.7927575981055838,0.200109879229406,0.3762340268938551,0.4745889888572316,0.252422530805859,0.32148457032467,0.5837549920120254,0.3193508027340699,0.2787557791141113,615.4444288743407,555.0953261988437,10.87880703257655,163.05872032173494,0.7878908496386632,0.1501503431306124,6.78,79.67415050558637,-0.0013243680499871,32.52,8.926037783107072,1.1800224277957374,-0.3258479275605784,1.608888342684752,ON,1,1.0,ON,1,1.0,ON,1,0.5709,ON,1,0.7489,OFF,0,0.7202,ON,1,12.8463,ON,1,1.0,ON,1,1.0,ON,1,0.9844,ON,1,1.0,OFF,0,0.7205,ON,1,0.4586,ON,1,0.9232,OFF,0,0.1171,OFF,0,0.4416,OFF,0,0.6785,OFF,0,0.773,ON,1,1.0342,0.23223778111809779,1.6088886671498006,0.9775439172584033,1.3766508860317028,0.7453061361403055,-0.6313447498913973,0.8625107711261819,1.0947485522442797,2.4713994382759825,1.8400546883845852,0.7046675913815754,0.47242981026347763,-0.9042210757682252,-0.27287632587682786,-0.3258479724194678,1.6088886671498006,-0.0013273815395892623,0.1642169098763241,1.2188414186985927,0.3150904404009247
OPPD_NC1,20251026_0450,OPP,ON,cluster,1,19594351.022901792,9797.175511450896,831419.2875574566,30803.504891342836,14103946.701010406,28207.89340202081,148601.75613333378,31757.08465569463,2466591.3392851744,4933.182678570349,142874.47171647195,17363.33475259721,1752766.2997723978,3505.532599544796,831419.2875574566,44872.0642205133,1271046.6828338143,2542.093365667629,24244.64156629145,4133.973923101731,0.7197965722123573,0.1258827779701523,0.0894526334515377,0.0648680163659526,16.79075192057722,16.461965294956713,14.718348136330064,14.376706411094617,14.055352065466163,0.1748866038403486,0.1242748811328608,0.0901199295331048,0.5153049321910181,0.7106026328137698,0.1824812794402234,0.1611716355690704,0.0862877172831071,0.1676150099184424,406.01637546599056,447.76361164553055,13.33164397006646,297.6240245396813,0.7980187544863641,0.0999340435344714,6.78,84.86316148829721,-0.0025737935001395,6.78,9.212120357883228,1.2496257444449792,-0.8022044098301825,2.406613229490548,ON,1,1.0,ON,1,1.0,ON,1,0.5248,ON,1,0.7296,OFF,0,0.7207,ON,1,9.54,ON,1,0.9999,ON,1,1.0,ON,1,0.9436,ON,1,1.0,OFF,0,0.7229,ON,1,0.2349,ON,1,0.9999,ON,1,1.0,OFF,0,0.4419,ON,1,0.6786,OFF,0,0.7731,ON,1,1.0377,1.7436174931422155,2.0852593834865107,2.406613945341265,0.34164189034429526,0.6629964521990495,0.3213545618547542,0.3287866454875328,2.0724041386297483,2.4140460289740435,2.7354005908287977,1.5588727054924973,-0.18474478764971813,-0.5263866779940134,-0.8477412398487676,-0.8022046484470883,2.406613945341265,-0.002584909774127617,1.2329237531963493,0.9907782961659973,0.9788872660596656
OPPD_NC1,20251027_0852,OPP,ON,cluster,1,36931648.25897724,18465.82412948862,1167546.9908219725,79842.35422220398,13746316.697147168,27492.63339429433,105237.98943048716,26321.76923144195,17753318.822515152,35506.63764503031,1167546.9908219725,146017.43617737174,2014378.328588557,4028.756657177114,991472.7243036964,51853.86059967896,3417634.410726371,6835.268821452743,46695.21624505893,8993.592377382935,0.3722096723317988,0.4807074598464401,0.0545434180046082,0.092539449817153,17.42457944488862,16.43628154236716,16.69208308865172,14.515821680398954,15.044459469538916,1.2914964214521758,0.1465394965770331,0.248621829834271,0.1925067895695006,0.1134648878176943,0.1724468442158339,0.8292050633041055,0.2220404069415526,0.1590928848870202,538.5246494710889,452.18195184878886,9.919055791062284,111.13245141863884,0.7504911824838093,0.1177329454224189,0.3972,63.22745102708284,-0.0018136953956625,2.757,7.951569092134591,1.3180199868888047,-0.4639406909427475,2.176261408252767,ON,1,1.0,ON,1,1.0,ON,1,0.6268,ON,1,0.74,OFF,0,0.7204,ON,1,10.766,ON,1,1.0,ON,1,1.0,ON,1,0.9668,ON,1,1.0,OFF,0,0.722,ON,1,0.5016,ON,1,0.9981,ON,1,1.0,ON,1,0.5066,ON,1,0.6787,OFF,0,0.7729,ON,1,0.3171,-0.2558015627038266,1.920460285652398,1.391822292681491,2.1762618483562246,1.6476238553853175,-0.5286379929709071,0.9882979481911711,0.7324963854873445,2.908758233843569,2.380120240872662,0.7641202539075156,1.0199218166113422,-1.1563400317448824,-0.6277020387739753,-0.4639407642271636,2.1762618483562246,-0.0018166417016201978,-0.18087901962599165,1.6724798077144905,0.7248078821140637
OPPD_NC1,20251027_0957,OPP,ON,cluster,1,38972790.07609335,19486.39503804668,1502138.6871874332,98356.74905874395,12736285.355379809,25472.570710759617,119999.89063718265,28104.399631917306,20576940.74490778,41153.88148981556,1502138.6871874332,185130.2164269885,2058392.2441331332,4116.784488266267,957284.2840273528,51444.98762735188,3601171.731672628,7202.343463345255,47195.4939801842,9701.657425532614,0.3267994241754964,0.5279822333667116,0.0528161376209959,0.0924022048367959,17.478374295897087,16.359965670747258,16.83968167406755,14.537436257848062,15.096770109176411,1.615615555929301,0.1616163729610146,0.2827489830189152,0.1750100647280933,0.1000339297104905,0.1698893994465679,0.9614994640528364,0.2490054180264599,0.1569092139538373,548.8174056079922,443.58689379762194,10.761576498484263,127.6233858348173,0.718555082362267,0.1074579359411309,0.408,77.08653572169399,-0.0016376949902953,2.487,8.779893833161307,1.4227175355050692,-0.4210651871902815,2.3022454162194865,ON,1,1.0,ON,1,1.0,ON,1,0.627,ON,1,0.7389,OFF,0,0.7204,ON,1,10.1324,ON,1,1.0,ON,1,1.0,ON,1,0.9691,ON,1,1.0,OFF,0,0.7218,ON,1,0.4815,ON,1,0.9962,ON,1,1.0,ON,1,0.5072,ON,1,0.6787,OFF,0,0.7728,ON,1,0.1352,-0.4797160332380308,1.8225298201993088,1.2631957607423772,2.3022458534373396,1.742911793980408,-0.5593340594569316,1.1184086780067268,0.638692644768696,2.9409384982060356,2.381604438749104,0.6515023869259124,1.1312184201639433,-1.1710274332733963,-0.6116933738164647,-0.4210652535807924,2.3022458534373396,-0.00164033626439659,-0.33921046014652284,1.683932617309092,0.7063226680688925
SQN2,SQN NG Unit 2 20250525_0833,SQN,OFF,cluster,1,82915.77343743193,41.45788671871596,1490.9704645356542,124.47821271451,66094.00028799447,132.18800057598892,1490.9704645356542,223.10719525765776,6752.953902539133,13.505907805078266,92.59497370589906,13.51209052496137,1250.3534683466487,2.500706936693297,27.762336438245484,4.202228733459668,8818.465778551665,17.63693155710333,292.61082953020014,30.06458752171613,0.7971221584017277,0.081443537490908,0.0150798022681433,0.1063545018392194,11.325592654039522,11.09884838437078,8.817883375713327,7.13198101919597,9.084716577841233,0.1021719652769086,0.0189178058958378,0.1334230904468352,1.3058679067733638,0.1851565235313327,0.1382188089899376,0.0972827469020983,0.1252423372711432,0.1294645922567582,324.1098300658702,519.3260139063151,6.2763181994197925,49.90941437749307,0.7941430069634248,0.1867177886375622,0.03324,35.96349410301627,-0.0011025903820068,2.0982,5.996957070213687,1.1604933598223994,-0.6713772688431826,3.966867365174811,OFF,1,0.0042,OFF,1,0.0049,ON,0,0.5008,OFF,1,0.6775,OFF,1,0.7213,OFF,1,-1.0617,OFF,1,0.0249,OFF,1,0.0068,OFF,1,0.3042,OFF,1,0.0833,OFF,1,0.7284,OFF,1,-0.9047,OFF,1,0.1658,OFF,1,0.2528,ON,0,0.5032,OFF,1,0.6785,OFF,1,0.773,OFF,1,-0.5592,2.281097951186922,3.9676516895183713,2.0142300686587706,1.6865537383314493,-0.2668678825281514,-1.9534216208596007,0.2267473391619248,2.507845290348847,4.194399028680296,2.2409774078206954,2.065744927341015,-0.21535302384590693,-1.9019067621773562,0.05151485868224448,-0.6714100228862568,3.9676516895183713,-0.0012279925922800813,1.6129798298350129,2.3083196998511846,-0.05948423505491927
SQN2,SQN NG Unit 2 20250525_0934,SQN,OFF,cluster,1,134326.12768436823,67.16306384218412,1879.2220369720744,140.43763107617357,95142.30700802006,190.2846140160401,1879.2220369720744,218.626417800514,25908.288912187592,51.81657782437519,1540.022033418194,84.53202046471793,1790.8774670848293,3.5817549341696586,98.22149882657776,8.721886128370956,11484.654297075733,22.969308594151464,413.6051240814995,49.815328481237145,0.7082933800606528,0.1928760201668686,0.0133323091937327,0.085498290578745,11.808033355295644,11.463139528768558,10.162356828648,7.49101921345417,9.348854083206689,0.2723109174736675,0.0188231452797864,0.12071027766845,0.4432810802580607,0.0691237261204561,0.1096692805444895,0.2408348670254557,0.1139626607917579,0.1040620254742624,391.8574550392362,476.9438856549727,5.4344329706353625,44.46408030569502,0.8576221954265281,0.2362568708074979,0.03162,27.97999271422405,-0.0018743048949208,2.001,5.289611773427506,0.9366312443282704,-0.7047618151872896,3.9721203153143874,OFF,1,0.022,OFF,1,0.1331,ON,0,0.5001,OFF,1,0.678,OFF,1,0.7213,OFF,1,-0.5261,OFF,1,0.0654,OFF,1,0.023,OFF,1,0.326,OFF,1,0.1892,OFF,1,0.7283,OFF,1,-0.605,ON,0,0.9009,ON,0,0.9619,ON,0,0.5025,ON,0,0.6786,OFF,1,0.773,OFF,1,-0.0861,1.3008107865456253,3.9726680344535854,2.1143620039675497,2.67185724790796,0.8135512174219244,-1.8583060304860357,0.3448968925027849,1.6457076790484102,4.31756492695637,2.4592588964703346,1.8469602062416897,0.5461494196960643,-2.1257078282118957,-0.26740179772586004,-0.7047873346558499,3.9726680344535854,-0.0020360485484157897,0.9198121282070183,2.712616087468018,0.3087689997976303
SQN2,SQN NG Unit 2 20250525_1439,SQN,ON,cluster,1,7504012.590745817,3752.006295372909,31444.2140695462,5397.205860344477,4064110.646412612,8128.221292825224,31444.2140695462,6880.397530076652,2731675.7949553984,5463.351589910797,25989.532145956764,4601.891981616433,692968.9613631762,1385.9379227263526,12403.55621024553,2543.1866746827186,15257.188014630428,30.514376029260852,750.4048529541215,80.64663831108831,0.5415916614298596,0.3640286795792675,0.0923464550443008,0.002033203946572,15.830948580800062,15.217705739913452,14.820426189217384,13.448741931436302,9.632871556938287,0.672146019785651,0.1705093737973618,0.0037541271244901,0.0055852850630372,0.253679064932461,0.1042154805022293,0.5141078432569431,0.0037470979759754,0.0991351104237886,512.5005863236785,300.5135353679643,1.8885855277250052,3.4167924586408738,0.8842997897036861,0.0874235226745807,0.27678,8.380640008073375,-0.0044953337889398,2.1144,2.894933506670962,0.9714489620484574,-1.8616113943250543,5.584834182975163,ON,1,1.0,ON,1,1.0,ON,1,0.5179,ON,1,0.6842,OFF,0,0.7212,ON,1,1.4179,ON,1,0.9785,ON,1,1.0,ON,1,0.7112,ON,1,1.0,OFF,0,0.7261,ON,1,0.279,ON,1,1.0,ON,1,1.0,ON,1,0.5113,ON,1,0.6788,OFF,0,0.7728,ON,1,1.8247,0.3972796707153936,1.7689650054859243,5.584899477648225,1.3716853347705307,5.187619806932831,3.8159344721623008,0.6132429536808441,1.0105226243962377,2.3822079591667684,6.198142431329069,1.9377860384623862,1.5405063677469926,0.1688210329764619,-3.647113439185839,-1.861633159216075,5.584899477648225,-0.004608492829219179,0.2809191491904135,1.2821651323544467,4.211323851758092
SQN2,SQN NG Unit 2 20250525_2247,SQN,OFF,cluster,1,339920.8808104959,169.96044040524794,9016.08725404949,431.9646694108367,174769.84138111694,349.5396827622339,5188.879077170044,543.3303430835647,84224.77451347976,168.44954902695952,9016.08725404949,565.9976349204921,49740.709913439816,99.48141982687964,2843.96133778902,240.4721977181739,31185.555002459318,62.37111000491863,1088.072173419001,155.53808766539075,0.5141485894141059,0.2477775837502451,0.1463302571905548,0.0917435696450936,12.736471107870868,12.071230916968174,11.341256263999522,10.814599093795868,10.347742351512458,0.4819182408555869,0.2846069408776694,0.1784378514956432,0.3702658176555635,0.5905710071671192,0.3124631167951433,0.3933373572384397,0.1641897067431169,0.2719056135993729,604.6615734471009,507.74874499356906,8.515956080663551,120.04992317646445,0.8376658467283085,0.2417796617401184,0.9102,53.048151867261176,-0.0014296289688034,15.69,7.283416222246163,0.9897241017849564,-0.5744961884852385,1.7234885654557155,OFF,1,0.1526,ON,0,0.95,ON,0,0.5088,ON,0,0.6789,OFF,1,0.7211,ON,0,0.5076,OFF,1,0.1456,OFF,1,0.1342,OFF,1,0.3638,OFF,1,0.4032,OFF,1,0.7281,OFF,1,-0.4164,ON,0,0.8598,ON,0,0.6117,ON,0,0.5105,OFF,1,0.6785,OFF,1,0.7727,ON,0,0.7689,0.729980804094664,1.256646205432281,1.723514909275032,0.5266654013376169,0.9935341051803679,0.46686870384275103,0.6652429708405929,1.395223774935257,1.9218891762728738,2.388757880115625,0.9275354797004951,0.19755467560583106,-0.3291107257317858,-0.7959794295745368,-0.574504969758344,1.723514909275032,-0.0014848225967210153,0.5161743767113457,0.7280339148281748,0.9191178758685277
SQN2,SQN NG Unit 2 20250526_0756,SQN,ON,cluster,1,11284669.34531814,5642.33467265907,81604.23557305336,11794.755339839705,9971230.07319576,19942.46014639152,81604.23557305336,16458.07002122469,1186069.06354543,2372.13812709086,16473.120864868164,3066.9893516060906,80331.98849117322,160.66397698234644,2351.5717919042945,317.3384639808268,47038.22008577727,94.07644017155454,2222.5068356912234,264.87895016896266,0.8836085283555686,0.1051044587352056,0.00711868341313,0.0041683294960957,16.238955756049737,16.115214612068105,13.986155932296969,11.293935631154472,10.758737002625905,0.1189491221081792,0.0080563769867381,0.0047173939163452,0.0396589216694765,0.0677296044220013,0.0114158639125759,0.112389961011204,0.0047063018836437,0.0113511946431442,274.11193377118417,213.3574527293957,3.010070552625689,9.736302867266543,0.8242580699220955,0.0579625356911273,0.12396,14.462849211777469,-0.0045272089983844,0.28434,3.803005286840819,1.267956802589077,-1.7854925364807332,5.3564776094422,ON,1,0.6536,ON,1,0.9968,ON,1,0.5014,ON,1,0.6791,OFF,0,0.7213,ON,1,0.5696,ON,1,0.5259,ON,1,0.7854,OFF,0,0.449,ON,1,0.81,OFF,0,0.7279,ON,1,0.0954,ON,1,1.0,ON,1,1.0,ON,1,0.5014,ON,1,0.6788,OFF,0,0.773,ON,1,0.5936,2.129059422603481,4.821291328888803,5.3564987682355145,2.692231906285322,3.2274393456320336,0.5352074393467117,0.12374115565436128,2.252800578257842,4.945032484543164,5.480239923889876,3.0767123799319496,0.9476529573284687,-1.7445789489568533,-2.279786388303565,-1.7854995894118382,5.3564987682355145,-0.004595638073955775,1.5054723552720368,3.067383016120349,2.6324705699638162
SQN2,SQN NG Unit 2 20250526_1100,SQN,ON,cluster,1,12423079.617690757,6211.539808845378,111017.55035714152,13176.298247218065,10760132.734157316,21520.265468314632,111017.55035714152,18937.16663446245,1591867.5549739,3183.7351099478,23535.1488953738,4105.466085978347,38210.0708210259,76.4201416420518,716.0656611593586,114.19767553755273,32869.257738512264,65.73851547702454,1861.375856702347,199.79861090924612,0.8661405275737456,0.1281379178080001,0.0030757325878048,0.0026458220304493,16.33506664056466,16.191358541445705,14.28041907600654,10.550880564676,10.40032350777484,0.147941256330461,0.0035510780178135,0.0030547260475856,0.0206482364916536,0.0240032976999951,0.0057544791852115,0.1379701261442736,0.0030500698518311,0.0057379854149863,270.65300556717506,208.24045220398403,3.183164670625499,11.882076505465855,0.8209829519886793,0.0444165624521667,0.10182,17.87279060806278,-0.0047138626508372,0.28974,4.227622335074139,1.317347990891211,-1.930345011223622,5.791035033670866,ON,1,0.5653,ON,1,0.978,ON,1,0.5007,ON,1,0.679,OFF,0,0.7213,ON,1,0.6271,ON,1,0.4998,ON,1,0.591,OFF,0,0.4343,ON,1,0.7307,OFF,0,0.728,ON,1,0.1251,ON,1,1.0,ON,1,1.0,ON,1,0.5012,ON,1,0.6788,OFF,0,0.773,ON,1,0.6748,1.9109400006962804,5.640504054602465,5.791065363837443,3.7295640539061843,3.880125363141163,0.15056130923497868,0.143708111559274,2.0546481122555544,5.784212166161739,5.934773475396717,3.335627354784048,1.4246873540877676,-2.3048766998184167,-2.4554380090533954,-1.9303551212791479,5.791065363837443,-0.004789495166700202,1.3512386329329658,3.825314286828619,2.8352955910108344
SQN2,SQN NG Unit 2 20250526_1808,SQN,ON,cluster,1,9222960.256977228,4611.480128488613,83717.3862422267,10464.177048506544,8260797.365437238,16521.594730874476,83717.3862422267,15573.60857522668,899070.9870761054,1798.1419741522109,11825.656488605076,2067.9654884212728,32078.102154196727,64.15620430839346,671.5290464207101,94.74315735375832,31013.802309687293,62.027604619374586,1620.4227285337547,178.5751311119511,0.8956774327622081,0.0974818238423994,0.0034780700838355,0.0033626733115569,16.037206721512646,15.927031795237712,13.709118384859863,10.375960073876715,10.342219863364246,0.1088358601843527,0.0038831726206487,0.0037543351976461,0.0344953877452031,0.0356791650662459,0.0068878614883766,0.1033106903666333,0.0037473052708984,0.0068642485369187,240.525263982634,205.7651643797944,3.2455178727425977,11.478921848940317,0.8090876181515867,0.0487574445447803,0.09804,18.154124903420712,-0.0044716054155822,0.27732,4.260765764902788,1.353595493941916,-1.8616039772911552,5.584811931873466,OFF,0,0.3805,ON,1,0.833,ON,1,0.5005,ON,1,0.6787,OFF,0,0.7213,ON,1,0.4187,OFF,0,0.3984,OFF,0,0.4412,OFF,0,0.4207,ON,1,0.6483,OFF,0,0.728,ON,1,0.013,ON,1,1.0,ON,1,1.0,ON,1,0.5013,ON,1,0.6787,OFF,0,0.773,ON,1,0.4912,2.217914401582771,5.551102773735481,5.584844054008425,3.3331883721527102,3.366929652425654,0.03374128027294354,0.11017493890356533,2.3280893404863363,5.6612777126390466,5.69501899291199,3.3384653073316706,1.1205509057488996,-2.2126374664038106,-2.246378746676754,-1.861614684669475,5.584844054008425,-0.004547800169521296,1.568302313450481,3.6269966722920888,2.593894748191357
SQN2,SQN NG Unit 2 20250527_0926,SQN,ON,cluster,1,10343250.122572906,5171.625061286453,132794.78421998117,13693.938200175877,8901932.90465549,17803.86580931098,132794.78421998117,22771.71485259927,1330770.9512485822,2661.5419024971643,24977.705371775664,3749.017840465512,93524.6249834479,187.0492499668958,7636.502617970109,606.1325189864741,17021.641685385162,34.043283370770325,759.4685203025583,86.47930677464282,0.8606514199272902,0.1286608112032729,0.0090420925603782,0.0016456763090585,16.15184479953662,16.00177910375566,14.101269746295223,11.445990741722197,9.742299600740616,0.1494923591877975,0.0105061031109913,0.0019121287329048,0.0127908124755819,0.0702785290704077,0.0108032313087062,0.139320418124451,0.0019103029418205,0.0107452933102374,241.87790773113585,216.19072313089228,4.722452738752503,27.034686918670317,0.7924649405556383,0.043372173533694,0.11694,25.677573808288724,-0.0045688798599962,0.28866,5.067304392694187,1.4108037739284902,-2.0864931676716814,6.259479503015044,ON,1,0.7153,ON,1,1.0,ON,1,0.5019,ON,1,0.6796,OFF,0,0.7213,ON,1,0.6285,ON,1,0.5123,ON,1,0.7965,OFF,0,0.4522,ON,1,0.8012,OFF,0,0.7278,ON,1,0.0546,ON,1,1.0,ON,1,1.0,ON,1,0.5014,ON,1,0.6788,OFF,0,0.773,ON,1,0.5328,1.900509996569122,4.555798942012279,6.259538137694149,2.655288945443157,4.359028141125027,1.7037391956818695,0.15006571143470282,2.0505757080038247,4.705864653446982,6.409603849128851,3.178961769068886,1.2784517724997642,-1.376837172943393,-3.0805763686252625,-2.086512712564716,6.259538137694149,-0.004651661330841103,1.3438635062868483,2.943914302438352,3.5571431913699896
SQN2,SQN NG Unit 2 20250527_1433,SQN,ON,cluster,1,4699381.124188495,2349.6905620942475,136417.37557286397,6457.825774767961,2229251.8908767398,4458.503781753479,136417.37557286397,8145.919209967259,2403048.7854845678,4806.097570969135,72349.50753642619,8909.276881508416,54938.85020608359,109.87770041216716,6225.159676310199,418.1205144738585,12141.597621104433,24.283195242208865,470.1609503576801,52.021071561804746,0.4743713761376811,0.5113543085738835,0.0116906564405479,0.0025836588478873,15.36294159509966,14.61717706078971,14.692249232558323,10.91399423314543,9.404475013809114,1.0779619814692174,0.0246445233178436,0.0054464897712047,0.0050525805778225,0.0228621451790386,0.0144810219616109,0.7313875967778175,0.0054317112820993,0.0143771733188232,489.1899998895093,282.1251062683883,9.270301883739076,131.6812732345346,0.8210650159956747,0.0745363808082046,0.10452,58.05759182658979,-0.004111725260677,1.8984,7.619553256349923,1.196632247647198,-1.737567348993532,5.287774218749211,ON,1,0.7741,ON,1,1.0,ON,1,0.5005,ON,1,0.6806,OFF,0,0.7213,ON,1,1.3165,ON,1,0.5415,ON,1,0.6367,OFF,0,0.4301,ON,1,0.763,OFF,0,0.7279,ON,1,0.1436,ON,1,1.0,ON,1,1.0,ON,1,0.5007,ON,1,0.6789,OFF,0,0.773,ON,1,1.3839,-0.0750722042115477,3.7032005809532293,5.212783956492334,3.778272785164777,5.287856160703882,1.5095833755391048,0.7457647700968764,0.6706925658853287,4.448965351050106,5.9585487265892105,2.210228083308504,2.2853002875200517,-1.4929724976447254,-3.00255587318383,-1.7375946521641115,5.287856160703882,-0.0042056357886125365,-0.053084064676606674,3.054298711868599,3.4670528832791527
SQN2,SQN NG Unit 2 20250527_1635,SQN,ON,cluster,1,17246767.6610341,8623.38383051705,162685.34364807978,18091.15694913993,14084390.664590996,28168.78132918199,162685.34364807978,27000.17245292082,3032799.0022674324,6065.598004534865,34745.14544458338,6844.080451022073,119032.9764632048,238.0659529264096,6853.561471086228,655.515150632945,10545.0177124684,21.090035424936804,320.5288782119751,39.281747488580415,0.816639438844653,0.1758473855434073,0.0069017556682309,0.0006114199437088,16.663135359896287,16.460577768057504,14.9249968439319,11.687164247839108,9.263503599632756,0.2153305083969202,0.0084514111613257,0.0007487024439742,0.0034769919485534,0.039248554346718,0.0075700507324837,0.1950160631728134,0.0007484223061173,0.007541541684665,279.7267723241953,229.52162097543015,3.281389652339135,12.926742563861206,0.8270131405874851,0.0399034053486697,0.08292,18.86560390276904,-0.00525626403793,0.7482,4.3434552953528405,1.2730532542916768,-2.399024722808249,7.197074168424749,ON,1,0.9282,ON,1,1.0,ON,1,0.5028,ON,1,0.6802,OFF,0,0.7213,ON,1,1.0265,ON,1,0.6979,ON,1,0.9441,OFF,0,0.4821,ON,1,0.9113,OFF,0,0.7277,ON,1,0.2514,ON,1,1.0,ON,1,1.0,ON,1,0.5017,ON,1,0.6788,OFF,0,0.773,ON,1,0.9843,1.5355811828533792,4.773421850215831,7.197168924442421,3.237840667362452,5.661587741589042,2.42374707422659,0.20255760485749263,1.7381387877108718,4.975979455073324,7.3997265292999135,3.376542989377908,1.840961806524529,-1.3968788608379228,-3.8206259350645126,-2.3990563081474736,7.197168924442421,-0.0053483914371286806,1.0858198674580843,3.270584227258558,4.411678824164725
SQN2,SQN NG Unit 2 20250528_0552,SQN,ON,cluster,1,9070857.886299187,4535.428943149594,265964.4441164881,13329.036651815291,7759518.410708658,15519.036821417318,265964.4441164881,23037.434997083525,1166240.037806382,2332.480075612764,37496.579371059546,3885.185148024892,138947.22307123736,277.8944461424747,8446.969147084514,869.8875295604922,6152.214712911319,12.304429425822638,80.97270814035801,14.559258008113318,0.8554337977699769,0.1285699822910791,0.0153179803732903,0.0006782395656538,16.020577512900086,15.864430958631852,13.969296346489411,11.841856646828624,8.724729941777893,0.1502979922306443,0.0179066812805628,0.0007928603796364,0.0052752559622956,0.1191411875487215,0.0162562586273295,0.1400210324872379,0.0007925462318848,0.0161255404117973,281.96652644310257,231.0527048961703,8.897390593041894,122.94204536343402,0.7969582876377599,0.0378464489461723,0.08184,58.64151934696287,-0.0049409363746391,0.29784,7.657775091159966,1.361103038661649,-2.37990033895132,7.139701016853959,ON,1,0.9165,ON,1,1.0,ON,1,0.5031,ON,1,0.6802,OFF,0,0.7213,ON,1,0.8851,ON,1,0.5607,ON,1,0.9191,OFF,0,0.4698,ON,1,0.8735,OFF,0,0.7277,ON,1,0.0457,ON,1,1.0,ON,1,1.0,ON,1,0.5021,ON,1,0.6788,OFF,0,0.773,ON,1,0.8005,1.8951353407245168,4.022581379880586,7.139863417862939,2.1274460391560694,5.244728077138422,3.1172820379823527,0.1561465728990541,2.051281913623571,4.17872795277964,7.296009990761993,3.26439503461701,1.3692596938924932,-0.7581863452635762,-3.875468383245929,-2.37995447262098,7.139863417862939,-0.005086057952167031,1.3400630506925841,2.510738180127599,4.47500542860584
SQN2,SQN NG Unit 2 20250528_1059,SQN,ON,cluster,1,158219309.0225553,79109.65451127765,1753295.0545553118,199805.57055121587,137619393.5527233,275238.78710544656,1753295.0545553118,321521.0562977264,20561340.24455622,41122.680489112434,322099.5482691564,62442.99926318311,31251.887176961907,62.503774353923816,2276.399806623871,163.66079774694558,7323.338098836294,14.646676197672589,111.81256935525744,18.89402474189358,0.8698015078115697,0.1299546836070751,0.0001975225866553,4.628599469987762e-05,18.879492666674267,18.7400024223155,16.838923232053652,10.349867040559667,8.89895806786877,0.1494072871108738,0.0002270892667826,5.321443373481079e-05,0.0003561702696289,0.0015199343430559,0.0002438680384757,0.1392464069973454,5.321301789706037e-05,0.0002438383074991,226.1705419959663,194.35465578459065,3.726134183956379,15.513658855475992,0.7865067063047196,0.0071146285137204,0.12288,22.162845551365223,-0.0068438117153042,0.2811,4.707743148404498,1.589571998886899,-3.2803481181489094,9.841044354446728,ON,1,0.9079,ON,1,0.9999,ON,1,0.508,ON,1,0.6802,OFF,0,0.7213,ON,1,1.0922,ON,1,0.8173,ON,1,0.8885,ON,1,0.5054,ON,1,0.8854,OFF,0,0.7277,ON,1,0.5454,ON,1,1.0,ON,1,1.0,ON,1,0.501,ON,1,0.6789,OFF,0,0.773,ON,1,0.9332,1.901079231630387,8.39016737204513,9.841180887610061,6.489088140414744,7.940101655979674,1.4510135155649309,0.13949024530484522,2.0405694769352323,8.529657617349976,9.980671132914907,5.033106872821394,3.132027641191007,-3.3570604992237367,-4.808074014788668,-3.280393629203354,9.841180887610061,-0.006953487252336604,1.344266016258758,6.074430626336755,5.551885653443764
SQN2,SQN NG Unit 2 20250528_1200,SQN,ON,cluster,1,60847437.26969027,30423.71863484513,805702.9188022949,83064.47147749232,46285325.98462224,92570.65196924449,805702.9188022949,141429.6213511952,14535370.812419215,29070.741624838432,237457.23314965144,43410.26461618352,20753.173280564755,41.50634656112951,1016.3314277914797,108.4255437746634,5987.299368240432,11.974598736480864,75.39507845835124,13.897641472350369,0.7606783138536255,0.2388822186215503,0.0003410689786092,9.839854621490962e-05,17.92388027741039,17.650335557050095,16.492095672137737,9.940502627391464,8.697562738985956,0.3140384236949765,0.0004483747891817,0.0001293563184632,0.0004119123925702,0.0014277704744093,0.0004396607414419,0.2731051614118852,0.000129347952656,0.0004395641189778,289.72539188861725,231.67138158469817,4.777598314039499,27.06003430960981,0.783702690899271,0.0105167555674688,0.08184,26.482723182941164,-0.0062393365528713,1.056,5.146136724078644,1.550378782939508,-2.98425760602138,8.952772818064139,ON,1,0.8379,ON,1,1.0,ON,1,0.5042,ON,1,0.6802,OFF,0,0.7213,ON,1,1.1314,ON,1,0.7417,ON,1,0.7727,OFF,0,0.4713,ON,1,0.8296,OFF,0,0.7279,ON,1,0.4479,ON,1,1.0,ON,1,1.0,ON,1,0.5009,ON,1,0.6789,OFF,0,0.773,ON,1,1.0626,1.1582399321049337,7.70988109229476,8.952939802723046,6.551641160189826,7.794699870618112,1.2430587104282864,0.2735447255308685,1.4317846576358022,7.983425817825628,9.226484528253915,4.455265206780686,3.297025274675752,-3.254615885514074,-4.49767459594236,-2.9843132675743487,8.952939802723046,-0.006393939554374838,0.8189993102324451,5.822242078989173,5.193467277389327
SQN2,SQN NG Unit 2 20250528_1504,SQN,OFF,cluster,1,182481.7181022504,91.24085905112518,2631.841391032154,258.2604259781134,62735.61601865378,125.47123203730756,1813.7177055487557,225.1225552711579,4155.459639049846,8.310919278099693,82.41827540306622,11.998470832752355,53300.25639994448,106.60051279988896,2265.600430666018,271.6421404667139,62290.38604460227,124.58077208920454,2631.841391032154,364.3949062815082,0.3437912393147294,0.0227719230302369,0.2920854590489914,0.3413513786060417,12.114410752190665,11.046700543704986,8.332418942602777,10.88371518210772,11.039578429479237,0.0662376478099462,0.8496012278455447,0.9929030747875016,14.990011079461494,12.8265609624126,1.7280428114853692,0.0641362350531984,0.6895924072269204,1.0035844332178157,996.9177254918706,688.6355694400324,5.149694919899966,32.40995490212278,0.7872672444751149,0.1251555674896856,33.92,28.84498697622481,3.5558993596918664e-05,36.58,5.3707529244652905,1.2887791070327708,-0.0023740380752504,2.714281601102209,OFF,1,0.1859,ON,0,1.0,OFF,1,0.2209,ON,0,0.6788,OFF,1,0.721,ON,0,0.7588,OFF,1,0.0218,OFF,1,0.0144,OFF,1,0.3162,OFF,1,0.1018,OFF,1,0.7283,OFF,1,-1.0256,ON,0,1.0,ON,0,1.0,OFF,1,0.2709,ON,0,0.6801,OFF,1,0.7727,ON,0,1.4102,2.7145062796352164,0.16298818327530107,0.007122228156843491,-2.5515180963599153,-2.707384051478373,-0.15586595511845758,1.0677206682814724,3.782226947916689,1.2307088515567735,1.0748428964383159,0.7211541727668394,-1.993352106868377,0.5581659894915383,0.7140319446099959,-0.0023740760522811635,2.7145062796352164,0.0001364109033239912,1.9194457979035282,-0.9751132537385931,-0.8244930708611461
SQN2,SQN NG Unit 2 20250528_1705,SQN,OFF,cluster,1,85110.10154586274,42.55505077293137,1753.9699562593014,134.13474112330792,66513.78461101842,133.02756922203685,1753.9699562593014,241.75934839705937,3901.0896417545578,7.8021792835091155,66.52713653250339,10.47186770507626,2081.4248915692847,4.16284978313857,42.13187617814606,7.301558237492936,12613.802401520474,25.227604803040947,379.04321821552,46.80512418105869,0.7815028228485484,0.0458358005794693,0.02445567393017,0.1482057026418108,11.351712759001078,11.105179526911131,8.269267494203275,7.641288306917255,9.442626197180816,0.0586508445506447,0.0312931357569028,0.1896419287385021,3.2334049090484047,0.5335496187418015,0.2086949305643666,0.0569953092813988,0.1736523616241374,0.1895412077521711,371.1606797305489,595.3774616446037,6.268681139045427,50.45794649347961,0.7753839736763612,0.138573165823253,0.03162,41.21649309300916,-0.0005899971169039,24.006,6.420007250139393,1.2929972893466408,-0.5541844432434383,3.4638912199938767,OFF,1,0.012,OFF,1,0.0218,OFF,1,0.4988,OFF,1,0.6776,OFF,1,0.7213,OFF,1,-0.6549,OFF,1,0.0164,OFF,1,0.0042,OFF,1,0.2968,OFF,1,0.0598,OFF,1,0.7284,OFF,1,-1.0334,OFF,1,0.1225,OFF,1,0.1011,ON,0,0.5019,OFF,1,0.6785,OFF,1,0.773,OFF,1,-0.0175,2.8361533041307805,3.464356510363066,1.6626175704591528,0.6282032062322855,-1.1735357336716277,-1.8017389399039132,0.24653651703685497,3.0826898211676355,3.710893027399921,1.9091540874960078,1.9907818462382512,-0.8453714578925293,-1.4735746641248149,0.32816427577909835,-0.5542058568197176,3.464356510363066,-0.0005793677583570964,2.0054632338355076,1.6707805079213234,-0.378931465918962
WBN2,20251019_1250,WBN,OFF,cluster,4,42947.135541189455,21.473567770594727,432.96653742081617,44.98309037810991,35144.33497590675,70.2886699518135,432.96653742081617,67.92761819536038,4485.332786053168,8.970665572106336,125.77744770766822,16.269079950294643,393.6774398265522,0.7873548796531045,15.374983301238046,1.1476219696821657,2923.790339402988,5.8475806788059765,27.60778998620026,1.5571534419840751,0.8183161585293778,0.104438462065797,0.0091665587207553,0.0680788206840675,10.667748516486212,10.467247170818156,8.408790895577301,5.978068823261107,7.980978078260321,0.1276260537864913,0.0112017325149341,0.0831937875997426,0.65185583282526,0.0877699511980237,0.0837117232239385,0.1201145855127892,0.0799138879302382,0.0803919296643813,328.61850863345853,441.4996535709737,3.657265545341211,17.50225185475557,0.8416706094038137,0.222716820326013,0.03378,20.162766711346944,-0.0013738641132983,0.4566,4.490296951268436,1.0126667553069233,-0.8287563641859444,4.489178347557048,OFF,1,0.0001,OFF,1,0.0,OFF,1,0.4932,OFF,1,0.5,OFF,1,0.7256,OFF,1,-1.4835,OFF,1,0.0071,OFF,1,0.0004,OFF,1,0.235,OFF,1,0.0463,OFF,1,0.7335,OFF,1,-1.2346,OFF,1,0.032,OFF,1,0.001,ON,0,0.5028,OFF,1,0.3903,ON,0,0.7957,OFF,1,-0.6783,2.0586507456058314,4.491686823782065,2.486582602186627,2.433036078176234,0.4279318565807957,-2.005104221595438,0.20050651518233842,2.25915726078817,4.692193338964404,2.6870891173689655,2.2592300428936305,0.2005792972877991,-2.232456780888435,-0.22735255929299658,-0.8288608673955423,4.491686823782065,-0.0016071303106136763,1.4556859023126256,2.827006286660436,0.26252412261752256
WBN2,20251022_1733,WBN,ON,cluster,4,84028427.97125077,42014.213985625385,3909501.632523552,252273.378830154,647796.1752556217,1295.5923505112432,56606.82586431527,5447.026800486171,29691.23975591179,59.382479511823576,354.4564909144683,48.56884444766632,967445.5714953572,1934.8911429907143,24004.31918023364,3858.023110690124,82383494.98474386,164766.98996948774,3909501.632523552,484179.78447831824,0.0077092502013396,0.0003533475571632,0.0115133127544211,0.9804240894870756,18.246665739683586,13.381332925190597,10.29864100296948,13.7824154791006,18.226895683371406,0.0458342313369629,1.4934413144877057,127.175025311176,2774.673461237532,32.58353573027029,123.02950388340015,0.0448148744383128,4.853396715143324,4.820519471846652,1687.7326002376635,166.8269660949448,9.04745032576034,95.959619446923,0.6012396517877394,0.0119903688240951,63.18,93.0518808196942,0.0027593731857138,64.86,9.646340281143084,2.567236796774396,1.61518758606027,7.928254680401926,ON,1,1.0,ON,1,1.0,OFF,0,0.0,ON,1,1.0,OFF,0,0.7194,OFF,0,-37.456,OFF,0,0.4759,ON,1,1.0,ON,1,0.7433,ON,1,0.9827,OFF,0,0.7313,OFF,0,-1.3202,ON,1,1.0,ON,1,1.0,ON,1,1.0,ON,1,1.0,OFF,0,0.2919,ON,1,82.9219,3.082724057927546,-0.40108306395490345,-4.845564289736702,-3.4838071218824496,-7.928288347664248,-4.444481225781798,4.865334346286497,7.948058404214043,4.464251282331594,0.019770056549795356,-0.5409808239410143,-3.6237048818685604,-0.13989775998611087,4.304583465795687,1.6151880965789005,7.928288347664248,0.0027711239661994155,2.1798150858874794,-1.5859997770079384,-4.970504845452705
WBN2,20251023_1601,WBN,ON,cluster,4,89040531.53857864,44520.26576928932,3439955.8313548714,233877.58550892893,12087987.195808535,24175.974391617077,448699.72571194544,44066.96296821273,48836.327912558336,97.67265582511668,2199.989805059522,166.0751943472362,691572.2553303946,1383.1445106607891,21931.22549571935,2770.018501027066,76212135.75952716,152424.2715190543,3439955.8313548714,448278.8859039944,0.1357582551107207,0.0005484730051437,0.007766937633686,0.8559263342504496,18.30460224580517,16.30772280641277,10.79625021568286,13.446724361324042,18.14903128303336,0.0040400711153539,0.0572115310951137,6.304782965516965,1560.5623726342565,14.161020798994077,6.336395010156076,0.0040319319425719,1.9885293343597896,1.9928475789456723,1489.4581775170452,547.408405281784,8.943591690589207,94.0019601891614,0.6617512859551272,0.0300641289305489,63.18,77.26718993954864,0.0003930276685898,64.58,8.790175762718036,1.926533463089909,0.6137694922068633,7.3527810673505,ON,1,1.0,ON,1,1.0,OFF,0,0.0,ON,1,1.0,OFF,0,0.7207,OFF,0,-3.1993,ON,1,0.7795,ON,1,1.0,ON,1,0.6815,ON,1,0.9858,OFF,0,0.7318,OFF,0,-0.5014,OFF,0,0.0,OFF,0,0.0,OFF,0,0.0,ON,1,1.0,OFF,0,0.2919,OFF,0,-4.4488,5.511492984353541,2.8609998083414343,-1.8413085462260739,-2.650493176012107,-7.352801530579615,-4.702308354567508,1.9968795108883164,7.508372495241858,4.857879319229751,0.15557096466224252,1.6327960616172241,-3.8786969227363173,-1.2282037467242102,3.474104607843298,0.6137695154086913,7.352801530579615,0.00039617415527795646,3.897214063698472,0.08593897277975279,-4.011550461062496
WBN2,20251102_0839,WBN,ON,cluster,4,21478133.62763308,10739.066813816538,710063.795330286,43457.038981644415,4964309.440820667,9928.618881641334,143874.6620254228,23499.14593940687,17243.730933600436,34.48746186720087,500.76285917521454,45.10284193320116,308279.2970926345,616.5585941852689,6305.573060056428,902.6682122661456,16188301.158786174,32376.60231757235,710063.795330286,79467.83804705887,0.2311331853543245,0.0008028505284749,0.0143531697137786,0.7537107944034218,16.882545981544965,15.417784961792096,9.755261922674586,12.63876470360184,16.59979945040699,0.0034735407087649,0.0620991299530292,3.260937165936773,938.7934212255371,17.87776080836753,3.3115335492978755,0.0034675218999286,1.4494891280905238,1.4612936527316724,1310.6233514676444,698.2540732321212,8.543803822035295,96.83404634145124,0.719425109139915,0.0452659198241843,63.32,66.11969248731502,0.0009301827896054,64.3,8.131401631157326,1.6861750554436163,0.3940048295382983,6.844537527732404,ON,1,1.0,ON,1,1.0,OFF,0,0.0,ON,1,1.0,OFF,0,0.7263,OFF,0,-7.4979,OFF,0,0.2206,ON,1,0.9858,OFF,0,0.4668,ON,1,0.7039,OFF,0,0.7327,OFF,0,-0.6508,OFF,0,0.0,OFF,0,0.0,OFF,0,0.0,ON,1,1.0,OFF,0,0.2919,OFF,0,-3.731,5.66258082808838,2.7790233005588583,-1.182014628279756,-2.883557527529522,-6.844595456368136,-3.961037928838614,1.4647611746317573,7.1273420027201375,4.2437844751906155,0.28274654635200136,1.8148973750918707,-3.8476834529965096,-0.9641259254669876,2.9969120033716266,0.39400487609325197,6.844595456368136,0.0009431859392496823,4.004049302558229,-0.04267591945573491,-3.460535903768457
Harq_ST3,HARQST-3 EMI Gen_20250402_1158 – HARQST-3 EMI - GEN HFCT,Har,OFF,cluster,2,634651.3508606318,79.33141885757897,3466.958745316384,244.83868753449684,335925.50936222874,167.96275468111438,1902.550226231164,286.4368367492238,69760.60087222021,34.880300436110105,2798.17446693132,203.52278236848568,13194.017591677117,6.5970087958385575,121.49699978181164,10.025614636236607,215771.2230345058,107.8856115172529,3466.958745316384,316.6682528632374,0.5293071682691451,0.1099195657231642,0.02078939495486,0.3399838710528305,13.360832648993869,12.724647692885943,11.152839006602528,9.48759458214435,12.281978607277344,0.2076668753273799,0.0392766170592026,0.6423186600014862,3.09302414734986,0.189132797403155,0.5643901401832512,0.1886902960248706,0.496109060411843,0.4474960612606256,2754.519358074165,2805.046109424626,6.560520381182872,58.3515189063793,0.8113311062411316,0.1253021983183546,30.805,43.70221527912073,-8.873404978722075e-05,35.145,6.610765105356149,1.3213147872784192,-0.1475563618695332,3.237053110741593,OFF,1,0.0006,OFF,1,0.0,OFF,1,0.1926,OFF,1,0.6759,ON,0,0.6669,OFF,1,-1.0203,OFF,1,0.0771,OFF,1,0.0277,OFF,1,0.3292,OFF,1,0.3435,ON,0,0.6239,OFF,1,-0.4182,OFF,1,0.0008,OFF,1,0.0,OFF,1,0.3073,OFF,1,0.4819,ON,0,0.6834,OFF,1,-0.9507,1.5718200440735792,3.2371259229491383,0.4426707432901633,1.665305878875559,-1.129149300783416,-2.794455179658975,0.6361863572868973,2.2080064013604765,3.8733122802360356,1.0788571005770606,1.3129041775782202,-0.258915866495359,-1.924221745370918,0.8702334342880569,-0.14755691443005445,3.2371259229491383,-8.17191955253208e-05,1.111444611969366,2.001409402210608,-1.0048590150880428
Harq_ST3,HARQST-3 EMI Gen_20250404_1915 – HARQST-3 EMI - GEN HFCT,Har,OFF,cluster,2,915622.9651183764,114.45287063979704,2832.8367092304543,290.4695797003079,364588.6401715253,182.29432008576265,2446.5167924808475,335.21812542081534,73293.43075869436,36.64671537934718,2832.8367092304543,211.93722730035557,15440.53658578782,7.720268292893909,85.19840194963854,10.463450341480105,462300.35760236887,231.15017880118444,2395.7959747696304,380.0340419099831,0.3981864305078776,0.0800476108080345,0.0168634221442792,0.5049025365398085,13.727361040940789,12.806527726592414,11.2022399062528,9.64481633843191,13.04397224659837,0.201030483901011,0.0423505696131433,1.2680053810332814,6.3075278754258814,0.2106674012356221,1.0910263879317357,0.1831799248748197,0.8189007584523214,0.7376550401333604,3758.095827851602,3015.5428425109226,4.22671085153894,21.185917558918625,0.8314848400492599,0.1158503696412069,1.57035,24.75111977001788,3.3457599091968344e-05,65.035,4.975049725337104,1.269137910341665,0.0791481733353188,3.39915590816646,OFF,1,0.1634,ON,0,0.9203,OFF,1,0.4718,ON,0,0.6766,ON,0,0.6664,OFF,1,-0.4827,OFF,1,0.0838,OFF,1,0.0334,OFF,1,0.3319,OFF,1,0.3619,ON,0,0.6239,OFF,1,-0.395,OFF,1,0.0438,OFF,1,0.0385,OFF,1,0.4889,OFF,1,0.6342,ON,0,0.6827,OFF,1,-0.7559,1.6042987212206548,3.1617734078385205,-0.23744509972587124,1.5574746866178657,-1.841743820946526,-3.3992185075643917,0.9208349650098313,2.525133686230486,4.082608372848352,0.6833898652839601,1.1321567573333269,-0.4721419638873279,-2.0296166505051936,1.3696018570591981,0.07914836657529041,3.3992185075643917,4.582852855870388e-05,1.1344105048240316,1.9266249668366628,-1.5814800017114772
Harq_ST3,HARQST-3 EMI Gen_20250425_1147 – HARQST-3 EMI - GEN HFCT,Har,OFF,cluster,2,1505264.6362202263,188.1580795275283,12276.493588083016,720.5795013759565,340004.4948953684,170.0022474476842,2593.8198577333824,296.9548653821039,76101.63195623027,38.05081597811513,2794.5636096040253,218.24914928242853,19215.809747948213,9.607904873974109,101.83816621941884,14.360249613329708,1069942.6996206793,534.9713498103396,12276.493588083016,1328.8704741566976,0.225876890158751,0.050556978570442,0.0127657351973668,0.7108003960734399,14.224479943062295,12.736717057918716,11.239838128747513,9.863540682688187,13.883116587876822,0.2238253702481952,0.0565163403319273,3.146848690770374,14.059392316606242,0.2525019405463953,2.6175017359320227,0.2019815025457533,1.4223486941675334,1.285783659394022,4890.442271950079,2634.815060698093,9.262773551520302,110.65025866866496,0.7881411978908758,0.081658021823519,30.945,65.24563611035578,0.000103348320352,71.895,8.077477088140773,1.464703338029818,0.3821331766527021,4.019575905188635,OFF,1,0.0017,OFF,1,0.0003,OFF,1,0.1961,OFF,1,0.6764,ON,0,0.6667,OFF,1,-0.8211,OFF,1,0.0764,OFF,1,0.0265,OFF,1,0.3337,OFF,1,0.3231,ON,0,0.6239,OFF,1,-0.4369,OFF,1,0.0817,OFF,1,0.0765,OFF,1,0.3148,ON,0,0.6474,ON,0,0.6831,OFF,1,-0.7956,1.496889128274283,2.873225473225135,-1.1464015364623137,1.376336344950852,-2.643290664736597,-4.019627009687449,1.4877651619420504,2.9846542902163335,4.360990635167186,0.34136362547973675,0.8059282662592757,-0.6909608620150074,-2.0672972069658595,1.9523298027215894,0.3821338454874379,4.019627009687449,0.00011808455695016705,1.0584604532871655,1.7348763474908524,-2.2543562742964784
Harq_ST3,HARQST-3 EMI Gen_20250530_1544 – HARQST-3 EMI - GEN HFCT,Har,ON,manual,2,2468845.496126579,308.6056870158224,29047.063752953185,1045.392660844475,966445.1030454604,483.2225515227302,29047.063752953185,1660.005746892701,57661.525981734885,28.83076299086744,1230.4563874699088,90.694119744586,27772.461762393024,13.886230881196512,104.41224888060252,15.958297893535509,1416966.405336991,708.4832026684954,8829.361751403252,1118.8196674232313,0.3914562918423754,0.0233556640430521,0.0112491696244118,0.5739388744901606,14.719261593906303,13.78138081099071,10.962362778448847,10.231836230882124,14.16402951582321,0.059663529568283,0.0287367194213595,1.4661633660001818,24.57386240109673,0.481646319431586,1.410730900619537,0.0579514327984352,0.902663649912119,0.8799299797883747,4173.956700177152,3205.0560213121635,11.09575782364218,208.08758747559307,0.8104267893447085,0.1108385335276726,0.04755,94.12355304863358,4.479553740492287e-05,74.31,9.701729384372278,1.3291315416089802,0.1275495682774998,3.932193284941084,ON,1,0.4879,ON,1,0.9998,ON,1,0.501,ON,1,0.6767,ON,1,0.6663,OFF,0,-0.2491,OFF,0,0.0775,OFF,0,0.0468,OFF,0,0.346,OFF,0,0.3779,ON,1,0.6239,OFF,0,-0.4438,OFF,0,0.1787,ON,1,0.6091,ON,1,0.5093,ON,1,0.6571,ON,1,0.6826,OFF,0,-0.6557,2.8190343402585594,3.5495795516318367,-0.3826490338190993,0.7305452113732773,-3.2016833740776587,-3.932228585450936,0.9378814125874406,3.756915752846,4.487460964219277,0.5552323787683413,1.4964912145178246,-1.3225431257407347,-2.053088337114012,1.879140248336924,0.12754967793969976,3.932228585450936,4.416706477692068e-05,1.9933582983945726,1.7473536174688853,-2.1698442564447658
Harq_ST3,HARQST-3 EMI Gen_20250616_1111 – HARQST-3 EMI - GEN HFCT,Har,ON,manual,2,2797070.427240012,349.6338034050015,62423.51584527266,1744.0221168582043,1727047.1638887972,863.5235819443985,62423.51584527266,3304.265429397278,51665.35673439584,25.83267836719792,939.5232647639972,74.52873221525375,65984.41070306546,32.992205351532725,517.2329454672437,66.93803583259954,952373.495913754,476.186747956877,7145.137539591873,867.7787122475141,0.6174485801535387,0.0184712391333586,0.023590543184204,0.3404896375288988,14.844083508947774,14.361924245500092,10.852562108526168,11.097188946619866,13.766713614481304,0.0299154289556464,0.0382064902932065,0.5514461421937895,18.43350275875062,1.2771500067444548,0.5725252927659458,0.0294766910604616,0.4391874909256176,0.4526827938929597,2693.3830405886206,3118.4536088777363,17.392661248448796,438.9174760544384,0.7727480902305746,0.1044624307499041,0.051465,178.5397042200349,-5.576146347315676e-05,72.97999999999999,13.3618750262894,1.4306614719827369,-0.1984035436729291,3.509362136973923,ON,1,0.8414,ON,1,0.9694,OFF,0,0.4958,ON,1,0.6767,ON,1,0.6664,ON,1,0.261,OFF,0,0.0836,OFF,0,0.0962,OFF,0,0.3721,OFF,0,0.4163,ON,1,0.6237,OFF,0,-0.4827,ON,1,0.9091,ON,1,0.9984,ON,1,0.5046,ON,1,0.6766,ON,1,0.6826,OFF,0,-0.0944,3.509380913093228,3.2647498748373778,0.5952111020036419,-0.2446310382558501,-2.914169811089586,-2.669538772833736,0.4821594849536428,3.9915403980468707,3.7469093597910206,1.0773705869572847,1.8423354724835619,-1.667045440609666,-1.4224144023538159,1.24712437047992,-0.19840370066788063,3.509380913093228,-5.725177540467907e-05,2.4815070414148597,1.2329583520321195,-1.4400551820190486
Harq_ST3,HARQST-3 EMI Gen_20250713_1931 – HARQST-3 EMI - GEN HFCT,Har,ON,cluster,2,4893067.343672216,611.633417959027,159378.87546304247,4258.0879979968495,3283185.233496913,1641.5926167484563,159378.87546304247,8333.100157760164,53227.730906179815,26.613865453089907,800.095490340467,70.47730672380133,91197.1880111174,45.598594005558695,1140.7180025907146,120.97195825183856,1465457.191258005,732.7285956290027,8670.219542086124,1151.9421852082262,0.6709871340198853,0.0108781929958545,0.0186380406411235,0.2994966323431365,15.403330137815695,15.004324921495888,10.88235358418016,11.420790307565897,14.197678510072436,0.0162122229239776,0.0277770462295713,0.4463522728800482,27.53183662503885,1.7133397658853786,0.4665652591201797,0.0160822081744135,0.3690447129321859,0.3829231083567531,2322.2150925604187,3041.380605985096,19.85019154389413,496.9163698050846,0.7235467195656852,0.0769012479817729,0.04323,260.57908345631483,-1.679809919811173e-05,65.21,16.142462124912985,1.642593319844777,-0.2688821371411508,4.121971337315729,ON,1,0.861,ON,1,0.9737,ON,1,0.5052,ON,1,0.6767,ON,1,0.6664,ON,1,0.2307,OFF,0,0.0868,OFF,0,0.1411,OFF,0,0.3944,OFF,0,0.4227,ON,1,0.6236,OFF,0,-0.5216,ON,1,0.929,ON,1,0.9965,ON,1,0.5113,ON,1,0.6622,ON,1,0.6826,OFF,0,-0.392,4.121989819756539,3.5835452745380287,0.8066467892219009,-0.5384445452185105,-3.3153430305346383,-2.776898485316128,0.3990053165312677,4.520995136287807,3.9825505910692964,1.2056521057531686,2.128045470879119,-1.9939443488774202,-1.4554998036589097,1.321398681657218,-0.26888226307396695,4.121989819756539,-1.7188120562223367e-05,2.914686953531764,1.2431571670349557,-1.5258197691232214
Harq_ST3,HARQST-3 EMI Gen_20250927_1547 – HARQST-3 EMI - GEN HFCT,Har,ON,manual,2,2354635.219702539,294.32940246281737,19157.34600950125,1007.98278151704,725816.5144182283,362.9082572091141,19157.34600950125,1012.8115227262928,77912.70621137421,38.95635310568711,874.005236360608,99.46262276464148,162898.2492134918,81.4491246067459,2612.1705524926647,279.2186334994349,1388007.7498594448,694.0038749297224,14643.740057387397,1635.694947676247,0.3082500883130087,0.0330890770508465,0.0691819471017981,0.5894788875343467,14.67189680203682,13.49505390466068,11.263357162612852,12.000887185699783,14.143380723962334,0.1073449069613924,0.2244344761758927,1.9123397198671863,17.81490872715957,2.0907789901362723,1.929637444133364,0.1019651742697516,1.0689567855722557,1.0748786761690192,4594.017877968126,3050.1295701481745,9.035336940795895,106.39170457532477,0.8135437484329588,0.1420274397698303,0.04242,65.08811504795172,2.484912922836915e-05,74.52,8.067720560803718,1.259767531480399,0.2161089397672183,2.880023561349482,ON,1,0.5782,ON,1,1.0,ON,1,0.5166,ON,1,0.6769,ON,1,0.6661,OFF,0,-0.3953,OFF,0,0.1754,ON,1,0.5058,OFF,0,0.4235,OFF,0,0.5927,ON,1,0.6232,OFF,0,-0.3727,OFF,0,0.048,OFF,0,0.3273,ON,1,0.5255,ON,1,0.6615,ON,1,0.6823,OFF,0,-1.0273,2.2317081990847214,1.4941714799857237,-0.6483274766025691,-0.7375367190989977,-2.8800356756872905,-2.142498956588293,1.1768438504397238,3.4085520495244452,2.6710153304254476,0.5285163738371548,0.7693880506169695,-1.462320148467752,-0.7247834293687543,1.4177155272195385,0.21610915886752302,2.8800356756872905,2.4254129327584627e-05,1.5780560012024243,0.3088948476375397,-1.6370368825490256
Harq_ST3,HARQST-3 EMI Gen_20251019_1117 – HARQST-3 EMI - GEN HFCT,Har,ON,manual,2,2249705.515163709,281.21318939546364,10048.676645374162,783.5083445655138,761342.6689093519,380.671334454676,10048.676645374162,888.3284290540663,75118.8579920388,37.5594289960194,895.5946223053761,98.12197804510944,137078.31082471125,68.53915541235563,2148.8429222913105,213.0422350904841,1276165.6774376067,638.0828387188034,9695.622942941496,1170.2793344870474,0.3384188124968657,0.0333905293318234,0.0609316685676241,0.5672589896036866,14.626310327967849,13.542840136623024,11.22684022346554,11.828314948435136,14.059371359307278,0.0986662918808298,0.1800481129225297,1.6762040662505877,16.988619256643492,1.8248188868554711,1.6895504967166697,0.0940969822511719,0.9843993972996692,0.9893740780584048,4389.912975173681,3061.352178019936,6.325279784552016,52.58643319474141,0.8337090802065585,0.152670416464992,0.047415,35.733304924184644,4.027209067818376e-05,74.45,5.9777340961079215,1.189297798760515,0.1721770742280846,2.832531135841739,ON,1,0.5144,ON,1,1.0,ON,1,0.5106,ON,1,0.6768,ON,1,0.6661,OFF,0,-0.403,OFF,0,0.1611,OFF,0,0.3987,OFF,0,0.4085,OFF,0,0.5721,ON,1,0.6233,OFF,0,-0.3618,OFF,0,0.0243,OFF,0,0.0469,ON,1,0.52,ON,1,0.6467,ON,1,0.6823,OFF,0,-0.9642,2.3160119118371902,1.71453116979324,-0.516531752555391,-0.6014807420439503,-2.832543664392581,-2.231062922348631,1.0834710603104458,3.399482972147636,2.7980022301036858,0.5669393077550549,0.8785028322687598,-1.4375090795684304,-0.8360283375244801,1.3950345848241508,0.172177250851797,2.832543664392581,4.090025419678813e-05,1.6376677281688978,0.454400934328719,-1.6108471861541225
Harq_ST3,HARQST-3 EMI Gen_20251118_1432 – HARQST-3 EMI - GEN HFCT,Har,OFF,cluster,2,1186008.926016617,148.25111575207717,13024.461641367576,646.6039208220399,326207.28418129374,163.10364209064687,2282.1282047083514,275.79941197334483,30938.3301381786,15.469165069089298,1044.8213319231436,73.6454500339912,14655.692526133049,7.327846263066523,80.3550354379413,11.756750886295954,814207.619171012,407.103809585506,13024.461641367576,1219.0338812308182,0.2750462302816793,0.0260860854075436,0.0123571519612051,0.6865105323495718,13.986105227827396,12.69529136486526,10.33978347354293,9.59265233785359,13.609971901056165,0.09484254839904,0.044927545265798,2.495982335930948,26.31711587238977,0.4737066435131832,2.320799355955112,0.0906105615130855,1.2516144051291935,1.2002055238139822,4599.098268506355,2731.566438977069,12.298364531444047,189.86184425946152,0.7790569745722179,0.0798646842470758,30.735,87.85405475895249,5.8561574661480135e-05,60.135,9.37304938414221,1.493112974778352,0.3048935120636346,4.017319563202573,OFF,1,0.001,OFF,1,0.0,OFF,1,0.2037,OFF,1,0.6763,ON,0,0.6667,OFF,1,-0.9286,OFF,1,0.04,OFF,1,0.0129,OFF,1,0.3186,OFF,1,0.265,ON,0,0.624,OFF,1,-0.6152,OFF,1,0.052,OFF,1,0.0017,OFF,1,0.3228,OFF,1,0.6197,ON,0,0.6831,OFF,1,-0.7595,2.355537147634223,3.1027041920256657,-0.9146823735344629,0.7471670443914427,-3.270219521168686,-4.017386565560129,1.2908160853292898,3.646353232963513,4.3935202773549555,0.3761337117948269,1.135889741531356,-1.219647406102867,-1.9668144504943097,2.050572115065819,0.3048941245114876,4.017386565560129,7.299399760440555e-05,1.665616290428977,1.5717033507732832,-2.367796725251983
