site,spectrum id,running state,y,ssn_B1,lr B2 B4,slope_diff_B1_B2,rolloff_norm_B3,spectral spread,spectral slope norm,curvature_B2,lr B3 B4,slope_loglog_B3,flatness_B1,rolloff_norm_B2,curvature_B1,band range,entropy_B3,trans_B2_B3,slope_r2_B2,energy_concentration,trans_B3_B4,entropy_B2,rolloff_norm_B4,crest_B1,crest factor,spectral centroid,B4 B1 ratio,B3 B2 ratio,_old_total,score_weighted,score_unweighted,pred_weighted,pred_unweighted
WBN2,20251022_1733,ON,1,-0.15630648689976326,-7.93,2.6254557798620826,0.922,166.83,0.0028,1.5904835176432628,-4.44,0.1364258391078391,0.1579331672854049,0.93,0.12765035076909179,7.93,0.8279647783055865,0.8152961819028626,0.07440067536097772,0.9543005168035565,1.242190706924255,0.9490107924847122,0.498,6.609981043943327,9.65,1687.73,127.18,32.58,0.0,0.27665410262047335,0.27999999999888003,0,0
WBN2,20251102_0839,ON,1,-0.21742765891954038,-6.84,2.6883320032593736,0.902,698.25,0.0009,1.8587008497127562,-3.96,0.5502806863126136,0.16775455393088934,0.802,-0.10021102417142404,6.84,0.8898343824298685,1.295603736237827,0.028479203245665996,0.8581606411731154,3.2922571307567345,0.9169509500583177,0.5,3.806691988474975,8.13,1310.62,3.26,17.88,0.0,0.17285087485396225,0.15999999999936002,0,0
Decatur,20241116_1140,ON,1,-0.14611663707930916,-4.92,2.118895478141403,0.6235,1028.23,0.0007,1.1900558282415017,-1.43,-0.22508846232453242,0.4209297691027387,0.9505,-0.36486829475378774,4.92,0.8754915473981306,0.18596307915347143,0.004284694124057853,0.7662242640180772,1.5227130133615185,0.934314241360334,0.5215,3.482495466275243,7.01,6385.14,109.91,32.73,1.0,0.3291760544464334,0.31999999999872003,0,0
Decatur,20241112_1127,ON,1,-0.1610314320041751,-4.93,2.1333630898715974,0.6235,1043.29,0.0007,1.0700223624688703,-1.43,-0.2726216196037669,0.35874475252135385,0.9155,-0.4898150923929892,4.93,0.8854528475917064,0.43658190260449103,0.0007760544245833945,0.7637160092692615,1.4403521459091646,0.9336368036370551,0.518,3.8181876780655752,7.04,6371.33,96.25,32.92,1.0,0.3291760544464334,0.31999999999872003,0,0
Decatur,20241102_1259,ON,1,-0.14543761434164582,-5.21,1.9889334674811274,0.6535,1001.08,0.0007,1.0670532193101918,-1.76,-0.3014622624353713,0.41799877062525775,0.9115,-0.21779468416934353,5.21,0.9075658686475314,0.2638517808890901,0.0002862999275905498,0.7752195847948462,1.4595849788698105,0.9314278259885392,0.519,3.6563741149846467,7.69,6454.28,97.97,31.51,1.0,0.3291760544464334,0.31999999999872003,0,0
Decatur,20241130_0741,ON,1,-0.15286478451851054,-3.06,3.3927195762380147,0.106,1154.09,0.0007,2.1876112838578012,1.2,-2.304618336944099,0.34952220005314677,0.984,-0.5049742129318711,5.74,0.6777129486486639,2.0065770175321127,0.1553659874165485,0.9097367439090527,1.5824090042240204,0.8391862187086215,0.522,3.578893455919115,12.78,4769.58,93.05,71.04,1.0,0.38608140790423723,0.35999999999856,0,1
Decatur,20241031_1752,ON,1,-0.15579936214350704,-4.98,1.98651515824385,0.6385,1058.13,0.0006,1.1565130445620853,-1.58,-0.4461382664935438,0.3943485991824949,0.9245,-0.45743872127778185,4.98,0.8862420288501461,0.5224107843582635,0.003020831578491534,0.7949604084003178,1.383466143018686,0.924634699743952,0.5065,3.7936190390263875,7.71,6366.91,91.0,30.03,1.0,0.2989101521285345,0.27999999999888003,0,0
Decatur,20241031_1852,ON,1,-0.16609946940485348,-4.52,1.8915792764083712,0.6635,1021.7,0.0006,0.5217534727531541,-1.9,-0.3967934500610791,0.3503224840958821,0.8725,-0.506430223833404,4.52,0.9059189223690395,0.2312610212938102,0.025847067664986123,0.8046160041766861,1.5095325929269867,0.9086950130556126,0.515,3.687763408120632,7.19,6461.38,92.18,13.71,1.0,0.2479409614760568,0.23999999999904,0,0
Decatur,20241101_0053,ON,1,-0.16413344591093787,-4.35,1.7318496163551185,0.6495,1063.92,0.0006,0.6655414042309987,-1.74,-0.39598109227385553,0.3669598594789179,0.838,-0.5232804087040156,4.46,0.9025094774544185,0.21965077670241584,0.04855207480742063,0.787802369516974,1.491060669517199,0.8949375723551829,0.515,3.5908293471806783,7.45,6409.71,86.46,13.58,1.0,0.2989101521285345,0.27999999999888003,0,0
Decatur,20241117_0142,ON,1,-0.15478367377619096,-4.66,1.9343338577015055,0.6505,1060.97,0.0006,0.9248577435456776,-1.73,-0.3558032238284469,0.39146310223157954,0.915,-0.30226745237968744,4.66,0.890347882838174,0.3833350331575369,0.006253863228438461,0.8101257073689074,1.308253380093011,0.9327393411630744,0.506,3.5298941347085417,7.83,6408.56,78.6,18.75,1.0,0.2989101521285345,0.27999999999888003,0,0
Decatur,20241113_1831,ON,1,-0.17821667112477596,-4.59,2.1322188921043956,0.6565,1104.76,0.0006,0.6987363732685704,-1.65,-0.3872083413140834,0.32828718293292763,0.8395,-0.699987269560272,4.59,0.8877886985904819,0.5022782313460787,0.020026745006183178,0.8024431418010652,1.4710770865473712,0.9273701690801911,0.5025,4.0175495222392374,7.85,6370.66,69.02,18.85,1.0,0.2989101521285345,0.27999999999888003,0,0
WBN2,20251023_1601,ON,1,-0.10506693775956928,-7.35,1.575490043998878,0.922,547.41,0.0004,2.097171285754069,-4.7,0.034507877113733515,0.41625351355458123,0.88,-0.0937086743686107,7.35,0.8461803690607917,0.7986909328874212,0.00037321255339295423,0.8822463648463759,1.3962590986300327,0.9009693311063292,0.498,4.30810131849205,8.79,1489.46,6.3,14.16,0.0,0.2838143956546529,0.27999999999888003,0,0
Towantic_GT2,20250103_0833 GT2,ON,1,-0.08267335052497023,-4.3,1.7836707977485788,0.846,2198.72,0.0004,0.24840925061028843,-4.03,0.022069541783962233,0.4301469100475829,0.8845,-1.9228572978975336,4.3,0.9998612869250595,0.026714632435229646,0.22269288320700908,0.35145828495894504,4.0291958205312035,0.9986162255033377,0.8505,2.0126129619008717,1.94,6137.26,6.73,1.31,0.0,0.24031744787506992,0.23999999999904,0,0
EMSA_GT2_NG,20250103_0833 NG,ON,1,-0.08267335052497023,-4.3,1.7836707977485788,0.846,2198.72,0.0004,0.24840925061028843,-4.03,0.022069541783962233,0.4301469100475829,0.8845,-1.9228572978975336,4.3,0.9998612869250595,0.026714632435229646,0.22269288320700908,0.35145828495894504,4.0291958205312035,0.9986162255033377,0.8505,2.0126129619008717,1.94,6137.26,6.73,1.31,0.0,0.24031744787506992,0.23999999999904,0,0
SQN2,SQN NG Unit 2 20250528_1504,OFF,0,-0.3453936850327456,-2.71,4.886234790426,0.766,688.64,0.0001,-0.18129631120681494,-0.16,1.923681752002045,0.14644702966365641,0.78,-1.6837147713261174,2.71,0.7592726584925075,0.9852208854676237,0.38923742744509915,0.7541256555381283,2.4247857666763886,0.8870355758701604,0.544,3.8020057125850073,5.37,996.92,0.99,12.83,1.0,0.2016815840404776,0.1999999999992,0,0
Harq_ST3,HARQST-3 EMI Gen_20250425_1147,OFF,0,-0.2851509633803815,-2.64,4.044363850752612,0.9785,2634.82,0.0001,-0.8532684762828477,-4.02,0.1413050858972016,0.1674490349806323,0.513,-1.4880025103711798,4.02,0.9017554415605062,-0.40601162035142613,0.06383433259475502,0.7811862205598132,4.934229315652606,0.6482857087470341,0.606,3.9060929532634567,8.08,4890.44,3.15,0.25,0.0,0.062886459627308,0.07999999999968001,0,0
Harq_ST3,HARQST-3 EMI Gen_20251118_1432 ,OFF,0,-0.3049801252812156,-3.27,4.267358960433654,0.981,2731.57,0.0001,-0.5964858137776823,-4.02,-0.11239203814102967,0.15485759692967047,0.61,-1.634159835585441,4.02,0.8939815068514693,-0.4006290932987141,0.10731281914347746,0.7861181660319665,5.140539918161883,0.7276528158842965,0.5925,3.740573473921176,9.37,4599.1,2.5,0.47,0.0,0.062886459627308,0.07999999999968001,0,0
Harq_ST3,HARQST-3 EMI Gen_20250404_1915,OFF,0,-0.29942964850133746,-1.84,4.1121934987515,0.932,3015.54,0.0,-0.8748049072006437,-3.4,-0.007966508955516144,0.1561683866139486,0.513,-1.4012933021395522,3.4,0.9155326655846331,-0.3235208270195269,0.059698328512387655,0.7198106688755673,3.990653019242101,0.6491929520988288,0.605,3.6634269159143953,4.98,3758.1,1.27,0.21,0.0,0.11459116711985758,0.15999999999936002,0,0
Harq_ST3,HARQST-3 EMI Gen_20250530_1544,ON,1,-0.21362339083551318,-3.2,1.5955934470885667,0.97,3205.06,0.0,-0.6720505738001169,-3.93,0.39401502293011226,0.18773507228266936,0.513,-0.9003498431349022,3.93,0.9350103987067936,-0.38006434374706627,0.21315062970437348,0.7610678602386219,3.5685410510587863,0.8105603815334192,0.6565,7.753138137709879,9.7,4173.96,1.47,0.48,0.0,0.10750941281332874,0.11999999999952,0,0
Harq_ST3,HARQST-3 EMI Gen_20251019_1117 – HARQST-3 EMI - GEN HFCT,ON,1,-0.20124662072697577,-2.83,1.4665895938474718,0.265,3061.35,0.0,-0.0640332999525684,-2.23,-1.4222826397333714,0.2319620067464035,0.509,-0.8847773385198506,2.83,0.7951791678165118,0.7120150529780345,0.2493780553903001,0.7097331103993186,4.07222269062566,0.8162348335190013,0.656,5.137825482422577,5.98,4389.91,1.68,1.82,1.0,0.21452165083885213,0.1999999999992,0,0
Harq_ST3,HARQST-3 EMI Gen_20250927_1547,ON,1,-0.20343469395290514,-2.88,1.5142098733307483,0.2685,3050.13,0.0,-0.20242025871996222,-2.14,-1.4535851392825958,0.22952781591225996,0.509,-0.7328747274672587,2.88,0.7707562356430451,0.6639446976069274,0.2497816058644461,0.7426231199825136,3.682856717299356,0.8225478247562014,0.6485,7.265562562590546,8.07,4594.02,1.91,2.09,1.0,0.21452165083885213,0.1999999999992,0,0
HARQST3,HARQST3_off_2025-06-21,OFF,0,-0.2343434303774236,-2.8,3.0167577493944946,0.944,2992.95,0.0,-0.28466643570662986,-3.62,-0.08510506041417884,0.27328137552489523,0.551,-0.8944974029136803,3.62,0.9056072660226707,-0.19035252875766084,0.025918864462780133,0.7197909421149378,4.373529463888873,0.7223053010186257,0.603,3.599859223132862,5.09,3996.29,1.47,0.44,0.0,0.15478976982029372,0.1999999999992,0,0
Harq_ST3,HARQST-3 EMI Gen_20250713_1931,ON,1,-0.22134108984300077,-3.32,1.8078337637656396,0.656,3041.38,0.0,-0.16970235096074612,-2.78,-0.840351508613122,0.09097623774750879,0.511,-0.8976432161279126,4.12,0.8402695369921556,0.6583070473271335,0.2666507642211733,0.8332964276074729,3.5219462571608315,0.8332617394836807,0.653,9.853322194292785,16.14,2322.22,0.45,1.71,0.0,0.13506251048881612,0.11999999999952,0,0
HARQST3,HARQST3_on_2025-06-17,ON,1,-0.20593666524878668,-3.42,1.6440460062970401,0.2935,3284.7,-0.0001,-0.11746350921483985,-2.89,-1.3103071716372474,0.1281071807814514,0.512,-0.9195570574112958,3.81,0.8502104249739401,0.20486742827562088,0.22002948171909964,0.8318059908975384,3.9937121465018723,0.8288447795281272,0.646,9.012427970581125,13.7,3029.41,0.67,1.69,0.0,0.14627773077738754,0.11999999999952,0,0
Harq_ST3,HARQST-3 EMI Gen_20250616_1111,ON,1,-0.20832080427590685,-2.91,1.634140565782241,0.493,3118.45,-0.0001,-0.29366622590002195,-2.67,-1.1819375385276694,0.14471713543268153,0.5115,-0.9804394394810031,3.51,0.8643412489581759,0.25116644758532636,0.20918946181094245,0.7881418150956965,4.044572840881332,0.8215949693585547,0.6475,8.50231148941809,13.36,2693.38,0.55,1.28,0.0,0.14627773077738754,0.11999999999952,0,0
Harq_ST3,HARQST-3 EMI Gen_20250402_1158,OFF,0,-0.30367168444593245,-1.13,4.098391847300177,0.8995,2805.05,-0.0001,-0.845495946985596,-2.79,-0.3820084109536169,0.15989419144438508,0.513,-1.462551767012101,3.24,0.9073946207154097,-0.33469619158099895,0.06365942941640734,0.76796761043168,4.798450061860612,0.6499065542208591,0.5925,3.365592808405782,6.61,2754.52,0.64,0.19,0.0,0.09315236194520692,0.11999999999952,0,0
Van_GT4,20250815_1248,OFF,0,-0.0671482022409038,-4.15,-2.065705859852763,0.798,2389.93,-0.0001,-1.797393251870226,-5.62,1.648379456522857,0.8017117446652879,0.4485,-0.17898082064196624,5.62,0.8609704186487983,0.13260724129627643,0.6977666424727523,0.7315443435356352,4.56728158295341,0.8848889236674078,0.5535,2.5125137219870326,7.21,5297.53,3.88,0.23,0.0,0.23927444218664592,0.1999999999992,0,0
Van_GT4,20250731_1620,OFF,0,-0.05306300397021236,-4.0,-2.2612508689568513,0.7915,2476.88,-0.0001,-1.643523111567657,-4.65,2.096753928157545,0.7869395300157092,0.453,0.13364180560870595,4.65,0.8630433086031016,0.24119159688044445,0.6791082989521782,0.7517858507918906,4.218573420712336,0.8780337883718421,0.5745,2.3650854244233854,5.8,5270.54,3.4,0.53,0.0,0.2641295745910211,0.23999999999904,0,0
Decatur,20241028_1110,OFF,0,-0.30314063084907317,0.05,3.7320450842225625,0.1235,2254.47,-0.0002,-0.8458709409456763,0.88,-2.3560496388179293,0.194765987743197,0.765,-1.3386961164917262,1.94,0.7250483168936117,1.2442570264495156,0.10029977789405808,0.7228955668712531,2.6083642644200467,0.8991045613548793,0.8415,3.589040587144151,6.27,1963.36,0.14,2.28,1.0,0.25297940563758425,0.23999999999904,0,0
Van_GT4,20251021_2227,OFF,0,-0.04429781431425374,-3.99,-2.3512997530344855,0.8075,2552.74,-0.0002,-1.6855642895461576,-4.81,2.09760605449921,0.8187883459943968,0.4605,-0.3572594173066694,4.81,0.8613579768066796,0.2520947728439944,0.67411921904093,0.7342035678471991,3.7449636639841968,0.886679086573099,0.563,2.056075013920303,6.24,5040.71,2.85,0.44,0.0,0.2641295745910211,0.23999999999904,0,0
Van_GT4,20250619_1227,OFF,0,-0.05390745082472896,-3.97,-2.0803654998149392,0.8005,2617.89,-0.0002,-1.5631038013339291,-5.31,1.9738805807149655,0.8040883611793173,0.4725,-0.44820367716967774,5.31,0.8884731107995493,0.12564579251330532,0.6437510139791685,0.681006558941341,4.509813109038639,0.8826831551006248,0.542,4.902189674146911,5.6,4857.24,2.53,0.26,0.0,0.23927444218664592,0.1999999999992,0,0
Van_GT4,20250616_1212,OFF,0,-0.0373941849393124,-3.51,-2.4110810802755758,0.8005,2840.75,-0.0002,-1.5663197839949425,-5.66,1.3862572614696649,0.822026571990568,0.453,-0.4390994714027214,5.66,0.8945385639171044,0.14036823555745526,0.6794272754561916,0.5913598726469832,4.565692051656447,0.8752566102040353,0.5505,2.0752860378530986,5.4,4175.78,1.43,0.12,0.0,0.2641295745910211,0.23999999999904,0,0
Van_GT4,20250815_1649,OFF,0,-0.05919852556701151,-3.79,-2.244724439312358,0.784,2599.81,-0.0002,-1.8099912740927344,-4.41,1.907317774205125,0.7771536613629522,0.4445,0.02134133652271094,4.41,0.8387465200732381,0.1432526678359718,0.7120884998222612,0.7413878769305378,3.8894975535638516,0.8819110182133865,0.561,2.359845758017781,6.34,4935.56,2.66,0.54,0.0,0.3021075923345868,0.27999999999888003,0,0
HARQST2,HARQST2_on_2025-06-29,ON,1,-0.131251723345285,-1.97,0.8087701602141854,0.1985,2370.45,-0.0003,-0.36588314497762425,-1.02,-1.1750329399013666,0.21674051376940684,0.5595,-1.5244794657187102,3.48,0.8067097181715707,0.2995452076391949,0.35781464009465636,0.7485140537055409,4.40996933788554,0.8887113807248513,0.59,9.88717256956894,17.14,1768.28,0.22,2.57,1.0,0.2252922387908937,0.1999999999992,0,0
Van_GT4,20250726_1621,OFF,0,-0.04215487754767675,-3.95,-2.456653791006082,0.8135,2457.88,-0.0003,-1.7186129485165038,-5.08,2.0273925565902493,0.8150653227082091,0.45,0.07852475936662565,5.08,0.8691154401192926,0.20604807832385597,0.6856777014674316,0.7739143357339658,3.3995789689166904,0.8786358936958084,0.555,2.2037719691747952,7.59,5116.68,3.16,0.32,0.0,0.2641295745910211,0.23999999999904,0,0
HARQST2,HARQST2_off_2025-04-21,OFF,0,-0.13519011064760597,-2.06,0.4478197400556063,0.823,2761.9,-0.0003,-1.4911321279955654,-3.12,-0.5781301200557325,0.5312148938657776,0.507,-1.372733982008723,3.7,0.8723748572605872,0.13224254670897762,0.2374116721804881,0.5865245929344455,4.241902723699706,0.7944768873651068,0.455,2.596380602459025,4.62,2752.3,0.56,0.34,0.0,0.12194366616294448,0.15999999999936002,0,0
AEP_Turk,AEP_Turk_S2,OFF,0,-0.3432093730992053,-0.02,4.161608331848581,0.656,1555.82,-0.0003,-0.6569071062331399,-2.01,-0.7862080209706369,0.19060204644929682,0.7955,-1.561653621558594,4.98,0.8692523555117139,0.6707733454057885,0.2526326724276873,0.8544657316778483,2.8177306928116916,0.935482599778756,0.864,3.4711207155599966,6.59,789.9,0.05,0.14,1.0,0.07812903124927988,0.07999999999968001,0,0
HARQST1,HARQST1_on_2025-07-04,ON,1,-0.08887569433691007,-1.3,-1.2423847261354684,0.5715,2463.61,-0.0004,0.6089577449555814,-2.62,-0.9935915795746425,0.34954548482343495,0.174,-0.9307644159625228,4.05,0.8727355127030116,0.24169084248101402,0.7013109360168165,0.7310583526166053,4.855524057925814,0.8169151876444211,0.6275,6.879472976804611,11.97,1788.52,0.24,0.27,0.0,0.44023685447642924,0.35999999999856,1,1
HARQST1,HARQST1_off_2025-04-21,OFF,0,-0.13487185069386445,-3.92,0.4340198949992844,0.9575,2020.52,-0.0004,-0.5531347857744213,-4.12,-0.5340718625006501,0.257836023807189,0.4895,-2.4801708388754795,5.9,0.9272212030118108,0.6120508793040254,0.3683454747944086,0.8191005287446229,5.165704045765128,0.8735207881917151,0.4585,4.300530305903694,7.94,1555.43,0.17,0.82,0.0,0.02494062245996054,0.039999999999840004,0,0
Harq_ST1,20250525_1140,OFF,0,-0.17871270265471723,-3.52,1.0189404780179039,0.9635,2043.41,-0.0004,-0.8086031938576924,-4.41,-0.38521778052121125,0.22602369379644704,0.4795,-2.9401877670639287,6.18,0.9142094866432642,1.11046473174961,0.3245554889674612,0.799217934510821,5.205079667569598,0.8709673701876824,0.4915,3.666616136964367,6.76,1531.73,0.17,0.41,0.0,0.02494062245996054,0.039999999999840004,0,0
Harq_ST1,20251118_1033,OFF,0,-0.17043433549849873,-3.3,1.0805823715890397,0.9115,1980.96,-0.0004,-0.9450212588611172,-4.32,-0.34427192889531655,0.23989724969323453,0.4995,-2.634909552602655,6.19,0.9258766068102813,0.5016725991468771,0.23892229879207505,0.8130642424405672,4.736792089657433,0.863458841275523,0.491,4.018402139664691,7.46,1467.63,0.15,0.36,0.0,0.02494062245996054,0.039999999999840004,0,0
Harq_ST1,20250220_1443,OFF,0,-0.14324960389340557,-3.77,0.5197149981784022,0.9415,1858.51,-0.0004,-0.3674899659086356,-3.98,-0.6161884729054447,0.26742823764207263,0.4975,-2.550702317726042,6.0,0.9286964235781763,0.803550020514648,0.3826329561899843,0.8221779512338588,5.028252314088617,0.8694032340904044,0.4725,4.681556818657725,8.78,1384.51,0.13,0.81,0.0,0.02494062245996054,0.039999999999840004,0,0
Van_GT4,20250804_1627,OFF,0,-0.06052879224291744,-2.93,-2.3637836526534635,0.7925,3119.14,-0.0004,-1.752706401519838,-7.32,0.09959910733615678,0.7759176020416811,0.4415,0.12151189356740087,7.32,0.951420160376291,0.14437181700820412,0.6983749854401173,0.6785496592633304,3.016017692459336,0.8735491809634515,0.593,2.3977800000820975,7.01,4360.16,1.35,0.01,0.0,0.2641295745910211,0.23999999999904,0,0
Harq_ST1,20250817_1151,ON,1,-0.08718299599689978,-0.36,-1.991539639938794,0.6355,2241.53,-0.0004,-0.6186818801386111,-2.91,-0.22540605523251975,0.3664495856139172,0.16,-0.5147987194699704,4.57,0.8916187865416529,-0.15417309214735786,0.8154413459198435,0.7251466211507906,4.949572231561543,0.7940652875631619,0.6255,5.923987120057189,10.26,1606.73,0.19,0.08,0.0,0.4121157613081691,0.35999999999856,1,1
Van_GT4,20250726_1219,OFF,0,-0.2749589619912058,-1.04,0.8110662724600144,0.801,2440.44,-0.0004,-2.351915761531473,-4.01,0.7631293933238799,0.24011270091633022,0.5015,-1.3409193027317283,5.49,0.9154596350077502,-0.010060839495009466,0.43348042811520626,0.777068939483489,2.8655255018603745,0.8973026413670867,0.564,3.238751933023433,5.66,1616.62,0.23,0.05,0.0,0.030265902317898916,0.039999999999840004,0,0
Harq_ST1,20250629_1937,ON,1,-0.10255401763910174,-0.74,-1.0515273786021497,0.544,1999.53,-0.0004,0.45755528654054156,-2.14,-1.0962163390783621,0.3108238770248696,0.1755,-0.6713445957691495,4.19,0.8459865338606847,0.17860185761322,0.7367183204935295,0.7700329255296184,5.53413695386096,0.8158563505480916,0.6025,7.301183396365286,13.3,1240.76,0.13,0.25,1.0,0.44964352394860924,0.3999999999984,1,1
Harq_ST1,20251011_19121,ON,1,-0.0770562761016099,0.17,-2.844586273216173,0.6615,2178.23,-0.0004,-1.4526549852172266,-3.07,-0.11189682253408274,0.4215663979610584,0.181,-0.7605201795905006,4.58,0.895125536995952,0.3067260405237242,0.8244487802738049,0.6933300643218135,5.306546398564142,0.7972211290144066,0.6,6.482534464271526,10.61,1790.02,0.22,0.04,0.0,0.37507085351317543,0.31999999999872003,0,0
HARQCT1,HARQCT1_off_2025-01-30,OFF,0,0.04728364075468679,0.88,-2.0273711098188514,0.8305,1836.54,-0.0004,-0.880311781456323,-2.49,-0.4316858348680014,0.6220548957503977,0.5995,1.7789467000395813,4.34,0.8879172767494278,0.3804473749067845,0.23142328394516187,0.624642615868147,3.41837075832522,0.8413339315385602,0.7685,2.225554353161257,4.28,2317.36,0.16,0.03,0.0,0.2855683797656718,0.27999999999888003,0,0
HARQCT2,HARQCT2_off_2025-01-30,OFF,0,-0.05704514422857134,0.6,-0.47852833816395013,0.8405,2193.62,-0.0005,-2.5079685174625133,-3.06,-0.760872516714553,0.7280127463899431,0.446,-0.056043287043587985,4.46,0.8713528767947211,0.48652931718027626,0.14610296114393861,0.5704878742687223,2.091663769740956,0.8007879446525243,0.8125,2.382814619187397,4.03,2237.08,0.25,0.03,0.0,0.2552728742084758,0.27999999999888003,0,0
Har_CT1,20241220_1026,OFF,0,0.046902062775086566,0.71,-1.3700630434939478,0.8035,1970.09,-0.0005,-0.9030952788313134,-2.66,-0.7906452514552212,0.713639983214455,0.6265,1.1439043511774842,4.49,0.8704762579497064,0.8934076918193301,0.08439100950188505,0.5603835974033451,3.1653463046720396,0.8416732369868619,0.9365,3.912271604501596,6.39,2233.63,0.16,0.03,0.0,0.23927444218664592,0.1999999999992,0,0
Harq_ST1,20250511_1129,ON,1,-0.09477966739713314,-0.39,-2.638433600584473,0.6575,2066.97,-0.0005,-1.2481023707219436,-3.31,0.15371657582015016,0.3835816489775739,0.159,-0.8601906002661655,5.19,0.8909188970038083,0.17203640347313032,0.8578062783032223,0.7315248247523958,5.128232436397603,0.7889831145999199,0.6185,4.845549152973168,8.62,1434.18,0.15,0.05,0.0,0.4009124053454897,0.35999999999856,1,1
Harq_ST1,20250307_1027,ON,1,-0.09252289202389768,-0.25,-1.740229960704171,0.5645,2082.24,-0.0005,-0.24236047191683308,-2.54,-1.0532722215320336,0.386473325953859,0.145,-0.9570863722699604,4.4,0.894279541168991,0.3337605121061231,0.8341445316692573,0.7307186697545004,5.283160371410505,0.7707341688175213,0.6215,7.067869605868834,12.45,1460.48,0.16,0.1,0.0,0.4501056433776269,0.3999999999984,1,1
Middletown_ST,20231118_1908,OFF,0,-0.32737835562366224,4.79,3.8354887754077827,0.2375,991.52,-0.0005,-5.341078679847705,-0.79,-1.207697511531058,0.13156692296440345,0.5215,-1.840562639879659,5.59,0.6951735187672129,2.7082686808066665,0.0009526057633686413,0.869703014476401,2.816951963935132,0.6711047040660425,0.8565,3.7724123690271423,25.09,2282.83,0.04,0.0,3.0,0.30468659536884035,0.27999999999888003,0,0
Harq_ST1,20251020_1923,ON,1,-0.10584037737350523,0.15,-1.748947033327834,0.576,2024.88,-0.0005,-0.34345653616241856,-2.42,-0.8168638020798147,0.3800673762190485,0.168,-0.3596237264758768,4.29,0.8709781853679983,0.3126946595846931,0.7785085388480031,0.7340476303184613,5.387490765765705,0.7902837626465893,0.5785,5.52163217103098,9.52,1422.7,0.15,0.08,0.0,0.33538347679149993,0.31999999999872003,0,0
Harq_ST1,20250927_1933,ON,1,-0.06309784267693835,0.27,-2.886741233803187,0.7255,2046.36,-0.0005,-0.6973416760565302,-3.35,-0.20392512004072408,0.4004382882680035,0.1755,-0.7832274220905956,5.17,0.9124806066449734,-0.021331072067356516,0.7722739422063678,0.7132270440497027,5.336525363810427,0.7840071881054044,0.623,8.958855119394206,15.25,1554.52,0.16,0.03,0.0,0.38107142309566916,0.35999999999856,0,1
Van_GT4,20250731_0815,OFF,0,-0.2803819589310031,-0.34,0.7423558396730043,0.8055,2010.55,-0.0005,-2.395714779656011,-3.91,0.44184653353323283,0.2510206185228165,0.499,-1.4575444767251695,6.12,0.9482316900789128,-0.010185956532677287,0.45272879346360606,0.7996973124153092,2.911100543473488,0.9020627922694027,0.9045,2.9829110023170426,5.47,1142.23,0.11,0.03,0.0,0.0,0.0,0,0
Van_GT4,20250616_0812,OFF,0,-0.30071645873542613,-0.12,1.0025855192013626,0.8025,1678.63,-0.0005,-2.1803775612963068,-3.91,0.20741968800743665,0.2079089993645279,0.506,-1.259014388553969,6.57,0.979631349414419,-0.003061314879310606,0.42840149280322737,0.8310447311819978,2.9830742254418534,0.89177912705104,0.9165,3.222755568470726,6.05,901.68,0.07,0.02,0.0,0.0,0.0,0,0
HARQCT3,HARQCT3_off_2025-04-30,OFF,0,-0.13765792576234648,0.39,1.0863640703106894,0.801,1929.98,-0.0005,0.6875974856950018,-2.7,-0.8422959243467565,0.45413907739594445,0.742,-0.6111638624656603,4.77,0.9051214307455302,-1.683715450431266,0.05915641681738559,0.6788355229110478,3.4446051120909216,0.8276758785863754,0.4325,3.7335559710121906,6.49,1425.86,0.13,0.05,0.0,0.2306787146974445,0.23999999999904,0,0
OPPD_NC1,20251022_0829,OFF,0,-0.491935677685206,-2.72,3.3791780821289255,0.848,482.74,-0.0005,0.02126658544471075,-2.89,-0.03292897361768452,0.14269090200807372,0.826,-1.5660943185358656,5.25,0.9993402988567207,-0.007399690271142734,0.5039023895742557,0.8646153016164242,2.823492363210366,0.9963493529163604,0.854,3.1051221664847763,5.91,226.11,0.09,0.84,0.0,0.07602444768431028,0.07999999999968001,0,0
Van_GT4,20251021_1825,OFF,0,-0.05834039939445727,-2.48,-2.165285980151719,0.846,2818.55,-0.0005,-1.7047234104290951,-4.91,1.3514353181949559,0.8072315577572393,0.4635,-0.1441275957391992,5.25,0.8806722843263558,0.11456948798268818,0.6528917521764408,0.6263516865568172,2.400119018954997,0.8898735768569812,0.557,2.2650691024175624,6.45,3135.46,0.71,0.09,0.0,0.2918167414377117,0.27999999999888003,0,0
Van_GT4,20250619_0826,OFF,0,-0.31513703151306954,0.46,1.276257393587866,0.808,1367.54,-0.0005,-2.2932034696331205,-3.35,0.10142091550822904,0.20581361971978263,0.52,-1.5501072138420289,6.61,0.954185287057231,-0.007708882697961106,0.38157108311009924,0.8507144198431557,2.894022316181661,0.8977053045038066,0.9025,3.1058083124834615,5.92,723.58,0.04,0.02,0.0,0.02124314120446558,0.039999999999840004,0,0
Van_GT4,20250815_0847,OFF,0,-0.3034525577554706,0.95,0.8379300778407743,0.823,1247.21,-0.0006,-2.4955124771058643,-3.18,-0.006526364087177315,0.22635086708479488,0.489,-1.3527106591808844,6.76,0.98981465718387,-0.05758411484165826,0.46210210561971865,0.8444153946092571,3.0799285896677002,0.9041118317901123,0.9245,3.4134801950871556,6.51,678.49,0.03,0.02,0.0,0.05828804899945926,0.07999999999968001,0,0
Van_GT4,20250903_0814,OFF,0,-0.29943968422258266,0.63,0.8280691045057207,0.8255,1404.55,-0.0006,-2.4487701117030087,-3.52,0.015679311913507504,0.23294134427133378,0.493,-1.44947496484146,6.81,0.990041377840725,-0.03667651679514672,0.46676817324937825,0.8399449522883531,2.914026611764651,0.9063085380604938,0.9275,3.193908572938388,6.07,740.92,0.04,0.02,0.0,0.05828804899945926,0.07999999999968001,0,0
Van_GT4,20250804_0825,OFF,0,-0.29365353069673084,0.97,0.5890695008967759,0.8275,1329.93,-0.0006,-2.209351792236932,-3.38,0.007795301633831187,0.23937439461292567,0.489,-1.3768407215181409,6.8,0.9853539696834244,-0.0829487642597484,0.4967179881491509,0.8285970816893258,2.9527884706018,0.8969355661939065,0.927,3.294221532220898,6.23,730.11,0.03,0.01,0.0,0.05828804899945926,0.07999999999968001,0,0
SQN2,SQN NG Unit 2 20250528_1705,OFF,0,-0.40001573348432873,-1.17,4.893058456507319,0.748,595.38,-0.0006,-0.3125450430346751,-1.8,0.3309639150878723,0.13801496523295242,0.774,-1.6289919582918695,3.46,0.8462863565433606,1.1034206802501088,0.35549862864648607,0.7799351342967397,4.099623288160521,0.8949760917935861,0.56,3.631117038236684,6.42,371.16,0.19,0.53,1.0,0.07602444768431028,0.07999999999968001,0,0
VAN1,VAN1_off_2025-09-20,OFF,0,-0.3455908305761748,-0.62,2.3396491643179056,0.821,620.39,-0.0007,-1.416465711613653,-3.47,0.237738593803266,0.07284757016519142,0.3815,-3.6170498354239697,8.22,0.8877362282298409,0.5086366850166224,0.47464481729295427,0.9541763569332915,4.486633386776812,0.8606140726871154,0.558,3.927897116957893,7.8,584.6,0.01,0.06,0.0,0.1141624908605651,0.11999999999952,0,0
VAN1,VAN1_off_2025-09-15,OFF,0,-0.3605907105675467,-0.17,2.2268540491047375,0.8105,509.01,-0.0007,-1.264106766701184,-3.36,0.11333981104393255,0.07726221296587157,0.3765,-3.5021713664867913,8.69,0.9288696301337619,0.497079695741612,0.5126211788312836,0.9546198749091567,4.45169852477776,0.840351123184007,0.566,4.023765513826158,8.01,539.84,0.0,0.04,0.0,0.13461331622837375,0.15999999999936002,0,0
Van_GT4,20250619_1628,OFF,0,-0.0369547378639107,0.37,-2.5312422012531184,0.7955,1147.44,-0.0008,-1.4638812494843887,-3.1,0.6447845508519904,0.8471095168155227,0.4545,-0.36986761825731335,6.58,0.8780527186768093,0.07974716554609118,0.6784230192687626,0.5953383422145323,2.9984240814188388,0.8579300138474052,0.583,2.1395659398067575,4.12,1092.27,0.03,0.03,0.0,0.2855683797656718,0.27999999999888003,0,0
VAN1,VAN1_off_2025-09-23,OFF,0,-0.35216466896605547,-0.6,2.4316995111619693,0.7505,544.1,-0.0008,-0.881620635952836,-4.09,-0.464319748732455,0.06586729876949969,0.379,-3.3489886515939236,9.11,0.8897377277477644,0.6621156917686113,0.4096004712608985,0.9597398123539166,3.7447579890667795,0.8397212889792509,0.5215,4.448288224272691,8.85,550.19,0.01,0.03,0.0,0.13910311332052563,0.15999999999936002,0,0
Van_GT4,20250804_1226,OFF,0,-0.07746824632255095,1.35,-2.226502081408054,0.8235,1072.13,-0.0008,-1.771531496363966,-3.25,0.10193120842755844,0.7935722840916171,0.446,-0.1763551164757504,7.19,0.9842696391531077,0.11013372028043322,0.6813352392421829,0.5974409248569916,2.9325115738467784,0.8765981502012437,0.91,2.5055258679816,4.79,957.27,0.02,0.01,0.0,0.2607132473612966,0.23999999999904,0,0
VAN1,VAN1_off_2025-09-26,OFF,0,-0.36291089573841956,0.67,2.41664744992856,0.766,355.05,-0.0008,-0.7401875511335267,-2.53,-0.3094293818712337,0.05995937536196209,0.3765,-3.270839127996137,8.91,0.8911594000609623,0.403703064865482,0.42223851912418686,0.9690555394400185,3.127569428135264,0.8412867481932272,0.713,4.44198008354381,8.86,519.9,0.0,0.04,0.0,0.13461331622837375,0.15999999999936002,0,0
Van_GT4,20250616_1613,OFF,0,-0.016860369171299277,0.8,-2.8138316147889078,0.807,969.15,-0.0008,-1.5290898327937672,-3.47,0.20742338348940348,0.8461930522610877,0.445,-0.29418712263466196,7.44,0.9399963968502852,0.09820322272132465,0.6982307824458287,0.6024929324271491,3.092916359569484,0.8626784288306072,0.7225,1.9375163848640924,3.76,1083.68,0.02,0.01,0.0,0.2855683797656718,0.27999999999888003,0,0
VAN1,VAN1_off_2025-09-17,OFF,0,-0.3693078221181416,1.48,2.446081898477538,0.7305,340.13,-0.0009,-0.7730515473774283,-2.17,-0.5526367466279652,0.07436581611436316,0.376,-3.379760343362582,9.08,0.8806141905248742,0.3511604913493336,0.3800520146362504,0.9610390698298681,3.013498293645827,0.8351136469800281,0.8895,4.005587782259135,7.99,513.0,0.0,0.03,1.0,0.13461331622837375,0.15999999999936002,0,0
Middletown_GT,20250731_1622,OFF,0,-0.009600463029779393,7.05,-0.7205502453856523,0.03,558.14,-0.0009,-1.060747087463011,0.3,-1.7538084152779132,0.22533228466062474,0.2285,-1.3541795647691344,7.05,0.5718708171193968,1.352986782874762,0.0581567719221725,0.9505283434384365,2.7615665320228953,0.4977498420388044,0.8595,4.852809701464431,23.5,2184.13,0.0,0.0,5.0,0.48740059676959463,0.43999999999824,1,1
Towantic_GT1,20250105_0031 GT1,OFF,0,-0.23987511002275033,3.65,0.5706965514186844,0.1305,399.48,-0.0009,-2.7972454123162733,0.94,-2.647033059177007,0.03627602741501747,0.3235,-2.7973550111230967,7.35,0.6997680915621008,0.6428857938033152,0.511089433400075,0.9772129165948248,2.7221471268438764,0.8122149144911036,0.9865,6.266714108952638,12.37,424.52,0.0,0.07,4.0,0.35592667779442755,0.31999999999872003,0,0
EMSA_GT1_ng,20250105_0031 ng,OFF,0,-0.23987511002275033,3.65,0.5706965514186844,0.1305,399.48,-0.0009,-2.7972454123162733,0.94,-2.647033059177007,0.03627602741501747,0.3235,-2.7973550111230967,7.35,0.6997680915621008,0.6428857938033152,0.511089433400075,0.9772129165948248,2.7221471268438764,0.8122149144911036,0.9865,6.266714108952638,12.37,424.52,0.0,0.07,4.0,0.35592667779442755,0.31999999999872003,0,0
AEP_Turk,AEP_Turk_S1,ON,1,0.01870460532758622,0.11,-0.4609555890799224,0.978,735.45,-0.0009,4.196800981939532,-2.48,0.5884477845856975,0.6427373847924621,0.8695,-2.3243390084339355,7.23,0.8858851929682927,-0.7384032177055566,0.004809468904745429,0.7205904799965833,3.654601658741348,0.8350446450127956,0.771,1.8864031888833062,3.74,893.11,0.01,0.07,0.0,0.27736235567006357,0.27999999999888003,0,0
Van_GT1,20250729_0834,OFF,0,-0.20160616558234642,4.16,-1.2578270230882782,0.73,570.82,-0.001,0.412845039290367,-2.23,-0.559159816938459,0.20677153212792015,0.1325,-1.1715164969036111,8.9,0.8958187032233633,0.7077022357020692,0.7614062563416394,0.9071326057511189,3.154278451200882,0.750681591040675,0.8785,4.149115370222529,7.97,634.08,0.0,0.0,3.0,0.43409711202354195,0.43999999999824,1,1
Van_GT1,20250728_0823,OFF,0,-0.19317921666071064,4.28,-1.3683332723225408,0.727,548.09,-0.001,0.612224513151392,-2.15,-0.5765822479868459,0.18851913033719989,0.131,-0.9758405527155659,8.97,0.8798143088664355,0.7010977275956287,0.7658683703376894,0.9157372810478465,3.15427756951724,0.7534955435589582,0.8645,4.281331950311521,8.24,637.21,0.0,0.0,3.0,0.4742957147239781,0.47999999999808,1,1
Towantic_GT2,20250112_0855 GT2,OFF,0,-0.18586685125886115,4.81,1.0540207193584452,0.1115,729.81,-0.001,-2.3640118650734667,1.5,-3.211014277251424,0.09035722331991525,0.6455,-3.020431897671555,7.15,0.7283101350167074,-0.41525268509288793,0.22597275233134861,0.9172215221076272,2.753224966953005,0.8923452711001765,0.881,5.696442262251329,10.86,655.29,0.0,0.04,5.0,0.33819027910957655,0.31999999999872003,0,0
EMSA_GT2_NG,20250112_0855 NG,OFF,0,-0.18586685125886115,4.81,1.0540207193584452,0.1115,729.81,-0.001,-2.3640118650734667,1.5,-3.211014277251424,0.09035722331991525,0.6455,-3.020431897671555,7.15,0.7283101350167074,-0.41525268509288793,0.22597275233134861,0.9172215221076272,2.753224966953005,0.8923452711001765,0.881,5.696442262251329,10.86,655.29,0.0,0.04,5.0,0.33819027910957655,0.31999999999872003,0,0
Middletown_GT,20231027_1917,OFF,0,0.05453616716161123,6.7,-2.5339529312436584,0.4665,559.9,-0.0011,-1.722134061794607,-1.59,-1.1432395310035526,0.14599862678710265,0.152,-1.6513263244699292,9.2,0.8321905847333332,-0.8606751981057713,0.30156913632456106,0.964498743454588,2.797520807589318,0.4229286415003386,0.859,5.202965291789671,15.85,1510.97,0.0,0.0,5.0,0.6205662201447297,0.5599999999977601,1,1
HARQCT2,HARQCT2_on_2025-04-12,ON,1,-0.024831772918256563,3.48,-4.3317584503705975,0.3525,715.84,-0.0011,-0.9208031312303296,-2.36,-2.196298392509439,0.5197393062188699,0.135,-2.8376271377701756,7.84,0.8620237207556983,0.22149575187289638,0.867895622755766,0.7621150080988608,3.379078839153074,0.7593204667360456,0.882,1.865070272118639,3.49,913.86,0.0,0.0,2.0,0.653389860343656,0.6399999999974401,1,1
Van_GT4,20250731_1218,ON,1,-0.28863754566737976,-1.0,1.0183584162385442,0.794,481.14,-0.0011,-2.7875269084003484,-4.29,0.955632236581781,0.1815378145445822,0.4695,-4.336212381365837,10.58,0.9032027960371554,0.00379344749818622,0.49677533746232827,0.7918985037543799,2.7639980779034143,0.8699212991665133,0.564,2.1309485594304514,4.26,597.48,0.0,0.04,0.0,0.18090725380739964,0.23999999999904,0,0
Millenium_ST1,ST1 GEN 4/13/2025 4:03:30 PM,ON,1,0.009037743640987372,5.58,-4.481066026545229,0.8395,651.56,-0.0011,-2.960674931814894,-2.85,-0.10454974515905302,0.3855957644802609,0.288,-0.04637063900244436,9.33,0.9980604328588656,-1.2078743543647108,0.7662687181317152,0.7741514487036696,2.8592525495660848,0.8414364711060178,0.8525,5.695016495806953,9.6,1511.73,0.0,0.0,3.0,0.5524187533507943,0.51999999999792,1,1
Millenium_ST1,ST1 GEN 4/13/2025 8:53:48 AM,ON,1,0.016469357023119722,5.62,-4.284244261167276,0.837,674.69,-0.0011,-2.647717162067544,-2.85,-0.12386283451695179,0.42340497533184496,0.268,0.4105089978262021,9.25,0.9970417640766319,-1.316508851515986,0.7466129433019532,0.7604317478519254,2.868904270339562,0.8412855896274541,0.8525,4.945868525370333,8.2,1544.29,0.0,0.0,3.0,0.5524187533507943,0.51999999999792,1,1
Har_CT1,20241122_1450,ON,1,-0.028930971780400105,3.45,-3.292489544726377,0.378,602.0,-0.0011,-1.1817579395280595,-1.34,-1.5858553088722067,0.4535909670213706,0.162,-3.1098883537359834,7.42,0.8206775649332373,-0.6831150462675573,0.823826584131521,0.813942168481312,3.2660254189181135,0.7900004680488163,0.9145,1.9248404174351648,3.71,808.52,0.0,0.01,2.0,0.7128275334507875,0.67999999999728,1,1
Prairie_State_2,Neutral_Ground 2/12/24 1305,ON,1,0.05455407873898196,4.73,-4.504018140024547,0.663,688.92,-0.0012,-0.4415473973668983,2.08,-0.12058717748969386,0.5065322847487627,0.1225,-1.9530164418186453,7.29,0.8791568085417619,-0.8295563255712428,0.8105545644509957,0.7088261428653684,-0.0021545410964272094,0.7877442144400502,0.685,1.8374093048783744,3.53,1007.31,0.0,0.07,5.0,0.6623662056352086,0.6399999999974401,1,1
HARQCT3,HARQCT3_on_2025-07-04,ON,1,-0.06024810838286068,3.93,-2.1797356628706734,0.375,470.56,-0.0012,0.9976307014544054,-0.19,-2.304963750317309,0.42782479919352856,0.115,-2.985299961779049,7.15,0.9012765114794111,-0.8410733321832335,0.7185429922847436,0.8485327759554017,3.435570908800081,0.7411742896977965,0.545,2.017896279686665,3.94,764.32,0.0,0.02,4.0,0.7277798589209427,0.67999999999728,1,1
Van_GT3,20250718_1616,OFF,0,-0.07799886449007294,0.65,-2.7314230650979865,0.975,546.86,-0.0012,-0.3864186137185978,-4.27,1.1994066002390138,0.4562203978198076,0.148,-1.376180565621491,10.12,0.8786602155315326,0.24281355825566808,0.9373471903657304,0.8348563622554005,4.01149893760217,0.7831244499837957,0.551,2.846367472509179,5.67,846.15,0.0,0.01,0.0,0.3869321853062486,0.35999999999856,0,1
Van_GT3,20250919_1653,OFF,0,-0.04362768401581575,1.01,-2.563924145842611,0.9775,583.77,-0.0012,0.6198347276755493,-4.09,0.48722453595179965,0.5611377947489882,0.1415,-0.6479918503392463,9.8,0.8550529487588195,0.3842927054182943,0.883529877427578,0.8002147358566841,3.7765878108885915,0.7744717661777135,0.5565,2.9913236123449436,5.95,950.46,0.0,0.01,0.0,0.4800611312204056,0.43999999999824,1,1
Prairie_State_2,Neutral_Ground 2/11 1404,ON,1,0.05858394944831575,3.72,-4.379223715683462,0.3565,778.79,-0.0012,-1.0787292875019892,1.15,-1.1517285849475525,0.5197792351054761,0.2995,-1.8967653454456699,5.93,0.8300711958703215,-1.1866892952587689,0.7759909571900265,0.6682692328053607,2.062362115217902,0.8238213329999856,0.4245,2.2499020175234716,4.25,1095.93,0.0,0.08,3.0,0.6519022845596021,0.6399999999974401,1,1
Towantic_STG,20241225_1644 STG,ON,1,0.07294790445322001,4.84,-5.970608284192332,0.7985,581.84,-0.0012,-0.5612678955710804,-2.44,-0.07459331874067386,0.83834392820478,0.0905,-0.29324357493877423,9.2,0.9363203257130377,-0.0893383498490733,0.9631159772838178,0.5731940104004632,2.7934235217188674,0.7106645289077127,0.8005,1.5687378831918457,3.58,1335.96,0.0,0.0,3.0,0.6245542427621346,0.6399999999974401,1,1
SQN2,SQN NG Unit 2 20250525_0833,OFF,0,-0.28111511793881416,-0.27,2.9737848613613433,0.722,519.33,-0.0012,-0.7939465556111891,-1.95,-0.16586285870078601,0.264670564059397,0.75,-0.4029883525395426,3.97,0.8694245880405078,1.12287203911686,0.05960844483567407,0.7552381925172416,4.40119542687834,0.9345892180115697,0.632,3.358447033246035,6.0,324.11,0.13,0.19,1.0,0.14648895270264534,0.15999999999936002,0,0
Van_GT3,20250711_1633,OFF,0,-0.06320099537519973,0.94,-2.93713145307844,0.9795,552.87,-0.0012,-0.04730220732533915,-4.19,1.0688839337890972,0.5352190752336188,0.1425,-1.2342251015820709,10.06,0.854161422409005,0.2993300963180001,0.9417813467479109,0.7965635862718701,4.035868146760707,0.766780021250382,0.549,2.976243425847712,5.92,859.47,0.0,0.01,0.0,0.3869321853062486,0.35999999999856,0,1
Har_CT1,20241207_1844,ON,1,-0.05483055477439425,3.98,-1.7182457042764652,0.215,519.65,-0.0012,-0.2156195328991208,0.48,-3.8698868781328564,0.3995366734018939,0.218,-3.2737857770929075,6.87,0.793504334258491,0.476165037865079,0.6887047294042068,0.8467761570753413,3.387459116683631,0.8365618007342072,0.8605,2.0438642593892875,3.97,778.19,0.0,0.03,4.0,0.6129834935408754,0.5599999999977601,1,1
HARQCT1,HARQCT1_on_2025-01-11,ON,1,-0.050309005152146286,4.13,-1.3473177410898445,0.198,539.93,-0.0012,1.7790488503875115,0.93,-4.212354048987941,0.4479839532531722,0.165,-2.8156117388382116,6.93,0.7996000156070546,-0.3369933955363855,0.45170655897574585,0.8272583427500676,3.1814364091827225,0.8156951263088229,0.9135,2.07603362231259,4.03,806.28,0.0,0.04,4.0,0.7029587445495901,0.6399999999974401,1,1
Towantic_STG,20250121_1828 STG,ON,1,0.08600134726664063,5.31,-6.231137126567086,0.839,567.38,-0.0012,-1.4283309918402507,-2.19,-0.03729765577739958,0.8027763699845999,0.074,-0.04175372265640664,9.15,0.9194945828092527,-0.057707763819168645,0.9111369341882377,0.6159791395053271,2.933377627101834,0.7179046516724387,0.812,1.5995567082180333,3.86,1416.25,0.0,0.0,4.0,0.6245542427621346,0.6399999999974401,1,1
Millenium_GT1,GT1 Gen 4/13/2025 8:10:02 AM,ON,1,-0.06721515882898733,5.65,-2.630588878876475,0.6375,825.62,-0.0012,-2.0202110307258385,-1.04,-0.7250851769181766,0.5150832797255813,0.2505,-0.7562855664753242,8.18,0.9002375693183735,0.40215764641868046,0.7454427964878756,0.7547445105847764,2.602657295832817,0.7758886036907117,0.8655,2.4627311235945792,8.71,994.8,0.0,0.0,5.0,0.6468314708566281,0.6399999999974401,1,1
Har_CT1,20250115_1947,ON,1,-0.053718060074827996,4.19,-1.726827096273769,0.2625,495.96,-0.0013,1.0868015096352222,-0.11,-3.448220665163097,0.4328039349611406,0.152,-2.949818582970736,7.2,0.8362679720797577,-0.03750029931276622,0.5891517124785615,0.8377635232375916,3.021926563778884,0.7969448089031669,0.7885,2.0588230033741914,4.01,782.19,0.0,0.01,4.0,0.7029587445495901,0.6399999999974401,1,1
Van_GT2,20250617_1226,ON,1,-0.06838881746827075,1.75,-3.6368505666373556,0.9225,487.23,-0.0013,1.7875671861911944,-5.5,-0.015253613094263178,0.49171632635947105,0.072,-1.3577156073793057,12.33,0.9757054858416697,-0.0501024810493228,0.8726494539576367,0.8232175327977249,2.6209317933218674,0.6995363204685798,0.532,3.1663137631421665,6.31,897.12,0.0,0.0,0.0,0.6133539326851456,0.5999999999976,1,1
Van_GT3,20250803_1606,OFF,0,-0.06492772312378227,1.49,-2.6895373551690933,0.9795,543.27,-0.0013,0.032770174205166126,-3.89,0.6968742236269241,0.5356019118911544,0.1545,-1.2550883800328427,9.94,0.8567651721256494,0.5383026124884767,0.9230128691897187,0.7895630407329695,3.720087065485978,0.8078672265637603,0.5475,2.948850744053561,5.86,912.27,0.0,0.0,0.0,0.3804842722681517,0.35999999999856,0,1
Van_GT3,20250923_1622,OFF,0,-0.061612407362879734,1.15,-2.75464745499671,0.9805,520.94,-0.0013,-0.25673598310637014,-4.16,0.6337233759452505,0.5440909253108591,0.1595,-1.2248101077325315,10.44,0.8692256709326387,0.006088559870572663,0.9378980036894415,0.7968837218781785,4.154003893473263,0.7649029456612154,0.55,3.1765684282605036,6.33,851.39,0.0,0.0,0.0,0.40632582410046597,0.3999999999984,1,1
Van_GT2,20250617_1629,ON,1,-0.07237423629188186,1.19,-3.394366231805023,0.9155,493.35,-0.0013,1.3297989408827635,-5.58,-0.06190775144027998,0.5326299465727082,0.0985,-1.5504272891860145,12.33,0.9631894857218595,-0.09447775789394064,0.8662694719672079,0.7952264735262453,2.609530932849747,0.7210581544663472,0.5215,2.780064424020121,5.55,863.58,0.0,0.0,0.0,0.5489288644158317,0.5599999999977601,1,1
Van_GT2,20250718_1648,ON,1,-0.06686772170129202,1.61,-3.6177123608045436,0.9335,504.33,-0.0013,1.1511560047371425,-5.38,0.16760319073864074,0.5667738079040279,0.1195,-1.3504690461222317,12.16,0.9485397241852166,-0.06175047238335574,0.8846673541404344,0.7785199479390901,2.7902641415962828,0.7382405282610022,0.443,2.7293022080118137,5.44,875.06,0.0,0.0,0.0,0.6159326681563538,0.5999999999976,1,1
Har_CT1,20250116_1516,ON,1,-0.044738872844567526,4.33,-2.330131508251183,0.2725,510.71,-0.0013,0.6836016988249196,-0.32,-3.2688498323538067,0.4739149356587996,0.1595,-2.6715197210707666,7.43,0.8454416531981459,0.20094423664342553,0.7189072135067951,0.8174119701172251,2.901013529575732,0.8055778918853665,0.828,2.0455463477324325,3.97,809.61,0.0,0.01,5.0,0.7028714170372005,0.6399999999974401,1,1
Har_CT1,20241124_1450,ON,1,-0.048640661256126726,4.34,-3.397727843210657,0.298,516.34,-0.0013,-2.1461517543785735,-0.49,-3.1521045328329245,0.4571070847820385,0.227,-2.83661625485473,7.6,0.8626446508376155,0.5776360609520204,0.834566419443671,0.8181004604509109,3.5273678504836594,0.8389486677759175,0.917,2.036694207692178,3.95,808.85,0.0,0.01,5.0,0.6501010992561687,0.5999999999976,1,1
Towantic_STG,20240620_0516 STG,ON,1,0.0903178206327063,6.05,-6.811573414227768,0.7565,566.18,-0.0013,-1.146737398136175,-2.32,-0.26180692269993794,0.8151448330031995,0.069,-0.3186486989831365,9.9,0.9702885880799479,-0.06140584688939177,0.9535488195816466,0.5958462342492074,2.9121774887076515,0.6990911429564975,0.8625,1.480344521427068,4.29,1408.19,0.0,0.0,4.0,0.6245542427621346,0.6399999999974401,1,1
Van_GT3,20250730_1613,OFF,0,-0.05960644675915473,1.9,-2.981270518766422,0.977,518.88,-0.0013,0.11449868195462062,-3.79,0.6307561200211015,0.5235592229001703,0.1585,-1.2091068131240057,10.24,0.8661874886643591,0.38198670199640716,0.9127937728260376,0.7999532161182031,3.85580745201132,0.8011837398489354,0.5525,2.777633979630129,5.52,876.14,0.0,0.0,0.0,0.44490934053746556,0.3999999999984,1,1
Van_GT3,20250814_1247,OFF,0,-0.05814937034441044,1.9,-2.7393667278639415,0.9625,507.6,-0.0013,-0.03189280799723299,-3.17,0.869816309150841,0.5402212840797551,0.167,-1.4611282517619892,9.66,0.8705261857054631,0.45115964060706526,0.9038694101066606,0.7879177242953931,3.7398315850949917,0.8020767804963458,0.5345,2.9566691927630058,5.88,918.65,0.0,0.01,0.0,0.4255157017432482,0.35999999999856,1,1
GAPAC_TG4,TG4_20250914_0136,ON,1,-0.23107785108694717,4.63,1.1861284710259894,0.209,593.0,-0.0013,-3.2228919767457613,0.95,-2.536653680741907,0.1620769199000879,0.548,-1.733412342558474,7.62,0.788390580469992,0.7968094703794564,0.3816601706884841,0.9311318697671487,1.6249904975935565,0.8884273389850429,0.371,2.319608678726521,4.52,493.67,0.0,0.03,5.0,0.49298644785635937,0.51999999999792,1,1
OPPD_NC1,20251025_0505,ON,1,-0.05606508552819271,0.75,-0.7082346962467392,0.144,555.1,-0.0013,2.739433109897479,-0.63,0.4666710254830467,0.6355343091275358,0.056,1.1790556784824104,1.61,0.2942571645229067,-1.3433908382331845,0.405378513219926,0.7038171937419002,4.105051782706955,0.6181125712315892,0.842,2.1292400851002062,8.93,615.44,0.38,0.25,1.0,0.5857741921524423,0.5599999999977601,1,1
Van_GT2,20250728_1654,ON,1,-0.06388831955100183,2.41,-4.073107040687091,0.9305,499.03,-0.0013,0.5029671146959037,-4.92,0.18851473814984385,0.5346532036996002,0.1475,-1.3901385076874617,12.06,0.9556785909042731,-0.01736497030013673,0.8972771240966148,0.8055075913041846,2.8907681465171864,0.7727171399734469,0.463,3.7446565235700535,7.45,828.98,0.0,0.0,2.0,0.6069099070429205,0.5999999999976,1,1
GAPAC_TG4,TG4_20250807_1616,ON,1,-0.24787563129103563,4.79,1.5109647279696965,0.203,531.47,-0.0013,-2.8980223936068175,1.28,-2.7309695672456544,0.14345699383617544,0.5495,-1.4522564427479394,8.09,0.7935770049871578,1.4922493534549388,0.38750685084686687,0.9448593979174308,1.8561976328647178,0.8947948136765588,0.5495,2.420293129705013,4.75,404.12,0.0,0.03,5.0,0.46804582539639883,0.47999999999808,1,1
GAPAC_TG4,TG4_20250820_1621,ON,1,-0.23356717387613685,4.94,1.021684290828694,0.204,598.31,-0.0013,-3.314037760598945,1.89,-3.0542900209456803,0.1609079960614212,0.5445,-1.5595917795801484,7.96,0.7790183421204271,0.9440825603969065,0.40487909205903994,0.9310083975425495,1.6965267672584874,0.8923122376261866,0.563,2.2482069976064993,4.39,472.62,0.0,0.05,5.0,0.46804582539639883,0.47999999999808,1,1
Towantic_STG,20240518_0825 STG,ON,1,0.09650617505328617,6.08,-7.062916343845529,0.829,548.0,-0.0013,-2.2977759852290323,-2.62,-0.09909243289983898,0.7553659868817921,0.134,-0.005309444521358155,10.21,0.9883798548645344,-0.10384372697189159,0.8964159429432937,0.6279964293366989,2.79278017486524,0.760754765610113,0.8635,1.7428281644458152,3.83,1464.96,0.0,0.0,4.0,0.6245542427621346,0.6399999999974401,1,1
Millenium_GT1_step,GT1 EMI Gen 20250429_1019,ON,1,-0.026260491397162456,5.61,-3.019998793708109,0.642,757.24,-0.0013,-1.8585127855842196,-1.07,-0.7370002618772995,0.7260327556058238,0.25,0.022959723718999066,8.67,0.8954925870637163,0.25503840240917897,0.7225058173385208,0.6572184714249011,2.477462516980619,0.8036694646068065,0.8565,2.0856229623916347,5.03,1049.08,0.0,0.0,5.0,0.6424287241989645,0.6399999999974401,1,1
Van_GT2,20250407_1628,ON,1,-0.07492776159479927,1.98,-3.5906418412514505,0.9315,504.95,-0.0014,0.32116413574715125,-4.92,0.22095821216906508,0.5208585085649101,0.1445,-1.2939877173799104,12.02,0.9443878302626513,-0.23562987478862818,0.9113871482388843,0.8016941755739996,2.3573429154617065,0.7765263035668998,0.427,2.967225250484329,5.91,872.77,0.0,0.0,0.0,0.6133539326851456,0.5999999999976,1,1
Van_GT2,20250925_1228,ON,1,-0.07470050434876467,2.5,-3.9575855599734,0.9065,480.27,-0.0014,0.36061674970898566,-4.97,0.09633178238503409,0.4928043006467048,0.142,-1.404956615885755,12.29,0.9754951836996051,-0.047851658941054476,0.9049884680567545,0.8204652712248195,2.971664016780169,0.7688580840153653,0.5735,2.8439207556680133,5.66,886.35,0.0,0.0,2.0,0.5607261433784944,0.51999999999792,1,1
Van_GT2,20251017_1712,ON,1,-0.051477769944403555,2.91,-4.3095445005512385,0.921,497.43,-0.0014,1.6619733319744712,-4.79,0.17995063229397912,0.569635104511269,0.0765,-0.8644179316595516,12.2,0.9576912762920274,-0.035560140829471676,0.8920821466808001,0.7934616325431026,2.908384881281642,0.7015146621980625,0.489,2.7766225777838276,5.52,911.48,0.0,0.0,2.0,0.6258653685388911,0.5999999999976,1,1
GAPAC_TG4,TG4_20250107_0822,ON,1,-0.18584830029644211,3.57,0.18747098094654735,0.2615,389.14,-0.0014,-3.1399027731222593,-0.26,-1.0542004169634083,0.28027515672562237,0.553,-0.6917664324388574,8.68,0.7919439515771448,-0.12987263010918715,0.34466972875935264,0.9350267114462265,4.192470953826066,0.7898755069984871,0.618,2.120918933542651,4.22,396.68,0.0,0.02,4.0,0.5434437208774524,0.5599999999977601,1,1
Van_GT2,20250728_0851,OFF,0,-0.1328575974760278,0.05,-0.6662445533804209,0.8235,493.85,-0.0014,0.18819054523201859,-2.79,-0.1061062329185655,0.38211881842679746,0.3695,-2.420241435993578,12.4,0.9786580128650049,0.5920995079794643,0.7113585686829281,0.7664269232734647,3.2239407029311775,0.8497677228764694,0.8715,3.5817691968005723,7.16,881.79,0.0,0.06,1.0,0.18893441355224147,0.1999999999992,0,0
Van_GT2,20250814_1253,OFF,0,-0.18208799005200332,0.05,0.007540913591343568,0.804,429.95,-0.0014,0.11686815930188417,-2.61,-0.21404128753617724,0.2782267702139436,0.374,-3.326609434556031,12.5,0.9709358115713262,0.7679213446736226,0.6846168850667299,0.8522080432944826,3.339665914156539,0.8563582980203276,0.8675,2.9787294858660704,5.96,862.13,0.0,0.07,1.0,0.11337017502390818,0.11999999999952,0,0
Van_GT2,20251017_2013,ON,1,-0.024747660467094895,2.6,-4.773100380477214,0.927,537.29,-0.0014,0.21255145128667685,-4.95,0.21890980692813908,0.6931867758088885,0.124,-0.5088779468120761,12.09,0.9590129503817337,-0.13046970069946612,0.9245332887329789,0.7128529604802549,3.1896568273585952,0.743736438137406,0.4755,3.0427770766899216,6.05,946.74,0.0,0.0,2.0,0.6561312708567901,0.6399999999974401,1,1
Van_GT2,20251017_1912,ON,1,-0.025239581194920514,2.61,-4.5687185540269155,0.9225,524.64,-0.0014,0.3547314487172962,-4.9,0.18334067099517756,0.6617103786733807,0.094,-0.46582682085428834,12.12,0.9619511392629004,-0.15392956416220677,0.9224615309991503,0.7409130720254404,3.109880951805576,0.7106878369985671,0.4465,3.2590145864997386,6.48,951.47,0.0,0.0,2.0,0.6561312708567901,0.6399999999974401,1,1
Van_GT2,20250403_1631,ON,1,-0.07033838083484062,2.02,-3.3515593830540795,0.9275,469.48,-0.0014,0.772276055615446,-4.74,0.09295093720833554,0.515620452099283,0.1335,-1.4252536786616532,12.27,0.953490083568424,-0.25890934292251866,0.8829032219460764,0.8070377067599416,2.449755656894666,0.7530837987156456,0.465,2.830351784479111,5.65,878.61,0.0,0.0,1.0,0.6133539326851456,0.5999999999976,1,1
Van_GT3,20251005_1623,OFF,0,-0.10476606276063821,3.73,-1.6111568452732639,0.882,462.65,-0.0014,-0.6763042904968201,-2.02,0.1752430669849668,0.2859548433191458,0.0245,-0.8263710288172691,11.45,0.9276222065888615,-0.2626432237213188,0.7582711894855485,0.9211372008109253,2.4448689618275625,0.5437181748730677,0.813,3.2946390394301464,6.58,908.2,0.0,0.0,4.0,0.4648543049474759,0.47999999999808,1,1
GAPAC_TG4,TG4_20250813_2015,ON,1,-0.21693589233806249,5.67,0.7287317003354659,0.203,696.89,-0.0014,-3.5167115115868937,1.61,-2.8204957046667687,0.18852591187470993,0.5495,-1.6417538794513717,8.18,0.7871264466836514,1.0990582861550982,0.3906186683733961,0.9056483463484768,1.6264602491843991,0.8867814622390501,0.6075,2.366880925067482,4.55,567.52,0.0,0.02,5.0,0.46804582539639883,0.47999999999808,1,1
Van_GT2,20250925_1630,ON,1,-0.03336171711043712,2.3,-4.506003328302581,0.891,571.79,-0.0014,0.08355176680023015,-5.4,0.013831653008133769,0.7252633019845853,0.156,-0.7634809244172704,12.25,0.9750360704784728,-0.004943492561810925,0.9179713501450436,0.664139841597483,3.411713695657665,0.7886351587494345,0.3975,2.7065082200386983,5.38,916.3,0.0,0.0,1.0,0.5661560198480755,0.5599999999977601,1,1
Van_GT2,20251017_1812,ON,1,-0.06292107939163603,2.91,-4.22380199487293,0.914,496.27,-0.0014,0.37731661298325736,-4.44,0.13546549081965323,0.5793257988225154,0.1115,-1.161159837198417,12.21,0.9706209351866628,-0.0016973000022773854,0.9247973646996874,0.7806906438040423,2.8346101586309285,0.7345005262790405,0.5295,2.866153405126616,5.71,876.61,0.0,0.0,2.0,0.5888204607438974,0.5599999999977601,1,1
Har_CT1,20250113_1114,ON,1,-0.03197753831991206,4.95,-2.327126634569905,0.192,530.67,-0.0014,0.9506659526064837,0.9,-4.185281166914681,0.5365161915539145,0.161,-2.2557685020150013,7.65,0.7706133796855814,0.6644170645287719,0.6824695090741844,0.7881199104164957,3.2257927536413433,0.8104919667724786,0.8305,2.0778225162190838,4.02,850.77,0.0,0.02,5.0,0.6828087387263856,0.5999999999976,1,1
GAPAC_TG4,TG4_20250718_1746,ON,1,-0.208440952195509,5.34,0.5469269604858629,0.1595,585.25,-0.0014,-3.3250312318279196,0.71,-2.273063928479482,0.19279856823337685,0.5425,-1.7166219115159378,8.2,0.7849572372445813,0.7216266264579021,0.4555338310620305,0.9166841282921642,2.0300102200424983,0.899761645508546,0.5575,2.5455730108132926,4.95,535.85,0.0,0.01,5.0,0.4431906929920236,0.43999999999824,1,1
GAPAC_TG4,TG4_20251003_0028,ON,1,-0.22522049079948753,5.33,1.0498438223803959,0.2105,641.56,-0.0014,-3.524360469248321,1.01,-2.510107433972895,0.16823890058380414,0.5445,-1.5800594111447697,8.08,0.7722425596759601,0.26222371011729795,0.36535549566189995,0.9214975518823607,1.6282769162695407,0.8877007115983836,0.3925,2.299044160896677,4.46,512.85,0.0,0.01,5.0,0.49298644785635937,0.51999999999792,1,1
GAPAC_TG4,TG4_20250804_0016,ON,1,-0.22569610484958386,5.55,0.9875267912036829,0.209,616.83,-0.0014,-3.5073419202021006,1.31,-2.626288618027052,0.1729715431362515,0.5465,-1.484623522039013,8.41,0.789808758656508,0.7902561223067446,0.37971680078987824,0.9247503745775242,1.7238929350842027,0.888373638026024,0.5815,2.2546210381888363,4.38,490.4,0.0,0.01,5.0,0.46804582539639883,0.47999999999808,1,1
GAPAC_TG4,TG4_20250723_0432,ON,1,-0.19172243726124572,5.61,0.37234375651581564,0.209,649.42,-0.0014,-3.4280476828143427,1.76,-2.861988408854109,0.20291753716219352,0.541,-1.8476173380563086,8.22,0.7838125160495166,0.39251420828991535,0.42829954479203747,0.9014893044505864,1.876995907892831,0.8944818789654245,0.544,2.6557264574330075,5.12,594.93,0.0,0.02,5.0,0.4431906929920236,0.43999999999824,1,1
GAPAC_TG4,TG4_20250103_1659,ON,1,-0.1824954358653458,4.0,-0.006956390910147103,0.241,399.39,-0.0014,-3.769102665955214,0.15,-1.001814272726859,0.27499167523588275,0.55,-0.8033807672511953,8.64,0.7375955435161847,0.09075294550618551,0.33591169081022954,0.9330765522100506,4.181050952431039,0.8023857980448948,0.5915,2.188054912713889,4.35,414.08,0.0,0.02,4.0,0.4805572612501444,0.47999999999808,1,1
Har_CT1,20241020_1113,ON,1,-0.03815820048641783,5.15,-1.8094816634581552,0.203,541.46,-0.0014,0.6328258904574744,1.61,-4.507598636367452,0.497205720184558,0.1555,-2.4583634097943903,7.8,0.7782506120132112,0.18883282116898226,0.6866403707856195,0.8090231811459807,3.3454005774903575,0.8092509890602978,0.8975,2.0288344687510245,3.92,838.98,0.0,0.03,5.0,0.704051879930851,0.6399999999974401,1,1
Van_GT3,20250903_1651,OFF,0,-0.11567354095113781,3.34,-1.2401256094239836,0.782,447.22,-0.0014,-0.8040807912807425,-2.04,-0.5648287379877893,0.27467241306653384,0.211,-1.2778070674192163,11.73,0.9207297407015885,0.13298728665498039,0.7049403201929698,0.9229050261395108,3.369909416021871,0.6947944036763107,0.8385,3.2932175023308745,6.58,902.2,0.0,0.0,3.0,0.32296604732275136,0.31999999999872003,0,0
Van_GT3,20250701_1251,OFF,0,-0.11387709192090194,3.69,-2.0381565787617566,0.7145,445.74,-0.0015,-1.284001916605455,-2.24,-0.6422574386328979,0.2654991575410951,0.1315,-1.298066162104241,12.02,0.9326788328552719,-0.027781076627540868,0.8359348773763317,0.9250414561267183,3.631250851969105,0.695880186646434,0.8485,3.312792907566799,6.62,915.15,0.0,0.0,4.0,0.3969685354003492,0.3999999999984,0,1
Towantic_STG,20240621_1055 STG,ON,1,-0.040324596090198464,5.46,-4.51294589816438,0.7995,570.21,-0.0015,-1.6662666754880793,-2.19,-0.3381738918490711,0.6516891313304456,0.139,-0.6114862579554905,10.87,0.9035034490943492,0.9753669969250278,0.83994887444644,0.7218326492742562,3.2689072413208664,0.7717042390198089,0.854,3.839459590518558,7.53,776.2,0.0,0.0,6.0,0.5624585385925804,0.5599999999977601,1,1
Towantic_STG,20250109_1622 STG,ON,1,0.03614895516872144,5.62,-4.835142773392295,0.769,605.91,-0.0015,-1.487115689319833,-1.39,-0.34981600901143833,0.6896213954952768,0.347,-0.69244280166867,9.96,0.8614140562058268,0.9300539967054267,0.7499295910348968,0.6818477174509927,2.504723994987445,0.7806717297042747,0.8615,3.0893227248034854,6.02,1089.84,0.0,0.0,6.0,0.5779188138881721,0.5599999999977601,1,1
SQN2,SQN NG Unit 2 20250525_2247,OFF,0,-0.10865377813594318,0.99,1.3438659261176007,0.746,507.75,-0.0015,-0.3215561068508163,0.47,-0.2129789161302403,0.41145761895508437,0.784,0.4214714881379756,1.72,0.8069143402108123,-1.4201809843090274,0.0029044338387740343,0.6194937063086371,2.188264627623268,0.7686440565353984,0.544,3.8529070424093894,7.28,604.66,0.18,0.59,2.0,0.3713081237831216,0.3999999999984,0,1
Van_GT3,20250920_1615,OFF,0,-0.013435610532408779,3.03,-4.252370882589267,0.974,515.89,-0.0015,-0.5282603706220727,-3.81,0.4197943603990598,0.7672269760898789,0.164,-1.268844918464331,10.8,0.8561737073282206,0.5975534541063356,0.926032790809831,0.6851542504992361,4.043368552057073,0.8049159316366737,0.5385,2.6260946805172596,5.2,927.86,0.0,0.0,2.0,0.4751752428553645,0.43999999999824,1,1
Van_GT3,20250701_0850,OFF,0,-0.10252328699585755,4.18,-2.4197570232663046,0.6845,460.91,-0.0015,-1.520160300723197,-2.13,-0.7997057226746964,0.2791368344397861,0.115,-0.7988299782676714,11.84,0.8973004791977772,0.19256879162096904,0.8288685973511056,0.9209735153197545,3.681878700481465,0.7044456390918664,0.858,3.4312345850725916,6.85,926.78,0.0,0.0,6.0,0.40012223030579164,0.3999999999984,1,1
Millenium_GT1_step,GT1 EMI Gen 20250429_1526,ON,1,-0.06686226906128874,5.96,-2.046088618321969,0.527,724.79,-0.0015,-1.3902860441527547,-0.32,-1.4865410819697296,0.5562220711127991,0.249,-0.2722152564845293,8.96,0.851015513251527,0.23424695536890905,0.7028732533511146,0.7823004713656341,2.0024397687991677,0.82938012686859,0.8545,2.5761184191814936,4.98,857.53,0.0,0.0,6.0,0.6543246537060678,0.5999999999976,1,1
Van_GT3,20250818_162850,OFF,0,-0.029875502792826213,3.0,-4.062278293890427,0.9725,484.1,-0.0015,-0.07064420611751013,-3.88,0.5126963416240654,0.7498279174122972,0.157,-1.487824766840117,11.13,0.8665775159573322,0.7066324844203207,0.9333806783780284,0.6951948774013955,4.027441065445826,0.7922444788513024,0.552,2.0220760205274217,4.01,893.04,0.0,0.0,3.0,0.5214691804343904,0.51999999999792,1,1
Van_GT2,20250407_1226,ON,1,-0.05390889347060773,3.63,-3.8226173299718744,0.831,500.57,-0.0015,1.0229736873131887,-2.87,-0.08584618290591664,0.5727664141982136,0.0925,-0.7904350865005121,12.45,0.9866032581302134,0.07107897217712611,0.9161643647283813,0.7673552223553655,3.0395564771403545,0.7447122892154708,0.871,3.141720554548197,6.27,892.26,0.0,0.0,4.0,0.5941457406018358,0.5599999999977601,1,1
Van_GT3,20250620_0812,OFF,0,-0.04778423532836574,4.11,-3.1115855104254866,0.674,526.71,-0.0015,-1.3174558902078612,-2.13,-0.7575962714523313,0.5131451889928321,0.0955,-0.07342076096330348,11.54,0.875681303589815,0.25120140055204754,0.8216834817165769,0.7839784862565955,3.592720996376097,0.6560128620105345,0.8395,3.3175963289937402,6.62,878.9,0.0,0.0,6.0,0.510949495070216,0.47999999999808,1,1
OPPD_NC1,20251024_1817,ON,1,-0.06007915347173722,-0.72,-0.05816536415208562,0.144,621.22,-0.0015,2.100616159168247,-0.85,0.4258317792656195,0.7014551863169428,0.62,0.7139405181156306,2.12,0.29618045642475865,-1.213396616173016,0.3026748950677304,0.5937745970037241,4.206569845571581,0.7740531206038875,0.844,2.4246038588603644,8.66,561.72,0.28,0.87,2.0,0.5438212511533312,0.51999999999792,1,1
GAPAC_TG3,TG3_20250813_2013,ON,1,-0.07427008717858402,4.52,-1.0408240902589545,0.734,552.87,-0.0015,-0.8002922970527774,-0.92,-0.5533048308699622,0.616923797911479,0.415,-1.6395939480760564,8.98,0.9133900765206541,-0.7845860720608906,0.6053937928234192,0.7464732088853666,3.695465490601285,0.8792736842223449,0.297,2.53824739152412,5.0,656.74,0.0,0.0,6.0,0.5519013888601974,0.5599999999977601,1,1
GAPAC_TG3,TG3_20250914_0134,ON,1,-0.07398748594570093,4.76,-1.2956395009909785,0.7185,576.08,-0.0015,-0.2351426249704927,-0.87,-0.6823044357590968,0.5864089604675705,0.295,-1.550862445506594,8.79,0.8921552820843476,-0.4281225127338697,0.7241428518936732,0.7605015731273328,3.4197600491792226,0.8424678448714212,0.246,2.437662494449611,4.77,669.4,0.0,0.0,6.0,0.6137141015471768,0.6399999999974401,1,1
Van_GT3,20250409_0817,OFF,0,-0.023174355757260654,4.04,-2.741129951435216,0.678,553.97,-0.0015,-0.9080119304825,-2.14,-0.9318195219378859,0.5746148183406284,0.0655,0.25110843274632394,11.61,0.9064706969200339,0.24656139722279047,0.7668406452386071,0.7313873811386887,3.732739710199599,0.6403314553387834,0.852,3.4842813523195497,6.95,943.01,0.0,0.0,6.0,0.5412153973881149,0.51999999999792,1,1
Van_GT2,20251001_1600,ON,1,-0.13969226507723878,3.93,-2.9888820995503402,0.83,412.98,-0.0015,1.3018179864738513,-2.85,-0.17707619082981096,0.37872025034998547,0.096,-2.1330657232809243,12.94,0.9917380597332829,0.5315236739350097,0.8980671794350883,0.8496831006696204,2.865043972161869,0.7442198919096047,0.915,3.458573489109944,6.91,621.5,0.0,0.0,5.0,0.4793954482339764,0.47999999999808,1,1
Van_GT3,20250615_0814,OFF,0,-0.044343999198311834,4.07,-2.6256547209084014,0.6895,533.66,-0.0015,-0.800912378374601,-2.15,-0.829931708569645,0.5458010728214467,0.1125,-0.22519940740167846,11.69,0.9194476290363804,0.07589332708634577,0.8240001276204052,0.7662730664293521,3.6049648598523687,0.7132453768277369,0.856,3.0979468971257007,6.18,916.13,0.0,0.0,6.0,0.5412153973881149,0.51999999999792,1,1
Millenium_GT1,GT1 Gen 4/13/2025 4:22:04 PM,ON,1,-0.06838279881023981,5.69,-2.2021789134879004,0.63,587.27,-0.0016,-1.302648776685356,-1.22,-1.0732148422389267,0.7282876678092925,0.247,-0.509158429674094,10.07,0.8833465851135629,-0.5466291665141929,0.8188743985954288,0.691384468153363,2.786684113554884,0.853548409239095,0.8685,1.9731020504113777,3.86,795.51,0.0,0.0,6.0,0.8306222978960883,0.7999999999968,1,1
Millenium_GT1_step,GT1 EMI Gen 20250503_2347,ON,1,-0.05379656043874374,4.99,-2.4611939432649153,0.6285,640.66,-0.0016,-1.575383838032011,-1.61,-1.0748615641485708,0.790995227241835,0.272,-0.22104650336901885,9.79,0.8879053149164788,-0.24599237807306196,0.8179224358458903,0.6384512804656058,3.5020852258032953,0.8539876524890768,0.568,1.9717213121873491,3.86,845.85,0.0,0.0,6.0,0.8306222978960883,0.7999999999968,1,1
Van_GT2,20250405_1653,ON,1,-0.08553406858102697,4.86,-4.318537637558061,0.8335,451.55,-0.0016,1.168085422044232,-2.89,-0.11002435865761638,0.575040921534949,0.1415,-1.7025843770570863,12.97,0.9934461918849087,0.02171400207700891,0.8430815437909076,0.7596599175082313,2.8246157462488326,0.7694092258068687,0.886,2.535579385064038,5.06,828.34,0.0,0.0,5.0,0.6502472313128894,0.6399999999974401,1,1
WBN2,20251019_1250,OFF,0,-0.21613958416173734,0.43,1.1770874995000287,0.712,441.5,-0.0016,0.5510045182447169,-2.01,-0.747965470344812,0.49015054752348236,0.694,-1.6107968477778973,4.49,0.9228033286641102,0.5442610337793906,0.13543534940142488,0.6163061176873734,2.9668623711644244,0.8743846977565151,0.852,2.4819012828100453,4.49,328.62,0.08,0.09,2.0,0.27957598163338854,0.27999999999888003,0,0
GAPAC_TG3,TG3_20250722_0724,ON,1,-0.0652250231927549,5.36,-1.2487791876943932,0.734,465.86,-0.0016,1.292101106488992,-0.77,-0.6971390168773534,0.5637063907859793,0.0945,-2.1505068096120548,9.65,0.9070074831405743,-0.7786347411937902,0.6888927141521372,0.7881819991180825,3.7349733966190604,0.7130613444084228,0.4305,2.0936590013437097,4.13,765.71,0.0,0.0,6.0,0.7208336020241934,0.71999999999712,1,1
OPPD_NC1,20251024_1922,ON,1,-0.05364987520596912,1.35,-0.960857280925043,0.144,479.49,-0.0016,2.6642357301083663,-0.48,0.260486017551769,0.6335811798584232,0.056,1.29588272238265,1.82,0.28736291064287917,-1.0164996738989647,0.4778505984339946,0.7461101897458299,4.407497141808431,0.6056505461957912,0.684,2.100650603173572,8.09,554.08,0.27,0.16,2.0,0.6973750115887024,0.6399999999974401,1,1
GAPAC_TG5,TG5_20250813_2113,ON,1,-0.1855810126648736,4.62,-0.0892353489842379,0.9605,234.57,-0.0016,-1.1911037689400983,-2.22,0.20056635169133818,0.0965342320574347,0.176,-3.6130339459845646,11.75,0.8834970790498778,-0.6485365969026979,0.5818115387125082,0.9727238801649218,2.342643584598698,0.7546712868874449,0.1405,2.957670213926044,5.89,403.99,0.0,0.0,6.0,0.4295173602573485,0.47999999999808,1,1
GAPAC_TG3,TG3__20250722_1628,ON,1,-0.07579382925581749,5.65,-1.2485580267060044,0.721,466.51,-0.0016,0.8276066741764336,-0.69,-0.8349705582399519,0.5237828128141375,0.094,-2.3434632659255947,9.66,0.8990802824365867,-0.5573180103088546,0.7325224289446497,0.8045996443313284,3.8119672267571825,0.6977552234777755,0.452,1.9482781926826258,3.83,744.6,0.0,0.0,6.0,0.7577911823067975,0.7599999999969601,1,1
OPPD_NC1,20251027_0957,ON,1,-0.05946357301602235,1.74,-0.9793459779991592,0.144,443.59,-0.0016,2.7044778253642967,-0.56,0.4044729173857985,0.6087071262197483,0.054,1.22838419433064,2.3,0.30450933538469893,-1.0960998831086721,0.478637595704855,0.7906545221291056,3.665643120140934,0.5802487730470909,0.84,2.170471246580089,8.78,548.82,0.28,0.1,3.0,0.7315341775401173,0.6399999999974401,1,1
Van_GT2,20250727_1245,ON,1,-0.08375828893483774,3.83,-4.367322014487724,0.925,479.97,-0.0016,0.47867418382730875,-5.01,0.215362275159732,0.5120395852005615,0.057,-1.503095197624894,13.57,0.8888194286925765,-1.109208482902178,0.9373277368847469,0.8101721774821813,2.9067892890210008,0.6729231168308454,0.436,3.0010555371452416,5.97,532.3,0.0,0.0,4.0,0.660528054075294,0.6399999999974401,1,1
OPPD_NC1,20251023_1833,ON,1,-0.049920207773709285,-0.43,-0.4073589657849682,0.144,604.27,-0.0017,2.202477329387359,-0.71,0.13092463651339503,0.6537111445146653,0.436,1.2059596932709638,1.92,0.32316444606037126,-1.3172392235809305,0.31382248988844685,0.623960741187008,4.472214144172436,0.7382039259018734,0.682,2.2960357161050164,9.17,582.01,0.3,0.76,2.0,0.5974393981857048,0.5599999999977601,1,1
VAN1,VAN1_on_2025-09-16,ON,1,-0.12476818212050643,3.07,-1.8078084117409539,0.955,403.66,-0.0017,1.410206334494869,-3.55,1.386249169195663,0.4968843909060697,0.0525,-1.0080348691388514,12.72,0.8556772719836122,-0.2022661095361138,0.8849215506758717,0.8509125785782569,2.787205677171465,0.6429333869357449,0.347,2.152265239924145,4.3,469.15,0.0,0.0,2.0,0.681491665800766,0.71999999999712,1,1
GAPAC_TG5,TG5_20250914_0133,ON,1,-0.1938541052402685,5.81,0.040233326558803295,0.9605,313.03,-0.0017,-1.3121052242012814,-1.44,0.04121290739178715,0.11127013028613354,0.4215,-3.298334564720655,11.31,0.8761096927916483,-1.1670836692860664,0.5466348959126397,0.9594018969694283,2.1701826911810578,0.7309827317870626,0.21,2.935071820388786,5.82,426.09,0.0,0.0,6.0,0.4385336099107152,0.47999999999808,1,1
Millenium_GT1_step,GT1 EMI Gen 20250506_1006,ON,1,-0.07002210270035966,6.16,-1.6989989490223878,0.397,680.46,-0.0017,-0.7251012415941689,-0.36,-1.613957306987039,0.6415817232737652,0.249,-0.31675829611099543,9.9,0.840175007048535,-0.2766961508958907,0.7482751486493333,0.7229605150654942,2.162781394319304,0.8196526479407673,0.855,2.9179416709922297,5.74,890.85,0.0,0.0,6.0,0.8287504037028529,0.7599999999969601,1,1
GAPAC_TG5,TG5_20250904_0333,ON,1,-0.1965599024105177,5.68,0.26868808747531636,0.9555,272.69,-0.0017,-1.3026546576933231,-1.36,-0.01952784767161053,0.10177956952230459,0.419,-3.490215081143009,11.45,0.8840995774487098,-1.480741525068356,0.49680375057824444,0.9660651915914409,2.074888311800632,0.7438648266300898,0.208,2.956126414436102,5.88,423.48,0.0,0.0,6.0,0.4385336099107152,0.47999999999808,1,1
Van_GT1,20251001_1826,ON,1,-0.09338974764452504,3.79,-2.551190147165294,0.96,484.15,-0.0017,1.6820578755893956,-3.68,1.3125236193931953,0.6589992481267405,0.047,-0.7402688473937227,12.65,0.8451875243077573,0.044667438911066615,0.877345540114565,0.7675138602074519,2.5240637554693532,0.6267388234000726,0.311,1.9822567351591915,3.95,579.78,0.0,0.0,5.0,0.8059067734679174,0.8399999999966401,1,1
Millenium_GT1_step,GT1 EMI Gen 20250506_1310,ON,1,-0.05791007679350013,6.01,-1.9498407911561806,0.441,531.76,-0.0017,-1.118130081624031,-0.37,-1.571773551725197,0.5335309380310048,0.268,-0.7405848728330191,10.24,0.8437606663846259,-0.27145788663899895,0.7394885042978783,0.7730365708818248,2.113140075367247,0.8678913069583815,0.854,4.2638881363821115,8.44,970.24,0.0,0.0,6.0,0.8287504037028529,0.7599999999969601,1,1
VAN1,VAN1_on_2025-09-19,ON,1,-0.12657395210283037,3.52,-1.8690881116768276,0.955,403.95,-0.0017,1.3752498074257844,-3.17,1.3122619359879524,0.49592632911111567,0.0515,-0.949212820551326,12.8,0.8582312599735854,-0.14269020006286937,0.8848302219818914,0.8512134480462006,2.645735403855346,0.641812000331622,0.359,2.2241280294370593,4.44,462.37,0.0,0.0,4.0,0.7091788326474566,0.7599999999969601,1,1
Van_GT1,20251001_1926,ON,1,-0.09240605211830127,4.11,-2.508905791033129,0.958,487.21,-0.0017,1.7937241704570928,-3.57,1.1114879731355511,0.6680426163471853,0.046,-0.7213829212305628,12.85,0.8553505082349049,-0.0043781851593247545,0.8719986429168429,0.7612256575910131,2.551422101980657,0.6274807014134398,0.3275,1.996668209762159,3.98,585.54,0.0,0.0,5.0,0.767928755724352,0.7999999999968,1,1
Van_GT1,20251001_2027,ON,1,-0.09091459023456808,4.13,-2.5868741174698466,0.9555,490.28,-0.0017,1.548711291353879,-3.82,0.9527149257876238,0.6771569555799284,0.046,-0.7078034935823001,13.06,0.8648052198693045,-0.019119235807825596,0.8881769986823254,0.7562985304736609,2.6298005151901904,0.6308060777590305,0.341,1.9396805447548706,3.87,591.22,0.0,0.0,5.0,0.8049736635193455,0.8399999999966401,1,1
VAN1,VAN1_on_2025-09-23,ON,1,-0.12948589369821542,3.3,-1.576152063548637,0.839,408.35,-0.0017,1.252956893287332,-4.57,0.23040070419481354,0.509613881856573,0.0535,-0.9217043144562568,14.02,0.8913280220954388,-0.10715344644822933,0.8822467881585222,0.8465517804657507,4.711941072848333,0.6480919297124235,0.4635,2.0437806932933387,4.08,468.83,0.0,0.0,3.0,0.681491665800766,0.71999999999712,1,1
Van_GT2,20250814_1659,ON,1,0.06855134270492245,7.83,-8.117811797222474,0.8075,457.71,-0.0018,-0.10401195112041599,-2.68,-0.20284530233912898,0.5193180272493186,0.085,0.7501140864501578,13.61,0.9726132587914106,0.831102034669659,0.9513167111395967,0.8222301670991303,3.3657585095321227,0.7086466997054801,0.8905,2.381716195309615,4.66,1379.68,0.0,0.0,5.0,0.6108615796816153,0.5999999999976,1,1
Van_GT1,20250728_1625,ON,1,-0.08033485748188522,3.84,-3.230846085614354,0.8405,512.17,-0.0018,1.7480966782979181,-5.22,0.402625556503129,0.7357355412678959,0.049,-0.6715124333371809,13.98,0.910171763669517,-0.3117417641119933,0.910009155559403,0.7165224481021402,4.6137355491977345,0.6355984315820717,0.311,1.797359883287773,3.58,638.29,0.0,0.0,4.0,0.7772864966726548,0.7999999999968,1,1
Van_GT1,20251001_2127,ON,1,-0.08315067806444512,4.41,-2.7352983575157968,0.958,502.87,-0.0018,1.414046895963546,-3.53,0.9322544696427509,0.7175448534455814,0.051,-0.6501758320148512,12.95,0.8595708797130354,0.1522958548608404,0.8918868819177973,0.7329761152010443,2.5794225817682643,0.6378193319633589,0.3415,1.8911211652555435,3.77,621.32,0.0,0.0,5.0,0.767928755724352,0.7999999999968,1,1
Van_GT1,20250729_1637,ON,1,-0.09875492701150305,3.86,-2.567436062934988,0.835,472.32,-0.0018,2.062639616777319,-4.67,0.44885173142846274,0.6433641358205291,0.0435,-0.8642900445724652,13.77,0.888937296662044,-0.05093555254893145,0.870178054421372,0.7745716984488519,4.5893718281545635,0.6261055918878391,0.2335,1.8677001814813494,3.73,573.56,0.0,0.0,4.0,0.7772864966726548,0.7999999999968,1,1
Van_GT1,20251001_1626,ON,1,-0.09835476212208447,4.59,-2.1877083831982196,0.965,475.5,-0.0018,1.6084738213448124,-3.34,0.9566104079607519,0.6429314130170248,0.046,-0.8127357161901745,13.18,0.8602401338918577,-0.12731401198637693,0.8528257596419158,0.7722831078172758,2.89592973835245,0.6287486321131085,0.4595,2.0226313789328936,4.03,574.39,0.0,0.0,5.0,0.7772864966726548,0.7999999999968,1,1
OPPD_NC1,20251027_0852,ON,1,-0.05419967794157807,1.65,-1.165910051063649,0.144,452.18,-0.0018,2.410452700595744,-0.53,0.3250495200988672,0.6912004632480941,0.06,0.8687874016081982,2.18,0.2885836472930913,-1.2768559559002126,0.5602130216182654,0.7509061516183083,3.939456223948823,0.6101393161184945,0.844,1.956492109277548,7.95,538.52,0.25,0.11,2.0,0.7618000798580162,0.67999999999728,1,1
Middletown_GT,20250731_1926,ON,1,0.031079129370382645,9.18,-2.599940174357699,0.531,805.81,-0.0018,-1.9276014831362076,6.42,-1.1756672683820244,0.6461770422584973,0.624,0.13169505070084156,11.21,0.8167647585355259,0.7774716143604454,0.2926258722351779,0.6454360739156765,2.6922472976209866,0.8490341125956734,0.8585,2.2967497011625273,4.3,1158.54,0.0,0.06,6.0,0.6849139669311081,0.6399999999974401,1,1
OPPD_NC1,20251024_1712,ON,1,-0.05599295103886411,1.27,-0.9125216501031819,0.144,484.1,-0.0018,2.3824381274512643,-0.48,0.09821225990397386,0.6420964535354925,0.058,1.1230204733037246,2.06,0.2784042776210842,-1.1573216652343845,0.48373177541641277,0.727307375930256,4.139510027871908,0.6240922580860373,0.842,2.30329323498806,7.83,511.59,0.21,0.17,2.0,0.6973750115887024,0.6399999999974401,1,1
Middletown_GT,20250801_1554,ON,1,0.03003950925842403,8.68,-3.6905256858984536,0.321,650.27,-0.0018,0.9983781287177218,1.81,-3.0830313307892565,0.6275733977035101,0.2265,-0.022288840683165348,11.06,0.8039928385513682,0.7302780719020161,0.7063414570538702,0.697507071090228,2.4865167267482224,0.6628318399849079,0.858,2.5324414278816083,5.17,1019.14,0.0,0.0,6.0,0.8335198106712904,0.7599999999969601,1,1
Middletown_ST,20250806_1135,ON,1,0.05518714991691602,9.32,-4.184392768438066,0.108,802.46,-0.0018,-2.2436116859529185,0.84,-1.7800504488534636,0.722693820759381,0.3585,-1.4414758718770206,9.93,0.5808923649140615,-0.028859576673799126,0.6673566526624648,0.5394278916305093,2.810312074542242,0.8618860219893,0.856,1.7122160280317857,5.06,1525.37,0.0,0.0,6.0,0.6734667439731924,0.6399999999974401,1,1
Middletown_ST,20231108_1958,ON,1,0.05747746197794094,9.62,-2.9698604033154705,0.0175,873.42,-0.0018,-1.8811695499259495,1.95,-2.3993677432826233,0.6804208851592667,0.3825,-1.1610573658361265,9.78,0.5558203305560677,-0.47577479928775723,0.5293225754902359,0.5803764925791772,2.78979149939456,0.8690257434189266,0.856,1.8121857622690807,4.42,1748.66,0.0,0.0,6.0,0.7136653466736286,0.67999999999728,1,1
Van_GT1,20251001_1726,ON,1,-0.09892822998101228,5.05,-2.2990662583913233,0.8185,478.24,-0.0019,2.063216649667323,-3.99,-0.29394747638825397,0.654105115158769,0.0455,-0.7764123617571247,14.23,0.8367268669092452,0.08525889095953598,0.8508161752600012,0.7686401375196583,4.313955816360554,0.6253171667805383,0.4925,2.0599113155934097,4.11,578.47,0.0,0.0,5.0,0.778219606621227,0.7999999999968,1,1
Middletown_GT,20240330_1959,ON,1,0.028744703107392525,8.71,-4.131270340676662,0.244,648.41,-0.0019,1.8740490351591403,-0.91,-1.5916034812677122,0.6558935303897346,0.0375,0.3197173942325109,11.93,0.7854677612903826,-1.54185027707905,0.7963110822107069,0.6600165041568844,2.7875814535777454,0.634263016282712,0.8595,2.357918839920644,4.5,1038.55,0.0,0.0,6.0,0.9261290694812235,0.87999999999648,1,1
VAN1,VAN1_on_2025-09-26,ON,1,-0.06682611934646514,5.29,-2.4532200661945103,0.841,542.61,-0.0019,2.5668807516395855,-3.78,0.41300055468825086,0.7696881136609365,0.057,-0.30763056145807516,13.91,0.8665613933492077,-0.018047410639223216,0.639724615710388,0.6984342777470217,4.170246891779172,0.6478541803273696,0.349,1.8921833632513687,3.77,652.16,0.0,0.0,5.0,0.7403289163900507,0.7599999999969601,1,1
VAN1,VAN1_on_2025-09-22,ON,1,-0.036132857400400994,5.92,-4.006467963286877,0.824,458.69,-0.0019,2.253795084924488,-3.57,0.10021927565854484,0.6311073122585701,0.053,-2.5682990512230153,14.73,0.9130769331913945,-0.16414211219073582,0.8657865548067448,0.7366984537312222,4.686286348274055,0.6434837987910205,0.5685,2.0249911009228407,4.04,672.22,0.0,0.0,5.0,0.7121472715122583,0.71999999999712,1,1
Middletown_GT,20231104_1934,ON,1,0.02902376648916355,8.72,-3.4356729293521164,0.094,656.65,-0.0019,1.7195879075493665,0.78,-2.403187230434467,0.6411325236909802,0.039,0.29092149104278653,10.95,0.6473211882404803,-1.9017077035659806,0.6679081678774287,0.6674784981755769,2.806234057883554,0.6490309921111553,0.859,2.437497588602044,4.63,1039.73,0.0,0.0,6.0,0.8891714891986193,0.8399999999966401,1,1
Van_GT1,20251002_0128,ON,1,-0.05256746561282595,5.59,-4.137983069551391,0.8295,518.63,-0.0019,1.7454350594163033,-4.12,0.2249066503353499,0.8641699400794549,0.05,-0.8363390796074142,14.42,0.9042999769087314,0.12250862039800725,0.9121223069860229,0.592359989715413,4.367131628737459,0.6376141631745639,0.4695,1.4889488253702214,2.96,764.48,0.0,0.0,5.0,0.7402415888776613,0.7599999999969601,1,1
Van_GT1,20251002_0028,ON,1,-0.05285237441994159,5.61,-4.345221908662961,0.83,517.07,-0.0019,1.7904298474475189,-4.16,0.20973843708265155,0.8634144366513621,0.0515,-0.846363774569524,14.52,0.9102601606718844,0.09953375254015362,0.9184430506777141,0.5920764347991573,4.379239275483911,0.6407604230946802,0.462,1.4820086319249566,2.95,764.2,0.0,0.0,5.0,0.7402415888776613,0.7599999999969601,1,1
Van_GT1,20251002_0429,ON,1,-0.05153220279367593,5.63,-4.206706260856494,0.8305,520.76,-0.0019,1.7810761921405798,-4.19,0.16078920094104415,0.8696817630759196,0.05,-0.8098952971713711,14.51,0.9112279695124645,0.15143027015501076,0.9133114086440676,0.5871990609940412,4.307991367735032,0.6391290664319021,0.476,1.451464741099963,2.89,768.47,0.0,0.0,5.0,0.7402415888776613,0.7599999999969601,1,1
Van_GT1,20251002_1131,ON,1,-0.046852349925979295,5.72,-4.786124739856745,0.8335,519.84,-0.0019,1.763759198440038,-4.19,0.1727099380416294,0.8817804565526497,0.0525,-0.8046437824789783,14.57,0.9011845099624858,0.4290406307204917,0.925657628133774,0.5828514429040532,4.5089752549875906,0.6409325589730697,0.4605,1.460659834725175,2.91,782.23,0.0,0.0,5.0,0.7402415888776613,0.7599999999969601,1,1
Van_GT1,20251001_2327,ON,1,-0.0533074323545398,5.94,-4.014233199039711,0.827,518.83,-0.002,1.9565938580017388,-3.9,0.05954799416702782,0.8646543473520715,0.0515,-0.8255718080381647,14.59,0.906500457724518,-0.18155246331398223,0.9051347277291103,0.5905588064977442,4.393751972594056,0.6406221318819592,0.524,1.4753658706481412,2.94,764.23,0.0,0.0,5.0,0.7772864966726548,0.7999999999968,1,1
OPPD_NC1,20251023_1623,ON,1,-0.0477267064255493,0.55,-1.1196338719770134,0.144,532.32,-0.002,1.5734051527894635,-0.43,0.02671101581218908,0.6603126066942651,0.14,1.2370632354273439,1.93,0.30586666033293053,-1.2594567640200323,0.6121438144915767,0.6514062444633261,3.9469990623694526,0.7137386663553899,0.68,2.2406560978063537,8.88,530.43,0.22,0.37,2.0,0.6973750115887024,0.6399999999974401,1,1
Van_GT1,20251002_0830,ON,1,-0.04528772344913865,6.27,-4.728657122968051,0.8345,521.34,-0.002,1.4537592831553765,-3.64,0.23229476322609494,0.8873729149862554,0.0515,-0.795628420908981,14.52,0.9091155789487124,0.542205815038288,0.9370570238887415,0.580714516804659,4.159922502988915,0.6389210047394146,0.561,1.457260965967276,2.9,788.45,0.0,0.0,5.0,0.7153009664177008,0.71999999999712,1,1
Van_GT3,20251004_1214,ON,1,-0.07447968865431044,6.38,-3.9546851932681935,0.738,508.51,-0.002,0.3219032127477572,-1.99,-0.7926269411770928,0.751489690615665,0.066,-0.6737485491858889,14.01,0.8881469547020061,0.2200157930156983,0.9564616101802266,0.6794243600832889,2.960739060083828,0.7023232549070219,0.8655,1.919684199054513,3.83,711.32,0.0,0.0,6.0,0.7153009664177008,0.71999999999712,1,1
Van_GT3,20250622_0830,ON,1,-0.052206073203149204,7.08,-4.498591200256201,0.8335,536.37,-0.002,0.494136006395913,-1.69,-0.5243557704631594,0.846027034172051,0.0775,-0.5090879200079048,13.79,0.8830634839250955,0.13846306752904214,0.9438297326063566,0.6131997653697318,3.6518127643013294,0.6979711262406358,0.852,1.780534633917239,3.55,785.25,0.0,0.0,6.0,0.7662701570701782,0.7599999999969601,1,1
Van_GT1,20250728_1224,ON,1,-0.053366815469788345,6.0,-3.9096366165362966,0.681,556.46,-0.002,2.040189063355711,-4.08,-0.5701804665705943,0.8685932040935175,0.0515,-0.3502225869499734,14.66,0.7208784380746688,0.8526598414112603,0.8966247659628033,0.6124898962236457,4.041480001524031,0.6412328907636723,0.244,1.7372497086631467,3.46,747.71,0.0,0.0,5.0,0.778219606621227,0.7999999999968,1,1
Van_GT1,20251002_1031,ON,1,-0.04674186685151114,6.03,-4.683851340281909,0.8275,518.87,-0.002,1.580281025027926,-3.88,0.14437202869646018,0.882281617943753,0.052,-0.8133321866374976,14.55,0.9026828626130865,0.46821050801439545,0.9340328912800288,0.5822568298795633,4.527328771941507,0.640896588795061,0.205,1.4609819756228146,2.91,783.85,0.0,0.0,5.0,0.7402415888776613,0.7599999999969601,1,1
Van_GT1,20251001_2227,ON,1,-0.05360123519390082,6.44,-4.202259356856862,0.8255,518.6,-0.002,2.0926140630309678,-3.7,-0.1689402487560504,0.8662653921077145,0.0515,-0.8239515207133163,14.89,0.9212237716344164,0.07325407150816199,0.9057999542061909,0.5878439512696056,4.042268081956616,0.6415946864105765,0.5485,1.4511847668727633,2.89,766.23,0.0,0.0,5.0,0.7153009664177008,0.71999999999712,1,1
Van_GT3,20251004_0812,ON,1,-0.050490688633623555,7.41,-4.812867656351473,0.6985,542.72,-0.002,0.6812516883521749,-2.19,-0.78918888321369,0.8738079051684131,0.0825,-0.4726810570173621,14.36,0.9253010994711662,0.16197200123740307,0.9582485189237059,0.5853137667708694,3.6904786886908467,0.6933360723546853,0.863,1.6957458306587507,3.38,785.76,0.0,0.0,6.0,0.7153009664177008,0.71999999999712,1,1
SQN2,SQN NG Unit 2 20250525_0934,OFF,0,-0.13974523044978424,0.81,0.3320338923817929,0.744,476.94,-0.002,-1.1367957271268478,-1.86,-0.38481258886120445,0.5789221443319916,0.698,0.21137437268303894,3.97,0.8371730673940618,1.8350482957764522,0.32838053275365264,0.5792672935839593,4.649463642496863,0.9181473084737457,0.586,3.142586289914349,5.29,391.86,0.12,0.07,2.0,0.28338345368901885,0.27999999999888003,0,0
Van_GT1,20250729_1236,ON,1,-0.09526266640563898,8.54,-3.619926432283236,0.7265,486.73,-0.0021,2.1562528579997884,-2.15,-0.6425066524642286,0.6397021531835683,0.052,-1.068086768660517,15.0,0.901141734904001,-0.35641239667381597,0.9048842313591839,0.7243115834494411,3.123162759733175,0.6410734011419661,0.8595,1.8279493423418347,3.63,661.02,0.0,0.0,6.0,0.7523458742126943,0.7599999999969601,1,1
Towantic_GT2,20250105_0434 GT2,ON,1,0.01245258455415441,8.96,-3.4949983615748628,0.315,567.84,-0.0021,0.2510121033787971,0.84,-2.706870251596697,0.9438331696695258,0.113,-0.4144332304379001,11.86,0.8293994593703472,-1.5776867688752683,0.9422148654481741,0.5069480247429857,2.738465138655094,0.7553910567500203,0.8815,1.4175610221708657,2.76,1080.9,0.0,0.0,6.0,0.9261290694812235,0.87999999999648,1,1
EMSA_GT2_NG,20250105_0434 NG,ON,1,0.01245258455415441,8.96,-3.4949983615748628,0.315,567.84,-0.0021,0.2510121033787971,0.84,-2.706870251596697,0.9438331696695258,0.113,-0.4144332304379001,11.86,0.8293994593703472,-1.5776867688752683,0.9422148654481741,0.5069480247429857,2.738465138655094,0.7553910567500203,0.8815,1.4175610221708657,2.76,1080.9,0.0,0.0,6.0,0.9261290694812235,0.87999999999648,1,1
Middletown_GT,20231027_1106,ON,1,-0.008376207397484873,9.56,-1.644862928327656,0.1485,737.35,-0.0021,-1.1799113148518607,4.35,-3.185439379214026,0.9081356889423815,0.5355,-0.756257561048727,11.62,0.7767349430119838,0.27578080088409074,0.6656756546572057,0.5241192725507493,2.4408532916285157,0.9183372759838898,0.673,1.9676470279422549,3.7,1072.9,0.0,0.01,6.0,0.6849139669311081,0.6399999999974401,1,1
Van_GT2,20251003_0810,ON,1,-0.04424747082380507,7.93,-6.119545844924263,0.819,533.29,-0.0021,-2.8571780701886387,-2.96,-0.23166516573803492,0.8679616786741412,0.1455,-0.9199125672040617,15.14,0.9888688317903752,0.16222910428073997,0.9245853687147362,0.5200077387938468,2.914982589025857,0.760479720505909,0.904,1.4767079749647969,2.93,858.66,0.0,0.0,5.0,0.6411274819995143,0.6399999999974401,1,1
Mosaic_Riverview,20251005_1101,ON,1,-0.0029765249023768156,7.7,-4.2220013467028235,0.1535,614.8,-0.0022,-1.9878083076367936,1.19,-4.586705080411958,0.9904723077810096,0.274,-0.17960782757803728,10.71,0.7885708485403888,-0.007237897141454397,0.8307818841871744,0.4301633499603792,4.018039300046328,0.8259844065000331,0.9925,1.194241363013755,2.33,1033.84,0.0,0.0,6.0,0.8103122666401946,0.7599999999969601,1,1
Mosaic_Riverview,20251005_1002,ON,1,-0.02263734863083437,7.79,-3.914226087056613,0.094,664.62,-0.0022,-2.0987943741848922,0.7,-3.742795568279529,0.768339703774971,0.277,0.6460543256435949,11.01,0.7153949851837557,0.06905481518309298,0.8323688452008151,0.6137176361282272,4.114251252984834,0.8311511402691463,0.993,2.1208437948238283,4.16,830.01,0.0,0.0,6.0,0.8315554078446602,0.7999999999968,1,1
Mosaic_Riverview,20251005_1001,ON,1,-0.006719769452331699,7.79,-4.1965036677911005,0.094,623.65,-0.0022,-2.0987943741848922,0.7,-3.742795568279529,0.9810028521535741,0.277,-0.10628706826779262,10.79,0.7153949851837557,0.06905481518309298,0.8323688452008151,0.4481133591640691,4.114251252984834,0.8311511402691463,0.993,1.5738151493173764,3.07,1012.33,0.0,0.0,6.0,0.8103122666401946,0.7599999999969601,1,1
Towantic_GT1,20250104_1230 GT1,ON,1,-0.004191871115925664,9.62,-3.9719873326830384,0.14,613.46,-0.0022,-1.5457853548620217,1.09,-2.876013467239967,0.9390604817290995,0.1885,-0.08688697481441077,12.37,0.7543171996231485,-1.293477737462105,0.9180947569097097,0.5079203725721515,2.7229225173226066,0.8139478505027914,0.987,1.794707404983695,3.48,1030.25,0.0,0.0,6.0,0.8473571744351884,0.7999999999968,1,1
EMSA_GT1_ng,20250104_1230 ng,ON,1,-0.004191871115925664,9.62,-3.9719873326830384,0.14,613.46,-0.0022,-1.5457853548620217,1.09,-2.876013467239967,0.9390604817290995,0.1885,-0.08688697481441077,12.37,0.7543171996231485,-1.293477737462105,0.9180947569097097,0.5079203725721515,2.7229225173226066,0.8139478505027914,0.987,1.794707404983695,3.48,1030.25,0.0,0.0,6.0,0.8473571744351884,0.7999999999968,1,1
OPPD_NC1,20251024_0939,ON,1,-0.0553606649428661,0.5,-0.5361535193013589,0.144,497.2,-0.0023,2.1554115957134736,-0.25,-0.30294049864934747,0.651486953268768,0.13,1.0622733164079388,2.06,0.27348778198359996,-1.117093462060006,0.3982583161711114,0.6830181056540906,4.680708503747631,0.7096386284043128,0.48,2.175468611870959,8.83,467.33,0.16,0.47,2.0,0.6643329616447764,0.6399999999974401,1,1
OPPD_NC1,20251023_1414,ON,1,-0.052093283167940437,0.47,-0.8458386892383135,0.612,511.21,-0.0024,2.079821188215931,-0.8,0.34778315359561107,0.6444104495985902,0.096,1.1713705984089673,2.34,0.428267275392083,-1.0737255059737913,0.4961499307138052,0.6723317476142752,4.156888406631901,0.6966238843419251,0.442,2.2258705123009084,6.91,497.29,0.22,0.28,2.0,0.7223156340486628,0.67999999999728,1,1
OPPD_NC1,20251025_0046,ON,1,-0.049853791381963324,0.85,-0.44213631653688557,0.144,451.42,-0.0026,2.8262229989120473,0.07,-0.566232539128439,0.6514395711404771,0.096,1.1181707193635142,2.21,0.2792830648903364,-1.2555955280760545,0.263557475186434,0.6907612731039228,4.639718655769186,0.6922356480028582,0.48,2.1923999760476955,8.75,428.44,0.11,0.46,2.0,0.6643329616447764,0.6399999999974401,1,1
OPPD_NC1,20251024_0206,ON,1,-0.05539321632302245,0.79,-0.2309817338028458,0.144,450.71,-0.0026,2.337491964221245,0.14,-0.3039695128154537,0.6348962791017336,0.266,1.2157278205089213,2.33,0.2998419743539414,-1.1225473745335925,0.2349703471718133,0.7069613769801066,2.8680906131993433,0.7072200350852806,0.482,2.2053363815348566,8.76,407.76,0.1,0.53,2.0,0.6643329616447764,0.6399999999974401,1,1
OPPD_NC1,20251026_0450,ON,1,-0.05381645021122118,0.66,-0.06756110066643417,0.144,447.76,-0.0026,2.9183991988820575,0.32,-0.4817404779306201,0.6317921804849164,0.348,1.19081764099404,2.41,0.27241702433543746,-1.3621870729891574,0.15355476880056074,0.712731682463149,4.490315269275089,0.6994436424977515,0.484,2.2952322845652264,9.21,406.02,0.09,0.71,2.0,0.6223800206456654,0.5999999999976,1,1
OPPD_NC1,20251024_0625,ON,1,-0.05128572310417079,1.86,-1.0015814494555841,0.144,400.45,-0.0027,2.187326106240111,0.16,-0.48373331549589665,0.643982502516678,0.054,1.164162940794703,2.21,0.2661840712929027,-1.1484743578442496,0.49152903472918685,0.7616310056880102,4.1778958477479895,0.6157764527824672,0.476,2.327600279515488,8.17,450.99,0.11,0.18,2.0,0.7867407023179769,0.71999999999712,1,1
OPPD_NC1,20251023_0955,ON,1,-0.04556969813071092,1.13,-0.9996250359902752,0.144,415.4,-0.003,1.288079078729756,0.22,-0.02780603471567038,0.6605927713530226,0.268,1.3521445072714544,2.59,0.27028611726406365,-0.9853079308240389,0.6561840400920806,0.6832891127620943,2.702982676801903,0.7667122455065946,0.47,2.076259793872585,8.07,390.06,0.07,0.4,2.0,0.7500028008953535,0.71999999999712,1,1
OPPD_NC1,20251022_2002,ON,1,-0.1370529002645296,3.49,1.9895257299896842,0.144,454.03,-0.0034,0.7454337837691992,4.1,-2.2451234554588075,0.27716837132433464,0.944,0.6876551954921568,4.98,0.2102428133962302,-1.1144946488388099,0.04186326715077626,0.8382262487264939,2.526393062003579,0.9451851466261401,0.604,3.1698637238812917,16.22,442.05,0.01,1.85,4.0,0.5469550200148336,0.47999999999808,1,1
OPPD_NC1,20251022_1233,ON,1,-0.14075356289162244,3.36,2.25951142389514,0.144,483.39,-0.0034,0.8246084370636605,5.15,-2.308561806104603,0.2397021599188056,0.948,0.48305985923222394,5.22,0.19327689877235843,-1.279440168241761,0.09783506228808547,0.9052295968715016,2.61281040815314,0.9376357571307905,0.608,3.394843531375972,21.51,582.98,0.01,5.97,3.0,0.5469550200148336,0.47999999999808,1,1
OPPD_NC1,20251023_0122,ON,1,-0.1384165158686509,3.42,2.1457475247576547,0.144,480.37,-0.0034,0.9241838394470475,5.23,-2.3525337072636914,0.245563048618807,0.946,0.5153434854968073,5.23,0.19175327040021223,-1.1458822660455494,0.06259264558368816,0.9017894465974111,2.62783705145067,0.9420534585700773,0.602,3.5906192935993864,22.33,615.88,0.01,6.06,3.0,0.5469550200148336,0.47999999999808,1,1
OPPD_NC1,20251023_0850,ON,1,-0.10814461064266354,4.68,0.669325816457483,0.144,429.03,-0.0036,0.8931381076025541,5.34,-2.4917563733908117,0.28224377841101034,0.696,0.9974672693751442,5.34,0.193172967741592,-1.2121082444326579,0.25872179228863057,0.8348697981215469,2.5306264299712944,0.9028669101627488,0.61,3.5254013188797773,21.79,675.16,0.01,1.95,4.0,0.5469550200148336,0.47999999999808,1,1
SQN2,SQN NG Unit 2 20250527_1433,ON,1,0.022368458612966817,5.29,-1.0545300466173457,0.246,282.13,-0.0042,-2.4163249940530656,1.51,-1.4770137707821085,0.6728126359254916,0.602,-1.1225063479952553,5.29,0.7038533810082487,0.6785513169028974,0.09507581907015294,0.6063533651022385,2.2214116241032995,0.8545520883814305,0.556,5.531466358628416,7.62,489.19,0.01,0.02,5.0,0.6560556084923288,0.5599999999977601,1,1
SQN2,SQN NG Unit 2 20250526_1808,ON,1,-0.035923048848499776,3.37,-1.620592713706349,0.752,205.77,-0.0046,-1.5549273603911093,0.03,-0.6015009064180622,0.6067781345069285,0.464,-1.5396496065594583,5.58,0.8791448046730024,0.5321126480600578,0.5330216676703723,0.6993785662179955,2.5528096126532396,0.9025095712836856,0.548,2.2510329281261092,4.26,240.53,0.0,0.04,3.0,0.5385446229182103,0.51999999999792,1,1
SQN2,SQN NG Unit 2 20250526_0756,ON,1,0.007839139161976181,3.23,-2.0696041468427406,0.742,213.36,-0.0046,-1.010996148503165,0.54,-0.852756666186796,0.6928627151537792,0.46,-1.3798572080761282,5.36,0.8306747740169905,0.41488525322485614,0.7330416650525546,0.6365651997912283,2.490313965307906,0.8975739491231285,0.546,2.022865390424914,3.8,274.11,0.0,0.07,3.0,0.6134802209443802,0.5999999999976,1,1
SQN2,SQN NG Unit 2 20250525_1439,ON,1,0.046122194981961795,5.19,-1.3464268524158807,0.244,300.51,-0.0046,-0.9644108672694098,3.82,-4.929781373603712,0.6367871762977353,0.672,-0.9514389064582761,5.58,0.7907423118687438,0.9062115212431694,0.20981027894195536,0.4526697335033912,4.713803600303839,0.949059572167114,0.554,1.9668562161795606,2.89,512.5,0.0,0.25,5.0,0.6951132045924727,0.6399999999974401,1,1
SQN2,SQN NG Unit 2 20250527_0926,ON,1,-0.06131627335483987,4.36,-1.13681694306096,0.25,216.19,-0.0047,-1.91372254052914,1.7,-1.4655487269854248,0.49019546536596553,0.464,-1.8731118388122923,6.26,0.7382754625096731,0.05689638715612322,0.4159484728960742,0.7268525437742354,2.35006514560534,0.8750441918799432,0.55,2.7310732761958723,5.07,241.88,0.0,0.07,5.0,0.6577466363343519,0.5999999999976,1,1
SQN2,SQN NG Unit 2 20250526_1100,ON,1,-0.0005472360779677409,3.88,-2.1801481049851286,0.75,208.24,-0.0048,-2.0188649448060163,0.15,-0.647256123017565,0.6721406242817474,0.456,-1.7573505026609262,5.79,0.8744723248575884,0.11708786646908909,0.49333864332532085,0.6502157798031938,2.6067258657288375,0.8837375898613026,0.548,2.271286962141843,4.23,270.65,0.0,0.02,5.0,0.5385446229182103,0.51999999999792,1,1
SQN2,SQN NG Unit 2 20250528_0552,ON,1,0.0029934703553529383,5.24,-1.5205103968429199,0.244,231.05,-0.0051,-0.2929870835057846,3.12,-3.102562784404508,0.5818822784733043,0.486,-0.4467667133443731,7.14,0.6817049976820398,0.011193973397416457,0.4904478691232852,0.6898136138307149,2.614287154763116,0.8794891750181091,0.748,4.139800463189757,7.66,281.97,0.0,0.12,6.0,0.6765064338601375,0.5999999999976,1,1
SQN2,SQN NG Unit 2 20250527_1635,ON,1,-0.028078452764241174,5.66,-1.0484379391041114,0.236,229.52,-0.0054,-1.6986627242840335,2.42,-2.273415967741394,0.6169941222166307,0.496,-1.698785747025635,7.2,0.7382388892104692,0.6436384757040043,0.3713722896293159,0.6422302463526351,1.9844507982780424,0.9120128033628144,0.584,2.403201493917974,4.34,279.73,0.0,0.04,6.0,0.6826017687387272,0.6399999999974401,1,1
SQN2,SQN NG Unit 2 20250528_1200,ON,1,-0.032108831747365105,7.79,-1.5469138485516578,0.232,231.67,-0.0064,-4.27621205801417,1.24,-2.4478358315600715,0.4212068400498799,0.462,-2.3822348049390585,8.95,0.7495787521914485,0.21010523090139088,0.2667378988755017,0.7334533780088471,2.7678897564390743,0.8537779826247597,0.76,2.950195574849139,5.15,289.73,0.0,0.0,6.0,0.6875911514581337,0.6399999999974401,1,1
SQN2,SQN NG Unit 2 20250528_1059,ON,1,-0.05756525490240401,7.94,-2.0171781286211474,0.244,194.35,-0.007,-3.7526235753530734,1.45,-2.1363443271997067,0.47000009703911805,0.452,-2.1635901187040183,9.84,0.7780880022481699,0.3947139583689365,0.46856122674531686,0.746479991916558,2.1514691820445355,0.851746244543779,0.7,2.5239031532263865,4.71,226.17,0.0,0.0,6.0,0.7152783183048244,0.67999999999728,1,1
NC2,20250225_2304,ON,1,-0.006218146981459057,7.71,-2.637999695512544,0.146,184.69,-0.0075,-2.722512205244836,1.44,-2.439472043412042,0.8174777302378943,0.474,-0.11712965835627048,9.83,0.7003690247587698,0.9319433485149196,0.5810878069660185,0.5502529432414477,4.280340064943595,0.8975913683515044,0.528,1.6951526696033523,3.2,283.95,0.0,0.0,6.0,0.7775855090229056,0.7599999999969601,1,1
NC2,20250225_1344,ON,1,0.02263823202467103,8.05,-2.4880607341741556,0.094,173.66,-0.0077,-1.476999738249784,1.83,-2.4443049306346722,0.7710831244036667,0.472,0.3616807267196288,10.09,0.6352629044883916,0.6798193271430293,0.6674860046838541,0.5697314370833568,3.8797345118664417,0.896992415487721,0.55,1.4945328486081777,2.81,322.66,0.0,0.0,6.0,0.7526448865629449,0.71999999999712,1,1
NC2,20250225_1029,ON,1,0.023542040127713677,8.11,-3.3535596398012406,0.128,170.87,-0.0077,-2.579334981899622,1.36,-2.4631757444203783,0.7583587905846595,0.434,0.38698355568302856,10.07,0.6965772239910942,0.6666023931121314,0.6789778992497661,0.5783502098957067,3.800362414253808,0.8744977229093002,0.528,1.5101878889578186,2.83,326.12,0.0,0.0,6.0,0.7775855090229056,0.7599999999969601,1,1
NC2,20250225_1237,ON,1,0.022254972171458776,8.16,-2.488195894395389,0.098,174.94,-0.0077,-1.6937076275845584,1.82,-2.4721152623208864,0.7529122523725251,0.476,0.4164307697222494,10.14,0.649436014184495,0.677071761994192,0.6458121617032893,0.5801031469036935,3.753366327991724,0.898204695851252,0.548,1.5172637305103385,2.84,327.08,0.0,0.0,6.0,0.7526448865629449,0.71999999999712,1,1
NC2,20250226_0205,ON,1,-0.04868898446449788,7.7,-1.9049558202269292,0.138,174.09,-0.0078,-2.6376866394676495,1.44,-2.51697833665388,0.8605373580688146,0.474,-0.4454670490389147,10.34,0.6995676089137262,0.9349577916707421,0.5616762395419188,0.5693481168240049,4.181522553359723,0.8872607152736105,0.534,2.0767465189574126,4.01,216.26,0.0,0.0,6.0,0.7775855090229056,0.7599999999969601,1,1
NC2,20250226_0105,ON,1,-0.048376782209300716,8.06,-1.1589167331227639,0.102,203.44,-0.0078,-2.0400528293655684,1.54,-2.5453056457964816,0.834416272605645,0.468,-0.3103425983576774,10.14,0.6574093374046279,0.717650450341095,0.41693727749998544,0.5709641253596502,4.176466387942178,0.8385779297556267,0.516,2.2721696073615334,4.28,240.37,0.0,0.0,6.0,0.7775855090229056,0.7599999999969601,1,1
Harq_ST1_PT,HARQST-1 EMI PT_20250220_1444 – HARQST-1 EMI - PT HFCT,OFF,0,-0.07427539594293173,1.1063,-1.173179912732913,0.911,303.1044,-0.0014,-0.6787948872407948,-3.7311,-1.100041127259235,0.2561613588695234,0.2905,-3.583669444717613,11.6851,0.8839552254578045,0.7333031726142551,0.6324782066018494,0.9378767188750528,4.102654953519544,0.7718068206375132,0.5015000000000001,2.5974378161118143,5.1912,759.0378,0.0004,0.0079,1.0,0.33764950414285355,0.31999999999872003,0,0
Harq_ST1_PT,HARQST-1 EMI PT_20250307_1027 – HARQST-1 EMI - PT HFCT,ON,1,-0.0781663573705121,3.7361,-2.6458048674089305,0.507,501.5214,-0.0016,0.8637327685716516,-2.8791,-1.5685771282146996,0.670870364790613,0.0865,-0.5947026871406699,11.4131,0.8997361513239318,0.598201688343682,0.880999717924994,0.7583950252080572,3.7743883051897256,0.6876035227346464,0.6395,2.156010103222996,4.2939,593.7397,0.0002,0.0013,5.0,0.8213800944946522,0.7999999999968,1,1
Harq_ST1_PT,HARQST-1 EMI PT_20250511_1129 – HARQST-1 EMI - PT HFCT,ON,1,-0.08308990584550514,3.5983,-2.6143395531361695,0.7555,501.7326,-0.0016,0.4939760937806462,-2.799,-1.1486368557451807,0.6391910038453403,0.0725,-0.4499198822447027,11.3775,0.8981325962403415,0.5297570315086806,0.9037687264524094,0.7794483134253826,2.9384426412504427,0.6722502473953178,0.6425,2.400307679948478,4.7837,572.597,0.0002,0.0017,5.0,0.7644942044498378,0.7599999999969601,1,1
Harq_ST1_PT,HARQST-1 EMI PT_20250525_1140 – HARQST-1 EMI - PT HFCT,OFF,0,-0.10837811507075902,1.5598,-0.7222835097334748,0.896,311.1611,-0.0014,-1.3530594923792274,-3.7431,-1.1526814651237403,0.20906552153243177,0.3335,-3.954906684639907,11.6599,0.896752585965809,0.5388338202724299,0.5885914619740905,0.9423785137197199,4.258813744252816,0.8033837198571249,0.5639999999999998,2.4643870288590755,4.9236,735.8071,0.0004,0.005,1.0,0.18479453406735288,0.1999999999992,0,0
Harq_ST1_PT,HARQST-1 EMI PT_20250629_1938 – HARQST-1 EMI - PT HFCT,ON,1,-0.08819834589039298,3.702,-2.3747454754241257,0.7205,494.532,-0.0016,0.4816079651628895,-2.5692,-1.44874499487979,0.6198280272243791,0.053,-0.447263297202473,11.296,0.8818265278064802,0.42268489700604484,0.8943371158550408,0.7800062844519938,3.603688296600299,0.6498582802003713,0.6574999999999998,2.2962000316999354,4.577,543.8374,0.0002,0.0019,5.0,0.734228302131939,0.71999999999712,1,1
Harq_ST1_PT,HARQST-1 EMI PT_20250817_1151 – HARQST-1 EMI - PT HFCT,ON,1,-0.09897828692469646,3.3643,-2.413336706069019,0.5985,476.3513,-0.0015,0.2424487075268213,-2.5671,-1.2353941013424268,0.5517865168297399,0.0865,-0.35697796068870635,11.0397,0.9006559558950895,0.5212982829273587,0.9041097107469224,0.8143203118680276,3.735230220925662,0.6947631502584205,0.644,2.606447245139617,5.1966,479.6736,0.0002,0.0027,3.0,0.6912021075653539,0.6399999999974401,1,1
Harq_ST1_PT,HARQST-1 EMI PT_20250927_1934 – HARQST-1 EMI - PT HFCT,ON,1,-0.08208832936076907,3.4561,-2.8436451071600493,0.7525,513.4674,-0.0015,0.45524845140985304,-2.6692,-0.967484045996068,0.6173027577454911,0.0965,-0.31158240356728045,10.9641,0.9037191077085208,0.5028018994135204,0.9148302219543136,0.7787389515747091,3.617757814146673,0.7038679300069632,0.6315,2.523598016013252,5.0267,550.8918,0.0002,0.0022,5.0,0.686020925013089,0.67999999999728,1,1
Harq_ST1_PT,HARQST-1 EMI PT_20251011_1911 – HARQST-1 EMI - PT HFCT,ON,1,-0.07779226131597224,3.6628,-2.993751815271774,0.7615,509.9467,-0.0015,0.40348001545796836,-2.5819,-1.2001079996040172,0.6406556386624163,0.0925,-0.36830207437738977,10.9227,0.9082094183261782,0.5261516598691176,0.9360925992895619,0.7712255020592776,3.662434842150665,0.6991848819421278,0.6475,2.1742132524247264,4.3278,581.3349,0.0002,0.0019,5.0,0.7108760574174643,0.71999999999712,1,1
Harq_ST1_PT,HARQST-1 EMI PT_20251020_1922 – HARQST-1 EMI - PT HFCT,ON,1,-0.0813596671185234,3.8421,-2.840063149941516,0.769,502.4682,-0.0016,0.7331713325652921,-2.5643,-1.1718711769782724,0.6374304216506219,0.08399999999999996,-0.3934929589177057,11.112,0.9168212987993871,0.5294325571327563,0.9293352076459211,0.7752719742254124,3.6500441784959023,0.6764724471107265,0.619,2.135283231770431,4.2509,568.8307,0.0002,0.0017,5.0,0.7644942044498378,0.7599999999969601,1,1
Harq_ST1_PT,HARQST-1 EMI PT_20251118_1034 – HARQST-1 EMI - PT HFCT,OFF,0,-0.1024611036727067,2.7277,-0.6353234874464004,0.8285,303.7233,-0.0015,-1.0465802982217467,-2.4206,-1.0888062793374351,0.24748474217101632,0.3465,-3.4729298648746973,11.458,0.8578649361101691,0.6948115417113963,0.5525267578031307,0.9334071053148965,4.647094026878645,0.808099256933683,0.4055,2.5807978452044438,5.1566,732.3996,0.0001,0.0058,3.0,0.2731722449897853,0.27999999999888003,0,0
Harq_ST2_PT,HARQST-2 EMI PT_20250402_1539 – HARQST-2 EMI - PT HFCT,OFF,0,-0.026856446398752253,4.6737,-0.9683274761076717,0.128,687.4458,-0.0013,-1.804886473918847,-0.4438,-2.3199364313198667,0.7303500538551487,0.5185,-1.692503713161922,7.557,0.7082443930591857,0.42492060762894557,0.2825417143386414,0.6805235825725175,3.0019443958113445,0.7556820573589699,0.746,1.8657789257298587,5.8936,1037.0291,0.0008,0.006,5.0,0.5640052349450527,0.47999999999808,1,1
Harq_ST2_PT,HARQST-2 EMI PT_20250411_1508 – HARQST-2 EMI - PT HFCT,ON,1,-0.09335184160301607,4.9602,-1.9768797313394526,0.20199999999999993,564.3591,-0.0016,-0.05081797649437939,-2.2176,-2.33950569295423,0.5539565516260445,0.10749999999999996,0.4809804397981301,11.16,0.8270907861106482,0.3739384615585237,0.8277360120827614,0.8053810837972261,3.183953385235117,0.7703265809610279,0.877,2.385805859418542,4.7274,488.2745,0.0001,0.0008,6.0,0.7761618667065981,0.7599999999969601,1,1
Harq_ST2_PT,HARQST-2 EMI PT_20250505_1149 – HARQST-2 EMI - PT HFCT,OFF,0,-0.023974787248271578,3.8514,-1.3891740004234154,0.1745,618.0777,-0.0013,-1.7897917074084293,-1.3157,-2.128453977248344,0.7367223117354613,0.49,-1.689959643614606,8.0823,0.7824096320625353,-0.014181218599032874,0.4026120226887493,0.6876197199252319,2.9123577022331433,0.7739160745666704,0.871,1.9080024315980793,4.4276,979.8741,0.0012,0.0057,4.0,0.6235820832959581,0.5599999999977601,1,1
Harq_ST2_PT,HARQST-2 EMI PT_20250528_1909 – HARQST-2 EMI - PT HFCT,ON,1,-0.0966336494620409,4.7228,-1.802019726424505,0.182,538.2235,-0.0017,0.13254254529324458,-2.2764,-2.334227927613162,0.5324744110998354,0.10749999999999996,0.39076826488166627,11.1877,0.8159697770375657,0.3806210484430155,0.8224197436350997,0.8202387988037924,2.8103519422838676,0.7644369401364243,0.8225,2.5184812153848855,4.9988,460.2319,0.0001,0.0009,5.0,0.7513067343022228,0.71999999999712,1,1
Harq_ST2_PT,HARQST-2 EMI PT_20250605_1954 – HARQST-2 EMI - PT HFCT,ON,1,-0.10478375868299987,4.1008,-1.272052060698949,0.226,504.1089,-0.0016,0.5413748402016596,-2.2388,-2.269337372362094,0.5074366462629508,0.11199999999999996,0.31099527536560134,11.2351,0.828737047096335,0.47370035715365155,0.7468151916186735,0.8394675072904677,2.8565840287329136,0.7830388538513178,0.8744999999999998,2.452712255816427,4.8868,428.5642,0.0001,0.0018,5.0,0.763563281366329,0.7599999999969601,1,1
Harq_ST2_PT,HARQST-2 EMI PT_20250616_1917 – HARQST-2 EMI - PT HFCT,ON,1,-0.11558498557815876,3.9042,-0.624808395279896,0.142,470.0322,-0.0017,0.20334970873434313,-1.9776,-2.699395191126943,0.47314582801037863,0.2045,0.03391187196760265,11.2695,0.7902275454364859,0.42049733862761496,0.6624945964077593,0.8588567211684702,3.4296032938524297,0.8279590833957494,0.8195,2.545609026059777,5.0794,413.0024,0.0001,0.0028,6.0,0.6179263444431485,0.5999999999976,1,1
Harq_ST2_PT,HARQST-2 EMI PT_20250702_1519 – HARQST-2 EMI - PT HFCT,ON,1,-0.10086004738664403,4.6269,-1.5430090666110068,0.16949999999999996,527.2297,-0.0016,-0.22804483723760477,-2.0933,-2.2668945062824113,0.5229722747640345,0.1275,0.24572304070106574,11.0052,0.8168632933354724,0.343788977004313,0.8019781941079743,0.8223678584122601,3.4402743617084193,0.7923030179271375,0.8679999999999998,2.5629546251463617,5.0906,444.014,0.0001,0.0012,6.0,0.7254651824699087,0.67999999999728,1,1
Harq_ST2_PT,HARQST-2 EMI PT_20250713_1131 – HARQST-2 EMI - PT HFCT,ON,1,-0.1027258682714394,4.3349,-1.4637986681371509,0.2775,511.1736,-0.0016,-0.061420268048234174,-2.084,-2.3138395190987437,0.5191717248767447,0.11,0.22876404908623776,10.9774,0.8446859922872333,0.1785999327645369,0.8257519569181697,0.8305383013204252,3.139194807536406,0.777878374595469,0.824,2.523898488075692,5.0212,438.1034,0.0001,0.0016,6.0,0.6857778057482328,0.67999999999728,1,1
Harq_ST2_PT,HARQST-2 EMI PT_20250921_1159 – HARQST-2 EMI - PT HFCT,ON,1,-0.09346917977196058,5.0548,-1.9313584399313926,0.2805,547.2439,-0.0017,-0.3475213209298437,-1.3705,-2.7600339949752404,0.5482806895492751,0.10899999999999996,0.4366829792786076,10.5474,0.8372098231881488,0.08122498766514052,0.8837836722565091,0.8121745955378475,3.01025762428868,0.773721524086954,0.8425,2.453193640671695,4.8668,472.9704,0.0001,0.0016,6.0,0.8271310573590755,0.7999999999968,1,1
Harq_ST2_PT,HARQST-2 EMI PT_20251117_1821 – HARQST-2 EMI - PT HFCT,OFF,0,-0.07275957288131422,3.4761,-0.6699654459224703,0.171,592.434,-0.0013,-1.6490035173266362,-1.2946,-1.6764140191650183,0.7586556728022957,0.539,-0.8300495032968442,8.5451,0.7688847945498931,-0.29603854229778204,0.39886029825683345,0.6559636240866211,2.3303690229971927,0.901114779818644,0.7775,1.6982150320252356,3.3566,774.4623,0.0007,0.0085,5.0,0.6659316776063432,0.6399999999974401,1,1
Harq_ST3_PT,HARQST-3 EMI PT_20250402_1159 – HARQST-3 EMI - PT HFCT,OFF,0,-0.14798065690309353,-0.2594,-0.3414715557396346,0.8275,750.8912,-0.0007,0.5381963399636175,-2.6634,-0.23639835234522796,0.5144689093495223,0.509,-0.21492808588422196,7.5508,0.9951427876462623,0.03248615118957554,0.6271306224585051,0.8036990189777702,2.7696026786177095,0.8182667209207225,0.857,3.1594878906184936,6.2756,517.2985,0.0075,0.0904,0.0,0.15967042332905695,0.15999999999936002,0,0
Harq_ST3_PT,HARQST-3 EMI PT_20250404_1916 – HARQST-3 EMI - PT HFCT,OFF,0,-0.14787404869992715,-0.2581,-0.37964573838309823,0.831,771.0567,-0.0007,0.5491183768299646,-2.7171,-0.21916838026224625,0.5683778374272606,0.504,-0.5578049172978424,7.51,0.9957490461866912,0.036498991803933456,0.6295105717728666,0.7653407626753407,2.7437800669684442,0.8161470681578115,0.8525,2.6825167946220145,5.3247,595.323,0.0083,0.0855,0.0,0.18993632564695587,0.1999999999992,0,0
Harq_ST3_PT,HARQST-3 EMI PT_20250425_1146 – HARQST-3 EMI - PT HFCT,OFF,0,-0.1342296430510013,-0.2882,-0.5624156091568244,0.8435,808.1209,-0.0007,0.44916096832870706,-2.8516,-0.1967112424917823,0.6111708929051595,0.4805,-0.5399504518351573,7.5005,0.9955326430467045,-0.008453239002905732,0.6348253143904721,0.7388172560603755,3.071360751006798,0.8105241261126489,0.8385,2.659441551791721,5.2735,621.0108,0.0096,0.077,0.0,0.18993632564695587,0.1999999999992,0,0
Harq_ST3_PT,HARQST-3 EMI PT_20250530_1545 – HARQST-3 EMI - PT HFCT,ON,1,-0.21326507678482712,3.1502,-0.6950464528957587,0.684,309.0446,-0.0014,1.7200589431257913,-2.4701,-0.8939580772746858,0.2561504837376247,0.11049999999999996,-0.8665329112394633,12.2733,0.9251340699073383,0.014806503876561905,0.704411275617992,0.9489487546198544,3.0417245288410046,0.7429333135394911,0.915,2.7868203023235014,5.5699,338.2365,0.0001,0.0036,2.0,0.3793554620374873,0.3999999999984,0,1
Harq_ST3_PT,HARQST-3 EMI PT_20250605_1924 – HARQST-3 EMI - PT HFCT,ON,1,-0.18892946003936997,3.7891,-1.6693213930349535,0.637,323.539,-0.0015,1.8547149435252064,-2.2386,-1.0303114316605917,0.27290450951743656,0.089,-0.3896846707132198,12.4444,0.9132127668222753,0.09772356954612738,0.8359053483207652,0.943947695807991,2.9457101660279377,0.7035854420800234,0.906,2.3746362365494953,4.7453,359.9197,0.0,0.0024,4.0,0.6266687803799554,0.6399999999974401,1,1
Harq_ST3_PT,HARQST-3 EMI PT_20250616_1111 – HARQST-3 EMI - PT HFCT,ON,1,-0.22471037930535065,3.8491,-1.2289826433835374,0.759,287.7558,-0.0016,1.2375769580055818,-2.5274,-0.6876251188016961,0.22393481769273596,0.09449999999999996,-0.8809583724197486,13.4876,0.9577507215607769,-0.019785779664419634,0.8661408453482923,0.956101610489167,2.954871068822916,0.716006521868734,0.8949999999999998,2.9726671417844486,5.9429,304.0581,0.0,0.0017,4.0,0.5649587695513453,0.5599999999977601,1,1
Harq_ST3_PT,HARQST-3 EMI PT_20250713_1932 – HARQST-3 EMI - PT HFCT,ON,1,-0.22886516290456516,1.505,-0.09150471825948348,0.4425,262.7655,-0.0014,0.30871288135237407,-3.2151,-1.3420545453174089,0.17418664517721827,0.0595,-0.6976643565036633,12.6366,0.875313731225139,0.2153229479613324,0.8045998751516681,0.9679598404797831,2.9561747960578866,0.6550344253903919,0.8935,2.8339039640659647,5.6665,281.4377,0.0001,0.0089,1.0,0.43857346333351166,0.43999999999824,1,1
Harq_ST3_PT,HARQST-3 EMI PT_20250927_1547 – HARQST-3 EMI - PT HFCT,ON,1,-0.22250973280771055,0.145,0.09222965123477334,0.272,336.5286,-0.0012,-0.6442536140136073,-2.8508,-1.46927606501047,0.24301609344666636,0.1995,-0.9247210245896951,10.4193,0.8275142448166412,0.14543108261606352,0.7792449691930878,0.9428382158634228,2.242369122178258,0.8220991278921806,0.9505,2.9241044883091445,5.8449,299.7422,0.0005,0.05,1.0,0.40501592750992405,0.3999999999984,1,1
Harq_ST3_PT,HARQST-3 EMI PT_20251019_1117 – HARQST-3 EMI - PT HFCT,ON,1,-0.2305654233811942,-0.336,0.1243457581231393,0.2075,333.428,-0.0011,-0.40450725583758385,-3.1751,-1.61181891879628,0.22084776812243068,0.1705,-1.069030318780816,10.6052,0.8137548304048988,0.25202178403388364,0.8175205860737977,0.9483527079785655,2.5816730101903946,0.8058841764926213,0.95,2.9684266698543604,5.9338,295.262,0.0006,0.0585,1.0,0.40501592750992405,0.3999999999984,1,1
Harq_ST3_PT,HARQST-3 EMI PT_20251118_1432 – HARQST-3 EMI - PT HFCT,OFF,0,-0.18320799191075426,-1.2539,0.47247369529030725,0.8675,1027.4123,-0.0005,0.8091914973340535,-2.8229,-0.03999540298535554,0.5213231591784684,0.5115,-0.6825222720114246,6.7288,0.9977164878673759,0.007666771866234212,0.5557300549386799,0.7799954782414329,2.569141793636488,0.8436700745574287,0.8494999999999998,2.509165768948236,4.9519,626.9533,0.0201,0.2083,0.0,0.2087963953503982,0.23999999999904,0,0
