site,spectrum id,org,running state,label source,B2 mean,B2 power,B2 log,B2 std,B2 max,mean power,std power,total power,log total,max power,B1 mean,B1 power,B1 log,B1 std,spectral slope,B1 max,B4 B2 ratio,B3 power,B3 log,B3 mean,B3 std,B3 max,B4 frac,B4 B1 ratio,log B4 B1,band gradient,spectral spread,peak to mean,crest factor,log hi lo,hi lo ratio,spectral kurtosis,spectral skew,B3 B2 ratio,spectral flatness,band range,spectral centroid,B4 mean,B4 power,B4 log,spectral entropy,B4 std,B2 B1 ratio,log B2 B1,spectral slope norm,lr B2 B4,clr B2,clr B4,ilr 3,alr B4,lr B1 B4,band gradient proper,lr B3 B4,ssn_B1,rolloff_norm_B3,curvature_B2,flat_fraction,vote_ssn_B1,wvote_ssn_B1,vote_lr_B2_B4,wvote_lr_B2_B4,vote_spectral_spread,wvote_spectral_spread,vote_rolloff_norm_B3,wvote_rolloff_norm_B3,vote_curvature_B2,wvote_curvature_B2,total_votes,weighted_score,weighted_score_norm,prediction,flat_override
WBN2,20251022_1733,WBN,ON,cluster,59.38,29691.24,10.3,48.57,354.46,42014.21,252273.4,84028428.0,18.25,3909502.0,1295.59,647796.2,13.38,5447.03,0.0,56606.83,2774.67,967445.6,13.78,1934.89,3858.02,24004.32,0.98,127.18,4.85,1.62,166.83,93.05,9.65,4.82,123.03,95.96,9.05,32.58,0.01,7.93,1687.73,164767.0,82383495.0,18.23,0.6,484179.8,0.05,0.04,0.0028,-7.93,-3.62,4.3,-4.97,0.02,-4.85,1.62,-4.44,-0.1563064868997632,0.922,1.5904835176432628,0.0,0.0,0.0,0.0,0.0,1.0,0.811,0.0,0.0,1.0,0.719,2.0,1.53,0.3775913129318855,ON,0
WBN2,20251102_0839,WBN,ON,cluster,34.49,17243.73,9.76,45.1,500.76,10739.07,43457.04,21478134.0,16.88,710063.8,9928.62,4964309.0,15.42,23499.15,0.0,143874.7,938.79,308279.3,12.64,616.56,902.67,6305.57,0.75,3.26,1.45,0.39,698.25,66.12,8.13,1.46,3.31,96.83,8.54,17.88,0.05,6.84,1310.62,32376.6,16188301.0,16.6,0.72,79467.84,0.0,0.0,0.0009,-6.84,-3.85,3.0,-3.46,0.28,-1.18,0.39,-3.96,-0.2174276589195403,0.902,1.858700849712756,0.0,0.0,0.0,0.0,0.0,0.0,0.0,0.0,0.0,1.0,0.719,1.0,0.719,0.1774432379072063,OFF,0
Decatur,20241116_1140,Dec,ON,cluster,49.08,98156.31,11.49,55.86,474.2,2104.52,7531.54,16836182.0,16.64,103384.9,60.98,121954.8,11.71,94.79,0.0,739.52,136.55,3212471.0,14.98,1606.24,2870.26,21127.21,0.8,109.91,4.71,1.57,1028.23,49.13,7.01,4.34,75.49,76.63,7.87,32.73,0.08,4.92,6385.14,6701.8,13403600.0,16.41,0.8,13742.69,0.8,0.59,0.0007,-4.92,-2.16,2.76,-3.19,0.23,-4.7,1.57,-1.43,-0.1461166370793091,0.6235,1.1900558282415017,0.101625,0.0,0.0,0.0,0.0,0.0,0.0,1.0,0.738,1.0,0.719,2.0,1.457,0.3595755182625864,ON,0
Decatur,20241112_1127,Dec,ON,cluster,43.51,87016.92,11.37,52.15,514.93,1884.05,6955.9,15070487.0,16.53,93343.0,62.31,124612.3,11.73,103.24,0.0,908.33,137.84,2864860.0,14.87,1433.15,2369.94,14757.05,0.8,96.25,4.58,1.52,1043.29,49.54,7.04,4.27,70.21,82.59,8.28,32.92,0.08,4.93,6371.33,5997.0,11993998.0,16.3,0.79,12808.62,0.7,0.53,0.0007,-4.93,-2.19,2.73,-3.15,0.23,-4.57,1.52,-1.43,-0.1610314320041751,0.6235,1.0700223624688705,0.1087635954494311,0.0,0.0,0.0,0.0,0.0,0.0,1.0,0.738,1.0,0.719,2.0,1.457,0.3595755182625864,ON,0
Decatur,20241102_1259,Dec,ON,cluster,34.44,68879.32,11.14,44.21,490.95,1867.72,7337.63,14939918.0,16.52,110540.4,64.16,128325.3,11.76,105.42,0.0,857.8,182.53,2170137.0,14.59,1085.61,1564.02,13115.07,0.84,97.97,4.59,1.53,1001.08,59.18,7.69,4.33,74.76,97.86,8.94,31.51,0.08,5.21,6454.28,6286.29,12572576.0,16.35,0.79,13642.93,0.54,0.43,0.0007,-5.21,-2.32,2.89,-3.33,0.17,-4.58,1.53,-1.76,-0.1454376143416458,0.6535,1.0670532193101918,0.1127640955119389,0.0,0.0,0.0,0.0,0.0,0.0,1.0,0.738,1.0,0.719,2.0,1.457,0.3595755182625864,ON,0
Decatur,20241130_0741,Dec,ON,cluster,249.08,498161.9,13.12,520.19,4550.8,5829.06,40316.38,46626672.0,17.66,951994.7,57.09,114180.8,11.65,95.96,0.0,731.24,21.33,35389485.0,17.38,17703.59,78608.56,951994.7,0.23,93.05,4.54,1.51,1154.09,163.32,12.78,4.33,75.14,229.29,13.9,71.04,0.03,5.74,4769.58,5312.42,10624845.0,16.18,0.68,10894.05,4.36,1.68,0.0007,-3.06,-1.46,1.6,-1.84,1.48,-4.53,1.51,1.2,-0.1528647845185105,0.106,2.187611283857801,0.0791348918614826,0.0,0.0,0.0,0.0,0.0,0.0,1.0,0.738,1.0,0.719,2.0,1.457,0.3595755182625864,ON,0
Decatur,20241031_1752,Dec,ON,cluster,38.68,77365.6,11.26,49.04,455.77,1720.63,7053.58,13763292.0,16.44,102279.6,61.75,123509.8,11.72,100.06,0.0,888.75,145.27,2323628.0,14.66,1162.4,2085.77,20023.68,0.82,91.0,4.52,1.5,1058.13,59.44,7.71,4.23,67.52,95.74,8.94,30.03,0.08,4.98,6366.91,5619.39,11238788.0,16.23,0.78,13173.22,0.63,0.49,0.0006,-4.98,-2.21,2.77,-3.19,0.2,-4.51,1.5,-1.58,-0.155799362143507,0.6385,1.1565130445620853,0.0882610326290786,0.0,0.0,0.0,0.0,0.0,0.0,1.0,0.738,1.0,0.719,2.0,1.457,0.3595755182625864,ON,0
Decatur,20241031_1852,Dec,ON,cluster,63.29,126571.9,11.75,89.12,529.84,1695.01,6769.7,13560070.0,16.42,87633.31,62.77,125540.3,11.74,106.24,0.0,853.65,91.43,1735460.0,14.37,867.73,1307.88,13632.36,0.85,92.18,4.53,1.51,1021.7,51.7,7.19,3.99,52.79,73.84,7.95,13.71,0.08,4.52,6461.38,5786.25,11572497.0,16.26,0.78,12603.01,1.01,0.7,0.0006,-4.52,-1.78,2.73,-3.16,0.16,-4.52,1.51,-1.9,-0.1660994694048534,0.6635,0.5217534727531541,0.117375,0.0,0.0,0.0,0.0,0.0,0.0,1.0,0.738,1.0,0.719,2.0,1.457,0.3595755182625864,ON,0
Decatur,20241101_0053,Dec,ON,cluster,71.35,142690.5,11.87,113.28,658.55,1660.56,6616.45,13282825.0,16.4,92171.28,64.04,128083.5,11.76,103.74,0.0,825.76,77.61,1937669.0,14.48,969.32,1496.63,15008.2,0.83,86.46,4.47,1.49,1063.92,55.51,7.45,3.89,48.06,86.08,8.5,13.58,0.09,4.46,6409.71,5537.19,11074382.0,16.22,0.78,12338.76,1.11,0.75,0.0006,-4.35,-1.71,2.64,-3.05,0.18,-4.46,1.49,-1.74,-0.1641334459109378,0.6495,0.6655414042309987,0.076884610576322,0.0,0.0,0.0,0.0,0.0,0.0,1.0,0.738,1.0,0.719,2.0,1.457,0.3595755182625864,ON,0
Decatur,20241117_0142,Dec,ON,cluster,46.73,93466.72,11.45,56.44,508.98,1480.17,6387.61,11841339.0,16.29,90693.97,62.79,125572.1,11.74,103.32,0.0,782.32,105.6,1752153.0,14.38,876.08,1608.92,17835.89,0.83,78.6,4.38,1.45,1060.97,61.27,7.83,3.99,53.06,95.22,9.0,18.75,0.09,4.66,6408.56,4935.07,9870148.0,16.11,0.77,12009.95,0.74,0.56,0.0006,-4.66,-1.97,2.69,-3.1,0.18,-4.36,1.45,-1.73,-0.1547836737761909,0.6505,0.9248577435456776,0.109625,0.0,0.0,0.0,0.0,0.0,0.0,1.0,0.738,1.0,0.719,2.0,1.457,0.3595755182625864,ON,0
Decatur,20241113_1831,Dec,ON,cluster,43.14,86284.48,11.37,55.91,450.95,1290.82,5530.55,10326524.0,16.15,79454.39,61.51,123027.1,11.72,103.11,0.0,992.87,98.41,1626264.0,14.3,813.13,1536.67,18628.84,0.82,69.02,4.25,1.41,1104.76,61.55,7.85,3.9,48.34,94.77,8.98,18.85,0.09,4.59,6370.66,4245.47,8490948.0,15.95,0.77,10389.74,0.7,0.53,0.0006,-4.59,-1.97,2.62,-3.02,0.2,-4.23,1.41,-1.65,-0.1782166711247759,0.6565,0.6987363732685704,0.0825,0.0,0.0,0.0,0.0,0.0,0.0,1.0,0.738,1.0,0.719,2.0,1.457,0.3595755182625864,ON,0
WBN2,20251023_1601,WBN,ON,cluster,97.67,48836.33,10.8,166.08,2199.99,44520.27,233877.6,89040532.0,18.3,3439956.0,24175.97,12087987.0,16.31,44066.96,0.0,448699.7,1560.56,691572.3,13.45,1383.15,2770.02,21931.23,0.86,6.3,1.99,0.61,547.41,77.27,8.79,1.99,6.34,94.0,8.94,14.16,0.03,7.35,1489.46,152424.3,76212136.0,18.15,0.66,448278.9,0.0,0.0,0.0004,-7.35,-3.88,3.47,-4.01,0.16,-1.84,0.61,-4.7,-0.1050669377595692,0.922,2.097171285754069,0.0,0.0,0.0,0.0,0.0,0.0,0.0,0.0,0.0,1.0,0.719,1.0,0.719,0.1774432379072063,OFF,0
Towantic_GT2,20250103_0833 GT2,Tow,ON,cluster,53137.69,106000000.0,18.48,7888.15,74641.67,1157351.0,1642668.0,9260000000.0,22.95,4354778.0,583254.1,1170000000.0,20.88,622158.4,0.0,2362535.0,73.82,139000000.0,18.75,69683.12,3197.68,78427.48,0.85,6.73,2.04,0.64,2198.72,3.76,1.94,1.98,6.27,-0.83,1.02,1.31,0.21,4.3,6137.26,3922787.0,7850000000.0,22.78,0.9,161227.9,0.09,0.09,0.0004,-4.3,-1.74,2.56,-2.96,0.17,-1.91,0.64,-4.03,-0.0826733505249702,0.846,0.2484092506102884,0.8756094511813977,0.0,0.0,0.0,0.0,0.0,0.0,0.0,0.0,1.0,0.719,1.0,0.719,0.1774432379072063,ON,1
EMSA_GT2_NG,20250103_0833 NG,EMS,ON,cluster,53137.69,106000000.0,18.48,7888.15,74641.67,1157351.0,1642668.0,9260000000.0,22.95,4354778.0,583254.1,1170000000.0,20.88,622158.4,0.0,2362535.0,73.82,139000000.0,18.75,69683.12,3197.68,78427.48,0.85,6.73,2.04,0.64,2198.72,3.76,1.94,1.98,6.27,-0.83,1.02,1.31,0.21,4.3,6137.26,3922787.0,7850000000.0,22.78,0.9,161227.9,0.09,0.09,0.0004,-4.3,-1.74,2.56,-2.96,0.17,-1.91,0.64,-4.03,-0.0826733505249702,0.846,0.2484092506102884,0.8756094511813977,0.0,0.0,0.0,0.0,0.0,0.0,0.0,0.0,1.0,0.719,1.0,0.719,0.1774432379072063,ON,1
SQN2,SQN NG Unit 2 20250528_1504,SQN,OFF,cluster,8.31,4155.46,8.33,12.0,82.42,91.24,258.26,182481.7,12.11,2631.84,125.47,62735.62,11.05,225.12,0.0,1813.72,14.99,53300.26,10.88,106.6,271.64,2265.6,0.34,0.99,0.69,0.0,688.64,28.84,5.37,1.0,1.73,32.41,5.15,12.83,0.13,2.71,996.92,124.58,62290.39,11.04,0.79,364.39,0.07,0.06,0.0001,-2.71,-1.99,0.71,-0.82,1.07,0.01,0.0,-0.16,-0.3453936850327456,0.766,-0.1812963112068149,0.115,0.0,0.0,0.0,0.0,0.0,0.0,0.0,0.0,1.0,0.719,1.0,0.719,0.1774432379072063,OFF,0
Harq_ST3,HARQST-3 EMI Gen_20250425_1147,Har,OFF,cluster,38.05,76101.63,11.24,218.25,2794.56,188.16,720.58,1505265.0,14.22,12276.49,170.0,340004.5,12.74,296.95,0.0,2593.82,14.06,19215.81,9.86,9.61,14.36,101.84,0.71,3.15,1.42,0.38,2634.82,65.25,8.08,1.29,2.62,110.65,9.26,0.25,0.08,4.02,4890.44,534.97,1069943.0,13.88,0.79,1328.87,0.22,0.2,0.0001,-2.64,-0.69,1.95,-2.25,0.34,-1.15,0.38,-4.02,-0.2851509633803815,0.9785,-0.8532684762828477,0.0205,0.0,0.0,0.0,0.0,0.0,0.0,0.0,0.0,0.0,0.0,0.0,0.0,0.0,OFF,0
Harq_ST3,HARQST-3 EMI Gen_20251118_1432 ,Har,OFF,cluster,15.47,30938.33,10.34,73.65,1044.82,148.25,646.6,1186009.0,13.99,13024.46,163.1,326207.3,12.7,275.8,0.0,2282.13,26.32,14655.69,9.59,7.33,11.76,80.36,0.69,2.5,1.25,0.3,2731.57,87.85,9.37,1.2,2.32,189.86,12.3,0.47,0.08,4.02,4599.1,407.1,814207.6,13.61,0.78,1219.03,0.09,0.09,0.0001,-3.27,-1.22,2.05,-2.37,0.38,-0.91,0.3,-4.02,-0.3049801252812156,0.981,-0.5964858137776823,0.041875,0.0,0.0,0.0,0.0,0.0,0.0,0.0,0.0,0.0,0.0,0.0,0.0,0.0,OFF,0
Harq_ST3,HARQST-3 EMI Gen_20250404_1915,Har,OFF,cluster,36.65,73293.43,11.2,211.94,2832.84,114.45,290.47,915623.0,13.73,2832.84,182.29,364588.6,12.81,335.22,0.0,2446.52,6.31,15440.54,9.64,7.72,10.46,85.2,0.5,1.27,0.82,0.08,3015.54,24.75,4.98,0.74,1.09,21.19,4.23,0.21,0.12,3.4,3758.1,231.15,462300.4,13.04,0.83,380.03,0.2,0.18,0.0,-1.84,-0.47,1.37,-1.58,0.68,-0.24,0.08,-3.4,-0.2994296485013374,0.932,-0.8748049072006437,0.05025,0.0,0.0,0.0,0.0,0.0,0.0,0.0,0.0,0.0,0.0,0.0,0.0,0.0,OFF,0
Harq_ST3,HARQST-3 EMI Gen_20250530_1544,Har,ON,manual,28.83,57661.53,10.96,90.69,1230.46,308.61,1045.39,2468845.0,14.72,29047.06,483.22,966445.1,13.78,1660.01,0.0,29047.06,24.57,27772.46,10.23,13.89,15.96,104.41,0.57,1.47,0.9,0.13,3205.06,94.12,9.7,0.88,1.41,208.09,11.1,0.48,0.11,3.93,4173.96,708.48,1416966.0,14.16,0.81,1118.82,0.06,0.06,0.0,-3.2,-1.32,1.88,-2.17,0.56,-0.38,0.13,-3.93,-0.2136233908355131,0.97,-0.6720505738001169,0.013125,0.0,0.0,0.0,0.0,0.0,0.0,0.0,0.0,0.0,0.0,0.0,0.0,0.0,OFF,0
Harq_ST3,HARQST-3 EMI Gen_20251019_1117 – HARQST-3 EMI - GEN HFCT,Har,ON,manual,37.56,75118.86,11.23,98.12,895.59,281.21,783.51,2249706.0,14.63,10048.68,380.67,761342.7,13.54,888.33,0.0,10048.68,16.99,137078.3,11.83,68.54,213.04,2148.84,0.57,1.68,0.98,0.17,3061.35,35.73,5.98,0.99,1.69,52.59,6.33,1.82,0.15,2.83,4389.91,638.08,1276166.0,14.06,0.83,1170.28,0.1,0.09,0.0,-2.83,-1.44,1.4,-1.61,0.57,-0.52,0.17,-2.23,-0.2012466207269757,0.265,-0.0640332999525684,0.01175,0.0,0.0,0.0,0.0,0.0,0.0,1.0,0.738,1.0,0.719,2.0,1.457,0.3595755182625864,ON,0
Harq_ST3,HARQST-3 EMI Gen_20250927_1547,Har,ON,manual,38.96,77912.71,11.26,99.46,874.01,294.33,1007.98,2354635.0,14.67,19157.35,362.91,725816.5,13.5,1012.81,0.0,19157.35,17.81,162898.2,12.0,81.45,279.22,2612.17,0.59,1.91,1.07,0.22,3050.13,65.09,8.07,1.07,1.93,106.39,9.04,2.09,0.14,2.88,4594.02,694.0,1388008.0,14.14,0.81,1635.7,0.11,0.1,0.0,-2.88,-1.46,1.42,-1.64,0.53,-0.65,0.22,-2.14,-0.2034346939529051,0.2685,-0.2024202587199622,0.00425,0.0,0.0,0.0,0.0,0.0,0.0,1.0,0.738,1.0,0.719,2.0,1.457,0.3595755182625864,ON,0
HARQST3,HARQST3_off_2025-06-21,HAR,OFF,cluster,15.33,30667.52,10.33,75.14,1004.84,111.31,296.51,890467.0,13.7,2881.86,171.17,342337.1,12.74,276.92,0.0,2218.17,16.43,13474.5,9.51,6.74,9.8,93.6,0.57,1.47,0.91,0.13,2992.95,25.89,5.09,0.87,1.39,25.59,4.67,0.44,0.12,3.62,3996.29,251.99,503987.9,13.13,0.83,475.09,0.09,0.09,0.0,-2.8,-1.1,1.7,-1.97,0.57,-0.39,0.13,-3.62,-0.2343434303774236,0.944,-0.2846664357066298,0.04475,0.0,0.0,0.0,0.0,0.0,0.0,0.0,0.0,1.0,0.719,1.0,0.719,0.1774432379072063,OFF,0
Harq_ST3,HARQST-3 EMI Gen_20250713_1931,Har,ON,cluster,26.61,53227.73,10.88,70.48,800.1,611.63,4258.09,4893067.0,15.4,159378.9,1641.59,3283185.0,15.0,8333.1,0.0,159378.9,27.53,91197.19,11.42,45.6,120.97,1140.72,0.3,0.45,0.37,-0.27,3041.38,260.58,16.14,0.38,0.47,496.92,19.85,1.71,0.08,4.12,2322.22,732.73,1465457.0,14.2,0.72,1151.94,0.02,0.02,0.0,-3.32,-1.99,1.32,-1.53,1.21,0.81,-0.27,-2.78,-0.2213410898430007,0.656,-0.1697023509607461,0.018,0.0,0.0,0.0,0.0,0.0,0.0,1.0,0.738,1.0,0.719,2.0,1.457,0.3595755182625864,ON,0
HARQST3,HARQST3_on_2025-06-17,HAR,ON,cluster,25.12,50244.12,10.82,71.59,893.13,492.2,2598.39,3937622.0,15.19,92321.78,1136.63,2273268.0,14.64,4645.88,0.0,92321.78,30.43,85020.54,11.35,42.51,91.62,838.72,0.39,0.67,0.51,-0.13,3284.7,187.57,13.7,0.53,0.69,343.19,15.04,1.69,0.08,3.81,3029.41,764.54,1529090.0,14.24,0.75,2121.09,0.02,0.02,-0.0001,-3.42,-1.94,1.48,-1.71,0.95,0.4,-0.13,-2.89,-0.2059366652487866,0.2935,-0.1174635092148398,0.0185,0.0,0.0,0.0,0.0,0.0,0.0,1.0,0.738,1.0,0.719,2.0,1.457,0.3595755182625864,ON,0
Harq_ST3,HARQST-3 EMI Gen_20250616_1111,Har,ON,manual,25.83,51665.36,10.85,74.53,939.52,349.63,1744.02,2797070.0,14.84,62423.52,863.52,1727047.0,14.36,3304.27,0.0,62423.52,18.43,65984.41,11.1,32.99,66.94,517.23,0.34,0.55,0.44,-0.2,3118.45,178.54,13.36,0.45,0.57,438.92,17.39,1.28,0.1,3.51,2693.38,476.19,952373.5,13.77,0.77,867.78,0.03,0.03,-0.0001,-2.91,-1.67,1.25,-1.44,1.08,0.6,-0.2,-2.67,-0.2083208042759068,0.493,-0.2936662259000219,0.0135,0.0,0.0,0.0,0.0,0.0,0.0,1.0,0.738,0.0,0.0,1.0,0.738,0.18213228035538,OFF,0
Harq_ST3,HARQST-3 EMI Gen_20250402_1158,Har,OFF,cluster,34.88,69760.6,11.15,203.52,2798.17,79.33,244.84,634651.4,13.36,3466.96,167.96,335925.5,12.72,286.44,0.0,1902.55,3.09,13194.02,9.49,6.6,10.03,121.5,0.34,0.64,0.5,-0.15,2805.05,43.7,6.61,0.45,0.56,58.35,6.56,0.19,0.13,3.24,2754.52,107.89,215771.2,12.28,0.81,316.67,0.21,0.19,-0.0001,-1.13,-0.26,0.87,-1.0,1.08,0.44,-0.15,-2.79,-0.3036716844459324,0.8995,-0.845495946985596,0.06875,0.0,0.0,0.0,0.0,0.0,0.0,0.0,0.0,0.0,0.0,0.0,0.0,0.0,OFF,0
Van_GT4,20250815_1248,Van,OFF,cluster,32.58,65163.98,11.08,51.94,336.9,658.56,2543.48,5268475.0,15.48,34203.88,531.73,1063465.0,13.88,391.35,0.0,3356.68,63.3,14910.98,9.61,7.46,13.53,71.07,0.78,3.88,1.58,0.45,2389.93,51.94,7.21,1.54,3.67,96.67,9.17,0.23,0.06,5.62,5297.53,2062.47,4124935.0,15.23,0.8,4787.31,0.06,0.06,-0.0001,-4.15,-1.37,2.78,-3.21,0.24,-1.36,0.45,-5.62,-0.0671482022409038,0.798,-1.797393251870226,0.093625,1.0,0.945,0.0,0.0,0.0,0.0,0.0,0.0,0.0,0.0,1.0,0.945,0.233218163869694,OFF,0
Van_GT4,20250731_1620,Van,OFF,cluster,34.88,69768.2,11.15,56.57,408.12,632.23,2073.49,5057865.0,15.44,21281.38,562.31,1124623.0,13.93,396.28,0.0,3145.36,54.85,36690.81,10.51,18.35,30.17,202.82,0.76,3.4,1.48,0.41,2476.88,33.66,5.8,1.44,3.23,36.69,5.79,0.53,0.07,4.65,5270.54,1913.39,3826783.0,15.16,0.81,3828.36,0.06,0.06,-0.0001,-4.0,-1.54,2.47,-2.85,0.28,-1.22,0.41,-4.65,-0.0530630039702123,0.7915,-1.643523111567657,0.090875,1.0,0.945,0.0,0.0,0.0,0.0,0.0,0.0,0.0,0.0,1.0,0.945,0.233218163869694,OFF,0
Decatur,20241028_1110,Dec,OFF,cluster,8.73,17464.19,9.77,17.54,235.94,23.68,64.8,189444.9,12.15,931.1,57.78,115554.5,11.66,97.43,0.0,744.24,0.95,39884.46,10.59,19.95,73.19,931.1,0.09,0.14,0.13,-0.65,2254.47,39.31,6.27,0.35,0.42,41.11,5.63,2.28,0.23,1.94,1963.36,8.27,16541.74,9.71,0.84,1.83,0.15,0.14,-0.0002,0.05,-0.67,-0.72,0.83,2.44,1.94,-0.65,0.88,-0.3031406308490731,0.1235,-0.8458709409456763,0.266158269783723,0.0,0.0,0.0,0.0,0.0,0.0,1.0,0.738,0.0,0.0,1.0,0.738,0.18213228035538,OFF,0
Van_GT4,20251021_2227,Van,OFF,cluster,40.52,81043.2,11.3,61.23,358.93,755.47,2701.85,6043773.0,15.61,29413.47,769.68,1539353.0,14.25,466.8,0.0,3253.77,54.14,35675.18,10.48,17.84,30.0,165.03,0.73,2.85,1.35,0.35,2552.74,38.93,6.24,1.32,2.73,58.57,7.19,0.44,0.07,4.81,5040.71,2193.85,4387702.0,15.29,0.8,5084.59,0.05,0.05,-0.0002,-3.99,-1.53,2.46,-2.84,0.32,-1.05,0.35,-4.81,-0.0442978143142537,0.8075,-1.6855642895461576,0.114125,1.0,0.945,0.0,0.0,0.0,0.0,0.0,0.0,0.0,0.0,1.0,0.945,0.233218163869694,OFF,0
Van_GT4,20250619_1227,Van,OFF,cluster,31.02,62046.82,11.04,49.34,277.1,581.85,1688.48,4654182.0,15.35,18268.85,648.58,1297161.0,14.08,558.39,0.0,15586.34,52.84,16241.99,9.7,8.13,12.35,72.67,0.7,2.53,1.26,0.31,2617.89,31.4,5.6,1.23,2.42,43.46,6.11,0.26,0.07,5.31,4857.24,1639.37,3278732.0,15.0,0.83,3054.97,0.05,0.05,-0.0002,-3.97,-1.42,2.55,-2.95,0.35,-0.93,0.31,-5.31,-0.0539074508247289,0.8005,-1.5631038013339291,0.0995124390548818,1.0,0.945,0.0,0.0,0.0,0.0,0.0,0.0,0.0,0.0,1.0,0.945,0.233218163869694,OFF,0
Van_GT4,20250616_1212,Van,OFF,cluster,33.75,67493.47,11.12,57.57,325.81,487.81,1087.68,3902011.0,15.18,14233.46,788.56,1577129.0,14.27,521.32,0.0,3396.2,33.33,7815.77,8.96,3.91,6.07,57.34,0.58,1.43,0.89,0.12,2840.75,29.18,5.4,0.86,1.37,40.44,5.37,0.12,0.08,5.66,4175.78,1124.79,2249573.0,14.63,0.86,1876.18,0.04,0.04,-0.0002,-3.51,-1.13,2.38,-2.75,0.55,-0.36,0.12,-5.66,-0.0373941849393124,0.8005,-1.5663197839949423,0.1390173771721465,1.0,0.945,0.0,0.0,0.0,0.0,0.0,0.0,0.0,0.0,1.0,0.945,0.233218163869694,OFF,0
Van_GT4,20250815_1649,Van,OFF,cluster,33.3,66592.12,11.11,53.63,383.88,521.99,1883.43,4175924.0,15.24,20956.03,556.39,1112772.0,13.92,404.97,0.0,3098.44,44.46,35839.84,10.49,17.92,34.73,243.75,0.71,2.66,1.3,0.33,2599.81,40.15,6.34,1.26,2.54,59.68,7.24,0.54,0.07,4.41,4935.56,1480.36,2960720.0,14.9,0.8,3550.86,0.06,0.06,-0.0002,-3.79,-1.5,2.3,-2.65,0.34,-0.98,0.33,-4.41,-0.0591985255670115,0.784,-1.8099912740927344,0.075375,1.0,0.945,0.0,0.0,0.0,0.0,0.0,0.0,0.0,0.0,1.0,0.945,0.233218163869694,OFF,0
HARQST2,HARQST2_on_2025-06-29,HAR,ON,cluster,84.56,169114.5,12.04,176.76,3950.36,910.18,5619.31,7281418.0,15.8,267354.0,2734.91,5469814.0,15.51,10984.29,0.0,267354.0,7.14,434697.6,12.98,217.35,571.97,4698.24,0.17,0.22,0.2,-0.5,2370.45,293.74,17.14,0.26,0.29,905.72,25.58,2.57,0.14,3.48,1768.28,603.9,1207792.0,14.0,0.77,841.78,0.03,0.03,-0.0003,-1.97,-1.6,0.37,-0.43,1.8,1.51,-0.5,-1.02,-0.131251723345285,0.1985,-0.3658831449776242,0.039375,0.0,0.0,0.0,0.0,0.0,0.0,1.0,0.738,0.0,0.0,1.0,0.738,0.18213228035538,OFF,0
Van_GT4,20250726_1621,Van,OFF,cluster,35.14,70285.47,11.16,56.86,404.26,612.78,2471.78,4902272.0,15.41,35300.65,578.0,1155995.0,13.96,371.59,0.0,2807.11,51.98,22751.78,10.03,11.38,18.5,120.31,0.75,3.16,1.43,0.38,2457.88,57.61,7.59,1.39,3.0,73.94,7.99,0.32,0.05,5.08,5116.68,1826.62,3653240.0,15.11,0.78,4703.95,0.06,0.06,-0.0003,-3.95,-1.41,2.55,-2.94,0.29,-1.15,0.38,-5.08,-0.0421548775476767,0.8135,-1.7186129485165038,0.08275,1.0,0.945,0.0,0.0,0.0,0.0,0.0,0.0,0.0,0.0,1.0,0.945,0.233218163869694,OFF,0
HARQST2,HARQST2_off_2025-04-21,HAR,OFF,cluster,22.44,44874.34,10.71,88.49,1584.24,129.38,258.67,1035023.0,13.85,2766.54,312.01,624019.7,13.34,312.13,0.0,2103.32,7.81,15437.54,9.64,7.72,15.8,201.66,0.34,0.56,0.45,-0.19,2761.9,21.38,4.62,0.44,0.55,19.18,3.68,0.34,0.16,3.7,2752.3,175.35,350691.8,12.77,0.87,316.91,0.07,0.07,-0.0003,-2.06,-0.91,1.15,-1.33,1.08,0.58,-0.19,-3.12,-0.1351901106476059,0.823,-1.4911321279955654,0.059125,0.0,0.0,0.0,0.0,0.0,0.0,0.0,0.0,0.0,0.0,0.0,0.0,0.0,OFF,0
AEP_Turk,AEP_Turk_S2,AEP,OFF,cluster,4.7,9394.18,9.15,5.36,34.87,25.93,86.54,207406.4,12.24,1127.46,93.58,187151.4,12.14,154.32,0.0,1127.46,1.02,1283.73,7.16,0.64,1.65,24.9,0.05,0.05,0.05,-0.99,1555.82,43.49,6.59,0.05,0.06,41.56,5.78,0.14,0.12,4.98,789.9,4.79,9577.06,9.17,0.79,0.43,0.05,0.05,-0.0003,-0.02,-0.26,-0.24,0.27,3.08,2.97,-0.99,-2.01,-0.3432093730992053,0.656,-0.6569071062331399,0.283875,0.0,0.0,0.0,0.0,0.0,0.0,1.0,0.738,0.0,0.0,1.0,0.738,0.18213228035538,OFF,0
HARQST1,HARQST1_on_2025-07-04,HAR,ON,cluster,415.78,831554.1,13.63,931.86,5697.56,2114.8,9376.5,16918394.0,16.64,303000.8,6402.26,12804525.0,16.37,17868.9,0.0,303000.8,3.68,223114.5,12.32,111.56,222.92,1806.58,0.18,0.24,0.21,-0.48,2463.61,143.28,11.97,0.22,0.24,357.97,16.06,0.27,0.11,4.05,1788.52,1529.6,3059201.0,14.93,0.8,2415.55,0.06,0.06,-0.0004,-1.3,-0.68,0.62,-0.72,1.71,1.43,-0.48,-2.62,-0.08887569433691,0.5715,0.6089577449555814,0.004125,0.0,0.0,0.0,0.0,0.0,0.0,1.0,0.738,1.0,0.719,2.0,1.457,0.3595755182625864,ON,0
HARQST1,HARQST1_off_2025-04-21,HAR,OFF,cluster,11.73,23464.17,10.06,24.71,277.69,1029.98,3735.0,8239822.0,15.92,64857.37,3506.84,7013670.0,15.76,6797.53,0.0,64857.37,50.44,19241.95,9.86,9.62,11.29,71.6,0.14,0.17,0.16,-0.59,2020.52,62.97,7.94,0.16,0.17,78.37,7.7,0.82,0.04,5.9,1555.43,591.72,1183446.0,13.98,0.78,1090.33,0.0,0.0,-0.0004,-3.92,-2.36,1.57,-1.81,1.94,1.78,-0.59,-4.12,-0.1348718506938644,0.9575,-0.5531347857744213,0.03225,0.0,0.0,0.0,0.0,0.0,0.0,0.0,0.0,0.0,0.0,0.0,0.0,0.0,OFF,0
Harq_ST1,20250525_1140,Har,OFF,cluster,13.87,27747.66,10.23,28.37,251.46,817.68,2612.16,6540591.0,15.69,37370.28,2779.68,5559368.0,15.53,4619.01,0.0,37370.28,33.95,11452.83,9.35,5.73,8.66,97.1,0.14,0.17,0.16,-0.59,2043.41,45.7,6.76,0.16,0.17,52.03,6.23,0.41,0.04,6.18,1531.73,471.01,942022.9,13.76,0.79,824.13,0.0,0.0,-0.0004,-3.52,-1.99,1.54,-1.78,1.94,1.78,-0.59,-4.41,-0.1787127026547172,0.9635,-0.8086031938576924,0.0405050631328916,0.0,0.0,0.0,0.0,0.0,0.0,0.0,0.0,0.0,0.0,0.0,0.0,0.0,OFF,0
Harq_ST1,20251118_1033,Har,OFF,cluster,13.93,27850.86,10.23,30.69,311.26,712.3,2383.95,5698380.0,15.56,39620.05,2453.63,4907250.0,15.41,4252.06,0.0,39620.05,27.05,10012.98,9.21,5.01,6.76,76.39,0.13,0.15,0.14,-0.62,1980.96,55.62,7.46,0.14,0.15,55.26,6.47,0.36,0.04,6.19,1467.63,376.63,753266.3,13.53,0.79,720.37,0.01,0.01,-0.0004,-3.3,-1.86,1.44,-1.66,2.02,1.87,-0.62,-4.32,-0.1704343354984987,0.9115,-0.9450212588611172,0.032625,0.0,0.0,0.0,0.0,0.0,0.0,0.0,0.0,0.0,0.0,0.0,0.0,0.0,OFF,0
Harq_ST1,20250220_1443,Har,OFF,cluster,11.14,22279.1,10.01,24.37,394.76,1038.42,3704.85,8306343.0,15.93,80002.64,3650.26,7300519.0,15.8,6699.11,0.0,80002.64,43.33,18085.17,9.8,9.05,10.79,69.35,0.12,0.13,0.12,-0.67,1858.51,77.04,8.78,0.13,0.13,90.8,7.95,0.81,0.04,6.0,1384.51,482.73,965459.9,13.78,0.78,879.27,0.0,0.0,-0.0004,-3.77,-2.34,1.43,-1.65,2.15,2.02,-0.67,-3.98,-0.1432496038934055,0.9415,-0.3674899659086356,0.049131141392674,0.0,0.0,0.0,0.0,0.0,0.0,0.0,0.0,0.0,0.0,0.0,0.0,0.0,OFF,0
Van_GT4,20250804_1627,Van,OFF,cluster,39.56,79116.16,11.28,65.67,424.21,331.45,1134.48,2651564.0,14.79,16270.97,548.1,1096194.0,13.91,397.21,0.0,3151.2,18.65,977.5,6.89,0.49,0.78,18.42,0.56,1.35,0.85,0.1,3119.14,49.09,7.01,0.81,1.26,81.59,8.34,0.01,0.06,7.32,4360.16,737.64,1475277.0,14.2,0.82,2139.95,0.07,0.07,-0.0004,-2.93,-0.29,2.64,-3.04,0.59,-0.3,0.1,-7.32,-0.0605287922429174,0.7925,-1.752706401519838,0.085,1.0,0.945,0.0,0.0,0.0,0.0,0.0,0.0,0.0,0.0,1.0,0.945,0.233218163869694,OFF,0
Harq_ST1,20250817_1151,Har,ON,cluster,811.05,1622095.0,14.3,1971.51,10755.8,2030.51,8833.34,16242059.0,16.6,213557.0,6085.35,12170701.0,16.31,16829.28,0.0,213557.0,1.43,126063.4,11.74,63.06,112.05,785.54,0.14,0.19,0.17,-0.55,2241.53,105.17,10.26,0.16,0.18,226.5,13.22,0.08,0.11,4.57,1606.73,1161.6,2323199.0,14.66,0.8,1547.75,0.13,0.13,-0.0004,-0.36,0.05,0.4,-0.47,1.94,1.66,-0.55,-2.91,-0.0871829959968997,0.6355,-0.6186818801386111,0.0082510313789223,0.0,0.0,0.0,0.0,0.0,0.0,1.0,0.738,0.0,0.0,1.0,0.738,0.18213228035538,OFF,0
Van_GT4,20250726_1219,Van,OFF,cluster,23.32,46645.19,10.75,32.75,202.96,94.96,266.2,759565.8,13.54,3037.01,289.53,579056.5,13.27,438.77,0.0,3037.01,2.82,2387.82,7.78,1.19,1.65,13.91,0.17,0.23,0.2,-0.49,2440.44,31.98,5.66,0.19,0.21,30.83,4.91,0.05,0.08,5.49,1616.62,65.74,131476.2,11.79,0.81,192.88,0.08,0.08,-0.0004,-1.04,-0.15,0.89,-1.03,1.75,1.48,-0.49,-4.01,-0.2749589619912058,0.801,-2.351915761531473,0.0317539692461557,0.0,0.0,0.0,0.0,0.0,0.0,0.0,0.0,0.0,0.0,0.0,0.0,0.0,OFF,0
Harq_ST1,20250629_1937,Har,ON,cluster,441.97,883949.3,13.69,1001.6,8027.58,2161.03,12213.81,17286094.0,16.67,382216.4,7170.06,14340120.0,16.48,23673.32,0.0,382216.4,2.09,216996.6,12.29,108.55,234.7,2267.05,0.11,0.13,0.12,-0.68,1999.53,176.87,13.3,0.13,0.14,335.1,16.45,0.25,0.09,4.19,1240.76,922.51,1845029.0,14.43,0.76,1166.01,0.06,0.06,-0.0004,-0.74,-0.53,0.21,-0.24,2.24,2.05,-0.68,-2.14,-0.1025540176391017,0.544,0.4575552865405415,0.0125015626953369,0.0,0.0,0.0,0.0,0.0,0.0,1.0,0.738,1.0,0.719,2.0,1.457,0.3595755182625864,ON,0
Harq_ST1,20251011_19121,Har,ON,cluster,1528.02,3056046.0,14.93,3478.91,20196.97,2173.94,7538.87,17391512.0,16.67,244765.1,5824.52,11649030.0,16.27,13904.2,0.0,244765.1,0.84,119237.6,11.69,59.62,111.84,889.88,0.15,0.22,0.2,-0.5,2178.23,112.59,10.61,0.17,0.18,259.18,12.76,0.04,0.1,4.58,1790.02,1283.6,2567198.0,14.76,0.82,1699.66,0.26,0.23,-0.0004,0.17,0.52,0.35,-0.4,1.91,1.51,-0.5,-3.07,-0.0770562761016099,0.6615,-1.4526549852172266,0.021125,0.0,0.0,0.0,0.0,0.0,0.0,1.0,0.738,0.0,0.0,1.0,0.738,0.18213228035538,OFF,0
HARQCT1,HARQCT1_off_2025-01-30,HAR,OFF,cluster,418.12,836236.9,13.64,931.85,7828.66,427.1,892.06,3416786.0,15.04,7828.66,1101.84,2203677.0,14.61,1224.36,0.0,5457.51,0.42,28815.66,10.27,14.41,24.05,259.42,0.1,0.16,0.15,-0.62,1836.54,18.33,4.28,0.12,0.12,13.99,3.56,0.03,0.17,4.34,2317.36,174.03,348056.0,12.76,0.87,354.08,0.38,0.32,-0.0004,0.88,0.82,-0.06,0.07,2.28,1.85,-0.62,-2.49,0.0472836407546867,0.8305,-0.880311781456323,0.021625,1.0,0.945,0.0,0.0,0.0,0.0,0.0,0.0,0.0,0.0,1.0,0.945,0.233218163869694,OFF,0
HARQCT2,HARQCT2_off_2025-01-30,HAR,OFF,cluster,284.02,568036.5,13.25,713.76,4396.31,271.08,519.13,2168620.0,14.59,4396.31,636.28,1272568.0,14.06,499.35,0.0,3612.7,0.55,14731.41,9.6,7.37,15.08,302.68,0.14,0.25,0.22,-0.47,2193.62,16.22,4.03,0.16,0.18,15.23,3.45,0.03,0.16,4.46,2237.08,156.64,313284.0,12.65,0.88,320.56,0.45,0.37,-0.0005,0.6,0.86,0.27,-0.31,1.93,1.4,-0.47,-3.06,-0.0570451442285713,0.8405,-2.5079685174625133,0.006375,1.0,0.945,0.0,0.0,0.0,0.0,0.0,0.0,0.0,0.0,1.0,0.945,0.233218163869694,OFF,0
Har_CT1,20241220_1026,Har,OFF,cluster,610.69,1221371.0,14.02,1381.8,10769.86,698.07,1311.14,5583843.0,15.54,28474.79,1860.38,3720768.0,15.13,1682.3,0.0,28474.79,0.49,41865.86,10.64,20.94,39.89,488.05,0.11,0.16,0.15,-0.61,1970.09,40.79,6.39,0.12,0.13,37.48,4.21,0.03,0.18,4.49,2233.63,299.92,599837.7,13.3,0.88,398.68,0.33,0.28,-0.0005,0.71,0.74,0.03,-0.04,2.23,1.83,-0.61,-2.66,0.0469020627750865,0.8035,-0.9030952788313134,0.0306288286035754,1.0,0.945,0.0,0.0,0.0,0.0,0.0,0.0,0.0,0.0,1.0,0.945,0.233218163869694,OFF,0
Harq_ST1,20250511_1129,Har,ON,cluster,737.31,1474630.0,14.2,1811.96,9927.75,2232.69,8309.06,17859269.0,16.7,165942.6,7067.6,14135198.0,16.46,15465.96,0.0,165942.6,1.47,78889.62,11.28,39.46,78.45,653.31,0.12,0.15,0.14,-0.62,2066.97,74.32,8.62,0.13,0.14,121.82,9.68,0.05,0.08,5.19,1434.18,1085.28,2170552.0,14.59,0.8,1380.4,0.1,0.1,-0.0005,-0.39,0.07,0.46,-0.53,2.11,1.87,-0.62,-3.31,-0.0947796673971331,0.6575,-1.2481023707219436,0.0,0.0,0.0,0.0,0.0,0.0,0.0,1.0,0.738,0.0,0.0,1.0,0.738,0.18213228035538,OFF,0
Harq_ST1,20250307_1027,Har,ON,cluster,1040.73,2081463.0,14.55,2874.53,17721.83,2777.82,11460.25,22219805.0,16.92,430692.2,8621.64,17243282.0,16.66,21625.02,0.0,430692.2,1.29,211741.2,12.26,105.92,165.61,1069.27,0.12,0.16,0.14,-0.62,2082.24,155.05,12.45,0.14,0.15,450.38,16.92,0.1,0.1,4.4,1460.48,1341.66,2683320.0,14.8,0.8,1727.91,0.12,0.11,-0.0005,-0.25,-0.02,0.23,-0.27,2.11,1.86,-0.62,-2.54,-0.0925228920238976,0.5645,-0.242360471916833,0.0038754844355544,0.0,0.0,0.0,0.0,0.0,0.0,1.0,0.738,1.0,0.719,2.0,1.457,0.3595755182625864,ON,0
Middletown_ST,20231118_1908,Mid,OFF,cluster,854.32,1708645.0,14.35,6480.59,161388.0,256.46,3262.68,2051400.0,14.53,161388.0,161.1,322202.8,12.68,289.28,0.0,2292.65,0.01,6407.81,8.77,3.21,18.01,273.67,0.01,0.04,0.04,-1.04,991.52,629.3,25.09,0.01,0.01,1566.22,37.42,0.0,0.04,5.59,2282.83,7.07,14144.65,9.56,0.65,0.33,5.3,1.84,-0.0005,4.79,3.01,-1.78,2.06,4.98,3.13,-1.04,-0.79,-0.3273783556236622,0.2375,-5.341078679847705,0.3170396299537442,0.0,0.0,1.0,0.839,0.0,0.0,1.0,0.738,0.0,0.0,2.0,1.577,0.3891905231984205,ON,0
Harq_ST1,20251020_1923,Har,ON,cluster,1453.17,2906335.0,14.88,3560.3,21791.2,2746.05,9827.07,21968365.0,16.91,248887.0,8163.33,16326660.0,16.61,18172.79,0.0,248887.0,0.86,223937.8,12.32,111.97,221.15,2202.7,0.11,0.15,0.14,-0.62,2024.88,90.63,9.52,0.13,0.14,145.62,10.1,0.08,0.1,4.29,1422.7,1255.72,2511433.0,14.74,0.81,1769.8,0.18,0.16,-0.0005,0.15,0.25,0.1,-0.12,2.17,1.87,-0.62,-2.42,-0.1058403773735052,0.576,-0.3434565361624185,0.005,0.0,0.0,0.0,0.0,0.0,0.0,1.0,0.738,0.0,0.0,1.0,0.738,0.18213228035538,OFF,0
Harq_ST1,20250927_1933,Har,ON,cluster,1833.83,3667651.0,15.12,4396.88,21350.68,2988.22,15800.73,23902739.0,16.99,695389.7,8664.1,17328190.0,16.67,30516.12,0.0,695389.7,0.77,98740.02,11.5,49.39,77.0,619.8,0.12,0.16,0.15,-0.61,2046.36,232.71,15.25,0.13,0.14,801.92,24.39,0.03,0.08,5.17,1554.52,1404.08,2808158.0,14.85,0.79,1806.84,0.21,0.19,-0.0005,0.27,0.58,0.32,-0.36,2.14,1.82,-0.61,-3.35,-0.0630978426769383,0.7255,-0.6973416760565302,0.0075009376172021,1.0,0.945,0.0,0.0,0.0,0.0,1.0,0.738,0.0,0.0,2.0,1.6829999999999998,0.415350444225074,ON,0
Van_GT4,20250731_0815,Van,OFF,cluster,23.4,46809.96,10.75,31.14,180.13,89.22,250.56,713772.2,13.48,2669.67,300.04,600076.5,13.3,422.63,0.0,2669.67,1.4,1318.49,7.19,0.66,0.8,16.6,0.09,0.11,0.1,-0.74,2010.55,29.92,5.47,0.1,0.1,25.17,4.53,0.03,0.08,6.12,1142.23,32.78,65567.24,11.09,0.81,108.31,0.08,0.08,-0.0005,-0.34,0.17,0.51,-0.59,2.39,2.21,-0.74,-3.91,-0.2803819589310031,0.8055,-2.395714779656011,0.04325,0.0,0.0,0.0,0.0,0.0,0.0,0.0,0.0,0.0,0.0,0.0,0.0,0.0,OFF,0
Van_GT4,20250616_0812,Van,OFF,cluster,19.3,38604.74,10.56,28.77,195.08,87.66,262.11,701154.7,13.46,3211.03,309.16,618328.3,13.33,453.14,0.0,3211.03,1.12,864.67,6.76,0.43,0.31,4.66,0.06,0.07,0.07,-0.89,1678.63,36.63,6.05,0.07,0.07,28.67,4.8,0.02,0.07,6.57,901.68,21.68,43356.99,10.68,0.8,54.03,0.06,0.06,-0.0005,-0.12,0.23,0.34,-0.4,2.78,2.66,-0.89,-3.91,-0.3007164587354261,0.8025,-2.1803775612963068,0.0425053131641455,0.0,0.0,0.0,0.0,0.0,0.0,0.0,0.0,0.0,0.0,0.0,0.0,0.0,OFF,0
HARQCT3,HARQCT3_off_2025-04-30,HAR,OFF,cluster,195.57,391149.3,12.88,646.56,11739.48,344.31,907.88,2754505.0,14.83,14510.73,1040.98,2081968.0,14.55,1474.34,0.0,14510.73,0.67,17647.85,9.78,8.82,13.06,87.24,0.1,0.13,0.12,-0.69,1929.98,42.14,6.49,0.11,0.11,52.08,6.12,0.05,0.14,4.77,1425.86,131.87,263740.4,12.48,0.84,199.8,0.19,0.17,-0.0005,0.39,0.46,0.06,-0.07,2.35,2.07,-0.69,-2.7,-0.1376579257623464,0.801,0.6875974856950018,0.009375,0.0,0.0,0.0,0.0,0.0,0.0,0.0,0.0,1.0,0.719,1.0,0.719,0.1774432379072063,OFF,0
OPPD_NC1,20251022_0829,OPP,OFF,cluster,0.45,225.57,5.42,0.11,1.44,19.99,69.94,39974.37,10.6,696.99,72.29,36144.34,10.5,126.06,0.0,696.99,15.14,189.17,5.25,0.38,0.04,0.74,0.09,0.09,0.09,-0.79,482.74,34.87,5.91,0.09,0.1,37.6,5.74,0.84,0.09,5.25,226.11,6.83,3415.29,8.14,0.74,0.29,0.01,0.01,-0.0005,-2.72,-1.9,0.81,-0.94,2.46,2.36,-0.79,-2.89,-0.491935677685206,0.848,0.0212665854447107,0.3025,0.0,0.0,0.0,0.0,1.0,0.811,0.0,0.0,1.0,0.719,2.0,1.53,0.3775913129318855,ON,0
Van_GT4,20251021_1825,Van,OFF,cluster,34.43,68865.16,11.14,49.54,256.01,257.44,723.58,2059507.0,14.54,10699.26,580.59,1161189.0,13.96,383.78,0.0,2978.76,11.96,6076.99,8.71,3.04,4.89,31.61,0.4,0.71,0.54,-0.11,2818.55,41.56,6.45,0.52,0.67,94.96,8.41,0.09,0.08,5.25,3135.46,411.69,823376.5,13.62,0.84,1304.54,0.06,0.06,-0.0005,-2.48,-0.72,1.76,-2.03,0.92,0.34,-0.11,-4.91,-0.0583403993944572,0.846,-1.7047234104290951,0.1155,1.0,0.945,0.0,0.0,0.0,0.0,0.0,0.0,0.0,0.0,1.0,0.945,0.233218163869694,OFF,0
Van_GT4,20250619_0826,Van,OFF,cluster,19.17,38342.81,10.55,27.41,169.62,86.71,268.9,693623.5,13.45,3039.6,315.11,630226.9,13.35,466.88,0.0,3039.6,0.63,845.88,6.74,0.42,0.68,16.09,0.03,0.04,0.04,-1.09,1367.54,35.05,5.92,0.04,0.04,30.7,4.98,0.02,0.06,6.61,723.58,12.1,24207.89,10.09,0.79,27.03,0.06,0.06,-0.0005,0.46,0.37,-0.09,0.11,3.36,3.26,-1.09,-3.35,-0.3151370315130695,0.808,-2.2932034696331205,0.0418802350293786,0.0,0.0,0.0,0.0,0.0,0.0,0.0,0.0,0.0,0.0,0.0,0.0,0.0,OFF,0
Van_GT4,20250815_0847,Van,OFF,cluster,22.11,44227.14,10.7,29.57,185.83,84.71,269.18,677654.2,13.43,3586.06,307.77,615535.3,13.33,471.2,0.0,3586.06,0.39,714.22,6.57,0.36,0.2,5.34,0.03,0.03,0.03,-1.19,1247.21,42.34,6.51,0.03,0.03,43.8,5.72,0.02,0.07,6.76,678.49,8.59,17177.48,9.75,0.79,18.58,0.07,0.07,-0.0006,0.95,0.61,-0.34,0.39,3.68,3.58,-1.19,-3.18,-0.3034525577554706,0.823,-2.4955124771058643,0.0665,0.0,0.0,0.0,0.0,0.0,0.0,0.0,0.0,0.0,0.0,0.0,0.0,0.0,OFF,0
Van_GT4,20250903_0814,Van,OFF,cluster,22.41,44828.74,10.71,29.25,168.04,88.67,274.12,709389.6,13.47,3264.48,320.01,640027.8,13.37,475.28,0.0,3264.48,0.53,704.45,6.56,0.35,0.21,6.37,0.03,0.04,0.04,-1.1,1404.55,36.81,6.07,0.04,0.04,32.9,5.12,0.02,0.07,6.81,740.92,11.91,23828.57,10.08,0.79,47.1,0.07,0.07,-0.0006,0.63,0.53,-0.1,0.12,3.39,3.29,-1.1,-3.52,-0.2994396842225826,0.8255,-2.4487701117030087,0.086125,0.0,0.0,0.0,0.0,0.0,0.0,0.0,0.0,0.0,0.0,0.0,0.0,0.0,OFF,0
Van_GT4,20250804_0825,Van,OFF,cluster,27.17,54330.78,10.9,37.18,185.35,88.42,278.14,707368.7,13.47,3427.5,315.84,631686.8,13.36,487.69,0.0,3427.5,0.38,702.86,6.56,0.35,0.34,12.34,0.03,0.03,0.03,-1.14,1329.93,38.76,6.23,0.03,0.03,44.26,5.78,0.01,0.07,6.8,730.11,10.32,20648.24,9.94,0.8,30.12,0.09,0.08,-0.0006,0.97,0.72,-0.25,0.29,3.53,3.42,-1.14,-3.38,-0.2936535306967308,0.8275,-2.209351792236932,0.087125,0.0,0.0,0.0,0.0,0.0,0.0,0.0,0.0,0.0,0.0,0.0,0.0,0.0,OFF,0
SQN2,SQN NG Unit 2 20250528_1705,SQN,OFF,cluster,7.8,3901.09,8.27,10.47,66.53,42.56,134.13,85110.1,11.35,1753.97,133.03,66513.78,11.11,241.76,0.0,1753.97,3.23,2081.43,7.64,4.16,7.3,42.13,0.15,0.19,0.17,-0.55,595.38,41.22,6.42,0.19,0.21,50.46,6.27,0.53,0.14,3.46,371.16,25.23,12613.8,9.44,0.78,46.81,0.06,0.06,-0.0006,-1.17,-0.85,0.33,-0.38,1.91,1.66,-0.55,-1.8,-0.4000157334843287,0.748,-0.3125450430346751,0.141,0.0,0.0,0.0,0.0,0.0,0.0,0.0,0.0,0.0,0.0,0.0,0.0,0.0,OFF,0
VAN1,VAN1_off_2025-09-20,VAN,OFF,cluster,23.05,46094.28,10.74,51.7,754.7,1257.48,6281.14,10059835.0,16.12,76568.7,4962.85,9925698.0,16.11,11810.64,0.0,76568.7,1.85,2664.33,7.89,1.33,2.37,38.24,0.01,0.01,0.01,-1.59,620.39,60.89,7.8,0.01,0.01,76.71,8.24,0.06,0.01,8.22,584.6,42.69,85378.19,11.35,0.7,100.1,0.0,0.0,-0.0007,-0.62,-0.78,-0.17,0.19,4.77,4.76,-1.59,-3.47,-0.3455908305761748,0.821,-1.416465711613653,0.105875,0.0,0.0,0.0,0.0,0.0,0.0,0.0,0.0,0.0,0.0,0.0,0.0,0.0,OFF,0
VAN1,VAN1_off_2025-09-15,VAN,OFF,cluster,18.29,36580.7,10.51,48.01,759.66,1131.9,5574.61,9055209.0,16.02,72645.61,4486.88,8973752.0,16.01,10454.35,0.0,72645.61,1.19,1512.94,7.32,0.76,1.01,7.7,0.0,0.0,0.0,-1.78,509.01,64.18,8.01,0.0,0.0,78.98,8.3,0.04,0.01,8.69,539.84,21.68,43363.22,10.68,0.7,35.4,0.0,0.0,-0.0007,-0.17,-0.62,-0.45,0.52,5.34,5.33,-1.78,-3.36,-0.3605907105675467,0.8105,-1.264106766701184,0.132625,0.0,0.0,0.0,0.0,1.0,0.811,0.0,0.0,0.0,0.0,1.0,0.811,0.2001480750246792,OFF,0
Van_GT4,20250619_1628,Van,OFF,cluster,41.67,83330.89,11.33,83.93,611.01,251.62,493.31,2012703.0,14.51,4278.13,934.55,1869101.0,14.44,582.14,0.0,4278.13,0.69,2604.88,7.87,1.3,2.59,26.21,0.03,0.03,0.03,-1.16,1147.44,17.0,4.12,0.03,0.03,7.67,2.62,0.03,0.06,6.58,1092.27,28.83,57666.37,10.96,0.85,68.1,0.04,0.04,-0.0008,0.37,0.18,-0.19,0.22,3.55,3.48,-1.16,-3.1,-0.0369547378639107,0.7955,-1.4638812494843887,0.1063882985373171,1.0,0.945,0.0,0.0,0.0,0.0,0.0,0.0,0.0,0.0,1.0,0.945,0.233218163869694,OFF,0
VAN1,VAN1_off_2025-09-23,VAN,OFF,cluster,21.62,43240.93,10.67,55.68,846.75,1515.59,8596.16,12124704.0,16.31,118733.9,6000.52,12001043.0,16.3,16392.35,0.0,118733.9,1.83,1328.81,7.19,0.66,1.65,27.86,0.01,0.01,0.01,-1.67,544.1,78.34,8.85,0.01,0.01,93.76,9.23,0.03,0.01,9.11,550.19,39.55,79091.12,11.28,0.68,208.32,0.0,0.0,-0.0008,-0.6,-0.69,-0.08,0.1,5.03,5.02,-1.67,-4.09,-0.3521646689660554,0.7505,-0.881620635952836,0.09775,0.0,0.0,0.0,0.0,0.0,0.0,0.0,0.0,0.0,0.0,0.0,0.0,0.0,OFF,0
Van_GT4,20250804_1226,Van,OFF,cluster,40.47,80931.73,11.3,65.39,434.78,146.83,303.14,1174612.0,13.98,3364.65,535.97,1071945.0,13.88,400.16,0.0,3364.65,0.26,808.62,6.7,0.4,0.31,9.22,0.02,0.02,0.02,-1.31,1072.13,22.92,4.79,0.02,0.02,19.49,3.58,0.01,0.07,7.19,957.27,10.46,20925.89,9.95,0.85,19.75,0.08,0.07,-0.0008,1.35,0.84,-0.51,0.59,4.03,3.94,-1.31,-3.25,-0.0774682463225509,0.8235,-1.771531496363966,0.112,0.0,0.0,0.0,0.0,0.0,0.0,0.0,0.0,0.0,0.0,0.0,0.0,0.0,OFF,0
VAN1,VAN1_off_2025-09-26,VAN,OFF,cluster,21.36,42722.87,10.66,53.69,889.44,1615.6,9681.2,12924823.0,16.37,126856.0,6429.21,12858426.0,16.37,18547.31,0.0,126856.0,0.51,1740.21,7.46,0.87,1.7,19.07,0.0,0.0,0.0,-2.12,355.05,78.52,8.86,0.0,0.0,97.05,9.45,0.04,0.01,8.91,519.9,10.97,21934.53,10.0,0.67,43.8,0.0,0.0,-0.0008,0.67,-0.46,-1.13,1.3,6.38,6.37,-2.12,-2.53,-0.3629108957384195,0.766,-0.7401875511335267,0.156625,0.0,0.0,0.0,0.0,1.0,0.811,0.0,0.0,0.0,0.0,1.0,0.811,0.2001480750246792,OFF,0
Van_GT4,20250616_1613,Van,OFF,cluster,38.82,77646.84,11.26,74.03,458.04,247.26,492.78,1977840.0,14.5,3499.14,932.12,1864232.0,14.44,580.08,0.0,3499.14,0.45,1088.47,6.99,0.54,0.99,28.24,0.02,0.02,0.02,-1.33,969.15,14.15,3.76,0.02,0.02,7.13,2.59,0.01,0.05,7.44,1083.68,17.44,34872.76,10.46,0.85,55.55,0.04,0.04,-0.0008,0.8,0.47,-0.33,0.38,4.04,3.98,-1.33,-3.47,-0.0168603691712992,0.807,-1.5290898327937672,0.1447680960120015,1.0,0.945,0.0,0.0,0.0,0.0,0.0,0.0,0.0,0.0,1.0,0.945,0.233218163869694,OFF,0
VAN1,VAN1_off_2025-09-17,VAN,OFF,cluster,23.53,47067.79,10.76,59.17,891.31,1359.01,7136.19,10872090.0,16.2,86746.33,5406.53,10813060.0,16.2,13485.32,0.0,86746.33,0.23,1226.09,7.11,0.61,1.77,38.12,0.0,0.0,0.0,-2.3,340.13,63.83,7.99,0.0,0.0,83.81,8.68,0.03,0.01,9.08,513.0,5.37,10736.2,9.28,0.69,2.77,0.0,0.0,-0.0009,1.48,-0.08,-1.56,1.8,6.92,6.91,-2.3,-2.17,-0.3693078221181416,0.7305,-0.7730515473774283,0.22575,0.0,0.0,0.0,0.0,1.0,0.811,0.0,0.0,0.0,0.0,1.0,0.811,0.2001480750246792,OFF,0
Middletown_GT,20250731_1622,Mid,OFF,cluster,7173.55,14347091.0,16.48,64768.61,1223598.0,2215.22,32590.22,17719568.0,16.69,1223598.0,1671.61,3343213.0,15.02,4284.15,0.0,39365.94,0.0,16790.69,9.73,8.4,62.01,904.3,0.0,0.0,0.0,-1.86,558.14,552.36,23.5,0.0,0.0,705.18,24.95,0.0,0.01,7.05,2184.13,6.24,12473.04,9.43,0.53,0.31,4.29,1.67,-0.0009,7.05,3.81,-3.23,3.73,7.26,5.59,-1.86,0.3,-0.0096004630297793,0.03,-1.060747087463011,0.2487810976372046,1.0,0.945,1.0,0.839,0.0,0.0,1.0,0.738,0.0,0.0,3.0,2.522,0.6224086870681145,ON,0
Towantic_GT1,20250105_0031 GT1,Tow,OFF,cluster,355.13,710266.7,13.47,1130.79,15418.93,3715.66,28331.12,29721549.0,17.21,568365.3,14472.64,28945284.0,17.18,55267.97,0.0,568365.3,0.03,47461.56,10.77,23.74,112.74,1810.28,0.0,0.0,0.0,-2.45,399.48,152.96,12.37,0.0,0.0,141.06,11.07,0.07,0.01,7.35,424.52,9.27,18536.68,9.83,0.61,22.36,0.02,0.02,-0.0009,3.65,0.66,-2.98,3.45,7.38,7.35,-2.45,0.94,-0.2398751100227503,0.1305,-2.7972454123162733,0.2301537692211526,0.0,0.0,1.0,0.839,1.0,0.811,1.0,0.738,0.0,0.0,3.0,2.388,0.5893385982230998,ON,0
EMSA_GT1_ng,20250105_0031 ng,EMS,OFF,cluster,355.13,710266.7,13.47,1130.79,15418.93,3715.66,28331.12,29721549.0,17.21,568365.3,14472.64,28945284.0,17.18,55267.97,0.0,568365.3,0.03,47461.56,10.77,23.74,112.74,1810.28,0.0,0.0,0.0,-2.45,399.48,152.96,12.37,0.0,0.0,141.06,11.07,0.07,0.01,7.35,424.52,9.27,18536.68,9.83,0.61,22.36,0.02,0.02,-0.0009,3.65,0.66,-2.98,3.45,7.38,7.35,-2.45,0.94,-0.2398751100227503,0.1305,-2.7972454123162733,0.2301537692211526,0.0,0.0,1.0,0.839,1.0,0.811,1.0,0.738,0.0,0.0,3.0,2.388,0.5893385982230998,ON,0
AEP_Turk,AEP_Turk_S1,AEP,ON,cluster,261.15,522295.2,13.17,606.64,4067.29,6860.06,16527.41,54880463.0,17.82,95819.06,26926.68,53853367.0,17.8,23558.42,0.0,95819.06,0.89,38838.66,10.57,19.42,33.39,310.59,0.01,0.01,0.01,-1.58,735.45,13.97,3.74,0.01,0.01,9.94,3.13,0.07,0.02,7.23,893.11,232.98,465962.1,13.05,0.82,570.71,0.01,0.01,-0.0009,0.11,-0.48,-0.59,0.69,4.77,4.75,-1.58,-2.48,0.0187046053275862,0.978,4.196800981939532,0.1845,1.0,0.945,0.0,0.0,0.0,0.0,0.0,0.0,1.0,0.719,2.0,1.664,0.4106614017769003,ON,0
Van_GT1,20250729_0834,Van,OFF,cluster,341.74,683483.7,13.43,1053.89,7911.02,1135.94,5865.93,9086402.0,16.02,72226.96,4195.54,8391088.0,15.94,11133.29,0.0,72226.96,0.02,1147.24,7.05,0.57,1.56,40.04,0.0,0.0,0.0,-2.22,570.82,63.58,7.97,0.0,0.0,87.25,8.91,0.0,0.01,8.9,634.08,5.34,10682.81,9.28,0.71,2.32,0.08,0.08,-0.001,4.16,2.01,-2.15,2.48,6.75,6.67,-2.22,-2.23,-0.2016061655823464,0.73,0.412845039290367,0.2662832854106763,0.0,0.0,1.0,0.839,0.0,0.0,0.0,0.0,1.0,0.719,2.0,1.5579999999999998,0.3845014807502467,ON,0
Van_GT1,20250728_0823,Van,OFF,cluster,377.65,755300.6,13.53,1131.29,9014.73,1297.52,7219.69,10378846.0,16.16,88091.95,4805.94,9611882.0,16.08,13808.82,0.0,88091.95,0.01,1219.48,7.11,0.61,1.79,31.78,0.0,0.0,0.0,-2.27,548.09,67.89,8.24,0.0,0.0,92.43,9.25,0.0,0.01,8.97,637.21,5.22,10444.15,9.25,0.7,1.49,0.08,0.08,-0.001,4.28,2.04,-2.24,2.59,6.9,6.82,-2.27,-2.15,-0.1931792166607106,0.727,0.612224513151392,0.2681585198149768,0.0,0.0,1.0,0.839,0.0,0.0,0.0,0.0,1.0,0.719,2.0,1.5579999999999998,0.3845014807502467,ON,0
Towantic_GT2,20250112_0855 GT2,Tow,OFF,cluster,887.22,1774445.0,14.39,1440.04,18204.81,2543.79,14963.67,20347736.0,16.83,300062.3,9247.07,18494135.0,16.73,28862.2,0.0,300062.3,0.01,64686.18,11.08,32.36,129.25,2131.34,0.0,0.0,0.0,-2.38,729.81,117.96,10.86,0.0,0.0,144.13,10.96,0.04,0.02,7.15,655.29,7.23,14469.51,9.58,0.69,2.36,0.1,0.09,-0.001,4.81,1.44,-3.36,3.89,7.25,7.15,-2.38,1.5,-0.1858668512588611,0.1115,-2.3640118650734667,0.2402800350043755,0.0,0.0,1.0,0.839,0.0,0.0,1.0,0.738,0.0,0.0,2.0,1.577,0.3891905231984205,ON,0
EMSA_GT2_NG,20250112_0855 NG,EMS,OFF,cluster,887.22,1774445.0,14.39,1440.04,18204.81,2543.79,14963.67,20347736.0,16.83,300062.3,9247.07,18494135.0,16.73,28862.2,0.0,300062.3,0.01,64686.18,11.08,32.36,129.25,2131.34,0.0,0.0,0.0,-2.38,729.81,117.96,10.86,0.0,0.0,144.13,10.96,0.04,0.02,7.15,655.29,7.23,14469.51,9.58,0.69,2.36,0.1,0.09,-0.001,4.81,1.44,-3.36,3.89,7.25,7.15,-2.38,1.5,-0.1858668512588611,0.1115,-2.3640118650734667,0.2402800350043755,0.0,0.0,1.0,0.839,0.0,0.0,1.0,0.738,0.0,0.0,2.0,1.577,0.3891905231984205,ON,0
Middletown_GT,20231027_1917,Mid,OFF,cluster,5043.23,10086453.0,16.13,57658.61,1102579.0,4389.27,34652.9,35109799.0,17.37,1102579.0,12504.22,25008439.0,17.03,37059.96,0.0,338499.8,0.0,2530.17,7.84,1.27,3.76,58.82,0.0,0.0,0.0,-2.54,559.9,251.2,15.85,0.0,0.0,461.6,19.01,0.0,0.01,9.2,1510.97,6.19,12377.29,9.42,0.65,0.37,0.4,0.34,-0.0011,6.7,3.52,-3.18,3.67,7.95,7.61,-2.54,-1.59,0.0545361671616112,0.4665,-1.722134061794607,0.248906113264158,1.0,0.945,1.0,0.839,0.0,0.0,1.0,0.738,0.0,0.0,3.0,2.522,0.6224086870681145,ON,0
HARQCT2,HARQCT2_on_2025-04-12,HAR,ON,cluster,39804.15,79608307.0,18.19,103605.7,461168.9,83794.32,206402.3,670000000.0,20.32,1022796.0,294034.9,588000000.0,20.19,315772.4,0.0,1022796.0,0.03,230357.2,12.35,115.18,229.41,2214.82,0.0,0.0,0.0,-1.83,715.84,12.21,3.49,0.0,0.0,8.85,3.06,0.0,0.01,7.84,913.86,1223.08,2446159.0,14.71,0.81,2193.51,0.14,0.13,-0.0011,3.48,1.83,-1.65,1.91,5.61,5.48,-1.83,-2.36,-0.0248317729182565,0.3525,-0.9208031312303296,0.149375,1.0,0.945,1.0,0.839,0.0,0.0,1.0,0.738,0.0,0.0,3.0,2.522,0.6224086870681145,ON,0
Millenium_ST1,ST1 GEN 4/13/2025 4:03:30 PM,Mil,ON,cluster,1724.61,3449222.0,15.05,3372.41,35137.27,1497.99,6339.91,11982385.0,16.3,138154.7,4259.67,8519334.0,15.96,11714.96,0.0,138154.7,0.0,753.72,6.63,0.38,0.07,1.27,0.0,0.0,0.0,-2.16,651.56,92.23,9.6,0.0,0.0,118.03,9.75,0.0,0.02,9.33,1511.73,6.54,13075.67,9.48,0.77,0.29,0.4,0.34,-0.0011,5.58,3.27,-2.3,2.66,6.82,6.48,-2.16,-2.85,0.0090377436409873,0.8395,-2.960674931814894,0.2497812226528316,1.0,0.945,1.0,0.839,0.0,0.0,0.0,0.0,0.0,0.0,2.0,1.7839999999999998,0.4402764067127344,ON,0
Millenium_ST1,ST1 GEN 4/13/2025 8:53:48 AM,Mil,ON,manual,1814.1,3628192.0,15.1,3577.71,43519.06,1454.07,5727.33,11631121.0,16.27,97711.82,3994.5,7988991.0,15.89,10373.15,0.0,97711.82,0.0,764.81,6.64,0.38,0.1,1.77,0.0,0.0,0.0,-2.14,674.69,67.2,8.2,0.0,0.0,105.59,9.27,0.0,0.02,9.25,1544.29,6.59,13172.23,9.49,0.78,0.29,0.45,0.37,-0.0011,5.62,3.32,-2.29,2.65,6.78,6.41,-2.14,-2.85,0.0164693570231197,0.837,-2.647717162067544,0.2494061757719715,1.0,0.945,1.0,0.839,0.0,0.0,0.0,0.0,0.0,0.0,2.0,1.7839999999999998,0.4402764067127344,ON,0
Har_CT1,20241122_1450,Har,ON,cluster,44305.16,88610321.0,18.3,104953.8,543800.9,165046.4,426751.3,1320000000.0,21.0,2274977.0,614027.2,1230000000.0,20.93,668810.1,0.0,2274977.0,0.03,735064.0,13.51,367.72,834.68,7743.94,0.0,0.0,0.0,-2.03,602.0,13.78,3.71,0.0,0.0,8.5,3.05,0.01,0.01,7.42,808.52,1403.42,2806841.0,14.85,0.8,2447.83,0.07,0.07,-0.0011,3.45,1.4,-2.05,2.37,6.15,6.08,-2.03,-1.34,-0.0289309717804001,0.378,-1.1817579395280595,0.1550193774221777,1.0,0.945,0.0,0.0,0.0,0.0,1.0,0.738,0.0,0.0,2.0,1.6829999999999998,0.415350444225074,ON,0
Prairie_State_2,Neutral_Ground 2/12/24 1305,Pra,ON,manual,3598.84,7197684.0,15.79,8867.15,51749.38,12602.32,28755.47,101000000.0,18.43,157066.8,46523.52,93047036.0,18.35,41066.81,0.0,157066.8,0.01,510299.6,13.14,255.15,460.15,2821.59,0.0,0.0,0.0,-2.43,688.92,12.46,3.53,0.01,0.01,6.47,2.68,0.07,0.02,7.29,1007.31,31.76,63520.23,11.06,0.82,71.63,0.08,0.07,-0.0012,4.73,1.2,-3.53,4.07,7.37,7.29,-2.43,2.08,0.0545540787389819,0.663,-0.4415473973668983,0.206375,1.0,0.945,1.0,0.839,0.0,0.0,1.0,0.738,0.0,0.0,3.0,2.522,0.6224086870681145,ON,0
HARQCT3,HARQCT3_on_2025-07-04,HAR,ON,cluster,33836.34,67672688.0,18.03,103511.4,662210.7,183319.5,522016.7,1470000000.0,21.11,2843129.0,698230.6,1400000000.0,21.06,851494.3,0.0,2843129.0,0.02,1097535.0,13.91,548.77,749.04,4785.94,0.0,0.0,0.0,-2.32,470.56,15.51,3.94,0.0,0.0,11.64,3.49,0.02,0.01,7.15,764.32,662.13,1324267.0,14.1,0.79,766.41,0.05,0.05,-0.0012,3.93,1.26,-2.68,3.09,7.01,6.96,-2.32,-0.19,-0.0602481083828606,0.375,0.9976307014544054,0.146125,1.0,0.945,1.0,0.839,1.0,0.811,1.0,0.738,1.0,0.719,5.0,4.052,1.0,ON,0
Van_GT3,20250718_1616,Van,OFF,cluster,698.45,1396910.0,14.15,1968.17,22799.71,31784.48,109773.1,254000000.0,19.35,1021396.0,126070.2,252000000.0,19.35,190638.4,0.0,1021396.0,0.52,10169.03,9.23,5.08,7.93,45.47,0.0,0.0,0.0,-1.95,546.86,32.14,5.67,0.0,0.0,35.62,5.63,0.01,0.0,10.12,846.15,364.24,728471.1,13.5,0.77,600.05,0.01,0.01,-0.0012,0.65,0.09,-0.56,0.64,5.86,5.85,-1.95,-4.27,-0.0779988644900729,0.975,-0.3864186137185978,0.0125,0.0,0.0,0.0,0.0,0.0,0.0,0.0,0.0,0.0,0.0,0.0,0.0,0.0,OFF,0
Van_GT3,20250919_1653,Van,OFF,cluster,910.18,1820366.0,14.41,2675.25,30500.0,25385.67,86514.4,203000000.0,19.13,897455.6,100296.6,201000000.0,19.12,149829.6,0.0,897455.6,0.36,11086.63,9.31,5.54,10.33,96.4,0.0,0.0,0.0,-1.91,583.77,35.35,5.95,0.0,0.0,49.29,6.42,0.01,0.01,9.8,950.46,330.35,660697.2,13.4,0.78,538.13,0.01,0.01,-0.0012,1.01,0.35,-0.66,0.76,5.73,5.72,-1.91,-4.09,-0.0436276840158157,0.9775,0.6198347276755493,0.01775,1.0,0.945,0.0,0.0,0.0,0.0,0.0,0.0,1.0,0.719,2.0,1.664,0.4106614017769003,ON,0
Prairie_State_2,Neutral_Ground 2/11 1404,Pra,ON,cluster,5575.0,11150001.0,16.23,11992.45,62581.16,14239.43,30735.04,114000000.0,18.55,257259.0,50821.02,102000000.0,18.44,42785.2,0.0,257259.0,0.02,853021.5,13.66,426.51,948.95,7957.81,0.0,0.0,0.0,-1.98,778.79,18.07,4.25,0.01,0.01,6.06,2.55,0.08,0.03,5.93,1095.93,135.17,270339.1,12.51,0.83,515.56,0.11,0.1,-0.0012,3.72,1.02,-2.7,3.12,6.04,5.93,-1.98,1.15,0.0585839494483157,0.3565,-1.0787292875019892,0.200375,1.0,0.945,1.0,0.839,0.0,0.0,1.0,0.738,0.0,0.0,3.0,2.522,0.6224086870681145,ON,0
Towantic_STG,20241225_1644 STG,Tow,ON,manual,1533.54,3067082.0,14.94,5474.61,38819.76,3032.19,5948.39,24257479.0,17.0,38819.76,10581.96,21163914.0,16.87,5831.68,0.0,26041.55,0.01,2129.84,7.66,1.06,1.59,21.3,0.0,0.0,0.0,-2.26,581.84,12.8,3.58,0.0,0.0,6.17,2.38,0.0,0.01,9.2,1335.96,12.18,24353.44,10.1,0.84,17.8,0.14,0.14,-0.0012,4.84,2.54,-2.29,2.65,6.9,6.77,-2.26,-2.44,0.07294790445322,0.7985,-0.5612678955710804,0.38075,1.0,0.945,1.0,0.839,0.0,0.0,0.0,0.0,0.0,0.0,2.0,1.7839999999999998,0.4402764067127344,ON,0
SQN2,SQN NG Unit 2 20250525_0833,SQN,OFF,cluster,13.51,6752.95,8.82,13.51,92.59,41.46,124.48,82915.77,11.33,1490.97,132.19,66094.0,11.1,223.11,0.0,1490.97,1.31,1250.35,7.13,2.5,4.2,27.76,0.11,0.13,0.13,-0.67,519.33,35.96,6.0,0.13,0.14,49.91,6.28,0.19,0.19,3.97,324.11,17.64,8818.47,9.08,0.79,30.06,0.1,0.1,-0.0012,-0.27,-0.22,0.05,-0.06,2.24,2.01,-0.67,-1.95,-0.2811151179388141,0.722,-0.7939465556111891,0.115,0.0,0.0,0.0,0.0,1.0,0.811,1.0,0.738,0.0,0.0,2.0,1.549,0.3822803553800593,ON,0
Van_GT3,20250711_1633,Van,OFF,cluster,956.77,1913538.0,14.46,3005.11,49418.02,33427.03,109117.0,267000000.0,19.4,1172415.0,132356.3,265000000.0,19.39,185904.2,0.0,1172415.0,0.39,11289.03,9.33,5.65,10.41,58.69,0.0,0.0,0.0,-1.96,552.87,35.07,5.92,0.0,0.0,36.95,5.65,0.01,0.0,10.06,859.47,372.67,745333.4,13.52,0.78,618.33,0.01,0.01,-0.0012,0.94,0.29,-0.66,0.76,5.88,5.87,-1.96,-4.19,-0.0632009953751997,0.9795,-0.0473022073253391,0.0273784223027878,1.0,0.945,0.0,0.0,0.0,0.0,0.0,0.0,1.0,0.719,2.0,1.664,0.4106614017769003,ON,0
Har_CT1,20241207_1844,Har,ON,cluster,38155.8,76311601.0,18.15,74919.15,397457.3,182246.4,519405.5,1460000000.0,21.1,2877664.0,688868.0,1380000000.0,21.04,854523.7,0.0,2877664.0,0.02,2311052.0,14.65,1156.1,3210.21,28349.77,0.0,0.0,0.0,-2.29,519.65,15.79,3.97,0.0,0.0,12.24,3.56,0.03,0.02,6.87,778.19,714.98,1429950.0,14.17,0.79,900.9,0.06,0.05,-0.0012,3.98,1.15,-2.83,3.27,6.93,6.87,-2.29,0.48,-0.0548305547743942,0.215,-0.2156195328991208,0.1202650331291411,1.0,0.945,1.0,0.839,1.0,0.811,1.0,0.738,1.0,0.719,5.0,4.052,1.0,ON,0
HARQCT1,HARQCT1_on_2025-01-11,HAR,ON,cluster,48355.64,96711283.0,18.39,105546.2,500176.4,213021.3,601394.3,1700000000.0,21.26,3452086.0,800963.7,1600000000.0,21.19,986489.4,0.0,3452086.0,0.02,3970708.0,15.19,1985.35,4979.96,43972.71,0.0,0.0,0.0,-2.31,539.93,16.21,4.03,0.0,0.0,13.01,3.64,0.04,0.02,6.93,806.28,780.41,1560811.0,14.26,0.8,910.57,0.06,0.06,-0.0012,4.13,1.13,-3.0,3.46,7.0,6.93,-2.31,0.93,-0.0503090051521462,0.198,1.7790488503875117,0.11025,1.0,0.945,1.0,0.839,1.0,0.811,1.0,0.738,1.0,0.719,5.0,4.052,1.0,ON,0
Towantic_STG,20250121_1828 STG,Tow,ON,manual,2239.94,4479875.0,15.32,7709.2,51921.74,3486.5,7157.44,27891957.0,17.14,51921.74,11693.69,23387371.0,16.97,7235.1,0.0,29919.25,0.0,2486.29,7.82,1.24,2.01,20.77,0.0,0.0,0.0,-2.32,567.38,14.89,3.86,0.0,0.0,8.72,2.71,0.0,0.01,9.15,1416.25,11.11,22224.42,10.01,0.84,16.44,0.19,0.18,-0.0012,5.31,2.79,-2.52,2.91,7.13,6.96,-2.32,-2.19,0.0860013472666406,0.839,-1.4283309918402507,0.398625,1.0,0.945,1.0,0.839,0.0,0.0,0.0,0.0,0.0,0.0,2.0,1.7839999999999998,0.4402764067127344,ON,0
Millenium_GT1,GT1 Gen 4/13/2025 8:10:02 AM,Mil,ON,manual,2165.16,4330326.0,15.28,9100.83,223697.2,2945.71,8740.76,23562703.0,16.98,223697.2,9605.88,19211763.0,16.77,12668.22,0.0,58260.1,0.0,5372.86,8.59,2.69,6.14,154.61,0.0,0.0,0.0,-2.38,825.62,75.94,8.71,0.0,0.0,91.3,6.97,0.0,0.02,8.18,994.8,7.62,15241.03,9.63,0.81,4.61,0.23,0.2,-0.0012,5.65,2.71,-2.94,3.39,7.34,7.14,-2.38,-1.04,-0.0672151588289873,0.6375,-2.0202110307258385,0.2621577697212151,1.0,0.945,1.0,0.839,0.0,0.0,1.0,0.738,0.0,0.0,3.0,2.522,0.6224086870681145,ON,0
Har_CT1,20250115_1947,Har,ON,cluster,42773.56,85547128.0,18.26,99565.29,512867.5,205694.7,584952.4,1650000000.0,21.22,3300591.0,778670.4,1560000000.0,21.17,958985.3,0.0,3300591.0,0.02,1165574.0,13.97,583.08,1251.67,10004.14,0.0,0.0,0.0,-2.36,495.96,16.05,4.01,0.0,0.0,12.72,3.61,0.01,0.01,7.2,782.19,649.38,1298764.0,14.08,0.79,812.11,0.05,0.05,-0.0013,4.19,1.4,-2.79,3.22,7.14,7.09,-2.36,-0.11,-0.0537180600748279,0.2625,1.0868015096352222,0.1426428303537942,1.0,0.945,1.0,0.839,1.0,0.811,1.0,0.738,1.0,0.719,5.0,4.052,1.0,ON,0
Van_GT2,20250617_1226,Van,ON,manual,691.0,1381995.0,14.14,2536.8,19768.81,27941.99,94719.37,224000000.0,19.22,1112260.0,110942.6,222000000.0,19.22,163370.6,0.0,1112260.0,0.17,981.96,6.89,0.49,0.37,3.32,0.0,0.0,0.0,-2.28,487.23,39.81,6.31,0.0,0.0,39.77,5.84,0.0,0.0,12.33,897.12,119.88,239764.8,12.39,0.77,177.15,0.01,0.01,-0.0013,1.75,0.98,-0.77,0.89,6.84,6.83,-2.28,-5.5,-0.0683888174682707,0.9225,1.7875671861911944,0.0473809226153269,1.0,0.945,0.0,0.0,1.0,0.811,0.0,0.0,1.0,0.719,3.0,2.475,0.6108094768015796,ON,0
Van_GT3,20250803_1606,Van,OFF,cluster,1194.9,2389794.0,14.69,2600.07,16898.18,28857.21,94766.77,231000000.0,19.26,990959.2,113959.4,228000000.0,19.24,162045.4,0.0,990959.2,0.23,11010.69,9.31,5.51,10.34,83.66,0.0,0.0,0.0,-2.02,543.27,34.34,5.86,0.0,0.0,48.26,6.29,0.0,0.01,9.94,912.27,269.04,538081.6,13.2,0.78,458.63,0.01,0.01,-0.0013,1.49,0.58,-0.91,1.05,6.06,6.05,-2.02,-3.89,-0.0649277231237822,0.9795,0.0327701742051661,0.03425,1.0,0.945,0.0,0.0,0.0,0.0,0.0,0.0,1.0,0.719,2.0,1.664,0.4106614017769003,ON,0
Van_GT3,20250923_1622,Van,OFF,cluster,779.58,1559161.0,14.26,2733.16,42487.59,33232.7,107296.4,266000000.0,19.4,1330951.0,131900.3,264000000.0,19.39,181828.9,0.0,1330951.0,0.32,7721.43,8.95,3.86,6.75,40.23,0.0,0.0,0.0,-2.09,520.94,40.05,6.33,0.0,0.0,35.75,5.54,0.0,0.0,10.44,851.39,247.06,494124.1,13.11,0.78,418.73,0.01,0.01,-0.0013,1.15,0.33,-0.82,0.94,6.29,6.28,-2.09,-4.16,-0.0616124073628797,0.9805,-0.2567359831063701,0.0175,1.0,0.945,0.0,0.0,1.0,0.811,0.0,0.0,1.0,0.719,3.0,2.475,0.6108094768015796,ON,0
Van_GT2,20250617_1629,Van,ON,manual,458.66,917326.2,13.73,1604.95,11653.87,30093.14,92636.36,241000000.0,19.3,925586.3,119758.7,240000000.0,19.29,153618.4,0.0,925586.3,0.3,1053.84,6.96,0.53,0.59,14.02,0.0,0.0,0.0,-2.25,493.35,30.76,5.55,0.0,0.0,33.42,5.25,0.0,0.0,12.33,863.58,139.57,279147.2,12.54,0.79,214.8,0.0,0.0,-0.0013,1.19,0.6,-0.59,0.68,6.76,6.75,-2.25,-5.58,-0.0723742362918818,0.9155,1.3297989408827635,0.0493811726465808,1.0,0.945,0.0,0.0,1.0,0.811,0.0,0.0,1.0,0.719,3.0,2.475,0.6108094768015796,ON,0
Van_GT2,20250718_1648,Van,ON,manual,635.07,1270136.0,14.05,2045.7,16307.67,28369.6,85561.19,227000000.0,19.24,839628.7,112715.6,225000000.0,19.23,140686.7,0.0,839628.7,0.2,1175.93,7.07,0.59,0.66,4.17,0.0,0.0,0.0,-2.26,504.33,29.6,5.44,0.0,0.0,34.75,5.33,0.0,0.0,12.16,875.06,127.13,254251.5,12.45,0.79,207.4,0.01,0.01,-0.0013,1.61,0.85,-0.75,0.87,6.79,6.79,-2.26,-5.38,-0.066867721701292,0.9335,1.1511560047371423,0.018,1.0,0.945,0.0,0.0,1.0,0.811,0.0,0.0,1.0,0.719,3.0,2.475,0.6108094768015796,ON,0
Har_CT1,20250116_1516,Har,ON,cluster,53871.46,108000000.0,18.5,117377.2,541144.5,232302.8,647074.3,1860000000.0,21.34,3657512.0,874112.1,1750000000.0,21.28,1053530.0,0.0,3657512.0,0.01,1035882.0,13.85,517.94,1030.66,8580.22,0.0,0.0,0.0,-2.37,510.71,15.74,3.97,0.0,0.0,12.92,3.62,0.01,0.01,7.43,809.61,709.92,1419835.0,14.17,0.8,954.76,0.06,0.06,-0.0013,4.33,1.55,-2.78,3.21,7.18,7.12,-2.37,-0.32,-0.0447388728445675,0.2725,0.6836016988249196,0.117375,1.0,0.945,1.0,0.839,1.0,0.811,1.0,0.738,1.0,0.719,5.0,4.052,1.0,ON,0
Har_CT1,20241124_1450,Har,ON,cluster,57844.22,116000000.0,18.57,105348.9,476501.7,244277.9,681721.7,1950000000.0,21.39,3807684.0,917929.3,1840000000.0,21.33,1113715.0,0.0,3807684.0,0.01,922652.8,13.74,461.56,805.79,6667.37,0.0,0.0,0.0,-2.37,516.34,15.59,3.95,0.0,0.0,13.0,3.64,0.01,0.01,7.6,808.85,754.59,1509173.0,14.23,0.8,879.66,0.06,0.06,-0.0013,4.34,1.6,-2.74,3.16,7.17,7.1,-2.37,-0.49,-0.0486406612561267,0.298,-2.146151754378573,0.1457682210276284,1.0,0.945,1.0,0.839,1.0,0.811,1.0,0.738,0.0,0.0,4.0,3.333,0.8225567620927937,ON,0
Towantic_STG,20240620_0516 STG,Tow,ON,manual,3238.62,6477233.0,15.68,12147.58,83711.01,4550.1,9514.7,36396206.0,17.41,83711.01,14951.14,29902270.0,17.21,7955.3,0.0,32764.21,0.0,1494.57,7.31,0.75,0.6,5.13,0.0,0.0,0.0,-2.53,566.18,18.4,4.29,0.0,0.0,17.05,3.34,0.0,0.01,9.9,1408.19,7.6,15208.82,9.63,0.84,1.23,0.22,0.2,-0.0013,6.05,3.22,-2.83,3.27,7.78,7.58,-2.53,-2.32,0.0903178206327063,0.7565,-1.146737398136175,0.4471808976122015,1.0,0.945,1.0,0.839,0.0,0.0,0.0,0.0,0.0,0.0,2.0,1.7839999999999998,0.4402764067127344,ON,1
Van_GT3,20250730_1613,Van,OFF,cluster,1348.15,2696291.0,14.81,3106.67,36742.59,32205.96,106416.5,258000000.0,19.37,981916.8,127269.6,255000000.0,19.35,182311.9,0.0,981916.8,0.15,9087.77,9.11,4.54,7.97,54.12,0.0,0.0,0.0,-2.15,518.88,30.49,5.52,0.0,0.0,37.71,5.72,0.0,0.0,10.24,876.14,201.56,403111.1,12.91,0.78,322.81,0.01,0.01,-0.0013,1.9,0.76,-1.14,1.32,6.46,6.45,-2.15,-3.79,-0.0596064467591547,0.977,0.1144986819546206,0.03,1.0,0.945,0.0,0.0,1.0,0.811,0.0,0.0,1.0,0.719,3.0,2.475,0.6108094768015796,ON,0
Van_GT3,20250814_1247,Van,OFF,cluster,1133.87,2267741.0,14.63,3001.01,56305.36,28196.38,92680.24,226000000.0,19.23,974508.9,111475.7,223000000.0,19.22,158434.2,0.0,974508.9,0.15,14156.23,9.56,7.08,11.38,76.76,0.0,0.0,0.0,-2.16,507.6,34.56,5.88,0.0,0.0,48.45,6.3,0.01,0.01,9.66,918.65,168.84,337675.4,12.73,0.78,306.94,0.01,0.01,-0.0013,1.9,0.6,-1.31,1.51,6.5,6.49,-2.16,-3.17,-0.0581493703444104,0.9625,-0.0318928079972329,0.043375,1.0,0.945,0.0,0.0,1.0,0.811,0.0,0.0,1.0,0.719,3.0,2.475,0.6108094768015796,ON,0
GAPAC_TG4,TG4_20250914_0136,GAP,ON,manual,3413.16,6826324.0,15.74,5483.68,39264.22,17813.84,57428.26,143000000.0,18.77,364388.9,67722.93,135000000.0,18.72,99162.38,0.0,364388.9,0.01,172003.3,12.06,86.0,213.8,1645.43,0.0,0.0,0.0,-2.54,593.0,20.46,4.52,0.0,0.0,13.81,3.73,0.03,0.01,7.62,493.67,33.28,66557.8,11.11,0.76,64.17,0.05,0.05,-0.0013,4.63,1.33,-3.3,3.81,7.67,7.62,-2.54,0.95,-0.2310778510869471,0.209,-3.2228919767457613,0.345375,0.0,0.0,1.0,0.839,0.0,0.0,1.0,0.738,0.0,0.0,2.0,1.577,0.3891905231984205,ON,0
OPPD_NC1,20251025_0505,OPP,ON,cluster,19532.79,9766393.0,16.09,78731.01,515881.8,14593.1,52809.82,29186193.0,17.19,1162693.0,24639.04,12319520.0,16.33,26324.94,0.0,111705.1,0.47,2465258.0,14.72,4930.52,62341.13,1162693.0,0.16,0.38,0.32,-0.33,555.1,79.67,8.93,0.28,0.32,163.06,10.88,0.25,0.15,1.61,615.44,9270.05,4635023.0,15.35,0.79,11423.42,0.79,0.58,-0.0013,0.75,0.47,-0.27,0.32,1.84,0.98,-0.33,-0.63,-0.0560650855281927,0.144,2.739433109897479,0.0,1.0,0.945,0.0,0.0,0.0,0.0,1.0,0.738,1.0,0.719,3.0,2.402,0.5927936821322803,ON,0
Van_GT2,20250728_1654,Van,ON,manual,931.44,1862887.0,14.44,2481.92,17864.03,26700.07,86693.56,214000000.0,19.18,1483356.0,105784.3,212000000.0,19.17,147367.9,0.0,1483356.0,0.09,1225.58,7.11,0.61,0.62,6.08,0.0,0.0,0.0,-2.38,499.03,55.56,7.45,0.0,0.0,49.12,6.05,0.0,0.0,12.06,828.98,83.9,167799.5,12.03,0.78,134.33,0.01,0.01,-0.0013,2.41,1.25,-1.16,1.34,7.15,7.14,-2.38,-4.92,-0.0638883195510018,0.9305,0.5029671146959037,0.02275,1.0,0.945,0.0,0.0,1.0,0.811,0.0,0.0,1.0,0.719,3.0,2.475,0.6108094768015796,ON,0
GAPAC_TG4,TG4_20250807_1616,GAP,ON,manual,2676.48,5352954.0,15.49,4074.71,28251.1,18859.39,62751.84,151000000.0,18.83,425624.5,72659.21,145000000.0,18.79,108952.8,0.0,425624.5,0.01,159241.0,11.98,79.62,185.03,1410.06,0.0,0.0,0.0,-2.7,531.47,22.57,4.75,0.0,0.0,14.11,3.78,0.03,0.01,8.09,404.12,22.24,44477.5,10.7,0.75,33.73,0.04,0.04,-0.0013,4.79,1.25,-3.54,4.09,8.13,8.09,-2.7,1.28,-0.2478756312910356,0.203,-2.898022393606817,0.38,0.0,0.0,1.0,0.839,1.0,0.811,1.0,0.738,0.0,0.0,3.0,2.388,0.5893385982230998,ON,0
GAPAC_TG4,TG4_20250820_1621,GAP,ON,manual,3242.0,6483998.0,15.68,4929.29,33703.37,17499.83,56314.66,140000000.0,18.76,336526.3,66580.41,133000000.0,18.71,97172.07,0.0,336526.3,0.01,307394.0,12.64,153.7,377.99,2505.42,0.0,0.0,0.0,-2.65,598.31,19.23,4.39,0.0,0.0,12.46,3.63,0.05,0.01,7.96,472.62,23.21,46421.79,10.75,0.76,36.07,0.05,0.05,-0.0013,4.94,1.24,-3.7,4.27,8.01,7.96,-2.65,1.89,-0.2335671738761368,0.204,-3.314037760598945,0.3505,0.0,0.0,1.0,0.839,0.0,0.0,1.0,0.738,0.0,0.0,2.0,1.577,0.3891905231984205,ON,0
Towantic_STG,20240518_0825 STG,Tow,ON,manual,3352.62,6705233.0,15.72,9876.61,67515.29,4614.59,9668.25,36912077.0,17.42,67515.29,15095.22,30190434.0,17.22,11061.99,0.0,45850.97,0.0,1114.18,7.02,0.56,0.28,3.52,0.0,0.0,0.0,-2.53,548.0,14.63,3.83,0.0,0.0,8.74,2.82,0.0,0.01,10.21,1464.96,7.65,15296.68,9.64,0.84,1.74,0.22,0.2,-0.0013,6.08,3.32,-2.76,3.19,7.79,7.59,-2.53,-2.62,0.0965061750532861,0.829,-2.2977759852290323,0.3716714589323665,1.0,0.945,1.0,0.839,0.0,0.0,0.0,0.0,0.0,0.0,2.0,1.7839999999999998,0.4402764067127344,ON,0
Millenium_GT1_step,GT1 EMI Gen 20250429_1019,Mil,ON,manual,2046.18,4092357.0,15.22,6417.2,107873.8,4264.91,9699.76,34115009.0,17.35,107873.8,15001.22,30002431.0,17.22,13365.6,0.0,65252.64,0.0,5163.8,8.55,2.58,6.07,131.48,0.0,0.0,0.0,-2.53,757.24,25.29,5.03,0.0,0.0,17.29,3.69,0.0,0.02,8.67,1049.08,7.53,15056.42,9.62,0.84,4.08,0.14,0.13,-0.0013,5.61,2.57,-3.03,3.5,7.73,7.6,-2.53,-1.07,-0.0262604913971624,0.642,-1.85851278558422,0.2434054256782097,1.0,0.945,1.0,0.839,0.0,0.0,1.0,0.738,0.0,0.0,3.0,2.522,0.6224086870681145,ON,0
Van_GT2,20250407_1628,Van,ON,manual,601.6,1203203.0,14.0,1602.6,12519.1,25137.08,83237.54,201000000.0,19.12,879128.5,99850.75,200000000.0,19.11,142353.6,0.0,879128.5,0.14,1203.91,7.09,0.6,0.72,4.68,0.0,0.0,0.0,-2.37,504.95,34.97,5.91,0.0,0.0,46.22,6.17,0.0,0.0,12.02,872.77,82.78,165555.8,12.02,0.78,138.07,0.01,0.01,-0.0014,1.98,0.94,-1.04,1.2,7.1,7.1,-2.37,-4.92,-0.0749277615947992,0.9315,0.3211641357471512,0.0350043755469433,0.0,0.0,0.0,0.0,1.0,0.811,0.0,0.0,1.0,0.719,2.0,1.53,0.3775913129318855,ON,0
Van_GT2,20250925_1228,Van,ON,manual,912.06,1824122.0,14.42,2527.97,20133.83,28789.94,94541.26,230000000.0,19.25,923410.7,114172.1,228000000.0,19.25,161323.1,0.0,923410.7,0.08,1044.26,6.95,0.52,0.38,5.19,0.0,0.0,0.0,-2.44,480.27,32.07,5.66,0.0,0.0,38.08,5.66,0.0,0.0,12.29,886.35,75.08,150153.0,11.92,0.78,99.78,0.01,0.01,-0.0014,2.5,1.28,-1.21,1.4,7.34,7.33,-2.44,-4.97,-0.0747005043487646,0.9065,0.3606167497089856,0.056875,1.0,0.945,0.0,0.0,1.0,0.811,0.0,0.0,1.0,0.719,3.0,2.475,0.6108094768015796,ON,0
Van_GT2,20251017_1712,Van,ON,manual,1261.48,2522953.0,14.74,4566.62,34880.2,28511.03,91628.32,228000000.0,19.25,868979.2,112713.4,225000000.0,19.23,155266.7,0.0,868979.2,0.05,1136.86,7.04,0.57,0.66,16.91,0.0,0.0,0.0,-2.47,497.43,30.48,5.52,0.0,0.0,38.25,5.7,0.0,0.0,12.2,911.48,68.65,137302.8,11.83,0.78,111.78,0.01,0.01,-0.0014,2.91,1.53,-1.38,1.59,7.42,7.4,-2.47,-4.79,-0.0514777699444035,0.921,1.6619733319744712,0.057875,1.0,0.945,0.0,0.0,1.0,0.811,0.0,0.0,1.0,0.719,3.0,2.475,0.6108094768015796,ON,0
GAPAC_TG4,TG4_20250107_0822,GAP,ON,manual,744.04,1488080.0,14.21,2759.32,51834.61,23971.55,77067.05,192000000.0,19.07,427756.5,95092.98,190000000.0,19.06,130390.8,0.0,427756.5,0.03,32456.91,10.39,16.24,49.03,494.22,0.0,0.0,0.0,-2.81,389.14,17.84,4.22,0.0,0.0,11.17,3.5,0.02,0.0,8.68,396.68,20.96,41916.49,10.64,0.76,43.03,0.01,0.01,-0.0014,3.57,0.64,-2.93,3.39,8.43,8.42,-2.81,-0.26,-0.1858483002964421,0.2615,-3.1399027731222597,0.3682960370046256,0.0,0.0,1.0,0.839,1.0,0.811,1.0,0.738,0.0,0.0,3.0,2.388,0.5893385982230998,ON,0
Van_GT2,20250728_0851,Van,OFF,cluster,6.69,13370.11,9.5,13.44,88.97,23876.58,69115.48,191000000.0,19.07,1225085.0,95492.89,191000000.0,19.07,110766.7,0.0,1225085.0,0.95,784.42,6.67,0.39,0.33,5.4,0.0,0.0,0.0,-3.21,493.85,51.31,7.16,0.0,0.0,47.81,5.6,0.06,0.0,12.4,881.79,6.37,12741.75,9.45,0.79,4.83,0.0,0.0,-0.0014,0.05,-1.67,-1.72,1.98,9.62,9.62,-3.21,-2.79,-0.1328575974760278,0.8235,0.1881905452320185,0.178375,0.0,0.0,0.0,0.0,1.0,0.811,0.0,0.0,1.0,0.719,2.0,1.53,0.3775913129318855,ON,0
Van_GT2,20250814_1253,Van,OFF,cluster,5.84,11689.74,9.37,11.67,107.27,27465.95,95504.16,220000000.0,19.21,974698.1,109852.0,220000000.0,19.21,165632.8,0.0,974698.1,0.95,817.43,6.71,0.41,0.43,6.88,0.0,0.0,0.0,-3.3,429.95,35.49,5.96,0.0,0.0,38.23,5.73,0.07,0.0,12.5,862.13,5.55,11107.28,9.32,0.76,2.76,0.0,0.0,-0.0014,0.05,-1.78,-1.83,2.12,9.89,9.89,-3.3,-2.61,-0.1820879900520033,0.804,0.1168681593018841,0.19825,0.0,0.0,0.0,0.0,1.0,0.811,0.0,0.0,1.0,0.719,2.0,1.53,0.3775913129318855,ON,0
Van_GT2,20251017_2013,Van,ON,manual,1140.99,2281976.0,14.64,3653.94,28670.17,27021.7,73161.68,216000000.0,19.19,989369.0,106860.7,214000000.0,19.18,113566.4,0.0,989369.0,0.07,1201.27,7.09,0.6,0.58,5.65,0.0,0.0,0.0,-2.38,537.29,36.61,6.05,0.0,0.0,41.48,5.39,0.0,0.0,12.09,946.74,84.5,169004.1,12.04,0.81,128.3,0.01,0.01,-0.0014,2.6,1.4,-1.2,1.39,7.15,7.14,-2.38,-4.95,-0.0247476604670948,0.927,0.2125514512866768,0.0285,1.0,0.945,0.0,0.0,1.0,0.811,0.0,0.0,1.0,0.719,3.0,2.475,0.6108094768015796,ON,0
Van_GT2,20251017_1912,Van,ON,manual,1074.11,2148219.0,14.58,4033.09,30115.42,27300.58,79959.46,218000000.0,19.2,1147604.0,108048.6,216000000.0,19.19,129859.1,0.0,1147604.0,0.07,1179.22,7.07,0.59,0.54,6.19,0.0,0.0,0.0,-2.41,524.64,42.04,6.48,0.0,0.0,41.31,5.63,0.0,0.0,12.12,951.47,79.01,158016.3,11.97,0.8,131.37,0.01,0.01,-0.0014,2.61,1.38,-1.23,1.42,7.23,7.22,-2.41,-4.9,-0.0252395811949205,0.9225,0.3547314487172962,0.0235,1.0,0.945,0.0,0.0,1.0,0.811,0.0,0.0,1.0,0.719,3.0,2.475,0.6108094768015796,ON,0
Van_GT2,20250403_1631,Van,ON,manual,464.09,928173.8,13.74,1451.69,12555.21,29071.85,93899.61,233000000.0,19.26,927232.3,115746.5,231000000.0,19.26,158886.2,0.0,927232.3,0.13,1083.19,6.99,0.54,0.6,7.75,0.0,0.0,0.0,-2.51,469.48,31.89,5.65,0.0,0.0,35.71,5.51,0.0,0.0,12.27,878.61,61.77,123531.4,11.72,0.78,98.25,0.0,0.0,-0.0014,2.02,0.81,-1.2,1.39,7.54,7.54,-2.51,-4.74,-0.0703383808348406,0.9275,0.772276055615446,0.0545068133516689,1.0,0.945,0.0,0.0,1.0,0.811,0.0,0.0,1.0,0.719,3.0,2.475,0.6108094768015796,ON,0
Van_GT3,20251005_1623,Van,OFF,cluster,301.45,602908.7,13.31,2722.4,66393.08,22557.58,91931.01,180000000.0,19.01,976057.3,89920.69,180000000.0,19.01,166575.5,0.0,976057.3,0.02,1913.77,7.56,0.96,1.26,12.53,0.0,0.0,0.0,-3.14,462.65,43.27,6.58,0.0,0.0,53.43,6.78,0.0,0.0,11.45,908.2,7.21,14418.55,9.58,0.74,6.53,0.0,0.0,-0.0014,3.73,0.95,-2.79,3.22,9.43,9.43,-3.14,-2.02,-0.1047660627606382,0.882,-0.6763042904968201,0.175375,0.0,0.0,1.0,0.839,1.0,0.811,0.0,0.0,0.0,0.0,2.0,1.65,0.4072063178677196,ON,0
GAPAC_TG4,TG4_20250813_2015,GAP,ON,manual,5737.23,11474461.0,16.26,9323.29,66162.24,19086.07,59807.0,153000000.0,18.84,394887.6,70488.89,141000000.0,18.76,103324.9,0.0,394887.6,0.0,196813.2,12.19,98.41,244.73,1809.68,0.0,0.0,0.0,-2.73,696.89,20.69,4.55,0.0,0.0,15.07,3.84,0.02,0.01,8.18,567.52,19.76,39529.49,10.58,0.77,30.09,0.08,0.08,-0.0014,5.67,1.81,-3.86,4.46,8.26,8.18,-2.73,1.61,-0.2169358923380624,0.203,-3.5167115115868937,0.3815,0.0,0.0,1.0,0.839,0.0,0.0,1.0,0.738,0.0,0.0,2.0,1.577,0.3891905231984205,ON,0
Van_GT2,20250925_1630,Van,ON,manual,1133.17,2266340.0,14.63,2687.56,18162.97,27189.99,64995.15,218000000.0,19.2,787551.1,107512.8,215000000.0,19.19,91033.54,0.0,787551.1,0.1,1023.04,6.93,0.51,0.4,5.83,0.0,0.0,0.0,-2.28,571.79,28.96,5.38,0.0,0.0,25.27,4.14,0.0,0.0,12.25,916.3,113.51,227018.3,12.33,0.82,200.88,0.01,0.01,-0.0014,2.3,1.36,-0.94,1.08,6.87,6.85,-2.28,-5.4,-0.0333617171104371,0.891,0.0835517668002301,0.038,1.0,0.945,0.0,0.0,0.0,0.0,0.0,0.0,1.0,0.719,2.0,1.664,0.4106614017769003,ON,0
Van_GT2,20251017_1812,Van,ON,manual,803.28,1606563.0,14.29,2643.65,21148.18,26054.5,81392.62,208000000.0,19.16,849172.0,103370.5,207000000.0,19.15,136092.9,0.0,849172.0,0.05,1032.82,6.94,0.52,0.43,5.73,0.0,0.0,0.0,-2.59,496.27,32.59,5.71,0.0,0.0,41.93,5.83,0.0,0.0,12.21,876.61,43.66,87322.61,11.38,0.79,66.44,0.01,0.01,-0.0014,2.91,1.35,-1.56,1.8,7.78,7.77,-2.59,-4.44,-0.062921079391636,0.914,0.3773166129832573,0.049875,1.0,0.945,0.0,0.0,1.0,0.811,0.0,0.0,1.0,0.719,3.0,2.475,0.6108094768015796,ON,0
Har_CT1,20250113_1114,Har,ON,cluster,67188.36,134000000.0,18.72,144713.5,891945.7,267013.0,727059.5,2140000000.0,21.48,4313375.0,999080.2,2000000000.0,21.42,1172908.0,0.0,4313375.0,0.01,2347871.0,14.67,1174.52,3654.29,30031.35,0.0,0.0,0.0,-2.55,530.67,16.15,4.02,0.0,0.0,13.89,3.72,0.02,0.01,7.65,850.77,475.88,951758.7,13.77,0.8,545.09,0.07,0.07,-0.0014,4.95,1.57,-3.38,3.9,7.72,7.65,-2.55,0.9,-0.031977538319912,0.192,0.9506659526064836,0.133766720840105,1.0,0.945,1.0,0.839,1.0,0.811,1.0,0.738,1.0,0.719,5.0,4.052,1.0,ON,0
GAPAC_TG4,TG4_20250718_1746,GAP,ON,manual,4612.4,9224795.0,16.04,6724.35,44478.31,21285.44,71940.77,170000000.0,18.95,521321.3,80451.54,161000000.0,18.9,126382.0,0.0,521321.3,0.0,90203.55,11.41,45.12,121.67,1229.36,0.0,0.0,0.0,-2.73,585.25,24.49,4.95,0.0,0.0,21.29,4.46,0.01,0.01,8.2,535.85,22.09,44171.19,10.7,0.76,35.49,0.06,0.06,-0.0014,5.34,1.78,-3.56,4.12,8.26,8.2,-2.73,0.71,-0.208440952195509,0.1595,-3.32503123182792,0.3785473184148018,0.0,0.0,1.0,0.839,0.0,0.0,1.0,0.738,0.0,0.0,2.0,1.577,0.3891905231984205,ON,0
GAPAC_TG4,TG4_20251003_0028,GAP,ON,manual,6409.03,12818057.0,16.37,10200.47,71197.15,26706.47,84700.06,214000000.0,19.18,530145.9,100300.0,201000000.0,19.12,146096.1,0.0,530145.9,0.0,171388.6,12.05,85.69,246.39,2319.79,0.0,0.0,0.0,-2.69,641.56,19.85,4.46,0.0,0.0,13.15,3.67,0.01,0.01,8.08,512.85,31.18,62364.89,11.04,0.76,56.23,0.06,0.06,-0.0014,5.33,1.72,-3.6,4.16,8.14,8.08,-2.69,1.01,-0.2252204907994875,0.2105,-3.524360469248321,0.345375,0.0,0.0,1.0,0.839,0.0,0.0,1.0,0.738,0.0,0.0,2.0,1.577,0.3891905231984205,ON,0
GAPAC_TG4,TG4_20250804_0016,GAP,ON,manual,5583.6,11167197.0,16.23,8937.76,62683.25,25823.81,81989.9,207000000.0,19.15,496178.8,97609.28,195000000.0,19.09,141131.8,0.0,496178.8,0.0,161185.4,11.99,80.59,198.49,1617.74,0.0,0.0,0.0,-2.8,616.83,19.21,4.38,0.0,0.0,12.23,3.59,0.01,0.01,8.41,490.4,21.79,43582.81,10.68,0.76,31.83,0.06,0.06,-0.0014,5.55,1.73,-3.82,4.41,8.46,8.41,-2.8,1.31,-0.2256961048495838,0.209,-3.507341920202101,0.36775,0.0,0.0,1.0,0.839,0.0,0.0,1.0,0.738,0.0,0.0,2.0,1.577,0.3891905231984205,ON,0
GAPAC_TG4,TG4_20250723_0432,GAP,ON,manual,6336.41,12672825.0,16.35,9528.86,59680.48,23069.09,80238.27,185000000.0,19.03,605010.4,85782.0,172000000.0,18.96,142799.9,0.0,605010.4,0.0,269614.0,12.5,134.81,338.51,2534.98,0.0,0.0,0.0,-2.74,649.42,26.23,5.12,0.0,0.0,25.69,4.89,0.02,0.01,8.22,594.93,23.14,46289.06,10.74,0.76,36.87,0.07,0.07,-0.0014,5.61,1.71,-3.9,4.5,8.29,8.22,-2.74,1.76,-0.1917224372612457,0.209,-3.4280476828143427,0.370875,0.0,0.0,1.0,0.839,0.0,0.0,1.0,0.738,0.0,0.0,2.0,1.577,0.3891905231984205,ON,0
GAPAC_TG4,TG4_20250103_1659,GAP,ON,cluster,1294.14,2588275.0,14.77,4217.28,76825.86,33704.87,107762.6,270000000.0,19.41,638938.9,133457.5,267000000.0,19.4,182094.5,0.0,638938.9,0.02,54728.34,10.91,27.38,99.48,1006.78,0.0,0.0,0.0,-2.88,399.39,18.96,4.35,0.0,0.0,11.55,3.51,0.02,0.0,8.64,414.08,23.66,47313.09,10.76,0.76,53.65,0.01,0.01,-0.0014,4.0,0.81,-3.2,3.69,8.65,8.64,-2.88,0.15,-0.1824954358653458,0.241,-3.769102665955214,0.3761720215026878,0.0,0.0,1.0,0.839,1.0,0.811,1.0,0.738,0.0,0.0,3.0,2.388,0.5893385982230998,ON,0
Har_CT1,20241020_1113,Har,ON,cluster,59116.87,118000000.0,18.59,133812.4,754170.9,224632.1,611445.0,1800000000.0,21.31,3446192.0,837232.9,1670000000.0,21.24,987268.9,0.0,3446192.0,0.01,3443225.0,15.05,1722.47,4817.42,47877.53,0.0,0.0,0.0,-2.6,541.46,15.34,3.92,0.0,0.0,12.37,3.55,0.03,0.01,7.8,838.98,344.55,689097.0,13.44,0.8,484.92,0.07,0.07,-0.0014,5.15,1.51,-3.64,4.2,7.87,7.8,-2.6,1.61,-0.0381582004864178,0.203,0.6328258904574744,0.167645955744468,1.0,0.945,1.0,0.839,1.0,0.811,1.0,0.738,1.0,0.719,5.0,4.052,1.0,ON,0
Van_GT3,20250903_1651,Van,OFF,cluster,158.81,317624.9,12.67,818.78,16995.28,22633.32,92218.01,181000000.0,19.01,980067.7,90368.12,181000000.0,19.01,167028.8,0.0,980067.7,0.04,1460.98,7.29,0.73,1.23,23.34,0.0,0.0,0.0,-3.23,447.22,43.3,6.58,0.0,0.0,51.5,6.66,0.0,0.0,11.73,902.2,5.62,11249.5,9.33,0.73,2.67,0.0,0.0,-0.0014,3.34,0.59,-2.75,3.17,9.69,9.68,-3.23,-2.04,-0.1156735409511378,0.782,-0.8040807912807425,0.180375,0.0,0.0,0.0,0.0,1.0,0.811,0.0,0.0,0.0,0.0,1.0,0.811,0.2001480750246792,OFF,0
Van_GT3,20250701_1251,Van,OFF,cluster,213.17,426347.6,12.96,1141.08,23658.91,23572.15,97761.91,189000000.0,19.05,1032246.0,94057.74,188000000.0,19.05,177760.8,0.0,1032246.0,0.02,1130.12,7.03,0.57,0.91,14.57,0.0,0.0,0.0,-3.26,445.74,43.79,6.62,0.0,0.0,54.37,6.84,0.0,0.0,12.02,915.15,5.33,10651.17,9.27,0.73,2.26,0.0,0.0,-0.0015,3.69,0.88,-2.81,3.24,9.78,9.78,-3.26,-2.24,-0.1138770919209019,0.7145,-1.284001916605455,0.1993999249906238,0.0,0.0,1.0,0.839,1.0,0.811,1.0,0.738,0.0,0.0,3.0,2.388,0.5893385982230998,ON,0
Towantic_STG,20240621_1055 STG,Tow,ON,cluster,1844.8,3689601.0,15.12,5333.71,49322.56,11970.52,38594.2,95764141.0,18.38,678527.6,46028.55,92057099.0,18.34,66187.19,0.0,678527.6,0.0,1757.96,7.47,0.88,2.21,38.59,0.0,0.0,0.0,-2.89,570.21,56.68,7.53,0.0,0.0,75.79,7.51,0.0,0.0,10.87,776.2,7.84,15682.54,9.66,0.8,1.79,0.04,0.04,-0.0015,5.46,2.47,-2.99,3.45,8.72,8.68,-2.89,-2.19,-0.0403245960901984,0.7995,-1.6662666754880793,0.234875,1.0,0.945,1.0,0.839,0.0,0.0,0.0,0.0,0.0,0.0,2.0,1.7839999999999998,0.4402764067127344,ON,0
Towantic_STG,20250109_1622 STG,Tow,ON,cluster,3314.55,6629090.0,15.71,8973.76,63382.3,16722.73,41775.72,134000000.0,18.71,606623.4,63561.27,127000000.0,18.66,62991.21,0.0,606623.4,0.0,6026.22,8.7,3.01,7.33,84.77,0.0,0.0,0.0,-2.86,605.91,36.28,6.02,0.0,0.0,30.47,4.61,0.0,0.01,9.96,1089.84,12.07,24144.63,10.09,0.82,13.53,0.05,0.05,-0.0015,5.62,2.42,-3.2,3.69,8.62,8.57,-2.86,-1.39,0.0361489551687214,0.769,-1.487115689319833,0.192625,1.0,0.945,1.0,0.839,0.0,0.0,0.0,0.0,0.0,0.0,2.0,1.7839999999999998,0.4402764067127344,ON,0
SQN2,SQN NG Unit 2 20250525_2247,SQN,OFF,cluster,168.45,84224.77,11.34,566.0,9016.09,169.96,431.96,339920.9,12.74,9016.09,349.54,174769.8,12.07,543.33,0.0,5188.88,0.37,49740.71,10.81,99.48,240.47,2843.96,0.09,0.18,0.16,-0.57,507.75,53.05,7.28,0.27,0.31,120.05,8.52,0.59,0.24,1.72,604.66,62.37,31185.56,10.35,0.84,155.54,0.48,0.39,-0.0015,0.99,0.2,-0.8,0.92,2.39,1.72,-0.57,0.47,-0.1086537781359431,0.746,-0.3215561068508163,0.067,0.0,0.0,0.0,0.0,1.0,0.811,0.0,0.0,0.0,0.0,1.0,0.811,0.2001480750246792,OFF,0
Van_GT3,20250920_1615,Van,OFF,cluster,4009.87,8019746.0,15.9,8937.66,65356.03,53567.83,126349.7,429000000.0,19.88,1448672.0,210062.9,420000000.0,19.86,176387.4,0.0,1448672.0,0.05,8578.03,9.06,4.29,8.43,96.64,0.0,0.0,0.0,-2.33,515.89,27.04,5.2,0.0,0.0,18.85,3.77,0.0,0.0,10.8,927.86,194.28,388552.8,12.87,0.82,333.98,0.02,0.02,-0.0015,3.03,1.48,-1.55,1.79,7.01,6.99,-2.33,-3.81,-0.0134356105324087,0.974,-0.5282603706220727,0.025625,1.0,0.945,0.0,0.0,1.0,0.811,0.0,0.0,0.0,0.0,2.0,1.756,0.4333662388943732,ON,0
Van_GT3,20250701_0850,Van,OFF,cluster,379.93,759854.8,13.54,1677.84,25799.96,24298.84,102698.9,194000000.0,19.09,1139624.0,96796.75,194000000.0,19.08,187541.7,0.0,1139624.0,0.02,1389.23,7.24,0.69,1.44,15.55,0.0,0.0,0.0,-3.24,460.91,46.9,6.85,0.0,0.0,61.84,7.29,0.0,0.0,11.84,926.78,5.82,11640.56,9.36,0.73,3.0,0.0,0.0,-0.0015,4.18,1.24,-2.94,3.4,9.72,9.72,-3.24,-2.13,-0.1025232869958575,0.6845,-1.520160300723197,0.1818977372171521,0.0,0.0,1.0,0.839,1.0,0.811,1.0,0.738,0.0,0.0,3.0,2.388,0.5893385982230998,ON,0
Millenium_GT1_step,GT1 EMI Gen 20250429_1526,Mil,ON,cluster,2910.75,5821508.0,15.58,6640.9,70276.73,11316.31,31379.8,90519158.0,18.32,280957.5,42335.92,84671842.0,18.25,51044.5,0.0,280957.5,0.0,10832.45,9.29,5.42,12.16,161.73,0.0,0.0,0.0,-2.88,724.79,24.83,4.98,0.0,0.0,19.04,4.17,0.0,0.01,8.96,857.53,7.49,14975.68,9.61,0.81,3.79,0.07,0.07,-0.0015,5.96,2.39,-3.57,4.12,8.71,8.64,-2.88,-0.32,-0.0668622690612887,0.527,-1.3902860441527547,0.2461557694711839,1.0,0.945,1.0,0.839,0.0,0.0,1.0,0.738,0.0,0.0,3.0,2.522,0.6224086870681145,ON,0
Van_GT3,20250818_162850,Van,OFF,cluster,3196.57,6393144.0,15.67,7578.35,78921.25,56885.26,129104.6,455000000.0,19.94,916636.2,224182.7,448000000.0,19.92,171143.4,0.0,916636.2,0.05,6561.18,8.79,3.28,5.88,52.94,0.0,0.0,0.0,-2.42,484.1,16.11,4.01,0.0,0.0,10.15,2.98,0.0,0.0,11.13,893.04,158.5,317007.3,12.67,0.82,247.65,0.01,0.01,-0.0015,3.0,1.41,-1.6,1.84,7.27,7.25,-2.42,-3.88,-0.0298755027928262,0.9725,-0.0706442061175101,0.056,1.0,0.945,0.0,0.0,1.0,0.811,0.0,0.0,1.0,0.719,3.0,2.475,0.6108094768015796,ON,0
Van_GT2,20250407_1226,Van,ON,manual,243.6,487195.3,13.1,669.61,3596.64,23530.86,68284.5,188000000.0,19.05,926449.0,93861.27,188000000.0,19.05,109785.4,0.0,926449.0,0.03,734.12,6.6,0.37,0.24,4.63,0.0,0.0,0.0,-3.19,500.57,39.37,6.27,0.0,0.0,38.2,5.3,0.0,0.0,12.45,892.26,6.46,12913.7,9.47,0.79,3.84,0.0,0.0,-0.0015,3.63,1.04,-2.59,2.99,9.59,9.58,-3.19,-2.87,-0.0539088934706077,0.831,1.0229736873131887,0.1787723465433179,1.0,0.945,1.0,0.839,1.0,0.811,0.0,0.0,1.0,0.719,4.0,3.314,0.8178677196446199,ON,0
Van_GT3,20250620_0812,Van,OFF,cluster,387.84,775687.6,13.56,2064.67,34307.65,19705.59,56483.13,158000000.0,18.88,863098.2,78417.52,157000000.0,18.87,90327.77,0.0,863098.2,0.02,1518.18,7.33,0.76,1.79,17.31,0.0,0.0,0.0,-3.14,526.71,43.8,6.62,0.0,0.0,31.0,4.8,0.0,0.0,11.54,878.9,6.38,12769.49,9.45,0.79,4.37,0.0,0.0,-0.0015,4.11,1.26,-2.85,3.29,9.42,9.42,-3.14,-2.13,-0.0477842353283657,0.674,-1.3174558902078612,0.1675209401175147,1.0,0.945,1.0,0.839,1.0,0.811,1.0,0.738,0.0,0.0,4.0,3.333,0.8225567620927937,ON,0
OPPD_NC1,20251024_1817,OPP,ON,cluster,4174.31,2087153.0,14.55,12239.57,88982.37,11664.83,30564.13,23329658.0,16.97,873807.1,30260.47,15130235.0,16.53,29279.34,0.0,177892.3,2.05,1824078.0,14.42,3648.16,46292.05,873807.1,0.18,0.28,0.25,-0.42,621.22,74.91,8.66,0.3,0.36,358.21,14.65,0.87,0.18,2.12,561.72,8576.39,4288192.0,15.27,0.84,10531.44,0.14,0.13,-0.0015,-0.72,-0.64,0.08,-0.09,1.69,1.26,-0.42,-0.85,-0.0600791534717372,0.144,2.100616159168247,0.0,1.0,0.945,0.0,0.0,0.0,0.0,1.0,0.738,1.0,0.719,3.0,2.402,0.5927936821322803,ON,0
GAPAC_TG3,TG3_20250813_2013,GAP,ON,manual,3715.76,7431520.0,15.82,6437.39,50313.41,33249.09,88947.49,266000000.0,19.4,832442.7,129207.1,258000000.0,19.37,138976.2,0.0,832442.7,0.01,32426.24,10.39,16.22,25.14,280.17,0.0,0.0,0.0,-2.69,552.87,25.04,5.0,0.0,0.0,19.64,4.14,0.0,0.01,8.98,656.74,40.64,81280.55,11.31,0.81,62.03,0.03,0.03,-0.0015,4.52,1.6,-2.92,3.37,8.09,8.06,-2.69,-0.92,-0.074270087178584,0.734,-0.8002922970527774,0.2774096762095261,1.0,0.945,1.0,0.839,0.0,0.0,0.0,0.0,0.0,0.0,2.0,1.7839999999999998,0.4402764067127344,ON,0
GAPAC_TG3,TG3_20250914_0134,GAP,ON,manual,5995.88,11991755.0,16.3,11944.34,96523.4,36951.72,99374.26,296000000.0,19.5,842126.3,141719.6,283000000.0,19.46,157143.2,0.0,842126.3,0.01,43037.8,10.67,21.53,42.72,850.76,0.0,0.0,0.0,-2.64,576.08,22.79,4.77,0.0,0.0,19.29,4.12,0.0,0.01,8.79,669.4,51.38,102753.5,11.54,0.81,85.37,0.04,0.04,-0.0015,4.76,1.81,-2.95,3.41,7.96,7.92,-2.64,-0.87,-0.0739874859457009,0.7185,-0.2351426249704927,0.2405300662582823,1.0,0.945,1.0,0.839,0.0,0.0,1.0,0.738,1.0,0.719,4.0,3.241,0.7998519249753209,ON,0
Van_GT3,20250409_0817,Van,OFF,cluster,352.74,705470.7,13.47,1868.93,26647.56,20407.88,54157.99,163000000.0,18.91,986533.8,81261.63,163000000.0,18.91,82398.61,0.0,986533.8,0.02,1467.07,7.29,0.73,1.34,15.78,0.0,0.0,0.0,-3.16,553.97,48.34,6.95,0.0,0.0,41.57,4.98,0.0,0.0,11.61,943.01,6.21,12416.05,9.43,0.8,3.86,0.0,0.0,-0.0015,4.04,1.19,-2.85,3.29,9.48,9.48,-3.16,-2.14,-0.0231743557572606,0.678,-0.9080119304825,0.1831478934866858,1.0,0.945,1.0,0.839,0.0,0.0,1.0,0.738,0.0,0.0,3.0,2.522,0.6224086870681145,ON,0
Van_GT2,20251001_1600,Van,ON,manual,286.51,573029.5,13.26,794.58,5485.01,33998.17,125667.8,272000000.0,19.42,1623210.0,135700.2,271000000.0,19.42,222211.3,0.0,1623210.0,0.02,650.88,6.48,0.33,0.16,3.75,0.0,0.0,0.0,-3.36,412.98,47.74,6.91,0.0,0.0,60.42,6.97,0.0,0.0,12.94,621.5,5.6,11205.37,9.32,0.76,7.38,0.0,0.0,-0.0015,3.93,1.14,-2.8,3.23,10.1,10.09,-3.36,-2.85,-0.1396922650772387,0.83,1.3018179864738513,0.253625,0.0,0.0,1.0,0.839,1.0,0.811,0.0,0.0,1.0,0.719,3.0,2.369,0.5846495557749259,ON,0
Van_GT3,20250615_0814,Van,OFF,cluster,325.96,651915.8,13.39,1422.84,25120.42,19511.73,53961.98,156000000.0,18.87,745756.2,77705.0,155000000.0,18.86,84430.85,0.0,745756.2,0.02,1298.7,7.17,0.65,1.06,9.65,0.0,0.0,0.0,-3.18,533.66,38.22,6.18,0.0,0.0,30.53,4.68,0.0,0.0,11.69,916.13,5.57,11130.99,9.32,0.8,2.52,0.0,0.0,-0.0015,4.07,1.2,-2.87,3.31,9.55,9.54,-3.18,-2.15,-0.0443439991983118,0.6895,-0.800912378374601,0.1865233154144268,1.0,0.945,1.0,0.839,1.0,0.811,1.0,0.738,0.0,0.0,4.0,3.333,0.8225567620927937,ON,0
Millenium_GT1,GT1 Gen 4/13/2025 4:22:04 PM,Mil,ON,cluster,2328.95,4657890.0,15.35,4607.2,55694.47,14363.59,31463.03,115000000.0,18.56,214542.8,55108.03,110000000.0,18.52,41482.48,0.0,214542.8,0.0,4642.22,8.44,2.32,5.34,133.11,0.0,0.0,0.0,-2.95,587.27,14.94,3.86,0.0,0.0,6.36,2.62,0.0,0.01,10.07,795.51,7.88,15768.42,9.67,0.83,4.9,0.04,0.04,-0.0016,5.69,2.36,-3.33,3.84,8.89,8.85,-2.95,-1.22,-0.0683827988102398,0.63,-1.302648776685356,0.2922865358169771,1.0,0.945,1.0,0.839,0.0,0.0,1.0,0.738,0.0,0.0,3.0,2.522,0.6224086870681145,ON,0
Millenium_GT1_step,GT1 EMI Gen 20250503_2347,Mil,ON,cluster,3588.63,7177249.0,15.79,7218.55,103552.9,22573.4,46788.42,181000000.0,19.01,336924.2,86664.48,173000000.0,18.97,56725.52,0.0,336924.2,0.01,9690.94,9.18,4.85,8.72,95.37,0.0,0.0,0.0,-2.73,640.66,14.93,3.86,0.0,0.0,6.36,2.51,0.0,0.01,9.79,845.85,24.34,48683.32,10.79,0.84,58.26,0.04,0.04,-0.0016,4.99,2.1,-2.89,3.34,8.22,8.18,-2.73,-1.61,-0.0537965604387437,0.6285,-1.575383838032011,0.1748968621077634,1.0,0.945,1.0,0.839,0.0,0.0,1.0,0.738,0.0,0.0,3.0,2.522,0.6224086870681145,ON,0
Van_GT2,20250405_1653,Van,ON,manual,760.92,1521841.0,14.24,1919.98,11660.36,35538.73,97017.62,284000000.0,19.47,908890.5,141370.0,283000000.0,19.46,150687.1,0.0,908890.5,0.01,659.36,6.49,0.33,0.15,3.66,0.0,0.0,0.0,-3.36,451.55,25.57,5.06,0.0,0.0,26.65,4.52,0.0,0.0,12.97,828.34,5.92,11848.44,9.38,0.8,3.2,0.01,0.01,-0.0016,4.86,1.84,-3.01,3.48,10.09,10.08,-3.36,-2.89,-0.0855340685810269,0.8335,1.168085422044232,0.2391548943617952,0.0,0.0,1.0,0.839,1.0,0.811,0.0,0.0,1.0,0.719,3.0,2.369,0.5846495557749259,ON,0
WBN2,20251019_1250,WBN,OFF,cluster,8.97,4485.33,8.41,16.27,125.78,21.47,44.98,42947.14,10.67,432.97,70.29,35144.33,10.47,67.93,0.0,432.97,0.65,393.68,5.98,0.79,1.15,15.37,0.07,0.08,0.08,-0.83,441.5,20.16,4.49,0.08,0.08,17.5,3.66,0.09,0.22,4.49,328.62,5.85,2923.79,7.98,0.84,1.56,0.13,0.12,-0.0016,0.43,0.2,-0.23,0.26,2.69,2.49,-0.83,-2.01,-0.2161395841617373,0.712,0.5510045182447169,0.232,0.0,0.0,0.0,0.0,1.0,0.811,1.0,0.738,1.0,0.719,3.0,2.268,0.5597235932872655,ON,0
GAPAC_TG3,TG3_20250722_0724,GAP,ON,cluster,9878.86,19757717.0,16.8,44597.46,696810.9,85458.1,218997.1,684000000.0,20.34,1454604.0,331843.1,664000000.0,20.31,329874.7,0.0,1454604.0,0.0,42777.14,10.66,21.4,36.08,482.31,0.0,0.0,0.0,-2.96,465.86,17.02,4.13,0.0,0.0,10.91,3.26,0.0,0.01,9.65,765.71,46.38,92757.14,11.44,0.8,77.8,0.03,0.03,-0.0016,5.36,2.0,-3.37,3.89,8.91,8.88,-2.96,-0.77,-0.0652250231927549,0.734,1.292101106488992,0.2655331916489561,1.0,0.945,1.0,0.839,1.0,0.811,0.0,0.0,1.0,0.719,4.0,3.314,0.8178677196446199,ON,0
OPPD_NC1,20251024_1922,OPP,ON,cluster,25062.38,12531189.0,16.34,105436.9,816090.1,14876.35,60934.85,29752694.0,17.21,973102.4,23865.82,11932909.0,16.29,24975.42,0.0,105313.5,0.26,2023783.0,14.52,4047.57,51715.62,973102.4,0.11,0.27,0.24,-0.43,479.49,65.41,8.09,0.2,0.22,111.2,9.85,0.16,0.13,1.82,554.08,6529.63,3264814.0,15.0,0.76,8093.54,1.05,0.72,-0.0016,1.35,0.8,-0.54,0.62,2.21,1.3,-0.43,-0.48,-0.0536498752059691,0.144,2.6642357301083663,0.0,1.0,0.945,0.0,0.0,1.0,0.811,1.0,0.738,1.0,0.719,4.0,3.213,0.7929417571569595,ON,0
GAPAC_TG5,TG5_20250813_2113,GAP,ON,cluster,19757.44,39514873.0,17.49,55414.33,340420.0,674109.7,2972033.0,5390000000.0,22.41,23413223.0,2676466.0,5350000000.0,22.4,5475645.0,0.0,23413223.0,0.01,42283.01,10.65,21.14,30.5,134.99,0.0,0.0,0.0,-3.18,234.57,34.73,5.89,0.0,0.0,31.63,5.51,0.0,0.0,11.75,403.99,194.33,388665.8,12.87,0.7,442.32,0.01,0.01,-0.0016,4.62,1.64,-2.98,3.44,9.54,9.53,-3.18,-2.22,-0.1855810126648736,0.9605,-1.1911037689400985,0.228125,0.0,0.0,1.0,0.839,1.0,0.811,0.0,0.0,0.0,0.0,2.0,1.65,0.4072063178677196,ON,0
GAPAC_TG3,TG3__20250722_1628,GAP,ON,cluster,12737.57,25475147.0,17.05,61001.66,940812.4,92014.44,236606.2,736000000.0,20.42,1348289.0,355206.7,710000000.0,20.38,357364.1,0.0,1348289.0,0.0,45188.41,10.72,22.61,38.74,461.06,0.0,0.0,0.0,-2.99,466.51,14.65,3.83,0.0,0.0,9.09,3.09,0.0,0.01,9.66,744.6,44.91,89821.14,11.41,0.8,74.22,0.04,0.04,-0.0016,5.65,2.16,-3.48,4.02,9.01,8.98,-2.99,-0.69,-0.0757938292558174,0.721,0.8276066741764336,0.2670333791723965,0.0,0.0,1.0,0.839,1.0,0.811,1.0,0.738,1.0,0.719,4.0,3.107,0.766781836130306,ON,0
OPPD_NC1,20251027_0957,OPP,ON,cluster,41153.88,20576941.0,16.84,185130.2,1502139.0,19486.4,98356.75,38972790.0,17.48,1502139.0,25472.57,12736285.0,16.36,28104.4,0.0,119999.9,0.18,2058392.0,14.54,4116.78,51444.99,957284.3,0.09,0.28,0.25,-0.42,443.59,77.09,8.78,0.16,0.17,127.62,10.76,0.1,0.11,2.3,548.82,7202.34,3601172.0,15.1,0.72,9701.66,1.62,0.96,-0.0016,1.74,1.13,-0.61,0.71,2.38,1.26,-0.42,-0.56,-0.0594635730160223,0.144,2.7044778253642967,0.015,1.0,0.945,0.0,0.0,1.0,0.811,1.0,0.738,1.0,0.719,4.0,3.213,0.7929417571569595,ON,0
Van_GT2,20250727_1245,Van,ON,cluster,5337.97,10675945.0,16.18,21834.02,163957.8,153174.2,516580.2,1230000000.0,20.93,5468333.0,607165.3,1210000000.0,20.92,889926.8,0.0,5468333.0,0.02,1551.38,7.35,0.78,3.16,121.01,0.0,0.0,0.0,-2.85,479.97,35.7,5.97,0.0,0.0,44.59,6.13,0.0,0.0,13.57,532.3,116.26,232513.5,12.36,0.78,182.24,0.01,0.01,-0.0016,3.83,1.98,-1.84,2.13,8.57,8.56,-2.85,-5.01,-0.0837582889348377,0.925,0.4786741838273087,0.1427678459807476,0.0,0.0,1.0,0.839,1.0,0.811,0.0,0.0,1.0,0.719,3.0,2.369,0.5846495557749259,ON,0
OPPD_NC1,20251023_1833,OPP,ON,cluster,5328.22,2664112.0,14.8,16776.07,126497.9,11314.82,32432.89,22629641.0,16.93,950938.9,27660.33,13830167.0,16.44,30549.27,0.0,145819.2,1.54,2022160.0,14.52,4044.32,49989.41,950938.9,0.18,0.3,0.26,-0.4,604.27,84.04,9.17,0.32,0.37,394.31,15.64,0.76,0.17,1.92,582.01,8226.41,4113203.0,15.23,0.83,11336.71,0.19,0.18,-0.0017,-0.43,-0.45,-0.02,0.02,1.71,1.21,-0.4,-0.71,-0.0499202077737092,0.144,2.202477329387359,0.0175,1.0,0.945,0.0,0.0,0.0,0.0,1.0,0.738,1.0,0.719,3.0,2.402,0.5927936821322803,ON,0
VAN1,VAN1_on_2025-09-16,VAN,ON,cluster,4423.27,8846537.0,16.0,19318.73,139442.0,491999.5,1405645.0,3940000000.0,22.09,9094784.0,1963364.0,3930000000.0,22.09,2239735.0,0.0,9094784.0,0.05,11756.51,9.37,5.88,10.2,50.05,0.0,0.0,0.0,-3.06,403.66,18.49,4.3,0.0,0.0,13.51,3.64,0.0,0.0,12.72,469.15,205.01,410015.1,12.92,0.78,282.68,0.0,0.0,-0.0017,3.07,0.9,-2.17,2.51,9.17,9.17,-3.06,-3.55,-0.1247681821205064,0.955,1.410206334494869,0.11125,0.0,0.0,0.0,0.0,1.0,0.811,0.0,0.0,1.0,0.719,2.0,1.53,0.3775913129318855,ON,0
GAPAC_TG5,TG5_20250914_0133,GAP,ON,manual,35263.91,70527826.0,18.07,123267.3,2085088.0,524041.9,2225305.0,4190000000.0,22.16,17752825.0,2060772.0,4120000000.0,22.14,4079607.0,0.0,17752825.0,0.0,50458.54,10.83,25.23,40.82,779.0,0.0,0.0,0.0,-3.29,313.03,33.88,5.82,0.0,0.0,31.45,5.47,0.0,0.0,11.31,426.09,106.16,212314.5,12.27,0.71,221.69,0.02,0.02,-0.0017,5.81,2.25,-3.56,4.11,9.89,9.87,-3.29,-1.44,-0.1938541052402685,0.9605,-1.3121052242012814,0.259875,0.0,0.0,1.0,0.839,1.0,0.811,0.0,0.0,0.0,0.0,2.0,1.65,0.4072063178677196,ON,0
Millenium_GT1_step,GT1 EMI Gen 20250506_1006,Mil,ON,cluster,3525.69,7051371.0,15.77,11496.59,205237.5,26736.7,69214.17,214000000.0,19.18,880346.0,103395.2,207000000.0,19.15,105753.9,0.0,880346.0,0.0,10339.07,9.24,5.17,11.91,113.89,0.0,0.0,0.0,-3.18,680.46,32.93,5.74,0.0,0.0,24.45,4.33,0.0,0.01,9.9,890.85,7.43,14860.58,9.61,0.81,3.66,0.03,0.03,-0.0017,6.16,2.33,-3.84,4.43,9.57,9.54,-3.18,-0.36,-0.0700221027003596,0.397,-0.7251012415941689,0.2997874734341793,1.0,0.945,1.0,0.839,0.0,0.0,1.0,0.738,0.0,0.0,3.0,2.522,0.6224086870681145,ON,0
GAPAC_TG5,TG5_20250904_0333,GAP,ON,cluster,30873.0,61745994.0,17.94,95076.56,1261818.0,643495.6,2769986.0,5150000000.0,22.36,22222266.0,2542976.0,5090000000.0,22.35,5086346.0,0.0,22222266.0,0.0,54139.92,10.9,27.07,41.47,711.29,0.0,0.0,0.0,-3.36,272.69,34.53,5.88,0.0,0.0,31.0,5.44,0.0,0.0,11.45,423.48,105.84,211677.5,12.26,0.71,212.5,0.01,0.01,-0.0017,5.68,2.08,-3.6,4.16,10.1,10.09,-3.36,-1.36,-0.1965599024105177,0.9555,-1.3026546576933231,0.23325,0.0,0.0,1.0,0.839,1.0,0.811,0.0,0.0,0.0,0.0,2.0,1.65,0.4072063178677196,ON,0
Van_GT1,20251001_1826,Van,ON,cluster,11347.35,22694702.0,16.94,54186.97,527818.6,507636.7,1235091.0,4060000000.0,22.12,7933093.0,2018937.0,4040000000.0,22.12,1747400.0,0.0,7933093.0,0.02,12927.81,9.47,6.46,11.88,60.77,0.0,0.0,0.0,-2.99,484.15,15.63,3.95,0.0,0.0,8.25,2.93,0.0,0.0,12.65,579.78,256.16,512310.3,13.15,0.81,430.92,0.01,0.01,-0.0017,3.79,1.52,-2.27,2.62,8.98,8.97,-2.99,-3.68,-0.093389747644525,0.96,1.6820578755893956,0.0365,0.0,0.0,1.0,0.839,1.0,0.811,0.0,0.0,1.0,0.719,3.0,2.369,0.5846495557749259,ON,0
Millenium_GT1_step,GT1 EMI Gen 20250506_1310,Mil,ON,cluster,3026.28,6052568.0,15.62,5404.19,58029.71,36589.41,144757.0,293000000.0,19.49,2605310.0,143300.5,287000000.0,19.47,261894.9,0.0,2605310.0,0.0,10252.07,9.24,5.13,11.74,129.98,0.0,0.0,0.0,-3.29,531.76,71.2,8.44,0.0,0.0,117.38,9.68,0.0,0.0,10.24,970.24,7.41,14819.47,9.6,0.77,3.56,0.02,0.02,-0.0017,6.01,2.13,-3.88,4.48,9.89,9.87,-3.29,-0.37,-0.0579100767935001,0.441,-1.118130081624031,0.2521565195649456,1.0,0.945,1.0,0.839,1.0,0.811,1.0,0.738,0.0,0.0,4.0,3.333,0.8225567620927937,ON,0
VAN1,VAN1_on_2025-09-19,VAN,ON,cluster,4210.12,8420239.0,15.95,18331.4,126873.5,478460.5,1382432.0,3830000000.0,22.07,9445818.0,1909502.0,3820000000.0,22.06,2216669.0,0.0,9445818.0,0.03,10503.15,9.26,5.25,8.97,45.12,0.0,0.0,0.0,-3.21,403.95,19.74,4.44,0.0,0.0,14.38,3.74,0.0,0.0,12.8,462.37,125.15,250299.4,12.43,0.78,205.52,0.0,0.0,-0.0017,3.52,1.02,-2.49,2.88,9.64,9.63,-3.21,-3.17,-0.1265739521028303,0.955,1.3752498074257844,0.09725,0.0,0.0,1.0,0.839,1.0,0.811,0.0,0.0,1.0,0.719,3.0,2.369,0.5846495557749259,ON,0
Van_GT1,20251001_1926,Van,ON,cluster,11504.0,23008002.0,16.95,54458.0,464478.7,507571.4,1226275.0,4060000000.0,22.12,8047471.0,2018588.0,4040000000.0,22.12,1722709.0,0.0,8047471.0,0.02,10645.05,9.27,5.32,9.36,47.95,0.0,0.0,0.0,-3.09,487.21,15.85,3.98,0.0,0.0,8.09,2.91,0.0,0.0,12.85,585.54,188.79,377574.6,12.84,0.81,297.86,0.01,0.01,-0.0017,4.11,1.66,-2.45,2.83,9.28,9.28,-3.09,-3.57,-0.0924060521183012,0.958,1.7937241704570928,0.033875,0.0,0.0,1.0,0.839,1.0,0.811,0.0,0.0,1.0,0.719,3.0,2.369,0.5846495557749259,ON,0
Van_GT1,20251001_2027,Van,ON,cluster,12236.18,24472356.0,17.01,57707.73,531383.8,508370.0,1218533.0,4070000000.0,22.13,7603892.0,2021043.0,4040000000.0,22.12,1698516.0,0.0,7603892.0,0.02,8644.82,9.06,4.32,7.3,34.45,0.0,0.0,0.0,-3.08,490.28,14.96,3.87,0.0,0.0,7.89,2.88,0.0,0.0,13.06,591.22,196.73,393457.5,12.88,0.81,303.4,0.01,0.01,-0.0017,4.13,1.74,-2.39,2.76,9.24,9.24,-3.08,-3.82,-0.090914590234568,0.9555,1.548711291353879,0.041375,0.0,0.0,1.0,0.839,1.0,0.811,0.0,0.0,1.0,0.719,3.0,2.369,0.5846495557749259,ON,0
VAN1,VAN1_on_2025-09-23,VAN,ON,cluster,4111.45,8222890.0,15.92,17800.53,136682.3,484438.6,1340248.0,3880000000.0,22.08,8076265.0,1933490.0,3870000000.0,22.08,2094053.0,0.0,8076265.0,0.04,3137.29,8.05,1.57,2.95,33.74,0.0,0.0,0.0,-3.15,408.35,16.67,4.08,0.0,0.0,10.65,3.33,0.0,0.0,14.02,468.83,151.28,302551.6,12.62,0.79,246.03,0.0,0.0,-0.0017,3.3,1.26,-2.05,2.36,9.46,9.46,-3.15,-4.57,-0.1294858936982154,0.839,1.252956893287332,0.09975,0.0,0.0,0.0,0.0,1.0,0.811,0.0,0.0,1.0,0.719,2.0,1.53,0.3775913129318855,ON,0
Van_GT2,20250814_1659,Van,ON,cluster,14880.83,29761654.0,17.21,52789.38,555442.7,86776.98,238560.1,694000000.0,20.36,1884546.0,332220.7,664000000.0,20.31,379981.4,0.0,1884546.0,0.0,818.88,6.71,0.41,0.41,7.17,0.0,0.0,0.0,-3.64,457.71,21.72,4.66,0.0,0.0,13.01,3.54,0.0,0.0,13.61,1379.68,5.95,11891.38,9.38,0.8,3.88,0.04,0.04,-0.0018,7.83,3.81,-4.02,4.64,10.97,10.93,-3.64,-2.68,0.0685513427049224,0.8075,-0.1040119511204159,0.21825,1.0,0.945,1.0,0.839,1.0,0.811,0.0,0.0,1.0,0.719,4.0,3.314,0.8178677196446199,ON,0
Van_GT1,20250728_1625,Van,ON,cluster,12894.01,25788022.0,17.07,59944.01,509451.5,447173.6,1011093.0,3580000000.0,22.0,5735105.0,1775298.0,3550000000.0,21.99,1316448.0,0.0,5735105.0,0.02,3007.55,8.01,1.5,2.17,18.73,0.0,0.0,0.0,-2.92,512.17,12.83,3.58,0.0,0.0,6.12,2.61,0.0,0.0,13.98,638.29,277.45,554891.8,13.23,0.82,679.07,0.01,0.01,-0.0018,3.84,1.99,-1.85,2.13,8.77,8.76,-2.92,-5.22,-0.0803348574818852,0.8405,1.748096678297918,0.0586323290411301,0.0,0.0,1.0,0.839,1.0,0.811,0.0,0.0,1.0,0.719,3.0,2.369,0.5846495557749259,ON,0
Van_GT1,20251001_2127,Van,ON,cluster,13223.76,26447518.0,17.09,60539.24,523982.4,493860.4,1140593.0,3950000000.0,22.1,7016968.0,1962053.0,3920000000.0,22.09,1525092.0,0.0,7016968.0,0.01,9343.65,9.14,4.67,8.08,53.21,0.0,0.0,0.0,-3.14,502.87,14.21,3.77,0.0,0.0,6.75,2.71,0.0,0.0,12.95,621.32,160.02,320036.4,12.68,0.82,232.29,0.01,0.01,-0.0018,4.41,1.84,-2.57,2.97,9.42,9.41,-3.14,-3.53,-0.0831506780644451,0.958,1.414046895963546,0.041875,0.0,0.0,1.0,0.839,1.0,0.811,0.0,0.0,1.0,0.719,3.0,2.369,0.5846495557749259,ON,0
Van_GT1,20250729_1637,Van,ON,cluster,10516.47,21032932.0,16.86,49871.94,446324.6,498984.9,1215236.0,3990000000.0,22.11,6924113.0,1984951.0,3970000000.0,22.1,1720362.0,0.0,6924113.0,0.02,4135.1,8.33,2.07,3.4,34.21,0.0,0.0,0.0,-3.03,472.32,13.88,3.73,0.0,0.0,7.23,2.83,0.0,0.0,13.77,573.56,220.72,441443.4,13.0,0.81,769.98,0.01,0.01,-0.0018,3.86,1.79,-2.07,2.4,9.11,9.1,-3.03,-4.67,-0.098754927011503,0.835,2.062639616777319,0.0591323915489436,0.0,0.0,1.0,0.839,1.0,0.811,0.0,0.0,1.0,0.719,3.0,2.369,0.5846495557749259,ON,0
Van_GT1,20251001_1626,Van,ON,cluster,10344.68,20689359.0,16.85,48690.93,474502.3,497249.0,1222548.0,3980000000.0,22.1,8093275.0,1978294.0,3960000000.0,22.1,1746575.0,0.0,8093275.0,0.01,7461.19,8.92,3.73,6.96,51.37,0.0,0.0,0.0,-3.28,475.5,16.28,4.03,0.0,0.0,8.34,2.96,0.0,0.0,13.18,574.39,105.19,210373.3,12.26,0.81,159.86,0.01,0.01,-0.0018,4.59,1.82,-2.77,3.2,9.85,9.84,-3.28,-3.34,-0.0983547621220844,0.965,1.6084738213448124,0.0541317664708088,0.0,0.0,1.0,0.839,1.0,0.811,0.0,0.0,1.0,0.719,3.0,2.369,0.5846495557749259,ON,0
OPPD_NC1,20251027_0852,OPP,ON,cluster,35506.64,17753319.0,16.69,146017.4,1167547.0,18465.82,79842.35,36931648.0,17.42,1167547.0,27492.63,13746317.0,16.44,26321.77,0.0,105238.0,0.19,2014378.0,14.52,4028.76,51853.86,991472.7,0.09,0.25,0.22,-0.46,452.18,63.23,7.95,0.16,0.17,111.13,9.92,0.11,0.12,2.18,538.52,6835.27,3417634.0,15.04,0.75,8993.59,1.29,0.83,-0.0018,1.65,1.02,-0.63,0.72,2.38,1.39,-0.46,-0.53,-0.054199677941578,0.144,2.410452700595744,0.0,1.0,0.945,0.0,0.0,1.0,0.811,1.0,0.738,1.0,0.719,4.0,3.213,0.7929417571569595,ON,0
Middletown_GT,20250731_1926,Mid,ON,cluster,60504.38,121000000.0,18.61,151374.7,1962809.0,131210.3,308942.4,1050000000.0,20.77,2428855.0,460441.2,921000000.0,20.64,460352.9,0.0,2428855.0,0.0,7647795.0,15.85,3825.81,8332.82,52843.64,0.0,0.0,0.0,-3.74,805.81,18.51,4.3,0.01,0.01,22.6,4.24,0.06,0.01,11.21,1158.54,6.23,12468.85,9.43,0.84,0.29,0.13,0.12,-0.0018,9.18,2.48,-6.7,7.74,11.34,11.21,-3.74,6.42,0.0310791293703826,0.531,-1.927601483136208,0.3996749593699212,1.0,0.945,1.0,0.839,0.0,0.0,1.0,0.738,0.0,0.0,3.0,2.522,0.6224086870681145,ON,0
OPPD_NC1,20251024_1712,OPP,ON,cluster,21377.13,10688566.0,16.18,85984.71,646033.0,15025.34,52862.41,30050689.0,17.22,921283.9,29005.06,14502531.0,16.49,31048.55,0.0,153876.5,0.28,1852298.0,14.43,3704.6,48135.92,921283.9,0.1,0.21,0.19,-0.52,484.1,61.32,7.83,0.18,0.19,104.31,9.12,0.17,0.13,2.06,511.59,6014.59,3007293.0,14.92,0.78,7626.15,0.74,0.55,-0.0018,1.27,0.68,-0.59,0.68,2.3,1.57,-0.52,-0.48,-0.0559929510388641,0.144,2.3824381274512643,0.0,1.0,0.945,0.0,0.0,1.0,0.811,1.0,0.738,1.0,0.719,4.0,3.213,0.7929417571569595,ON,0
Middletown_GT,20250801_1554,Mid,ON,cluster,36694.04,73388082.0,18.11,166254.1,2916457.0,109034.5,291035.2,872000000.0,20.59,2916457.0,399344.9,799000000.0,20.5,444801.5,0.0,2561102.0,0.0,76306.97,11.24,38.17,97.84,965.01,0.0,0.0,0.0,-3.69,650.27,26.75,5.17,0.0,0.0,28.02,4.77,0.0,0.0,11.06,1019.14,6.27,12534.54,9.44,0.81,0.33,0.09,0.09,-0.0018,8.68,3.29,-5.39,6.22,11.15,11.06,-3.69,1.81,0.030039509258424,0.321,0.9983781287177218,0.3885485685710714,1.0,0.945,1.0,0.839,0.0,0.0,1.0,0.738,1.0,0.719,4.0,3.241,0.7998519249753209,ON,0
Middletown_ST,20250806_1135,Mid,ON,cluster,78913.37,158000000.0,18.88,135560.8,1440015.0,56141.08,102980.6,449000000.0,19.92,1440015.0,145599.5,291000000.0,19.49,96005.94,0.0,426851.6,0.0,32688.96,10.39,16.35,119.54,1668.55,0.0,0.0,0.0,-3.31,802.46,25.65,5.06,0.0,0.0,19.05,3.04,0.0,0.01,9.93,1525.37,7.07,14143.2,9.56,0.86,0.24,0.54,0.43,-0.0018,9.32,4.3,-5.02,5.8,10.37,9.93,-3.31,0.84,0.055187149916916,0.108,-2.2436116859529185,0.3524190523815477,1.0,0.945,1.0,0.839,0.0,0.0,1.0,0.738,0.0,0.0,3.0,2.522,0.6224086870681145,ON,0
Middletown_ST,20231108_1958,Mid,ON,cluster,106461.2,213000000.0,19.18,185668.8,1137322.0,58108.52,118406.2,465000000.0,19.96,1137322.0,125887.0,252000000.0,19.34,89012.93,0.0,413415.2,0.0,99428.25,11.51,49.74,339.19,4251.5,0.0,0.0,0.0,-3.26,873.42,19.57,4.42,0.0,0.0,19.09,3.72,0.0,0.01,9.78,1748.66,7.1,14206.07,9.56,0.86,0.27,0.85,0.61,-0.0018,9.62,4.28,-5.34,6.16,10.4,9.78,-3.26,1.95,0.0574774619779409,0.0175,-1.881169549925949,0.3991748968621078,1.0,0.945,1.0,0.839,0.0,0.0,1.0,0.738,0.0,0.0,3.0,2.522,0.6224086870681145,ON,0
Van_GT1,20251001_1726,Van,ON,cluster,11112.11,22224227.0,16.92,53320.08,497020.4,502676.0,1224255.0,4020000000.0,22.11,8484430.0,1999519.0,4000000000.0,22.11,1733463.0,0.0,8484430.0,0.01,2639.7,7.88,1.32,4.16,57.63,0.0,0.0,0.0,-3.41,478.24,16.88,4.11,0.0,0.0,8.05,2.91,0.0,0.0,14.23,578.47,71.12,142243.4,11.87,0.81,104.0,0.01,0.01,-0.0019,5.05,2.22,-2.83,3.26,10.25,10.24,-3.41,-3.99,-0.0989282299810122,0.8185,2.063216649667323,0.0565,0.0,0.0,1.0,0.839,1.0,0.811,0.0,0.0,1.0,0.719,3.0,2.369,0.5846495557749259,ON,0
Middletown_GT,20240330_1959,Mid,ON,cluster,38224.42,76448837.0,18.15,176276.2,1376213.0,105762.4,269283.0,846000000.0,20.56,2139200.0,384763.4,770000000.0,20.46,392653.7,0.0,2139200.0,0.0,5087.08,8.53,2.54,9.36,153.79,0.0,0.0,0.0,-3.67,648.41,20.23,4.5,0.0,0.0,23.53,4.37,0.0,0.0,11.93,1038.55,6.3,12605.82,9.44,0.81,0.35,0.1,0.09,-0.0019,8.71,4.0,-4.71,5.43,11.11,11.02,-3.67,-0.91,0.0287447031073925,0.244,1.8740490351591403,0.3771721465183147,1.0,0.945,1.0,0.839,0.0,0.0,1.0,0.738,1.0,0.719,4.0,3.241,0.7998519249753209,ON,0
VAN1,VAN1_on_2025-09-26,VAN,ON,cluster,20586.84,41173682.0,17.53,87963.21,712000.1,652780.4,1527929.0,5220000000.0,22.38,9274662.0,2590429.0,5180000000.0,22.37,2079489.0,0.0,9274662.0,0.01,4734.15,8.46,2.37,4.86,52.33,0.0,0.0,0.0,-3.38,542.61,14.21,3.77,0.0,0.0,10.1,3.12,0.0,0.0,13.91,652.16,103.4,206806.6,12.24,0.82,193.08,0.01,0.01,-0.0019,5.29,2.38,-2.91,3.36,10.14,10.13,-3.38,-3.78,-0.0668261193464651,0.841,2.566880751639585,0.111125,1.0,0.945,1.0,0.839,1.0,0.811,0.0,0.0,1.0,0.719,4.0,3.314,0.8178677196446199,ON,0
VAN1,VAN1_on_2025-09-22,VAN,ON,cluster,13823.66,27647320.0,17.14,59434.1,512510.1,659466.4,1531207.0,5280000000.0,22.39,10759961.0,2624004.0,5250000000.0,22.38,2056414.0,0.0,10759961.0,0.0,2096.72,7.65,1.05,1.49,16.85,0.0,0.0,0.0,-3.72,458.69,16.32,4.04,0.0,0.0,6.9,2.68,0.0,0.0,14.73,672.22,37.1,74193.52,11.21,0.81,48.81,0.01,0.01,-0.0019,5.92,2.54,-3.38,3.9,11.17,11.17,-3.72,-3.57,-0.0361328574004009,0.824,2.253795084924488,0.074125,1.0,0.945,1.0,0.839,1.0,0.811,0.0,0.0,1.0,0.719,4.0,3.314,0.8178677196446199,ON,0
Middletown_GT,20231104_1934,Mid,ON,cluster,38462.64,76925271.0,18.16,176477.3,1396365.0,98993.07,257575.8,792000000.0,20.49,2123693.0,357440.2,715000000.0,20.39,379676.8,0.0,2123693.0,0.0,27394.21,10.22,13.7,81.96,2013.42,0.0,0.0,0.0,-3.65,656.65,21.45,4.63,0.0,0.0,24.9,4.52,0.0,0.0,10.95,1039.73,6.27,12534.87,9.44,0.81,0.34,0.11,0.1,-0.0019,8.72,3.61,-5.11,5.9,11.05,10.95,-3.65,0.78,0.0290237664891635,0.094,1.7195879075493663,0.3966745843230403,1.0,0.945,1.0,0.839,0.0,0.0,1.0,0.738,1.0,0.719,4.0,3.241,0.7998519249753209,ON,0
Van_GT1,20251002_0128,Van,ON,cluster,21781.51,43563023.0,17.59,96378.41,897410.3,610975.3,1191168.0,4890000000.0,22.31,5369581.0,2422037.0,4840000000.0,22.3,1136951.0,0.0,5369581.0,0.0,2641.33,7.88,1.32,2.04,28.84,0.0,0.0,0.0,-3.44,518.63,8.79,2.96,0.0,0.0,2.05,1.84,0.0,0.0,14.42,764.48,80.99,161988.1,12.0,0.84,253.94,0.01,0.01,-0.0019,5.59,2.65,-2.95,3.4,10.31,10.31,-3.44,-4.12,-0.0525674656128259,0.8295,1.7454350594163033,0.079,1.0,0.945,1.0,0.839,1.0,0.811,0.0,0.0,1.0,0.719,4.0,3.314,0.8178677196446199,ON,0
Van_GT1,20251002_0028,Van,ON,cluster,20585.68,41171360.0,17.53,89665.07,815813.4,605306.7,1180722.0,4840000000.0,22.3,5272478.0,2400564.0,4800000000.0,22.29,1127311.0,0.0,5272478.0,0.0,2363.97,7.77,1.18,1.77,23.55,0.0,0.0,0.0,-3.46,517.07,8.71,2.95,0.0,0.0,2.05,1.84,0.0,0.0,14.52,764.2,75.55,151102.2,11.93,0.84,237.79,0.01,0.01,-0.0019,5.61,2.65,-2.95,3.41,10.37,10.37,-3.46,-4.16,-0.0528523744199415,0.83,1.7904298474475189,0.092625,1.0,0.945,1.0,0.839,1.0,0.811,0.0,0.0,1.0,0.719,4.0,3.314,0.8178677196446199,ON,0
Van_GT1,20251002_0429,Van,ON,cluster,22333.76,44667522.0,17.61,97833.65,901401.4,615850.9,1195255.0,4930000000.0,22.32,5142552.0,2440988.0,4880000000.0,22.31,1123894.0,0.0,5142552.0,0.0,2434.75,7.8,1.22,1.79,22.06,0.0,0.0,0.0,-3.44,520.76,8.35,2.89,0.0,0.0,1.95,1.81,0.0,0.0,14.51,768.47,80.48,160964.5,11.99,0.84,259.93,0.01,0.01,-0.0019,5.63,2.69,-2.94,3.39,10.33,10.32,-3.44,-4.19,-0.0515322027936759,0.8305,1.7810761921405798,0.09775,1.0,0.945,1.0,0.839,1.0,0.811,0.0,0.0,1.0,0.719,4.0,3.314,0.8178677196446199,ON,0
Van_GT1,20251002_1131,Van,ON,cluster,24752.06,49504110.0,17.72,108966.7,953861.4,653996.8,1263422.0,5230000000.0,22.38,5528295.0,2591153.0,5180000000.0,22.37,1170140.0,0.0,5528295.0,0.0,2440.2,7.8,1.22,1.96,24.36,0.0,0.0,0.0,-3.46,519.84,8.45,2.91,0.0,0.0,1.9,1.8,0.0,0.0,14.57,782.23,80.85,161706.3,11.99,0.84,272.42,0.01,0.01,-0.0019,5.72,2.75,-2.98,3.44,10.38,10.37,-3.46,-4.19,-0.0468523499259792,0.8335,1.763759198440038,0.109,1.0,0.945,1.0,0.839,1.0,0.811,0.0,0.0,1.0,0.719,4.0,3.314,0.8178677196446199,ON,0
Van_GT1,20251001_2327,Van,ON,cluster,20783.53,41567062.0,17.54,91175.81,927957.4,606019.4,1179856.0,4850000000.0,22.3,5231138.0,2403238.0,4810000000.0,22.29,1119368.0,0.0,5231138.0,0.0,2222.5,7.71,1.11,1.92,40.19,0.0,0.0,0.0,-3.56,518.83,8.63,2.94,0.0,0.0,1.98,1.82,0.0,0.0,14.59,764.23,54.98,109950.2,11.61,0.84,165.53,0.01,0.01,-0.002,5.94,2.76,-3.18,3.67,10.69,10.69,-3.56,-3.9,-0.0533074323545398,0.827,1.9565938580017388,0.10575,1.0,0.945,1.0,0.839,1.0,0.811,0.0,0.0,1.0,0.719,4.0,3.314,0.8178677196446199,ON,0
OPPD_NC1,20251023_1623,OPP,ON,cluster,10879.58,5439790.0,15.51,35916.19,321348.2,12341.61,36306.16,24683214.0,17.02,972953.9,28121.18,14060590.0,16.46,30352.6,0.0,141183.5,0.58,2037986.0,14.53,4075.97,51296.26,972953.9,0.13,0.22,0.2,-0.5,532.32,78.84,8.88,0.24,0.27,281.95,13.04,0.37,0.16,1.93,530.43,6289.7,3144849.0,14.96,0.82,8597.16,0.39,0.33,-0.002,0.55,0.15,-0.4,0.47,2.06,1.5,-0.5,-0.43,-0.0477267064255493,0.144,1.5734051527894637,0.0,1.0,0.945,0.0,0.0,1.0,0.811,1.0,0.738,1.0,0.719,4.0,3.213,0.7929417571569595,ON,0
Van_GT1,20251002_0830,Van,ON,cluster,25983.34,51966675.0,17.77,115192.3,917687.6,657425.2,1265807.0,5260000000.0,22.38,5529172.0,2603667.0,5210000000.0,22.37,1159689.0,0.0,5529172.0,0.0,2576.71,7.85,1.29,1.93,22.74,0.0,0.0,0.0,-3.63,521.34,8.41,2.9,0.0,0.0,1.92,1.8,0.0,0.0,14.52,788.45,49.08,98159.28,11.49,0.84,135.94,0.01,0.01,-0.002,6.27,2.89,-3.38,3.9,10.89,10.88,-3.63,-3.64,-0.0452877234491386,0.8345,1.4537592831553765,0.091125,1.0,0.945,1.0,0.839,1.0,0.811,0.0,0.0,1.0,0.719,4.0,3.314,0.8178677196446199,ON,0
Van_GT3,20251004_1214,Van,ON,cluster,3263.32,6526631.0,15.69,11607.62,94658.56,230399.7,517177.7,1840000000.0,21.33,3384215.0,918329.1,1840000000.0,21.33,662384.7,0.0,3384215.0,0.0,1512.5,7.32,0.76,1.74,30.86,0.0,0.0,0.0,-4.01,508.51,14.69,3.83,0.0,0.0,7.97,2.75,0.0,0.0,14.01,711.32,5.52,11048.03,9.31,0.82,3.02,0.0,0.0,-0.002,6.38,2.28,-4.1,4.74,12.02,12.02,-4.01,-1.99,-0.0744796886543104,0.738,0.3219032127477572,0.291375,1.0,0.945,1.0,0.839,1.0,0.811,0.0,0.0,1.0,0.719,4.0,3.314,0.8178677196446199,ON,0
Van_GT3,20250622_0830,Van,ON,cluster,6601.64,13203276.0,16.4,22066.86,189597.6,251276.2,513480.0,2010000000.0,21.42,3165139.0,998371.1,2000000000.0,21.41,556567.2,0.0,3165139.0,0.0,2057.0,7.63,1.03,2.07,21.95,0.0,0.0,0.0,-4.03,536.37,12.6,3.55,0.0,0.0,5.2,2.3,0.0,0.0,13.79,785.25,5.57,11137.19,9.32,0.83,2.61,0.01,0.01,-0.002,7.08,2.71,-4.37,5.05,12.1,12.1,-4.03,-1.69,-0.0522060732031492,0.8335,0.494136006395913,0.2184023002875359,1.0,0.945,1.0,0.839,1.0,0.811,0.0,0.0,1.0,0.719,4.0,3.314,0.8178677196446199,ON,0
Van_GT1,20250728_1224,Van,ON,cluster,25157.71,50315411.0,17.73,111674.5,930990.8,617460.8,1240212.0,4940000000.0,22.32,7377027.0,2444313.0,4890000000.0,22.31,1299540.0,0.0,7377027.0,0.0,2108.48,7.65,1.05,9.08,274.1,0.0,0.0,0.0,-3.53,556.46,11.95,3.46,0.0,0.0,4.3,2.19,0.0,0.0,14.66,747.71,62.12,124230.7,11.73,0.83,148.33,0.01,0.01,-0.002,6.0,2.88,-3.13,3.61,10.59,10.58,-3.53,-4.08,-0.0533668154697883,0.681,2.040189063355711,0.0885110638829853,1.0,0.945,1.0,0.839,0.0,0.0,1.0,0.738,1.0,0.719,4.0,3.241,0.7998519249753209,ON,0
Van_GT1,20251002_1031,Van,ON,cluster,25118.96,50237925.0,17.73,110480.0,911449.4,656238.4,1266204.0,5250000000.0,22.38,5549134.0,2599773.0,5200000000.0,22.37,1167915.0,0.0,5549134.0,0.0,2495.38,7.82,1.25,2.06,30.32,0.0,0.0,0.0,-3.56,518.87,8.46,2.91,0.0,0.0,1.86,1.79,0.0,0.0,14.55,783.85,60.13,120267.9,11.7,0.84,221.23,0.01,0.01,-0.002,6.03,2.83,-3.21,3.7,10.68,10.67,-3.56,-3.88,-0.0467418668515111,0.8275,1.580281025027926,0.09525,1.0,0.945,1.0,0.839,1.0,0.811,0.0,0.0,1.0,0.719,4.0,3.314,0.8178677196446199,ON,0
Van_GT1,20251001_2227,Van,ON,cluster,20792.79,41585587.0,17.54,90335.46,732473.7,606141.3,1177775.0,4850000000.0,22.3,5062122.0,2403738.0,4810000000.0,22.29,1109817.0,0.0,5062122.0,0.0,1644.52,7.41,0.82,1.31,22.09,0.0,0.0,0.0,-3.73,518.6,8.35,2.89,0.0,0.0,1.91,1.81,0.0,0.0,14.89,766.23,33.16,66315.57,11.1,0.84,93.24,0.01,0.01,-0.002,6.44,2.96,-3.48,4.02,11.2,11.19,-3.73,-3.7,-0.0536012351939008,0.8255,2.092614063030968,0.1165,1.0,0.945,1.0,0.839,1.0,0.811,0.0,0.0,1.0,0.719,4.0,3.314,0.8178677196446199,ON,0
Van_GT3,20251004_0812,Van,ON,cluster,9499.71,18999410.0,16.76,32689.22,242137.2,282442.1,561184.7,2260000000.0,21.54,3221374.0,1120262.0,2240000000.0,21.53,568032.5,0.0,3221374.0,0.0,1295.46,7.17,0.65,1.05,14.26,0.0,0.0,0.0,-4.06,542.72,11.41,3.38,0.0,0.0,4.4,2.15,0.0,0.0,14.36,785.76,5.78,11553.06,9.35,0.84,3.32,0.01,0.01,-0.002,7.41,3.06,-4.35,5.02,12.18,12.18,-4.06,-2.19,-0.0504906886336235,0.6985,0.6812516883521749,0.21425,1.0,0.945,1.0,0.839,0.0,0.0,1.0,0.738,1.0,0.719,4.0,3.241,0.7998519249753209,ON,0
SQN2,SQN NG Unit 2 20250525_0934,SQN,OFF,cluster,51.82,25908.29,10.16,84.53,1540.02,67.16,140.44,134326.1,11.81,1879.22,190.28,95142.31,11.46,218.63,0.0,1879.22,0.44,1790.88,7.49,3.58,8.72,98.22,0.09,0.12,0.11,-0.7,476.94,27.98,5.29,0.1,0.11,44.46,5.43,0.07,0.24,3.97,391.86,22.97,11484.65,9.35,0.86,49.82,0.27,0.24,-0.002,0.81,0.55,-0.27,0.31,2.46,2.11,-0.7,-1.86,-0.1397452304497842,0.744,-1.1367957271268478,0.117,0.0,0.0,0.0,0.0,1.0,0.811,0.0,0.0,0.0,0.0,1.0,0.811,0.2001480750246792,OFF,0
Van_GT1,20250729_1236,Van,ON,cluster,26015.45,52030893.0,17.77,115186.7,911943.5,489564.5,1121132.0,3920000000.0,22.09,6455556.0,1931992.0,3860000000.0,22.07,1496380.0,0.0,6455556.0,0.0,1182.68,7.08,0.59,1.25,22.1,0.0,0.0,0.0,-4.28,486.73,13.19,3.63,0.0,0.0,5.22,2.47,0.0,0.0,15.0,661.02,5.08,10167.02,9.23,0.81,1.25,0.01,0.01,-0.0021,8.54,3.73,-4.81,5.55,12.86,12.85,-4.28,-2.15,-0.0952626664056389,0.7265,2.1562528579997884,0.2181522690336292,0.0,0.0,1.0,0.839,1.0,0.811,0.0,0.0,1.0,0.719,3.0,2.369,0.5846495557749259,ON,0
Towantic_GT2,20250105_0434 GT2,Tow,ON,cluster,58913.69,118000000.0,18.58,182742.6,1376006.0,282347.1,501983.0,2260000000.0,21.54,2150762.0,1070308.0,2140000000.0,21.48,379783.8,0.0,2150762.0,0.0,35221.82,10.47,17.62,39.39,418.46,0.0,0.0,0.0,-3.95,567.84,7.62,2.76,0.0,0.0,1.74,1.65,0.0,0.0,11.86,1080.9,7.59,15176.06,9.63,0.85,2.11,0.06,0.05,-0.0021,8.96,3.54,-5.41,6.25,11.91,11.86,-3.95,0.84,0.0124525845541544,0.315,0.2510121033787971,0.2902862857857232,1.0,0.945,1.0,0.839,0.0,0.0,1.0,0.738,1.0,0.719,4.0,3.241,0.7998519249753209,ON,0
EMSA_GT2_NG,20250105_0434 NG,EMS,ON,cluster,58913.69,118000000.0,18.58,182742.6,1376006.0,282347.1,501983.0,2260000000.0,21.54,2150762.0,1070308.0,2140000000.0,21.48,379783.8,0.0,2150762.0,0.0,35221.82,10.47,17.62,39.39,418.46,0.0,0.0,0.0,-3.95,567.84,7.62,2.76,0.0,0.0,1.74,1.65,0.0,0.0,11.86,1080.9,7.59,15176.06,9.63,0.85,2.11,0.06,0.05,-0.0021,8.96,3.54,-5.41,6.25,11.91,11.86,-3.95,0.84,0.0124525845541544,0.315,0.2510121033787971,0.2902862857857232,1.0,0.945,1.0,0.839,0.0,0.0,1.0,0.738,1.0,0.719,4.0,3.241,0.7998519249753209,ON,0
Middletown_GT,20231027_1106,Mid,ON,cluster,202446.2,405000000.0,19.82,312815.6,2491361.0,446753.3,785475.5,3570000000.0,22.0,6129681.0,1583228.0,3170000000.0,21.88,787637.2,0.0,6129681.0,0.0,2202352.0,14.61,1101.73,3134.26,23794.46,0.0,0.0,0.0,-3.87,737.35,13.72,3.7,0.0,0.0,6.09,2.26,0.01,0.01,11.62,1072.9,14.25,28507.19,10.26,0.87,27.49,0.13,0.12,-0.0021,9.56,3.18,-6.38,7.37,11.74,11.62,-3.87,4.35,-0.0083762073974848,0.1485,-1.1799113148518607,0.1802725340667583,1.0,0.945,1.0,0.839,0.0,0.0,1.0,0.738,0.0,0.0,3.0,2.522,0.6224086870681145,ON,0
Van_GT2,20251003_0810,Van,ON,cluster,20443.31,40886614.0,17.53,61482.53,550350.3,363600.7,673113.0,2910000000.0,21.79,3126971.0,1433952.0,2870000000.0,21.78,529840.2,0.0,3126971.0,0.0,759.64,6.63,0.38,0.21,3.94,0.0,0.0,0.0,-4.06,533.29,8.6,2.93,0.0,0.0,0.78,1.54,0.0,0.0,15.14,858.66,7.33,14658.66,9.59,0.84,7.74,0.01,0.01,-0.0021,7.93,3.64,-4.29,4.95,12.2,12.18,-4.06,-2.96,-0.044247470823805,0.819,-2.8571780701886387,0.184875,1.0,0.945,1.0,0.839,1.0,0.811,0.0,0.0,0.0,0.0,3.0,2.595,0.6404244817374136,ON,0
Mosaic_Riverview,20251005_1101,Mos,ON,manual,438587.9,877000000.0,20.59,1012422.0,6779820.0,2329442.0,3865457.0,18600000000.0,23.65,12660726.0,8877167.0,17800000000.0,23.6,1200243.0,0.0,12660726.0,0.0,1300765.0,14.08,650.71,1506.9,8656.97,0.0,0.0,0.0,-3.57,614.8,5.44,2.33,0.0,0.0,-0.44,1.19,0.0,0.0,10.71,1033.84,198.42,396833.1,12.89,0.86,846.61,0.05,0.05,-0.0022,7.7,2.8,-4.9,5.66,10.76,10.71,-3.57,1.19,-0.0029765249023768,0.1535,-1.9878083076367936,0.1288911113889236,1.0,0.945,1.0,0.839,0.0,0.0,1.0,0.738,0.0,0.0,3.0,2.522,0.6224086870681145,ON,0
Mosaic_Riverview,20251005_1002,Mos,ON,cluster,453770.2,908000000.0,20.63,1005570.0,6748551.0,2957678.0,6740395.0,23700000000.0,23.89,51164047.0,11374898.0,22700000000.0,23.85,9278505.0,0.0,51164047.0,0.0,752472.9,13.53,376.42,1221.5,8609.63,0.0,0.0,0.0,-3.67,664.62,17.3,4.16,0.0,0.0,15.63,3.61,0.0,0.0,11.01,830.01,187.55,375097.8,12.83,0.83,877.6,0.04,0.04,-0.0022,7.79,2.92,-4.88,5.63,11.05,11.01,-3.67,0.7,-0.0226373486308343,0.094,-2.098794374184892,0.1161395174396799,1.0,0.945,1.0,0.839,0.0,0.0,1.0,0.738,0.0,0.0,3.0,2.522,0.6224086870681145,ON,0
Mosaic_Riverview,20251005_1001,Mos,ON,manual,453770.2,908000000.0,20.63,1005570.0,6748551.0,2386350.0,4023881.0,19100000000.0,23.67,22514654.0,9089874.0,18200000000.0,23.62,1921283.0,0.0,22514654.0,0.0,752472.9,13.53,376.42,1221.5,8609.63,0.0,0.0,0.0,-3.6,623.65,9.43,3.07,0.0,0.0,0.55,1.36,0.0,0.0,10.79,1012.33,187.55,375097.8,12.83,0.86,877.6,0.05,0.05,-0.0022,7.79,2.97,-4.82,5.56,10.84,10.79,-3.6,0.7,-0.0067197694523316,0.094,-2.098794374184892,0.1325165645705713,1.0,0.945,1.0,0.839,0.0,0.0,1.0,0.738,0.0,0.0,3.0,2.522,0.6224086870681145,ON,0
Towantic_GT1,20250104_1230 GT1,Tow,ON,cluster,144663.5,289000000.0,19.48,345610.1,2624796.0,598065.3,1071789.0,4780000000.0,22.29,7238370.0,2247261.0,4490000000.0,22.23,913425.7,0.0,7238370.0,0.0,56738.18,10.95,28.38,86.08,1005.6,0.0,0.0,0.0,-4.12,613.46,12.1,3.48,0.0,0.0,3.82,1.94,0.0,0.0,12.37,1030.25,9.58,19162.12,9.86,0.85,24.81,0.06,0.06,-0.0022,9.62,3.85,-5.77,6.66,12.43,12.37,-4.12,1.09,-0.0041918711159256,0.14,-1.5457853548620215,0.3284160520065008,1.0,0.945,1.0,0.839,0.0,0.0,1.0,0.738,0.0,0.0,3.0,2.522,0.6224086870681145,ON,0
EMSA_GT1_ng,20250104_1230 ng,EMS,ON,cluster,144663.5,289000000.0,19.48,345610.1,2624796.0,598065.3,1071789.0,4780000000.0,22.29,7238370.0,2247261.0,4490000000.0,22.23,913425.7,0.0,7238370.0,0.0,56738.18,10.95,28.38,86.08,1005.6,0.0,0.0,0.0,-4.12,613.46,12.1,3.48,0.0,0.0,3.82,1.94,0.0,0.0,12.37,1030.25,9.58,19162.12,9.86,0.85,24.81,0.06,0.06,-0.0022,9.62,3.85,-5.77,6.66,12.43,12.37,-4.12,1.09,-0.0041918711159256,0.14,-1.5457853548620215,0.3284160520065008,1.0,0.945,1.0,0.839,0.0,0.0,1.0,0.738,0.0,0.0,3.0,2.522,0.6224086870681145,ON,0
OPPD_NC1,20251024_0939,OPP,ON,cluster,7539.64,3769822.0,15.14,24269.14,167539.0,10896.02,31633.95,21792033.0,16.9,849703.2,27939.73,13969864.0,16.45,29670.6,0.0,132229.3,0.6,1772091.0,14.39,3544.18,45555.29,849703.2,0.1,0.16,0.15,-0.6,497.2,77.98,8.83,0.21,0.23,286.74,12.9,0.47,0.12,2.06,467.33,4560.51,2280256.0,14.64,0.81,7890.95,0.27,0.24,-0.0023,0.5,-0.01,-0.52,0.6,2.26,1.81,-0.6,-0.25,-0.0553606649428661,0.144,2.1554115957134736,0.0,1.0,0.945,0.0,0.0,1.0,0.811,1.0,0.738,1.0,0.719,4.0,3.213,0.7929417571569595,ON,0
OPPD_NC1,20251023_1414,OPP,ON,cluster,10131.96,5065981.0,15.44,33118.16,238202.6,12161.72,30110.23,24323438.0,17.01,580195.6,29342.18,14671092.0,16.5,32023.84,0.0,145375.8,0.63,1417106.0,14.16,2834.21,30218.81,580195.6,0.13,0.22,0.2,-0.51,511.21,47.71,6.91,0.21,0.23,78.23,6.48,0.28,0.13,2.34,497.29,6338.52,3169259.0,14.97,0.82,13068.59,0.35,0.3,-0.0024,0.47,0.17,-0.3,0.35,2.04,1.53,-0.51,-0.8,-0.0520932831679404,0.612,2.079821188215931,0.0,1.0,0.945,0.0,0.0,1.0,0.811,1.0,0.738,1.0,0.719,4.0,3.213,0.7929417571569595,ON,0
OPPD_NC1,20251025_0046,OPP,ON,cluster,7642.19,3821096.0,15.16,25071.11,151940.1,10988.33,32291.79,21976668.0,16.91,842170.2,29565.41,14782705.0,16.51,32227.09,0.0,142109.6,0.43,1746266.0,14.37,3492.53,44708.52,842170.2,0.07,0.11,0.1,-0.74,451.42,76.64,8.75,0.17,0.18,251.14,11.88,0.46,0.11,2.21,428.44,3253.2,1626601.0,14.3,0.81,5719.96,0.26,0.23,-0.0026,0.85,0.07,-0.78,0.9,2.6,2.21,-0.74,0.07,-0.0498537913819633,0.144,2.8262229989120478,0.016,1.0,0.945,0.0,0.0,1.0,0.811,1.0,0.738,1.0,0.719,4.0,3.213,0.7929417571569595,ON,0
OPPD_NC1,20251024_0206,OPP,ON,cluster,6242.12,3121058.0,14.95,20842.72,166660.1,10361.55,30364.82,20723101.0,16.85,795549.8,29085.73,14542863.0,16.49,32248.18,0.0,141458.7,0.45,1639477.0,14.31,3278.96,41459.52,795549.8,0.07,0.1,0.09,-0.78,450.71,76.78,8.76,0.16,0.17,249.03,11.74,0.53,0.11,2.33,407.76,2839.41,1419703.0,14.17,0.81,4530.29,0.21,0.19,-0.0026,0.79,-0.03,-0.81,0.94,2.68,2.33,-0.78,0.14,-0.0553932163230224,0.144,2.337491964221245,0.018,1.0,0.945,0.0,0.0,1.0,0.811,1.0,0.738,1.0,0.719,4.0,3.213,0.7929417571569595,ON,0
OPPD_NC1,20251026_0450,OPP,ON,cluster,4933.18,2466591.0,14.72,17363.33,142874.5,9797.18,30803.5,19594351.0,16.79,831419.3,28207.89,14103947.0,16.46,31757.08,0.0,148601.8,0.52,1752766.0,14.38,3505.53,44872.06,831419.3,0.06,0.09,0.09,-0.8,447.76,84.86,9.21,0.17,0.18,297.62,13.33,0.71,0.1,2.41,406.02,2542.09,1271047.0,14.06,0.8,4133.97,0.17,0.16,-0.0026,0.66,-0.18,-0.85,0.98,2.74,2.41,-0.8,0.32,-0.0538164502112211,0.144,2.918399198882057,0.027,1.0,0.945,0.0,0.0,1.0,0.811,1.0,0.738,1.0,0.719,4.0,3.213,0.7929417571569595,ON,0
OPPD_NC1,20251024_0625,OPP,ON,cluster,20158.18,10079092.0,16.13,83023.41,680839.6,13917.0,51841.68,27834000.0,17.14,928973.7,28678.91,14339456.0,16.48,31748.74,0.0,155374.4,0.16,1844501.0,14.43,3689.0,48395.52,928973.7,0.06,0.11,0.1,-0.74,400.45,66.75,8.17,0.13,0.14,109.92,9.29,0.18,0.09,2.21,450.99,3141.9,1570951.0,14.27,0.76,5446.47,0.7,0.53,-0.0027,1.86,0.8,-1.06,1.22,2.87,2.21,-0.74,0.16,-0.0512857231041707,0.144,2.187326106240111,0.0185,1.0,0.945,0.0,0.0,1.0,0.811,1.0,0.738,1.0,0.719,4.0,3.213,0.7929417571569595,ON,0
OPPD_NC1,20251023_0955,OPP,ON,cluster,7577.99,3788993.0,15.15,21591.32,170577.0,11444.72,30947.86,22889447.0,16.95,745991.5,32684.84,16342419.0,16.61,33935.83,0.0,140899.6,0.32,1532466.0,14.24,3064.93,39741.16,745991.5,0.05,0.07,0.07,-0.86,415.4,65.18,8.07,0.13,0.14,184.14,9.9,0.4,0.11,2.59,390.06,2451.14,1225569.0,14.02,0.81,4086.11,0.23,0.21,-0.003,1.13,0.14,-0.99,1.14,2.93,2.59,-0.86,0.22,-0.0455696981307109,0.144,1.288079078729756,0.0155,1.0,0.945,0.0,0.0,1.0,0.811,1.0,0.738,1.0,0.719,4.0,3.213,0.7929417571569595,ON,0
OPPD_NC1,20251022_2002,OPP,ON,cluster,678.7,339348.5,12.73,609.06,2833.14,1237.33,9206.56,2474650.0,14.72,325427.1,2997.1,1498548.0,14.22,6272.27,0.0,30114.93,0.03,626404.2,13.35,1252.81,17159.27,325427.1,0.0,0.01,0.01,-1.66,454.03,263.01,16.22,0.3,0.35,863.74,26.88,1.85,0.06,4.98,442.05,20.7,10349.41,9.24,0.68,24.27,0.23,0.2,-0.0034,3.49,0.35,-3.14,3.63,5.48,4.98,-1.66,4.1,-0.1370529002645296,0.144,0.7454337837691992,0.1195,0.0,0.0,1.0,0.839,1.0,0.811,1.0,0.738,1.0,0.719,4.0,3.107,0.766781836130306,ON,0
OPPD_NC1,20251022_1233,OPP,ON,cluster,608.5,304247.8,12.63,602.58,3278.48,2048.08,25587.85,4096152.0,15.23,947385.9,3928.96,1964480.0,14.49,8721.78,0.0,45281.12,0.03,1816851.0,14.41,3633.7,50301.94,947385.9,0.0,0.01,0.01,-1.74,483.39,462.57,21.51,0.59,0.81,1058.83,31.17,5.97,0.04,5.22,582.98,21.15,10573.47,9.27,0.56,24.69,0.15,0.14,-0.0034,3.36,-0.07,-3.43,3.96,5.96,5.22,-1.74,5.15,-0.1407535628916224,0.144,0.8246084370636605,0.0975,0.0,0.0,0.0,0.0,1.0,0.811,1.0,0.738,1.0,0.719,3.0,2.268,0.5597235932872655,ON,0
OPPD_NC1,20251023_0122,OPP,ON,cluster,650.95,325473.1,12.69,599.84,2842.42,2078.12,27754.23,4156233.0,15.24,1036174.0,3695.3,1847649.0,14.43,8145.43,0.0,47641.8,0.03,1972501.0,14.49,3945.0,54791.54,1036174.0,0.0,0.01,0.01,-1.72,480.37,498.61,22.33,0.65,0.91,1088.03,31.7,6.06,0.04,5.23,615.88,21.22,10609.83,9.27,0.55,25.24,0.18,0.16,-0.0034,3.42,-0.03,-3.45,3.99,5.97,5.16,-1.72,5.23,-0.1384165158686509,0.144,0.9241838394470476,0.082,0.0,0.0,0.0,0.0,1.0,0.811,1.0,0.738,1.0,0.719,3.0,2.268,0.5597235932872655,ON,0
OPPD_NC1,20251023_0850,OPP,ON,cluster,2292.65,1146326.0,13.95,3767.46,28881.05,2470.51,31309.88,4941023.0,15.41,1173481.0,3095.66,1547829.0,14.25,6835.09,0.0,38474.23,0.01,2236185.0,14.62,4472.37,62047.51,1173481.0,0.0,0.01,0.01,-1.66,429.03,475.0,21.79,0.61,0.83,1104.53,32.05,1.95,0.04,5.34,675.16,21.37,10683.44,9.28,0.59,25.69,0.74,0.55,-0.0036,4.68,0.93,-3.75,4.33,6.14,4.98,-1.66,5.34,-0.1081446106426635,0.144,0.8931381076025541,0.0775,0.0,0.0,1.0,0.839,1.0,0.811,1.0,0.738,1.0,0.719,4.0,3.107,0.766781836130306,ON,0
SQN2,SQN NG Unit 2 20250527_1433,SQN,ON,cluster,4806.1,2403049.0,14.69,8909.28,72349.51,2349.69,6457.83,4699381.0,15.36,136417.4,4458.5,2229252.0,14.62,8145.92,0.0,136417.4,0.01,54938.85,10.91,109.88,418.12,6225.16,0.0,0.01,0.01,-1.74,282.13,58.06,7.62,0.01,0.01,131.68,9.27,0.02,0.07,5.29,489.19,24.28,12141.6,9.4,0.82,52.02,1.08,0.73,-0.0042,5.29,2.29,-3.0,3.47,5.96,5.21,-1.74,1.51,0.0223684586129668,0.246,-2.4163249940530656,0.1275,1.0,0.945,1.0,0.839,1.0,0.811,1.0,0.738,0.0,0.0,4.0,3.333,0.8225567620927937,ON,0
SQN2,SQN NG Unit 2 20250526_1808,SQN,ON,cluster,1798.14,899071.0,13.71,2067.97,11825.66,4611.48,10464.18,9222960.0,16.04,83717.39,16521.59,8260797.0,15.93,15573.61,0.0,83717.39,0.03,32078.1,10.38,64.16,94.74,671.53,0.0,0.0,0.0,-1.86,205.77,18.15,4.26,0.01,0.01,11.48,3.25,0.04,0.05,5.58,240.53,62.03,31013.8,10.34,0.81,178.58,0.11,0.1,-0.0046,3.37,1.12,-2.25,2.59,5.7,5.58,-1.86,0.03,-0.0359230488484997,0.752,-1.5549273603911091,0.084,1.0,0.945,0.0,0.0,1.0,0.811,0.0,0.0,0.0,0.0,2.0,1.756,0.4333662388943732,ON,0
SQN2,SQN NG Unit 2 20250526_0756,SQN,ON,cluster,2372.14,1186069.0,13.99,3066.99,16473.12,5642.34,11794.76,11284669.0,16.24,81604.24,19942.46,9971230.0,16.12,16458.07,0.0,81604.24,0.04,80331.99,11.29,160.66,317.34,2351.57,0.0,0.0,0.0,-1.79,213.36,14.46,3.8,0.01,0.01,9.74,3.01,0.07,0.06,5.36,274.11,94.08,47038.22,10.76,0.82,264.88,0.12,0.11,-0.0046,3.23,0.95,-2.28,2.63,5.48,5.36,-1.79,0.54,0.0078391391619761,0.742,-1.010996148503165,0.05,1.0,0.945,0.0,0.0,1.0,0.811,0.0,0.0,0.0,0.0,2.0,1.756,0.4333662388943732,ON,0
SQN2,SQN NG Unit 2 20250525_1439,SQN,ON,cluster,5463.35,2731676.0,14.82,4601.89,25989.53,3752.01,5397.21,7504013.0,15.83,31444.21,8128.22,4064111.0,15.22,6880.4,0.0,31444.21,0.01,692969.0,13.45,1385.94,2543.19,12403.56,0.0,0.0,0.0,-1.86,300.51,8.38,2.89,0.1,0.1,3.42,1.89,0.25,0.09,5.58,512.5,30.51,15257.19,9.63,0.88,80.65,0.67,0.51,-0.0046,5.19,1.54,-3.65,4.21,6.2,5.58,-1.86,3.82,0.0461221949819617,0.244,-0.9644108672694098,0.1145,1.0,0.945,1.0,0.839,1.0,0.811,1.0,0.738,0.0,0.0,4.0,3.333,0.8225567620927937,ON,0
SQN2,SQN NG Unit 2 20250527_0926,SQN,ON,cluster,2661.54,1330771.0,14.1,3749.02,24977.71,5171.63,13693.94,10343250.0,16.15,132794.8,17803.87,8901933.0,16.0,22771.71,0.0,132794.8,0.01,93524.62,11.45,187.05,606.13,7636.5,0.0,0.0,0.0,-2.09,216.19,25.68,5.07,0.01,0.01,27.03,4.72,0.07,0.04,6.26,241.88,34.04,17021.64,9.74,0.79,86.48,0.15,0.14,-0.0047,4.36,1.28,-3.08,3.56,6.41,6.26,-2.09,1.7,-0.0613162733548398,0.25,-1.91372254052914,0.126,1.0,0.945,1.0,0.839,1.0,0.811,1.0,0.738,0.0,0.0,4.0,3.333,0.8225567620927937,ON,0
SQN2,SQN NG Unit 2 20250526_1100,SQN,ON,cluster,3183.74,1591868.0,14.28,4105.47,23535.15,6211.54,13176.3,12423080.0,16.34,111017.6,21520.27,10760133.0,16.19,18937.17,0.0,111017.6,0.02,38210.07,10.55,76.42,114.2,716.07,0.0,0.0,0.0,-1.93,208.24,17.87,4.23,0.01,0.01,11.88,3.18,0.02,0.04,5.79,270.65,65.74,32869.26,10.4,0.82,199.8,0.15,0.14,-0.0048,3.88,1.42,-2.46,2.84,5.93,5.79,-1.93,0.15,-0.0005472360779677,0.75,-2.0188649448060163,0.1,1.0,0.945,1.0,0.839,1.0,0.811,0.0,0.0,0.0,0.0,3.0,2.595,0.6404244817374136,ON,0
SQN2,SQN NG Unit 2 20250528_0552,SQN,ON,cluster,2332.48,1166240.0,13.97,3885.19,37496.58,4535.43,13329.04,9070858.0,16.02,265964.4,15519.04,7759518.0,15.86,23037.43,0.0,265964.4,0.01,138947.2,11.84,277.89,869.89,8446.97,0.0,0.0,0.0,-2.38,231.05,58.64,7.66,0.02,0.02,122.94,8.9,0.12,0.04,7.14,281.97,12.3,6152.22,8.72,0.8,14.56,0.15,0.14,-0.0051,5.24,1.37,-3.88,4.48,7.3,7.14,-2.38,3.12,0.0029934703553529,0.244,-0.2929870835057846,0.186,1.0,0.945,1.0,0.839,1.0,0.811,1.0,0.738,0.0,0.0,4.0,3.333,0.8225567620927937,ON,0
SQN2,SQN NG Unit 2 20250527_1635,SQN,ON,cluster,6065.6,3032799.0,14.93,6844.08,34745.15,8623.38,18091.16,17246768.0,16.66,162685.3,28168.78,14084391.0,16.46,27000.17,-0.01,162685.3,0.0,119033.0,11.69,238.07,655.52,6853.56,0.0,0.0,0.0,-2.4,229.52,18.87,4.34,0.01,0.01,12.93,3.28,0.04,0.04,7.2,279.73,21.09,10545.02,9.26,0.83,39.28,0.22,0.2,-0.0054,5.66,1.84,-3.82,4.41,7.4,7.2,-2.4,2.42,-0.0280784527642411,0.236,-1.6986627242840335,0.1295,1.0,0.945,1.0,0.839,1.0,0.811,1.0,0.738,0.0,0.0,4.0,3.333,0.8225567620927937,ON,0
SQN2,SQN NG Unit 2 20250528_1200,SQN,ON,cluster,29070.74,14535371.0,16.49,43410.26,237457.2,30423.72,83064.47,60847437.0,17.92,805702.9,92570.65,46285326.0,17.65,141429.6,-0.01,805702.9,0.0,20753.17,9.94,41.51,108.43,1016.33,0.0,0.0,0.0,-2.98,231.67,26.48,5.15,0.0,0.0,27.06,4.78,0.0,0.01,8.95,289.73,11.97,5987.3,8.7,0.78,13.9,0.31,0.27,-0.0064,7.79,3.3,-4.5,5.19,9.23,8.95,-2.98,1.24,-0.0321088317473651,0.232,-4.27621205801417,0.193,1.0,0.945,1.0,0.839,1.0,0.811,1.0,0.738,0.0,0.0,4.0,3.333,0.8225567620927937,ON,0
SQN2,SQN NG Unit 2 20250528_1059,SQN,ON,cluster,41122.68,20561340.0,16.84,62443.0,322099.5,79109.65,199805.6,158000000.0,18.88,1753295.0,275238.8,138000000.0,18.74,321521.1,-0.01,1753295.0,0.0,31251.89,10.35,62.5,163.66,2276.4,0.0,0.0,0.0,-3.28,194.35,22.16,4.71,0.0,0.0,15.51,3.73,0.0,0.01,9.84,226.17,14.65,7323.34,8.9,0.79,18.89,0.15,0.14,-0.007,7.94,3.13,-4.81,5.55,9.98,9.84,-3.28,1.45,-0.057565254902404,0.244,-3.7526235753530734,0.1485,1.0,0.945,1.0,0.839,1.0,0.811,1.0,0.738,0.0,0.0,4.0,3.333,0.8225567620927937,ON,0
NC2,20250225_2304,NC2,ON,manual,141386.9,70693436.0,18.07,164901.2,880227.4,330107.3,590410.1,660000000.0,20.31,3387081.0,1178713.0,589000000.0,20.19,627433.5,-0.01,3387081.0,0.0,133180.1,11.8,266.36,979.8,11340.82,0.0,0.0,0.0,-3.28,184.69,10.26,3.2,0.0,0.0,2.5,1.88,0.0,0.01,9.83,283.95,63.41,31705.53,10.36,0.84,82.19,0.12,0.11,-0.0075,7.71,2.97,-4.74,5.48,9.94,9.83,-3.28,1.44,-0.006218146981459,0.146,-2.722512205244836,0.0,1.0,0.945,1.0,0.839,1.0,0.811,1.0,0.738,0.0,0.0,4.0,3.333,0.8225567620927937,ON,0
NC2,20250225_1344,NC2,ON,cluster,186838.2,93419119.0,18.35,250673.7,1375814.0,404095.8,737041.6,808000000.0,20.51,3192112.0,1429115.0,715000000.0,20.39,828237.3,-0.01,3192112.0,0.0,185291.1,12.13,370.58,1547.64,13728.83,0.0,0.0,0.0,-3.36,173.66,7.9,2.81,0.0,0.0,2.64,1.94,0.0,0.01,10.09,322.66,59.5,29751.36,10.3,0.83,88.15,0.13,0.12,-0.0077,8.05,3.06,-4.99,5.76,10.21,10.09,-3.36,1.83,0.022638232024671,0.094,-1.476999738249784,0.0,1.0,0.945,1.0,0.839,1.0,0.811,1.0,0.738,0.0,0.0,4.0,3.333,0.8225567620927937,ON,0
NC2,20250225_1029,NC2,ON,cluster,205286.5,103000000.0,18.45,304658.2,1843672.0,417867.3,772232.5,836000000.0,20.54,3343181.0,1465879.0,733000000.0,20.41,894463.2,-0.01,3343181.0,0.0,121024.0,11.7,242.05,854.66,9481.05,0.0,0.0,0.0,-3.36,170.87,8.0,2.83,0.0,0.0,3.09,2.02,0.0,0.01,10.07,326.12,61.96,30978.79,10.34,0.83,91.56,0.14,0.13,-0.0077,8.11,3.22,-4.88,5.64,10.2,10.07,-3.36,1.36,0.0235420401277136,0.128,-2.579334981899622,0.0,1.0,0.945,1.0,0.839,1.0,0.811,1.0,0.738,0.0,0.0,4.0,3.333,0.8225567620927937,ON,0
NC2,20250225_1237,NC2,ON,cluster,206169.4,103000000.0,18.45,279043.7,1892393.0,422673.3,780864.0,845000000.0,20.56,3416540.0,1484104.0,742000000.0,20.42,911409.2,-0.01,3416540.0,0.0,180435.4,12.1,360.87,1464.55,12885.24,0.0,0.0,0.0,-3.38,174.94,8.08,2.84,0.0,0.0,3.21,2.05,0.0,0.01,10.14,327.08,58.66,29330.52,10.29,0.83,84.94,0.14,0.13,-0.0077,8.16,3.13,-5.03,5.81,10.27,10.14,-3.38,1.82,0.0222549721714587,0.098,-1.6937076275845584,0.0,1.0,0.945,1.0,0.839,1.0,0.811,1.0,0.738,0.0,0.0,4.0,3.333,0.8225567620927937,ON,0
NC2,20250226_0205,NC2,ON,cluster,140760.2,70380080.0,18.07,176352.9,781630.6,527553.0,1015489.0,1060000000.0,20.78,8492570.0,1969120.0,985000000.0,20.71,1144454.0,-0.01,8492570.0,0.0,134354.1,11.81,268.71,991.83,11346.26,0.0,0.0,0.0,-3.45,174.09,16.1,4.01,0.0,0.0,8.45,2.59,0.0,0.01,10.34,216.26,63.47,31732.7,10.37,0.83,79.33,0.07,0.07,-0.0078,7.7,2.83,-4.87,5.63,10.41,10.34,-3.45,1.44,-0.0486889844644978,0.138,-2.637686639467649,0.0,1.0,0.945,1.0,0.839,1.0,0.811,1.0,0.738,0.0,0.0,4.0,3.333,0.8225567620927937,ON,0
NC2,20250226_0105,NC2,ON,cluster,241122.3,121000000.0,18.61,464016.9,3021411.0,542266.8,1034905.0,1080000000.0,20.8,9951278.0,1927513.0,964000000.0,20.69,1213080.0,-0.01,9951278.0,0.0,177586.2,12.09,355.17,1393.9,11463.57,0.0,0.0,0.0,-3.38,203.44,18.35,4.28,0.0,0.0,10.86,2.72,0.0,0.01,10.14,240.37,76.24,38118.56,10.55,0.83,103.38,0.13,0.12,-0.0078,8.06,3.13,-4.93,5.7,10.26,10.14,-3.38,1.54,-0.0483767822093007,0.102,-2.0400528293655684,0.0,1.0,0.945,1.0,0.839,1.0,0.811,1.0,0.738,0.0,0.0,4.0,3.333,0.8225567620927937,ON,0
Harq_ST1_PT,HARQST-1 EMI PT_20250220_1444 – HARQST-1 EMI - PT HFCT,Har,OFF,cluster,765.4159,1530831.8446,14.2413,2919.0501,28365.6761,180479.2263,653157.0393,1443833810.7634,21.0906,4863631.5096,720892.2309,1441784461.8699,21.0891,1147629.0477,-0.0014,4863631.5096,0.3308,12136.1554,9.404,6.0681,10.9925,147.0653,0.0004,0.0004,0.0004,-2.6514,303.1044,26.9484,5.1912,0.0004,0.0004,25.6883,4.8977,0.0079,0.0015,11.6851,759.0378,253.1904,506380.8936,13.135,0.7427,515.4177,0.0011,0.0011,-0.0014,1.1063,-0.226,-1.3323,1.5384,7.9555,7.9541,-2.6514,-3.7311,-0.0742753959429317,0.911,-0.6787948872407948,0.11275,1.0,0.945,0.0,0.0,1.0,0.811,0.0,0.0,0.0,0.0,2.0,1.756,0.4333662388943732,ON,0
Harq_ST1_PT,HARQST-1 EMI PT_20250307_1027 – HARQST-1 EMI - PT HFCT,Har,ON,cluster,29336.3883,58672776.6159,17.8875,116867.5628,942558.208,896828.0692,2278313.1933,7174624553.7041,22.6938,16535387.7708,3557236.9982,7114473996.3187,22.6854,3363270.7807,-0.0016,16535387.7708,0.0238,78612.5993,11.2723,39.3063,61.4554,518.3331,0.0002,0.0002,0.0002,-2.8447,501.5214,18.4376,4.2939,0.0002,0.0002,12.0897,3.3996,0.0013,0.0018,11.4131,593.7397,699.5841,1399168.1702,14.1514,0.8074,1348.4884,0.0082,0.0082,-0.0016,3.7361,1.3883,-2.3478,2.7109,8.5424,8.534,-2.8447,-2.8791,-0.0781663573705121,0.507,0.8637327685716516,0.024875,0.0,0.0,1.0,0.839,1.0,0.811,1.0,0.738,1.0,0.719,4.0,3.107,0.766781836130306,ON,0
Harq_ST1_PT,HARQST-1 EMI PT_20250511_1129 – HARQST-1 EMI - PT HFCT,Har,ON,cluster,23274.3598,46548719.6549,17.656,101649.2625,814013.4309,852615.9886,2237684.5652,6820927909.0232,22.6433,19511321.1005,3386513.7779,6773027555.7148,22.6362,3384877.1337,-0.0016,19511321.1005,0.0274,77552.9633,11.2587,38.7765,66.418,1109.0833,0.0002,0.0002,0.0002,-2.8595,501.7326,22.8841,4.7837,0.0002,0.0002,13.0055,3.5141,0.0017,0.0018,11.3775,572.597,637.0403,1274080.6903,14.0577,0.8023,1221.2936,0.0069,0.0068,-0.0016,3.5983,1.2538,-2.3444,2.7071,8.5855,8.5785,-2.8595,-2.799,-0.0830899058455051,0.7555,0.4939760937806462,0.00925,0.0,0.0,1.0,0.839,1.0,0.811,0.0,0.0,1.0,0.719,3.0,2.369,0.5846495557749259,ON,0
Harq_ST1_PT,HARQST-1 EMI PT_20250525_1140 – HARQST-1 EMI - PT HFCT,Har,OFF,cluster,1001.7008,2003401.5726,14.5104,2888.2182,24810.2252,144697.3698,500827.5609,1157578958.5593,20.8696,3507713.8062,577572.2562,1155144512.3846,20.8675,868022.49,-0.0013,3507713.8062,0.2102,9971.2586,9.2076,4.9856,8.3423,155.8295,0.0004,0.0004,0.0004,-2.639,311.1611,24.2417,4.9236,0.0004,0.0004,21.636,4.5008,0.005,0.0017,11.6599,735.8071,210.5367,421073.3435,12.9506,0.7459,393.3307,0.0017,0.0017,-0.0014,1.5598,0.1264,-1.4334,1.6552,7.919,7.9169,-2.639,-3.7431,-0.108378115070759,0.896,-1.3530594923792274,0.113375,0.0,0.0,0.0,0.0,1.0,0.811,0.0,0.0,0.0,0.0,1.0,0.811,0.2001480750246792,OFF,0
Harq_ST1_PT,HARQST-1 EMI PT_20250629_1938 – HARQST-1 EMI - PT HFCT,Har,ON,cluster,21365.7589,42731517.7165,17.5704,100102.0755,805955.5009,818135.6099,2260627.8812,6545084878.8577,22.602,17138949.0882,3250609.1349,6501218269.8951,22.5953,3541496.7483,-0.0016,17138949.0882,0.0247,80756.9924,11.2992,40.3785,74.0008,851.4111,0.0002,0.0002,0.0002,-2.9089,494.532,20.9488,4.577,0.0002,0.0002,17.6944,4.0097,0.0019,0.0017,11.296,543.8374,527.1671,1054334.2537,13.8684,0.7974,1000.332,0.0066,0.0066,-0.0016,3.702,1.2371,-2.4649,2.8462,8.7336,8.7268,-2.9089,-2.5692,-0.0881983458903929,0.7205,0.4816079651628895,0.00375,0.0,0.0,1.0,0.839,1.0,0.811,1.0,0.738,1.0,0.719,4.0,3.107,0.766781836130306,ON,0
Harq_ST1_PT,HARQST-1 EMI PT_20250817_1151 – HARQST-1 EMI - PT HFCT,Har,ON,cluster,19787.6396,39575279.104,17.4937,78984.1865,732468.002,823259.3197,2506315.1313,6586074557.524,22.6082,22232035.398,3272512.7473,6545025494.5759,22.602,4137815.1148,-0.0015,22232035.398,0.0346,105057.3731,11.5623,52.5287,86.3905,614.1507,0.0002,0.0002,0.0002,-2.8242,476.3513,27.0049,5.1966,0.0002,0.0002,25.7202,4.7155,0.0027,0.002,11.0397,479.6736,684.3632,1368726.471,14.1294,0.7849,1281.3318,0.006,0.006,-0.0015,3.3643,1.0469,-2.3174,2.676,8.4788,8.4726,-2.8242,-2.5671,-0.0989782869246964,0.5985,0.2424487075268213,0.0105,0.0,0.0,0.0,0.0,1.0,0.811,1.0,0.738,1.0,0.719,3.0,2.268,0.5597235932872655,ON,0
Harq_ST1_PT,HARQST-1 EMI PT_20250927_1934 – HARQST-1 EMI - PT HFCT,Har,ON,cluster,30108.3947,60216789.4603,17.9135,114830.5932,998614.128,958613.9625,2728327.3358,7668911699.7333,22.7604,24221695.7358,3803331.5825,7606663164.9589,22.7523,4355618.8608,-0.0015,24221695.7358,0.0316,131687.6233,11.7882,65.8438,105.7859,805.5354,0.0002,0.0002,0.0002,-2.765,513.4674,25.2674,5.0267,0.0003,0.0003,22.0854,4.3862,0.0022,0.0022,10.9641,550.8918,950.0288,1900057.6908,14.4574,0.7959,1684.1979,0.0079,0.0079,-0.0015,3.4561,1.1856,-2.2704,2.6217,8.303,8.2949,-2.765,-2.6692,-0.082088329360769,0.7525,0.455248451409853,0.009,0.0,0.0,1.0,0.839,1.0,0.811,0.0,0.0,1.0,0.719,3.0,2.369,0.5846495557749259,ON,0
Harq_ST1_PT,HARQST-1 EMI PT_20251011_1911 – HARQST-1 EMI - PT HFCT,Har,ON,cluster,29063.5616,58127123.1285,17.8781,113470.9394,966879.3461,788915.0859,2158171.6871,6311320687.0504,22.5656,14776266.5528,3125794.6228,6251589245.5504,22.5561,3366905.636,-0.0015,14776266.5528,0.0257,112803.8128,11.6334,56.4019,81.5325,536.3484,0.0002,0.0002,0.0002,-2.7803,509.9467,18.7299,4.3278,0.0003,0.0003,16.4365,3.937,0.0019,0.0023,10.9227,581.3349,745.7573,1491514.5587,14.2153,0.8002,1295.4493,0.0093,0.0093,-0.0015,3.6628,1.3074,-2.3554,2.7198,8.3503,8.3408,-2.7803,-2.5819,-0.0777922613159722,0.7615,0.4034800154579683,0.0,0.0,0.0,1.0,0.839,1.0,0.811,0.0,0.0,1.0,0.719,3.0,2.369,0.5846495557749259,ON,0
Harq_ST1_PT,HARQST-1 EMI PT_20251020_1922 – HARQST-1 EMI - PT HFCT,Har,ON,cluster,32916.9394,65833878.7886,18.0026,139352.9235,1177764.1181,918312.8046,2464712.5246,7346502437.0591,22.7175,16594398.7608,3639573.9064,7279147812.7549,22.7083,3795447.4989,-0.0016,16594398.7608,0.0214,108692.3617,11.5963,54.3462,73.46,498.6805,0.0002,0.0002,0.0002,-2.8492,502.4682,18.0705,4.2509,0.0002,0.0002,13.4631,3.6405,0.0017,0.0019,11.112,568.8307,706.0266,1412053.154,14.1606,0.8008,1318.8376,0.009,0.009,-0.0016,3.8421,1.3857,-2.4564,2.8364,8.5569,8.5477,-2.8492,-2.5643,-0.0813596671185234,0.769,0.7331713325652921,0.0,0.0,0.0,1.0,0.839,1.0,0.811,0.0,0.0,1.0,0.719,3.0,2.369,0.5846495557749259,ON,0
Harq_ST1_PT,HARQST-1 EMI PT_20251118_1034 – HARQST-1 EMI - PT HFCT,Har,OFF,cluster,823.1664,1646332.841,14.3141,2434.7422,21236.1821,113391.4044,406500.6628,907131235.4116,20.6258,3015108.7847,452683.8608,905367721.5357,20.6239,712370.8959,-0.0015,3015108.7847,0.0654,9563.4084,9.1658,4.7817,11.6627,224.4984,0.0001,0.0001,0.0001,-3.0125,303.7233,26.5903,5.1566,0.0001,0.0001,24.9114,4.8258,0.0058,0.0014,11.458,732.3996,53.8088,107617.6265,11.5863,0.744,134.1697,0.0018,0.0018,-0.0015,2.7277,0.3916,-2.3361,2.6976,9.0395,9.0375,-3.0125,-2.4206,-0.1024611036727067,0.8285,-1.0465802982217467,0.1225,0.0,0.0,0.0,0.0,1.0,0.811,0.0,0.0,0.0,0.0,1.0,0.811,0.2001480750246792,OFF,0
Harq_ST2_PT,HARQST-2 EMI PT_20250402_1539 – HARQST-2 EMI - PT HFCT,Har,OFF,cluster,2573.4326,5146865.1676,15.4539,14437.2501,278953.2796,8031.0739,18130.1568,64248591.437,17.9783,278953.2796,29511.4153,59022830.5066,17.8934,22063.9282,-0.0013,102733.1025,0.0093,30834.4227,10.3364,15.4172,66.8889,829.7889,0.0007,0.0008,0.0008,-2.3711,687.4458,34.7342,5.8936,0.0012,0.0012,27.175,3.8618,0.006,0.0182,7.557,1037.0291,24.0307,48061.3401,10.7803,0.834,18.4839,0.0872,0.0836,-0.0013,4.6737,1.8379,-2.8358,3.2744,7.198,7.1132,-2.3711,-0.4438,-0.0268564463987522,0.128,-1.804886473918847,0.04475,1.0,0.945,1.0,0.839,0.0,0.0,1.0,0.738,0.0,0.0,3.0,2.522,0.6224086870681145,ON,0
Harq_ST2_PT,HARQST-2 EMI PT_20250411_1508 – HARQST-2 EMI - PT HFCT,Har,ON,cluster,49201.8466,98403693.1109,18.4046,128822.86,771969.8782,672098.2252,2095231.8334,5376785801.6365,22.4054,15020281.7941,2638808.5271,5277617054.1458,22.3867,3519165.0605,-0.0016,15020281.7941,0.007,75114.1314,11.2268,37.5571,83.7227,792.5901,0.0001,0.0001,0.0001,-2.9808,564.3591,22.3483,4.7274,0.0001,0.0001,23.987,4.7603,0.0008,0.0023,11.16,488.2745,344.9701,689940.2484,13.4444,0.7858,629.2155,0.0186,0.0185,-0.0016,4.9602,2.039,-2.9213,3.3732,8.961,8.9424,-2.9808,-2.2176,-0.093351841603016,0.2019999999999999,-0.0508179764943793,0.03325,0.0,0.0,1.0,0.839,0.0,0.0,1.0,0.738,1.0,0.719,3.0,2.296,0.5666337611056269,ON,0
Harq_ST2_PT,HARQST-2 EMI PT_20250505_1149 – HARQST-2 EMI - PT HFCT,Har,OFF,cluster,1348.2942,2696588.4043,14.8075,6770.6406,128733.9493,6566.7634,14505.1853,52534106.823,17.777,128733.9493,24882.4204,49764840.8344,17.7228,18635.8456,-0.0012,90583.7866,0.0213,15373.7181,9.6405,7.6869,24.6408,337.7428,0.0011,0.0012,0.0012,-2.2556,618.0777,19.6039,4.4276,0.0014,0.0014,9.2344,2.8823,0.0057,0.018,8.0823,979.8741,28.6519,57303.8662,10.9561,0.8318,23.9547,0.0542,0.0528,-0.0013,3.8514,1.5258,-2.3256,2.6854,6.8208,6.7667,-2.2556,-1.3157,-0.0239747872482715,0.1745,-1.7897917074084293,0.024375,1.0,0.945,1.0,0.839,0.0,0.0,1.0,0.738,0.0,0.0,3.0,2.522,0.6224086870681145,ON,0
Harq_ST2_PT,HARQST-2 EMI PT_20250528_1909 – HARQST-2 EMI - PT HFCT,Har,ON,cluster,42036.1515,84072302.9968,18.2472,115010.5057,853421.6413,703442.7708,2296320.6335,5627542166.4004,22.4509,17577801.4093,2771322.8444,5542645688.7223,22.4357,3921282.3466,-0.0016,17577801.4093,0.0089,76725.3588,11.248,38.3627,94.1501,1287.8982,0.0001,0.0001,0.0001,-2.9704,538.2235,24.9882,4.9988,0.0001,0.0001,25.835,4.961,0.0009,0.0021,11.1877,460.2319,373.7247,747449.3225,13.5244,0.7789,762.0375,0.0152,0.0151,-0.0017,4.7228,1.8834,-2.8394,3.2787,8.9265,8.9113,-2.9704,-2.2764,-0.0966336494620409,0.182,0.1325425452932445,0.028625,0.0,0.0,1.0,0.839,1.0,0.811,1.0,0.738,1.0,0.719,4.0,3.107,0.766781836130306,ON,0
Harq_ST2_PT,HARQST-2 EMI PT_20250605_1954 – HARQST-2 EMI - PT HFCT,Har,ON,cluster,19290.7475,38581495.0087,17.4683,48977.8538,275346.8049,649637.1045,2161025.1381,5197096835.6208,22.3714,15514165.0571,2578904.1752,5157808350.3007,22.3638,3703338.2159,-0.0016,15514165.0571,0.0166,68095.9406,11.1287,34.048,78.4586,728.611,0.0001,0.0001,0.0001,-2.9988,504.1089,23.8813,4.8868,0.0001,0.0001,25.6464,4.9553,0.0018,0.002,11.2351,428.5642,319.4472,638894.3709,13.3675,0.7733,548.3741,0.0075,0.0075,-0.0016,4.1008,1.3862,-2.7146,3.1345,9.0039,8.9963,-2.9988,-2.2388,-0.1047837586829998,0.226,0.5413748402016596,0.060375,0.0,0.0,1.0,0.839,1.0,0.811,1.0,0.738,1.0,0.719,4.0,3.107,0.766781836130306,ON,0
Harq_ST2_PT,HARQST-2 EMI PT_20250616_1917 – HARQST-2 EMI - PT HFCT,Har,ON,cluster,12486.5485,24973097.0056,17.0333,27770.3933,205492.7207,685933.9135,2278692.9787,5487471308.3367,22.4257,17696979.7281,2730962.5774,5461925154.7632,22.4211,3897781.9434,-0.0017,17696979.7281,0.0202,69669.1609,11.1515,34.8346,93.6564,939.4862,0.0001,0.0001,0.0001,-3.0973,470.0322,25.7998,5.0794,0.0001,0.0001,25.438,4.8905,0.0028,0.0016,11.2695,413.0024,251.6937,503387.407,13.1291,0.7704,489.6883,0.0046,0.0046,-0.0017,3.9042,1.0996,-2.8046,3.2385,9.2966,9.292,-3.0973,-1.9776,-0.1155849855781587,0.142,0.2033497087343431,0.024,0.0,0.0,1.0,0.839,1.0,0.811,1.0,0.738,1.0,0.719,4.0,3.107,0.766781836130306,ON,0
Harq_ST2_PT,HARQST-2 EMI PT_20250702_1519 – HARQST-2 EMI - PT HFCT,Har,ON,cluster,35220.4576,70440915.1851,18.0703,87418.6391,598890.8288,648226.6304,2184735.2589,5185813043.1178,22.3692,16798222.5714,2557298.9265,5114597853.0687,22.3554,3771525.2831,-0.0016,16798222.5714,0.0098,84978.0246,11.3502,42.489,101.5071,1007.1198,0.0001,0.0001,0.0001,-2.9706,527.2297,25.9141,5.0906,0.0001,0.0001,29.8985,5.3171,0.0012,0.0026,11.0052,444.014,344.6484,689296.8394,13.4434,0.7761,521.5652,0.0138,0.0137,-0.0016,4.6269,1.7655,-2.8614,3.304,8.9258,8.9119,-2.9706,-2.0933,-0.100860047386644,0.1694999999999999,-0.2280448372376047,0.009875,0.0,0.0,1.0,0.839,1.0,0.811,1.0,0.738,1.0,0.719,4.0,3.107,0.766781836130306,ON,0
Harq_ST2_PT,HARQST-2 EMI PT_20250713_1131 – HARQST-2 EMI - PT HFCT,Har,ON,cluster,26839.1348,53678269.6438,17.7985,70664.1861,494643.8366,647175.8764,2140981.5451,5177407011.1217,22.3676,16316720.0133,2561468.9419,5122937883.7991,22.357,3666567.4531,-0.0016,16316720.0133,0.0131,87517.4911,11.3796,43.7587,86.4362,707.7985,0.0001,0.0001,0.0001,-2.9645,511.1736,25.2122,5.0212,0.0002,0.0002,26.8387,5.0359,0.0016,0.0024,10.9774,438.1034,351.6701,703340.1878,13.4636,0.7759,661.3214,0.0105,0.0104,-0.0016,4.3349,1.5488,-2.7861,3.2171,8.904,8.8934,-2.9645,-2.084,-0.1027258682714394,0.2775,-0.0614202680482341,0.018375,0.0,0.0,1.0,0.839,1.0,0.811,1.0,0.738,1.0,0.719,4.0,3.107,0.766781836130306,ON,0
Harq_ST2_PT,HARQST-2 EMI PT_20250921_1159 – HARQST-2 EMI - PT HFCT,Har,ON,cluster,43086.1176,86172235.2099,18.2719,115130.3668,836439.5264,675331.85,2157537.9952,5402654800.1869,22.4102,15995644.8277,2657896.6632,5315793326.4894,22.3939,3655768.9713,-0.0017,15995644.8277,0.0064,139593.833,11.8465,69.7969,138.878,1160.0039,0.0001,0.0001,0.0001,-3.059,547.2439,23.6856,4.8668,0.0001,0.0001,24.6816,4.8549,0.0016,0.0025,10.5474,472.9704,274.8223,549644.6546,13.217,0.7825,523.6931,0.0162,0.0161,-0.0017,5.0548,1.8395,-3.2153,3.7127,9.1931,9.1769,-3.059,-1.3705,-0.0934691797719605,0.2805,-0.3475213209298437,0.013125,0.0,0.0,1.0,0.839,0.0,0.0,1.0,0.738,0.0,0.0,2.0,1.577,0.3891905231984205,ON,0
Harq_ST2_PT,HARQST-2 EMI PT_20251117_1821 – HARQST-2 EMI - PT HFCT,Har,OFF,cluster,718.0653,1436130.6837,14.1775,1230.2271,18365.2828,8008.939,17065.5871,64071512.2228,17.9755,90236.5627,31289.3962,62578792.3622,17.9519,20986.9658,-0.0013,90236.5627,0.0309,12170.8993,9.4069,6.0854,21.9812,379.6607,0.0007,0.0007,0.0007,-2.4168,592.434,11.267,3.3566,0.0009,0.0009,5.8132,2.4768,0.0085,0.0138,8.5451,774.4623,22.2091,44418.2776,10.7014,0.8322,18.3324,0.0229,0.0227,-0.0013,3.4761,1.1181,-2.358,2.7228,7.2741,7.2505,-2.4168,-1.2946,-0.0727595728813142,0.171,-1.6490035173266362,0.0475,1.0,0.945,1.0,0.839,0.0,0.0,1.0,0.738,0.0,0.0,3.0,2.522,0.6224086870681145,ON,0
Harq_ST3_PT,HARQST-3 EMI PT_20250402_1159 – HARQST-3 EMI - PT HFCT,Har,OFF,cluster,5.4759,10951.8448,9.3014,14.2306,150.6357,238.804,901.0724,1910432.3151,14.4628,9404.865,942.1481,1884296.205,14.4491,1608.698,-0.0006,9404.865,1.2961,989.5257,6.8982,0.4948,0.1571,3.3432,0.0074,0.0075,0.0075,-1.6295,750.8912,39.3832,6.2756,0.008,0.008,55.7609,7.0427,0.0904,0.0293,7.5508,517.2985,7.0974,14194.7396,9.5607,0.771,0.3024,0.0058,0.0058,-0.0007,-0.2594,-0.7508,-0.4914,0.5674,4.9022,4.8884,-1.6295,-2.6634,-0.1479806569030935,0.8275,0.5381963399636175,0.34425,0.0,0.0,0.0,0.0,0.0,0.0,0.0,0.0,1.0,0.719,1.0,0.719,0.1774432379072063,OFF,0
Harq_ST3_PT,HARQST-3 EMI PT_20250404_1916 – HARQST-3 EMI - PT HFCT,Har,OFF,cluster,5.7559,11511.8677,9.3512,15.052,166.5821,228.3981,692.6471,1827184.952,14.4183,6475.5377,899.8931,1799786.2746,14.4032,1147.8584,-0.0007,6475.5377,1.2945,984.5685,6.8932,0.4923,0.1447,2.9924,0.0082,0.0083,0.0082,-1.5979,771.0567,28.352,5.3247,0.0087,0.0088,35.381,5.4412,0.0855,0.0315,7.51,595.323,7.4511,14902.2412,9.6093,0.7957,0.7706,0.0064,0.0064,-0.0007,-0.2581,-0.7128,-0.4547,0.525,4.809,4.7939,-1.598,-2.7171,-0.1478740486999271,0.831,0.5491183768299646,0.32175,0.0,0.0,0.0,0.0,0.0,0.0,0.0,0.0,1.0,0.719,1.0,0.719,0.1774432379072063,OFF,0
Harq_ST3_PT,HARQST-3 EMI PT_20250425_1146 – HARQST-3 EMI - PT HFCT,Har,OFF,cluster,6.565,13129.9898,9.4827,18.1276,212.3076,232.9394,690.6597,1863515.3535,14.438,6478.0257,915.9289,1831857.8125,14.4208,1133.8868,-0.0007,6478.0257,1.334,1011.6227,6.9203,0.5058,0.1495,2.5791,0.0094,0.0096,0.0095,-1.55,808.1209,27.8099,5.2735,0.01,0.01,37.1426,5.5578,0.077,0.0334,7.5005,621.0108,8.758,17515.9285,9.7709,0.8018,3.5895,0.0072,0.0071,-0.0007,-0.2882,-0.6658,-0.3776,0.436,4.6671,4.65,-1.55,-2.8516,-0.1342296430510013,0.8435,0.449160968328707,0.25575,0.0,0.0,0.0,0.0,0.0,0.0,0.0,0.0,1.0,0.719,1.0,0.719,0.1774432379072063,OFF,0
Harq_ST3_PT,HARQST-3 EMI PT_20250530_1545 – HARQST-3 EMI - PT HFCT,Har,ON,cluster,267.2831,534566.1266,13.1892,779.4586,6236.4768,51887.1351,187444.6483,415097080.6053,19.844,1609725.943,207268.8376,414537675.2386,19.8427,329165.6629,-0.0014,1609725.943,0.0428,1936.9994,7.5694,0.9685,1.5463,27.8788,0.0001,0.0001,0.0001,-3.2679,309.0446,31.0236,5.5699,0.0001,0.0001,28.0111,4.9515,0.0036,0.0008,12.2733,338.2365,11.4511,22902.2407,10.039,0.7413,8.2069,0.0013,0.0013,-0.0014,3.1502,0.5293,-2.621,3.0264,9.805,9.8037,-3.2679,-2.4701,-0.2132650767848271,0.684,1.720058943125791,0.189,0.0,0.0,0.0,0.0,1.0,0.811,1.0,0.738,1.0,0.719,3.0,2.268,0.5597235932872655,ON,0
Harq_ST3_PT,HARQST-3 EMI PT_20250605_1924 – HARQST-3 EMI - PT HFCT,Har,ON,cluster,482.4312,964862.3953,13.7797,1727.2558,15081.9938,73963.3016,263061.1237,591706412.5798,20.1985,1665497.3733,295358.7018,590717403.6737,20.1968,459833.5786,-0.0014,1665497.3733,0.0226,2326.1654,7.7524,1.1631,1.8284,17.128,0.0,0.0,0.0,-3.4021,323.539,22.5179,4.7453,0.0,0.0,17.0259,4.1809,0.0024,0.0006,12.4444,359.9197,10.9102,21820.3455,9.9906,0.7402,6.7074,0.0016,0.0016,-0.0015,3.7891,0.8499,-2.9392,3.3939,10.2079,10.2063,-3.4021,-2.2386,-0.1889294600393699,0.637,1.8547149435252064,0.1625,0.0,0.0,1.0,0.839,1.0,0.811,1.0,0.738,1.0,0.719,4.0,3.107,0.766781836130306,ON,0
Harq_ST3_PT,HARQST-3 EMI PT_20250616_1111 – HARQST-3 EMI - PT HFCT,Har,ON,cluster,434.5875,869174.9635,13.6753,1433.6685,10211.1201,133345.7814,517492.5492,1066766251.5739,20.7879,4709444.6349,532938.5429,1065877085.8239,20.7871,926440.9365,-0.0015,4709444.6349,0.0213,1478.4949,7.2995,0.7392,0.8161,9.4994,0.0,0.0,0.0,-3.6536,287.7558,35.3175,5.9429,0.0,0.0,35.8691,5.5955,0.0017,0.0003,13.4876,304.0581,9.2561,18512.2916,9.8262,0.7309,4.5617,0.0008,0.0008,-0.0016,3.8491,0.7785,-3.0706,3.5457,10.9617,10.9609,-3.6536,-2.5274,-0.2247103793053506,0.759,1.2375769580055818,0.229375,0.0,0.0,1.0,0.839,1.0,0.811,0.0,0.0,1.0,0.719,3.0,2.369,0.5846495557749259,ON,0
Harq_ST3_PT,HARQST-3 EMI PT_20250713_1932 – HARQST-3 EMI - PT HFCT,Har,ON,cluster,301.5984,603196.7086,13.31,1487.2404,17717.0983,206894.5104,804887.9647,1655156082.9756,21.2272,6643307.4014,827206.7914,1654413582.777,21.2267,1441640.2138,-0.0013,6643307.4014,0.222,5377.1879,8.5901,2.6886,4.9476,33.8354,0.0001,0.0001,0.0001,-3.1406,262.7655,32.1096,5.6665,0.0001,0.0001,25.6118,4.8712,0.0089,0.0005,12.6366,281.4377,66.9632,133926.302,11.8051,0.7211,87.8452,0.0004,0.0004,-0.0014,1.505,-0.4229,-1.9279,2.2261,9.4221,9.4217,-3.1406,-3.2151,-0.2288651629045651,0.4425,0.308712881352374,0.1175,0.0,0.0,0.0,0.0,1.0,0.811,1.0,0.738,1.0,0.719,3.0,2.268,0.5597235932872655,ON,0
Harq_ST3_PT,HARQST-3 EMI PT_20250927_1547 – HARQST-3 EMI - PT HFCT,Har,ON,cluster,72.1226,144245.213,11.8793,171.3738,1689.3152,30237.0819,115682.2513,241896655.4472,19.304,1032974.0965,120810.2147,241620429.4495,19.3029,206377.0936,-0.0011,1032974.0965,0.865,7211.4148,8.8836,3.6057,9.0823,78.1514,0.0005,0.0005,0.0005,-2.5229,336.5286,34.1625,5.8449,0.0005,0.0005,33.6989,5.4605,0.05,0.0021,10.4193,299.7422,62.3847,124769.3698,11.7342,0.7348,78.8696,0.0006,0.0006,-0.0012,0.145,-1.0707,-1.2157,1.4038,7.5698,7.5687,-2.5229,-2.8508,-0.2225097328077105,0.272,-0.6442536140136073,0.088375,0.0,0.0,0.0,0.0,1.0,0.811,1.0,0.738,0.0,0.0,2.0,1.549,0.3822803553800593,ON,0
Harq_ST3_PT,HARQST-3 EMI PT_20251019_1117 – HARQST-3 EMI - PT HFCT,Har,ON,cluster,69.8755,139750.9036,11.8476,179.7463,1789.5549,41258.5742,157436.8564,330068593.4279,19.6148,1452695.8294,164862.5603,329725120.5071,19.6138,280668.5019,-0.0011,1452695.8294,1.3993,8172.08,9.0086,4.086,11.0479,118.3258,0.0006,0.0006,0.0006,-2.4767,333.428,35.2095,5.9338,0.0006,0.0006,32.7135,5.3801,0.0585,0.0017,10.6052,295.262,97.775,195549.9371,12.1836,0.7336,127.2483,0.0004,0.0004,-0.0011,-0.336,-1.3157,-0.9798,1.1314,7.4312,7.4302,-2.4767,-3.1751,-0.2305654233811942,0.2075,-0.4045072558375838,0.065625,0.0,0.0,0.0,0.0,1.0,0.811,1.0,0.738,0.0,0.0,2.0,1.549,0.3822803553800593,ON,0
Harq_ST3_PT,HARQST-3 EMI PT_20251118_1432 – HARQST-3 EMI - PT HFCT,Har,OFF,cluster,2.2567,4513.3173,8.415,5.6251,61.2706,101.0038,289.3746,808030.2588,13.6024,2476.6956,393.3815,786763.0011,13.5757,470.0059,-0.0005,2476.6956,3.5039,939.9207,6.8469,0.47,0.0953,1.3365,0.0196,0.0201,0.0199,-1.3023,1027.4123,24.5208,4.9519,0.021,0.0212,22.5356,4.4516,0.2083,0.0503,6.7288,626.9533,7.907,15814.0198,9.6687,0.8014,1.9385,0.0057,0.0057,-0.0005,-1.2539,-1.2114,0.0424,-0.049,3.9337,3.907,-1.3023,-2.8229,-0.1832079919107542,0.8675,0.8091914973340535,0.2925,0.0,0.0,0.0,0.0,0.0,0.0,0.0,0.0,1.0,0.719,1.0,0.719,0.1774432379072063,OFF,0
